codice_istat;comune;popolazione;eta_media;percentuale_under18;percentuale_under35;percentuale_over65;maschi;femmine;anno
028001;Abano Terme;20464;48.8;13.3;29.0;29.0;9777;10687;2025
098001;Abbadia Cerreto;275;47.5;14.5;28.0;26.2;138;137;2025
097001;Abbadia Lariana;3164;47.8;13.0;29.8;26.7;1541;1623;2025
052001;Abbadia San Salvatore;6105;49.7;11.9;29.4;31.1;3077;3028;2025
095001;Abbasanta;2574;48.6;13.4;28.5;28.6;1274;1300;2025
068001;Abbateggio;360;49.4;11.1;30.0;26.9;183;177;2025
015002;Abbiategrasso;32658;45.8;16.0;33.3;23.6;15972;16686;2025
047023;Abetone Cutigliano;1829;52.9;9.5;23.6;35.6;907;922;2025
076001;Abriola;1225;50.2;10.4;27.0;30.1;595;630;2025
088001;Acate;10405;41.0;18.3;40.2;16.6;5700;4705;2025
071001;Accadia;2216;47.3;14.7;31.5;27.7;1109;1107;2025
004001;Acceglio;164;47.7;13.4;26.2;32.3;79;85;2025
077001;Accettura;1575;48.7;12.4;29.8;28.1;775;800;2025
066001;Acciano;247;55.8;7.7;21.5;36.0;136;111;2025
057001;Accumoli;503;52.1;8.3;24.5;31.4;266;237;2025
076002;Acerenza;2045;49.1;10.6;28.5;28.0;1032;1013;2025
065001;Acerno;2469;46.0;12.9;33.5;22.5;1249;1220;2025
063001;Acerra;58676;40.2;20.1;41.2;15.3;28924;29752;2025
087001;Aci Bonaccorsi;3574;44.3;17.2;34.0;21.0;1691;1883;2025
087002;Aci Castello;17713;47.6;13.8;29.5;26.8;8504;9209;2025
087003;Aci Catena;27507;43.1;17.4;36.7;19.6;13523;13984;2025
087004;Acireale;50611;45.6;15.3;33.5;23.8;24632;25979;2025
087005;Aci Sant'Antonio;18076;42.8;17.8;36.8;19.1;8971;9105;2025
060001;Acquafondata;249;52.6;7.2;20.5;32.5;136;113;2025
078001;Acquaformosa;927;50.0;12.7;28.4;31.6;476;451;2025
017001;Acquafredda;1545;45.0;15.9;34.0;21.9;767;778;2025
041001;Acqualagna;4162;46.2;15.2;32.2;24.5;2070;2092;2025
019001;Acquanegra Cremonese;1186;47.6;13.3;33.1;26.5;590;596;2025
020001;Acquanegra sul Chiese;2719;48.2;13.9;30.9;27.5;1352;1367;2025
056001;Acquapendente;5225;49.4;12.1;28.3;29.9;2611;2614;2025
078002;Acquappesa;1750;48.7;13.4;27.8;29.3;859;891;2025
102001;Acquaro;1809;50.3;13.2;27.9;33.6;871;938;2025
044001;Acquasanta Terme;2423;52.2;11.0;25.1;35.0;1227;1196;2025
055001;Acquasparta;4351;48.6;14.2;29.7;28.9;2114;2237;2025
070001;Acquaviva Collecroce;549;53.3;6.9;24.0;35.9;281;268;2025
072001;Acquaviva delle Fonti;19746;46.9;14.6;31.9;26.3;9587;10159;2025
094001;Acquaviva d'Isernia;347;49.1;8.6;27.7;25.6;184;163;2025
044002;Acquaviva Picena;3591;47.9;14.0;29.5;26.5;1771;1820;2025
085001;Acquaviva Platani;838;49.9;11.5;27.6;31.7;414;424;2025
083107;Acquedolci;5511;45.8;14.8;33.2;23.9;2670;2841;2025
006001;Acqui Terme;19005;50.2;12.5;27.8;31.5;8964;10041;2025
078003;Acri;18337;48.2;13.5;29.9;28.4;8900;9437;2025
060002;Acuto;1817;48.2;13.2;28.5;26.9;898;919;2025
072002;Adelfia;16436;45.8;14.9;33.0;23.2;8061;8375;2025
087006;Adrano;33667;42.1;19.3;40.4;20.6;16334;17333;2025
016001;Adrara San Martino;2199;43.9;15.7;36.7;19.0;1169;1030;2025
016002;Adrara San Rocco;815;46.9;14.4;31.4;24.4;420;395;2025
029001;Adria;18787;49.3;12.5;27.7;29.4;9212;9575;2025
017002;Adro;7146;45.8;15.1;32.8;23.6;3598;3548;2025
023001;Affi;2475;45.0;15.6;33.0;21.9;1232;1243;2025
058001;Affile;1403;48.5;13.0;29.9;29.4;699;704;2025
063002;Afragola;61786;40.6;19.5;41.2;16.5;30510;31276;2025
080001;Africo;2690;43.0;19.9;39.3;23.1;1356;1334;2025
033001;Agazzano;2019;48.8;13.2;29.7;28.0;993;1026;2025
063003;Agerola;7760;42.4;18.7;40.3;20.1;3814;3946;2025
090001;Aggius;1403;49.7;12.0;27.2;30.9;674;729;2025
086001;Agira;7567;44.8;16.1;35.6;23.0;3728;3839;2025
047002;Agliana;17946;46.1;15.8;32.4;24.4;8841;9105;2025
005001;Agliano Terme;1528;50.0;13.1;27.9;31.8;775;753;2025
001001;Agliè;2585;48.5;14.0;30.3;27.7;1246;1339;2025
090062;Aglientu;1195;51.5;12.0;22.8;31.5;603;592;2025
028002;Agna;3148;47.2;14.8;30.0;24.9;1553;1595;2025
019002;Agnadello;3931;43.7;16.4;34.9;19.0;1968;1963;2025
080002;Agnana Calabra;456;48.8;11.4;28.5;30.3;236;220;2025
094002;Agnone;4571;49.3;11.8;29.5;30.6;2350;2221;2025
017003;Agnosine;1639;47.7;13.1;30.8;26.5;839;800;2025
025001;Agordo;4019;48.5;12.4;30.7;28.5;1914;2105;2025
058002;Agosta;1675;47.3;15.0;30.4;26.3;821;854;2025
012001;Agra;381;48.3;17.3;27.8;27.8;186;195;2025
108001;Agrate Brianza;15809;44.9;16.1;34.2;21.6;7808;8001;2025
003001;Agrate Conturbia;1584;47.2;14.0;30.1;23.6;813;771;2025
084001;Agrigento;55252;46.1;14.6;32.8;24.7;27072;28180;2025
065002;Agropoli;21311;46.0;14.6;32.5;24.2;10502;10809;2025
042001;Agugliano;4637;46.5;14.4;32.5;24.3;2306;2331;2025
024001;Agugliaro;1399;45.6;16.7;31.1;23.2;688;711;2025
108002;Aicurzio;2060;47.0;13.9;31.8;25.4;1007;1053;2025
095002;Aidomaggiore;379;50.8;12.4;25.9;33.5;189;190;2025
086002;Aidone;4165;47.7;12.0;32.0;27.4;2092;2073;2025
066002;Aielli;1370;48.4;13.7;28.4;29.1;683;687;2025
078004;Aiello Calabro;1338;51.6;8.8;26.1;31.5;672;666;2025
030001;Aiello del Friuli;2088;50.9;12.1;26.3;30.9;997;1091;2025
064001;Aiello del Sabato;4030;43.9;15.7;34.7;18.7;1998;2032;2025
078005;Aieta;716;48.0;14.5;32.8;27.9;353;363;2025
061001;Ailano;1136;49.2;11.8;27.2;28.9;515;621;2025
096001;Ailoche;291;50.8;12.4;25.4;31.3;139;152;2025
001002;Airasca;3695;45.8;15.6;32.9;24.7;1875;1820;2025
062001;Airola;8118;44.4;16.2;35.6;20.9;4037;4081;2025
008001;Airole;369;52.0;12.7;22.8;36.0;194;175;2025
097002;Airuno;2884;45.4;15.7;34.4;23.9;1506;1378;2025
004002;Aisone;204;53.6;9.8;22.1;40.7;105;99;2025
022001;Ala;8888;44.4;17.2;35.9;22.2;4485;4403;2025
090002;Alà dei Sardi;1758;46.5;16.0;33.8;26.5;887;871;2025
001003;Ala di Stura;463;47.9;13.0;31.3;25.3;238;225;2025
018001;Alagna;809;46.7;13.0;29.4;21.1;395;414;2025
002002;Alagna Valsesia;725;48.0;12.3;29.0;24.3;381;344;2025
068002;Alanno;3332;47.5;14.4;31.8;27.1;1619;1713;2025
009001;Alassio;9960;51.4;10.7;26.0;31.8;4640;5320;2025
060003;Alatri;27518;45.4;15.5;33.2;23.2;13493;14025;2025
004003;Alba;30987;47.2;14.2;32.0;26.2;14820;16167;2025
067001;Alba Adriatica;13275;45.5;15.1;32.6;22.2;6412;6863;2025
095003;Albagiara;227;54.9;11.0;24.7;39.2;111;116;2025
015005;Albairate;4714;46.8;14.1;32.1;24.1;2342;2372;2025
065003;Albanella;6315;44.9;16.5;34.3;23.3;3188;3127;2025
076003;Albano di Lucania;1286;47.5;12.3;30.4;25.9;659;627;2025
058003;Albano Laziale;39662;45.8;15.4;32.5;23.3;19132;20530;2025
016003;Albano Sant'Alessandro;8278;43.8;16.8;35.8;19.8;4152;4126;2025
002003;Albano Vercellese;310;50.9;13.2;27.1;33.9;148;162;2025
023002;Albaredo d'Adige;5254;45.4;15.9;34.4;23.6;2667;2587;2025
014001;Albaredo per San Marco;294;53.1;7.8;23.1;35.0;156;138;2025
034001;Albareto;2060;51.3;11.7;24.4;33.4;1029;1031;2025
004004;Albaretto della Torre;215;51.7;10.2;23.7;32.1;108;107;2025
013003;Albavilla;6400;47.4;14.2;30.9;26.6;3145;3255;2025
009002;Albenga;23539;48.0;14.2;30.4;27.6;11567;11972;2025
006002;Albera Ligure;313;51.8;10.9;25.9;33.5;167;146;2025
072003;Alberobello;10102;48.2;13.5;29.1;28.4;4919;5183;2025
071002;Alberona;832;50.1;10.7;28.4;30.2;411;421;2025
013004;Albese con Cassano;4270;48.2;14.1;30.1;28.1;2076;2194;2025
024002;Albettone;1998;45.6;14.2;34.0;21.6;1006;992;2025
079002;Albi;764;51.3;9.8;25.3;31.3;391;373;2025
022002;Albiano;1544;44.5;17.6;36.9;22.4;788;756;2025
001004;Albiano d'Ivrea;1624;48.5;13.2;28.8;28.4;785;839;2025
108003;Albiate;6695;44.8;16.0;33.9;20.3;3264;3431;2025
078006;Albidona;1076;51.7;9.3;26.7;34.5;536;540;2025
028003;Albignasego;27350;45.1;16.9;32.8;22.4;13250;14100;2025
035001;Albinea;8964;47.1;15.1;31.6;25.6;4357;4607;2025
016004;Albino;17567;46.4;14.8;33.0;24.7;8667;8900;2025
013005;Albiolo;2785;44.8;15.3;34.5;21.2;1408;1377;2025
009004;Albisola Superiore;9562;51.8;11.1;26.3;34.0;4507;5055;2025
009003;Albissola Marina;5157;52.4;11.6;25.3;34.9;2485;2672;2025
012002;Albizzate;5184;46.7;15.7;32.4;26.0;2541;2643;2025
018003;Albonese;548;50.7;12.6;27.7;32.7;266;282;2025
014002;Albosaggia;2985;49.8;12.6;27.1;30.8;1486;1499;2025
005002;Albugnano;519;52.0;9.4;24.5;32.4;249;270;2025
018004;Albuzzano;3652;44.4;16.0;33.2;20.1;1818;1834;2025
081001;Alcamo;44597;45.5;15.5;34.7;24.2;22184;22413;2025
083001;Alcara li Fusi;1625;52.9;10.2;24.2;35.3;763;862;2025
022003;Aldeno;3374;43.6;17.3;36.2;20.8;1674;1700;2025
021001;Aldino/Aldein;1607;42.8;18.6;38.9;20.1;824;783;2025
095004;Ales;1249;52.5;9.0;24.7;34.6;635;614;2025
006003;Alessandria;92522;47.2;14.1;31.7;26.2;45245;47277;2025
078007;Alessandria del Carretto;352;57.3;6.5;19.9;44.0;195;157;2025
084002;Alessandria della Rocca;2338;50.3;11.2;28.2;32.0;1125;1213;2025
075002;Alessano;5989;47.5;13.1;32.0;26.8;2905;3084;2025
075003;Alezio;5682;45.9;15.8;33.6;24.4;2705;2977;2025
065004;Alfano;909;50.2;12.1;29.0;35.0;420;489;2025
066003;Alfedena;912;49.5;6.6;27.9;26.3;540;372;2025
017004;Alfianello;2304;46.5;15.5;31.6;25.3;1154;1150;2025
006004;Alfiano Natta;669;50.6;11.4;27.1;31.4;333;336;2025
039001;Alfonsine;11607;49.1;14.2;29.4;29.6;5701;5906;2025
090003;Alghero;41989;49.8;11.3;26.0;28.6;20232;21757;2025
016248;Algua;684;48.4;12.7;28.9;29.2;355;329;2025
083002;Alì;615;47.1;15.8;30.4;27.0;306;309;2025
082001;Alia;3182;48.7;13.7;30.5;29.5;1550;1632;2025
077002;Aliano;836;50.3;11.8;28.8;32.2;413;423;2025
006005;Alice Bel Colle;658;51.9;11.1;26.0;32.5;354;304;2025
002004;Alice Castello;2491;47.1;14.3;31.7;26.5;1257;1234;2025
061002;Alife;7316;44.6;15.6;35.1;21.3;3649;3667;2025
082002;Alimena;1875;48.9;11.9;30.8;30.0;887;988;2025
082003;Aliminusa;1017;50.0;11.4;28.7;30.6;505;512;2025
083003;Alì Terme;2305;47.2;14.4;31.3;26.5;1116;1189;2025
095005;Allai;338;50.9;10.9;28.1;33.1;170;168;2025
025003;Alleghe;1088;49.8;13.0;27.5;30.5;532;556;2025
007001;Allein;205;50.7;10.7;26.8;29.8;105;100;2025
055002;Allerona;1687;48.6;14.2;28.5;28.8;832;855;2025
075004;Alliste;6414;46.4;13.8;33.1;24.5;3089;3325;2025
058004;Allumiere;3787;47.6;13.9;29.7;27.1;1880;1907;2025
006192;Alluvioni Piovera;1584;50.4;11.4;26.6;30.0;793;791;2025
016005;Almè;5527;47.4;13.8;32.0;27.2;2688;2839;2025
016006;Almenno San Bartolomeo;6551;43.8;17.1;34.9;20.0;3283;3268;2025
016007;Almenno San Salvatore;5502;47.6;13.2;31.5;26.7;2684;2818;2025
001006;Almese;6297;47.9;14.2;30.0;26.7;3075;3222;2025
024003;Alonte;1561;44.2;14.9;34.6;19.1;788;773;2025
025072;Alpago;6621;48.1;13.4;29.3;27.2;3344;3277;2025
001007;Alpette;248;52.5;11.3;22.6;35.1;132;116;2025
001008;Alpignano;16494;48.6;13.1;29.8;29.3;8180;8314;2025
033002;Alseno;4744;47.1;14.6;30.3;25.4;2365;2379;2025
013006;Alserio;1407;43.5;16.9;35.6;18.6;712;695;2025
072004;Altamura;70163;42.2;17.9;39.7;19.1;34487;35676;2025
009005;Altare;1908;50.4;12.3;26.3;30.4;959;949;2025
022235;Altavalle;1647;46.3;15.4;34.9;26.4;826;821;2025
013253;Alta Valle Intelvi;3151;47.8;12.9;29.8;25.4;1581;1570;2025
033049;Alta Val Tidone;2908;53.9;9.4;22.5;36.7;1484;1424;2025
064002;Altavilla Irpina;3857;46.6;14.6;32.5;25.5;1913;1944;2025
082004;Altavilla Milicia;8935;43.4;17.6;35.4;20.7;4499;4436;2025
006007;Altavilla Monferrato;382;51.3;10.2;27.2;30.9;199;183;2025
065005;Altavilla Silentina;7035;45.4;15.6;33.0;23.2;3504;3531;2025
024004;Altavilla Vicentina;11776;45.1;14.9;33.8;20.9;5891;5885;2025
109001;Altidona;3748;44.6;17.5;33.2;21.5;1828;1920;2025
078008;Altilia;681;46.2;12.2;32.7;22.9;373;308;2025
069001;Altino;2997;44.5;17.6;34.6;22.4;1481;1516;2025
024005;Altissimo;2146;44.0;17.1;36.3;20.8;1113;1033;2025
026001;Altivole;7078;43.5;17.8;35.9;20.7;3522;3556;2025
004005;Alto;157;45.5;13.4;29.9;19.7;84;73;2025
082005;Altofonte;9701;44.1;17.4;35.8;21.9;4712;4989;2025
078009;Altomonte;4037;46.6;15.0;31.5;25.6;1973;2064;2025
046001;Altopascio;16099;43.9;17.3;34.8;20.5;7992;8107;2025
022236;Altopiano della Vigolana;5156;44.3;17.0;35.7;21.4;2580;2576;2025
037062;Alto Reno Terme;7066;48.6;13.6;29.6;28.8;3447;3619;2025
002170;Alto Sermenza;134;56.8;4.5;17.9;41.8;72;62;2025
055003;Alviano;1330;49.5;11.1;29.8;28.6;633;697;2025
061003;Alvignano;4454;45.6;16.0;34.1;23.8;2192;2262;2025
060004;Alvito;2469;50.0;10.6;27.5;30.5;1224;1245;2025
016008;Alzano Lombardo;13439;46.1;14.8;33.4;23.8;6616;6823;2025
006008;Alzano Scrivia;357;48.8;12.3;26.6;26.1;193;164;2025
013007;Alzate Brianza;4834;47.0;14.1;31.4;24.6;2391;2443;2025
065006;Amalfi;4610;48.4;12.6;30.1;27.8;2261;2349;2025
109002;Amandola;3222;49.9;11.2;27.1;30.0;1619;1603;2025
078010;Amantea;13844;45.6;14.5;33.3;23.6;6812;7032;2025
030002;Amaro;837;46.4;14.0;33.1;24.0;411;426;2025
079003;Amaroni;1637;49.1;14.2;29.1;31.0;791;846;2025
060005;Amaseno;4075;45.8;15.2;33.1;24.2;2034;2041;2025
079004;Amato;778;45.1;16.2;33.7;23.7;369;409;2025
057002;Amatrice;2181;51.6;11.7;25.9;33.7;1152;1029;2025
016009;Ambivere;2343;45.4;15.1;33.2;22.1;1206;1137;2025
022237;Amblar-Don;555;44.5;18.7;35.7;25.0;276;279;2025
011001;Ameglia;4262;51.1;10.8;25.1;31.0;2097;2165;2025
055004;Amelia;11474;49.0;13.5;28.4;29.0;5673;5801;2025
078011;Amendolara;2618;49.1;12.6;29.1;29.8;1303;1315;2025
003002;Ameno;874;52.0;11.7;23.9;34.7;432;442;2025
062002;Amorosi;2645;47.1;13.8;31.5;25.8;1310;1335;2025
030003;Ampezzo;891;53.9;10.2;20.9;35.6;449;442;2025
063004;Anacapri;6757;45.5;15.1;33.8;22.5;3312;3445;2025
060006;Anagni;20616;46.1;15.2;32.1;24.5;10125;10491;2025
067002;Ancarano;1862;45.5;16.0;32.8;23.8;912;950;2025
042002;Ancona;99533;47.3;13.9;32.3;26.7;48975;50558;2025
079005;Andali;596;51.9;9.9;26.3;33.7;293;303;2025
022005;Andalo;1220;45.3;15.3;32.6;23.0;587;633;2025
014003;Andalo Valtellino;602;45.4;17.4;34.1;26.7;315;287;2025
001009;Andezeno;1995;46.2;16.6;32.5;25.6;1003;992;2025
009006;Andora;7239;50.6;12.0;26.4;30.5;3513;3726;2025
096002;Andorno Micca;3041;51.1;11.6;26.3;32.4;1480;1561;2025
075005;Andrano;4435;48.8;12.4;30.4;29.9;2151;2284;2025
001010;Andrate;466;50.2;12.0;26.4;28.8;255;211;2025
093001;Andreis;246;54.2;10.6;19.1;39.0;121;125;2025
064003;Andretta;1647;49.5;10.7;28.4;29.1;810;837;2025
110001;Andria;96750;43.7;16.5;36.5;20.6;47648;49102;2025
021002;Andriano/Andrian;1056;43.6;18.8;35.5;19.3;537;519;2025
090004;Anela;561;51.8;10.3;27.1;34.0;281;280;2025
017005;Anfo;436;52.0;10.6;23.9;33.9;229;207;2025
012003;Angera;5329;50.1;12.5;27.9;30.9;2533;2796;2025
051001;Anghiari;5411;49.4;12.9;28.6;30.9;2646;2765;2025
023003;Angiari;2530;44.4;17.4;33.5;21.8;1254;1276;2025
017006;Angolo Terme;2338;48.7;12.8;28.1;29.4;1197;1141;2025
065007;Angri;34220;42.2;18.5;38.5;18.9;16774;17446;2025
001011;Angrogna;804;49.3;12.4;26.7;26.4;429;375;2025
058005;Anguillara Sabazia;19038;45.4;16.0;33.0;22.4;9305;9733;2025
028004;Anguillara Veneta;4106;49.5;12.0;27.3;29.2;2040;2066;2025
019003;Annicco;1994;47.5;14.4;31.4;26.8;1000;994;2025
097003;Annone di Brianza;2270;46.0;15.7;32.6;24.4;1130;1140;2025
027001;Annone Veneto;3837;45.5;15.7;33.3;22.8;1988;1849;2025
080003;Anoia;2002;45.6;15.0;34.1;24.6;944;1058;2025
016010;Antegnate;3324;41.8;19.0;38.7;19.2;1731;1593;2025
021003;Anterivo/Altrei;397;45.3;18.4;34.5;23.7;203;194;2025
007002;Antey-Saint-André;553;48.0;15.4;29.7;26.2;275;278;2025
058006;Anticoli Corrado;839;47.8;12.0;28.2;26.0;417;422;2025
005003;Antignano;938;51.8;11.7;24.9;35.2;463;475;2025
083004;Antillo;782;47.2;14.6;33.6;28.4;393;389;2025
080004;Antonimina;1165;45.8;14.0;34.5;24.5;592;573;2025
057003;Antrodoco;2258;50.1;11.2;28.0;31.8;1164;1094;2025
103001;Antrona Schieranco;393;53.9;9.9;22.1;38.7;196;197;2025
066004;Anversa degli Abruzzi;300;51.5;7.3;24.3;31.0;153;147;2025
013009;Anzano del Parco;1675;47.2;13.8;30.4;25.4;819;856;2025
071003;Anzano di Puglia;1075;48.9;11.7;30.8;27.5;523;552;2025
076004;Anzi;1483;47.9;11.5;31.2;25.6;712;771;2025
058007;Anzio;59789;45.3;15.8;32.5;22.0;30064;29725;2025
037001;Anzola dell'Emilia;12348;46.0;15.8;32.9;24.2;6081;6267;2025
103002;Anzola d'Ossola;378;51.0;8.7;25.4;32.3;192;186;2025
007003;Aosta;33096;48.4;13.8;30.4;28.7;15612;17484;2025
041002;Apecchio;1675;51.4;10.6;25.7;32.8;819;856;2025
062003;Apice;5235;46.1;15.5;32.8;24.1;2602;2633;2025
043002;Apiro;2035;49.2;13.7;28.8;30.3;994;1041;2025
062004;Apollosa;2444;46.6;14.3;32.9;25.2;1204;1240;2025
013010;Appiano Gentile;7703;47.6;13.6;30.6;26.5;3760;3943;2025
021004;Appiano sulla strada del vino/Eppan an der Weinstraße;14963;44.0;17.9;36.1;21.6;7430;7533;2025
043003;Appignano;4095;47.2;14.8;31.8;26.4;1999;2096;2025
044005;Appignano del Tronto;1636;48.7;13.9;29.6;30.1;799;837;2025
014004;Aprica;1454;47.5;13.2;29.7;25.5;717;737;2025
008002;Apricale;601;49.0;13.1;27.6;28.6;316;285;2025
071004;Apricena;12466;45.2;15.7;35.2;23.6;6236;6230;2025
078012;Aprigliano;2340;48.3;13.3;30.3;27.9;1154;1186;2025
059001;Aprilia;74586;43.9;16.8;35.1;20.2;37057;37529;2025
065008;Aquara;1270;50.0;10.6;28.5;29.7;628;642;2025
008003;Aquila d'Arroscia;144;53.6;8.3;22.9;36.1;76;68;2025
030004;Aquileia;3124;51.0;11.2;25.3;31.2;1522;1602;2025
064004;Aquilonia;1390;50.5;9.3;27.5;30.4;727;663;2025
060007;Aquino;4903;46.6;14.7;31.8;26.7;2401;2502;2025
075006;Aradeo;8836;46.6;15.1;32.8;26.5;4255;4581;2025
084003;Aragona;8700;46.6;14.2;32.7;25.0;4239;4461;2025
005004;Aramengo;581;50.4;12.2;25.3;28.9;308;273;2025
093002;Arba;1334;46.1;15.9;32.8;25.4;704;630;2025
095006;Arborea;3708;48.0;13.1;29.2;26.3;1850;1858;2025
002006;Arborio;850;49.9;12.9;28.0;31.5;446;404;2025
111001;Arbus;5602;51.1;10.7;24.6;32.1;2778;2824;2025
026002;Arcade;4445;44.8;16.2;34.3;21.5;2238;2207;2025
060008;Arce;5388;48.0;13.0;30.3;28.6;2676;2712;2025
016011;Arcene;5033;44.2;16.7;34.9;21.3;2566;2467;2025
042003;Arcevia;4270;50.7;10.3;28.1;33.0;2143;2127;2025
069002;Archi;1922;48.9;13.5;29.8;29.4;928;994;2025
053001;Arcidosso;4282;47.9;12.9;29.5;26.3;2190;2092;2025
058008;Arcinazzo Romano;1232;50.7;9.7;26.0;30.4;628;604;2025
012004;Arcisate;9916;46.0;15.8;33.4;24.7;4835;5081;2025
022006;Arco;17653;45.7;15.9;34.0;23.7;8649;9004;2025
011002;Arcola;10175;48.7;13.2;29.0;27.6;5010;5165;2025
023004;Arcole;6412;43.8;17.4;35.9;20.6;3218;3194;2025
015007;Arconate;6848;44.9;16.7;33.3;21.7;3338;3510;2025
108004;Arcore;17896;46.8;14.6;32.2;25.6;8693;9203;2025
024006;Arcugnano;7631;46.7;14.5;31.4;24.5;3822;3809;2025
090005;Ardara;702;47.2;12.4;31.9;25.4;356;346;2025
095007;Ardauli;747;56.0;8.4;19.8;42.7;353;394;2025
058117;Ardea;50908;44.8;15.5;32.8;20.1;25887;25021;2025
014005;Ardenno;3219;47.2;14.5;31.6;27.4;1625;1594;2025
016012;Ardesio;3252;47.8;13.7;30.6;27.4;1649;1603;2025
080005;Ardore;4870;44.1;17.1;36.7;22.8;2404;2466;2025
102002;Arena;1195;47.6;11.8;32.3;27.2;594;601;2025
018005;Arena Po;1512;49.4;12.3;28.2;30.0;752;760;2025
010001;Arenzano;11156;50.6;12.6;27.3;32.2;5335;5821;2025
015009;Arese;19505;47.8;15.6;31.3;28.5;9393;10112;2025
051002;Arezzo;96479;47.5;13.9;30.9;26.6;46985;49494;2025
013011;Argegno;673;48.9;12.2;27.5;25.9;331;342;2025
037002;Argelato;9618;46.9;14.2;31.6;25.2;4695;4923;2025
038001;Argenta;21187;49.0;13.4;28.4;29.1;10460;10727;2025
004006;Argentera;77;55.8;9.1;13.0;33.8;39;38;2025
004007;Arguello;194;48.1;14.9;29.9;29.4;97;97;2025
079007;Argusto;411;51.2;9.7;25.5;32.1;199;212;2025
069003;Ari;1062;51.3;12.0;26.7;32.6;545;517;2025
064005;Ariano Irpino;20741;47.2;13.7;31.6;26.0;10116;10625;2025
029002;Ariano nel Polesine;3815;51.9;10.3;24.1;33.5;1839;1976;2025
058009;Ariccia;17917;46.9;14.3;31.4;25.3;8643;9274;2025
069004;Arielli;1039;50.1;12.2;27.3;31.1;511;528;2025
061004;Arienzo;5367;42.3;18.1;38.9;18.6;2661;2706;2025
001012;Arignano;1068;47.3;13.7;30.3;25.2;553;515;2025
091001;Aritzo;1211;48.9;9.8;31.1;28.5;681;530;2025
103003;Arizzano;1956;48.4;13.0;29.6;26.9;938;1018;2025
056002;Arlena di Castro;791;51.3;11.9;24.7;35.9;411;380;2025
015010;Arluno;12564;44.9;16.7;33.4;22.2;6210;6354;2025
003006;Armeno;2085;48.9;13.3;29.0;28.6;990;1095;2025
076005;Armento;543;50.0;10.9;28.4;27.6;268;275;2025
008004;Armo;119;52.3;11.8;25.2;37.0;57;62;2025
111002;Armungia;399;55.3;8.0;18.3;37.8;212;187;2025
007004;Arnad;1231;45.9;15.9;34.2;26.0;586;645;2025
060009;Arnara;2149;48.6;13.4;28.8;28.7;1040;1109;2025
009007;Arnasco;548;52.0;11.5;23.7;31.8;276;272;2025
075007;Arnesano;3905;45.5;15.2;33.5;22.6;1968;1937;2025
103004;Arola;240;50.2;10.4;25.0;31.7;120;120;2025
003008;Arona;13655;50.1;12.9;27.5;31.4;6338;7317;2025
013012;Arosio;5187;45.6;16.8;33.1;23.8;2549;2638;2025
062005;Arpaia;1977;42.8;17.4;37.2;18.6;1000;977;2025
062006;Arpaise;720;49.4;10.6;27.2;29.4;363;357;2025
060010;Arpino;6572;49.7;12.2;28.0;30.6;3210;3362;2025
028005;Arquà Petrarca;1779;48.8;13.9;26.4;28.3;885;894;2025
029003;Arquà Polesine;2555;48.8;12.8;28.2;27.3;1286;1269;2025
044006;Arquata del Tronto;926;53.8;8.5;23.0;37.7;473;453;2025
006009;Arquata Scrivia;6340;48.1;14.5;29.5;27.8;3077;3263;2025
028006;Arre;2069;46.8;13.5;30.0;23.5;1042;1027;2025
055005;Arrone;2493;49.3;12.8;28.4;29.9;1201;1292;2025
012005;Arsago Seprio;4735;46.8;15.0;30.6;25.2;2352;2383;2025
025004;Arsiè;2168;52.6;9.9;24.6;35.5;1067;1101;2025
024007;Arsiero;3045;48.9;13.3;30.0;29.7;1556;1489;2025
067003;Arsita;729;50.8;11.5;25.8;32.1;368;361;2025
058010;Arsoli;1352;51.2;11.1;25.0;31.3;632;720;2025
030005;Arta Terme;2000;49.2;11.5;28.5;29.5;992;1008;2025
030006;Artegna;2902;48.5;13.3;29.7;28.5;1406;1496;2025
058011;Artena;13652;44.5;16.6;34.1;21.3;6757;6895;2025
017007;Artogne;3671;44.8;15.7;32.4;21.4;1844;1827;2025
007005;Arvier;821;46.5;16.1;33.3;24.6;408;413;2025
090006;Arzachena;13435;47.0;13.7;28.9;23.3;6786;6649;2025
016013;Arzago d'Adda;2761;44.8;15.9;34.8;22.3;1377;1384;2025
091002;Arzana;2211;47.5;13.8;31.3;26.8;1106;1105;2025
063005;Arzano;31797;43.0;17.7;37.7;21.0;15521;16276;2025
028007;Arzergrande;4851;46.0;15.6;31.5;23.2;2410;2441;2025
024008;Arzignano;25734;44.1;16.3;36.7;21.2;13164;12570;2025
065009;Ascea;5832;46.9;13.4;31.7;25.2;2907;2925;2025
052002;Asciano;6756;47.4;14.6;31.3;26.8;3313;3443;2025
044007;Ascoli Piceno;45277;49.5;12.4;29.0;30.0;22005;23272;2025
071005;Ascoli Satriano;5671;45.9;15.2;33.2;24.5;2905;2766;2025
057004;Ascrea;203;56.4;9.4;19.7;41.9;113;90;2025
024009;Asiago;6236;48.4;13.8;30.3;28.9;3027;3209;2025
024010;Asigliano Veneto;846;45.2;17.4;34.6;24.2;428;418;2025
002007;Asigliano Vercellese;1382;47.7;14.0;30.3;26.5;692;690;2025
020002;Asola;9804;46.7;14.6;32.1;25.3;4834;4970;2025
026003;Asolo;8911;44.3;16.0;35.4;21.1;4481;4430;2025
015011;Assago;9323;43.9;17.8;34.4;21.4;4597;4726;2025
092003;Assemini;25630;46.6;13.4;29.7;22.8;12509;13121;2025
054001;Assisi;27468;47.4;14.3;30.5;26.2;13291;14177;2025
013013;Asso;3520;46.6;15.1;31.6;24.7;1740;1780;2025
095008;Assolo;326;52.8;10.1;22.4;35.3;171;155;2025
086003;Assoro;4763;46.8;13.2;32.2;26.7;2354;2409;2025
005005;Asti;73440;47.3;14.5;31.9;27.1;35259;38181;2025
095009;Asuni;296;52.4;10.1;23.3;35.8;148;148;2025
066005;Ateleta;1088;48.1;12.1;29.4;25.9;554;534;2025
076006;Atella;3608;45.8;13.7;33.3;23.3;1814;1794;2025
065010;Atena Lucana;2393;43.7;15.8;36.9;20.7;1207;1186;2025
069005;Atessa;10264;46.1;15.3;32.9;25.0;5042;5222;2025
060011;Atina;4096;47.8;14.2;30.2;27.7;1972;2124;2025
065011;Atrani;765;49.3;12.7;27.8;30.1;364;401;2025
067004;Atri;9846;48.4;13.0;29.5;28.3;4885;4961;2025
064006;Atripalda;10257;46.2;14.0;32.4;23.6;4925;5332;2025
055006;Attigliano;1946;47.4;13.8;29.3;25.0;970;976;2025
030007;Attimis;1653;51.3;10.9;24.1;32.0;814;839;2025
091003;Atzara;967;53.5;9.5;23.2;36.8;499;468;2025
089001;Augusta;34717;46.8;13.8;31.0;25.1;17242;17475;2025
065012;Auletta;2145;46.6;13.4;32.8;24.4;1078;1067;2025
045001;Aulla;10838;47.9;14.0;29.7;26.4;5312;5526;2025
103005;Aurano;107;53.3;3.7;18.7;32.7;60;47;2025
008005;Aurigo;340;50.1;14.1;28.8;34.7;177;163;2025
025005;Auronzo di Cadore;3027;50.1;11.3;28.3;30.9;1479;1548;2025
060012;Ausonia;2418;46.4;14.8;31.7;24.9;1196;1222;2025
091004;Austis;723;50.7;10.2;25.7;30.4;363;360;2025
010002;Avegno;2528;47.9;14.2;29.6;26.4;1263;1265;2025
021005;Avelengo/Hafling;816;42.6;17.5;38.0;17.6;423;393;2025
064007;Avella;7436;43.9;16.5;35.4;21.1;3593;3843;2025
064008;Avellino;51975;47.5;13.3;30.9;25.8;24626;27349;2025
016014;Averara;178;51.7;12.4;21.3;29.2;98;80;2025
061005;Aversa;49358;44.4;16.1;35.3;21.6;23738;25620;2025
073001;Avetrana;6160;48.7;12.7;29.0;29.8;2972;3188;2025
066006;Avezzano;40948;45.7;15.7;32.5;23.7;19875;21073;2025
093004;Aviano;8990;47.7;13.6;30.9;26.6;4503;4487;2025
016015;Aviatico;582;50.0;12.2;23.7;29.2;317;265;2025
001013;Avigliana;12139;47.5;14.1;30.5;26.6;5938;6201;2025
076007;Avigliano;10465;47.2;13.2;31.6;24.7;5138;5327;2025
055033;Avigliano Umbro;2317;48.8;13.4;28.4;29.3;1188;1129;2025
022007;Avio;4110;44.7;17.3;35.9;23.5;2058;2052;2025
007006;Avise;301;46.9;15.9;30.6;26.6;145;156;2025
089002;Avola;30710;44.8;15.8;34.5;22.6;15151;15559;2025
006010;Avolasca;250;52.2;11.6;22.8;34.0;127;123;2025
007007;Ayas;1358;44.4;17.4;35.5;22.7;693;665;2025
007008;Aymavilles;2098;46.3;15.8;32.2;25.5;1028;1070;2025
001014;Azeglio;1242;48.4;13.7;28.5;28.1;617;625;2025
019004;Azzanello;623;48.7;12.0;29.1;27.9;307;316;2025
005006;Azzano d'Asti;371;50.8;12.9;29.1;31.8;179;192;2025
093005;Azzano Decimo;15769;45.3;17.0;33.6;23.3;7818;7951;2025
017008;Azzano Mella;3507;41.7;17.5;37.9;16.0;1827;1680;2025
016016;Azzano San Paolo;7594;45.5;15.8;34.4;23.0;3710;3884;2025
012006;Azzate;4689;46.2;15.0;31.8;23.9;2285;2404;2025
012007;Azzio;761;47.5;14.1;32.2;25.8;385;376;2025
016017;Azzone;360;53.0;10.3;25.0;35.8;185;175;2025
103006;Baceno;868;51.5;12.1;27.3;33.2;414;454;2025
063006;Bacoli;24988;45.8;14.9;33.0;24.0;12171;12817;2025
008006;Badalucco;1087;49.1;12.7;28.6;30.7;540;547;2025
090081;Badesi;1832;49.0;12.8;27.3;27.9;908;924;2025
021006;Badia/Abtei;3575;43.8;16.7;36.9;19.6;1760;1815;2025
023005;Badia Calavena;2655;44.6;17.1;34.5;23.5;1337;1318;2025
018006;Badia Pavese;411;48.0;12.7;29.2;25.5;219;192;2025
029004;Badia Polesine;10253;47.5;13.0;30.2;26.0;5094;5159;2025
051003;Badia Tedalda;966;53.8;10.0;22.4;38.4;507;459;2025
079008;Badolato;2813;48.0;15.0;31.2;29.6;1336;1477;2025
080006;Bagaladi;931;46.1;17.0;33.4;28.5;446;485;2025
082006;Bagheria;53100;43.6;17.5;36.6;21.5;25927;27173;2025
039002;Bagnacavallo;16543;48.5;13.9;29.7;27.9;8123;8420;2025
080007;Bagnara Calabra;9181;45.3;16.4;34.7;25.0;4555;4626;2025
039003;Bagnara di Romagna;2361;45.0;17.0;34.5;23.0;1178;1183;2025
018007;Bagnaria;620;53.2;8.5;21.1;33.7;294;326;2025
030008;Bagnaria Arsa;3448;48.3;13.4;29.6;27.9;1696;1752;2025
004008;Bagnasco;931;49.0;14.7;31.0;29.2;458;473;2025
016018;Bagnatica;4489;43.3;18.1;36.5;20.4;2264;2225;2025
046002;Bagni di Lucca;5560;50.5;11.4;27.2;31.5;2782;2778;2025
048001;Bagno a Ripoli;24946;49.3;13.8;29.6;30.4;11847;13099;2025
040001;Bagno di Romagna;5580;49.3;13.2;28.0;30.2;2741;2839;2025
094003;Bagnoli del Trigno;610;50.6;14.3;26.1;35.1;316;294;2025
028008;Bagnoli di Sopra;3388;48.3;12.5;29.7;27.0;1714;1674;2025
064009;Bagnoli Irpino;2994;48.3;11.6;29.6;27.1;1526;1468;2025
019005;Bagnolo Cremasco;5038;45.7;15.5;32.6;24.5;2540;2498;2025
075008;Bagnolo del Salento;1718;47.8;13.2;30.3;26.7;853;865;2025
029005;Bagnolo di Po;1212;49.6;13.6;27.6;30.9;625;587;2025
035002;Bagnolo in Piano;9602;44.7;17.1;34.8;22.3;4740;4862;2025
017009;Bagnolo Mella;12471;45.4;16.7;33.8;23.1;6244;6227;2025
004009;Bagnolo Piemonte;5728;47.3;14.6;30.9;26.1;2846;2882;2025
020003;Bagnolo San Vito;5905;46.6;14.9;31.7;24.5;2949;2956;2025
045002;Bagnone;1676;54.9;8.6;22.1;39.6;813;863;2025
056003;Bagnoregio;3302;50.3;10.9;26.7;31.2;1625;1677;2025
017010;Bagolino;3764;50.0;12.4;27.8;30.5;1883;1881;2025
061006;Baia e Latina;1986;46.5;14.0;32.1;25.2;986;1000;2025
064010;Baiano;4374;46.0;14.6;32.4;24.1;2105;2269;2025
001015;Bairo;787;50.2;13.6;27.2;31.0;368;419;2025
035003;Baiso;3263;48.5;13.4;29.3;27.0;1694;1569;2025
008007;Bajardo;360;54.5;4.2;21.9;37.2;213;147;2025
001016;Balangero;3049;48.3;13.5;29.8;29.4;1462;1587;2025
005007;Baldichieri d'Asti;1102;45.5;16.3;32.8;23.4;540;562;2025
001017;Baldissero Canavese;482;51.5;12.7;24.3;33.4;229;253;2025
004010;Baldissero d'Alba;1052;47.6;13.3;30.4;25.6;531;521;2025
001018;Baldissero Torinese;3734;47.8;14.4;29.9;27.2;1830;1904;2025
082007;Balestrate;6375;47.0;14.5;32.3;27.1;3042;3333;2025
009008;Balestrino;520;50.7;11.3;24.2;29.4;258;262;2025
097004;Ballabio;4149;44.4;15.8;34.9;20.0;2120;2029;2025
111003;Ballao;716;52.2;10.2;23.6;34.6;365;351;2025
001019;Balme;99;49.6;14.1;23.2;25.3;52;47;2025
002008;Balmuccia;113;49.5;13.3;26.5;26.5;54;59;2025
002009;Balocco;211;49.8;13.3;27.5;28.9;122;89;2025
066007;Balsorano;3234;47.3;14.1;30.4;26.8;1601;1633;2025
076008;Balvano;1657;47.9;14.1;28.6;27.8;862;795;2025
006011;Balzola;1217;52.0;11.8;25.1;34.3;607;610;2025
090007;Banari;506;53.4;10.9;22.9;37.2;258;248;2025
001020;Banchette;3112;48.4;13.4;30.0;28.4;1498;1614;2025
103007;Bannio Anzino;455;52.6;11.0;25.3;36.5;232;223;2025
076009;Banzi;1155;49.6;10.2;30.0;30.3;585;570;2025
028009;Baone;3028;49.3;12.8;27.5;29.6;1527;1501;2025
095010;Baradili;76;49.6;10.5;23.7;32.9;38;38;2025
076010;Baragiano;2469;46.6;15.6;31.8;26.6;1236;1233;2025
070002;Baranello;2430;47.8;12.1;30.7;24.9;1215;1215;2025
063007;Barano d'Ischia;9983;44.3;15.9;35.8;22.1;4964;5019;2025
015250;Baranzate;11970;43.0;18.3;36.9;19.6;6260;5710;2025
012008;Barasso;1694;48.9;14.3;30.4;29.2;816;878;2025
095011;Baratili San Pietro;1197;50.8;10.4;25.5;30.1;588;609;2025
001021;Barbania;1552;49.1;13.4;28.4;29.8;776;776;2025
042004;Barbara;1259;48.3;14.1;30.3;30.4;636;623;2025
024124;Barbarano Mossano;6240;46.7;14.9;32.7;24.5;3125;3115;2025
056004;Barbarano Romano;985;51.1;11.2;24.4;31.1;496;489;2025
004011;Barbaresco;600;45.3;16.2;33.5;24.0;301;299;2025
017011;Barbariga;2300;46.0;14.7;33.4;23.7;1166;1134;2025
016019;Barbata;685;44.3;16.4;35.5;21.3;345;340;2025
048002;Barberino di Mugello;10939;46.3;15.3;32.9;24.7;5444;5495;2025
048054;Barberino Tavarnelle;11977;47.6;14.4;30.7;27.0;5986;5991;2025
018008;Barbianello;887;46.6;14.9;31.5;25.4;447;440;2025
021007;Barbiano/Barbian;1768;41.5;20.8;40.3;18.2;886;882;2025
028010;Barbona;564;51.1;8.7;25.4;26.8;293;271;2025
083005;Barcellona Pozzo di Gotto;39763;44.7;16.3;35.1;23.0;19448;20315;2025
093006;Barcis;231;55.7;8.2;19.0;39.0;114;117;2025
007009;Bard;102;48.5;14.7;27.5;25.5;40;62;2025
012144;Bardello con Malgesso e Bregano;3608;46.9;14.8;31.4;24.7;1774;1834;2025
034002;Bardi;1957;54.5;9.6;21.5;38.9;996;961;2025
009009;Bardineto;768;52.3;11.7;24.6;34.4;377;391;2025
023006;Bardolino;6861;48.0;13.8;29.3;27.1;3344;3517;2025
001022;Bardonecchia;2871;48.6;12.7;28.7;26.6;1438;1433;2025
015012;Bareggio;17236;46.5;14.8;31.9;24.6;8453;8783;2025
003012;Barengo;727;50.3;12.0;27.2;31.4;361;366;2025
095012;Baressa;535;56.1;8.6;19.1;42.1;267;268;2025
066008;Barete;638;49.4;12.9;28.5;31.2;334;304;2025
046003;Barga;9461;49.0;13.4;29.6;29.4;4676;4785;2025
010003;Bargagli;2497;48.7;12.5;27.6;26.5;1276;1221;2025
004012;Barge;7454;46.2;15.7;33.2;24.3;3764;3690;2025
017012;Barghe;1157;46.4;15.4;32.9;25.4;615;542;2025
072006;Bari;315831;47.3;13.8;31.1;26.2;152031;163800;2025
016020;Bariano;4276;45.0;16.2;34.1;22.5;2190;2086;2025
037003;Baricella;7104;46.1;15.3;32.0;23.6;3528;3576;2025
076011;Barile;2524;46.5;13.6;33.0;23.8;1244;1280;2025
091005;Bari Sardo;3807;48.8;13.6;28.8;29.4;1836;1971;2025
066009;Barisciano;1657;47.5;15.0;30.7;28.5;820;837;2025
108005;Barlassina;6933;46.7;15.2;31.8;24.8;3430;3503;2025
110002;Barletta;92191;44.5;15.7;35.4;22.0;45697;46494;2025
013015;Barni;605;47.6;13.6;30.4;27.3;304;301;2025
004013;Barolo;617;48.9;12.6;27.7;28.0;297;320;2025
001023;Barone Canavese;531;51.0;12.2;27.1;34.1;265;266;2025
065013;Baronissi;16838;44.5;15.8;34.4;21.6;8281;8557;2025
086004;Barrafranca;11568;46.0;15.4;33.8;24.7;5449;6119;2025
111004;Barrali;1086;46.7;14.3;32.0;25.7;562;524;2025
066010;Barrea;688;51.0;11.9;26.5;34.7;350;338;2025
111005;Barumini;1117;50.8;10.5;25.7;29.7;570;547;2025
097005;Barzago;2381;46.1;15.4;32.3;24.3;1181;1200;2025
016021;Barzana;2031;41.9;18.2;37.8;16.8;1059;972;2025
097006;Barzanò;5019;47.7;14.4;31.3;27.4;2456;2563;2025
097007;Barzio;1270;49.5;12.7;27.4;30.0;632;638;2025
006012;Basaluzzo;2027;48.1;14.5;29.0;27.8;1009;1018;2025
018009;Bascapè;1797;44.8;15.9;32.7;21.0;957;840;2025
055007;Baschi;2542;50.2;13.0;26.8;31.6;1266;1276;2025
067005;Basciano;2319;45.4;15.5;34.2;24.0;1174;1145;2025
022009;Baselga di Pinè;5266;45.1;16.6;35.0;23.8;2635;2631;2025
062007;Baselice;2026;51.0;11.5;27.6;33.5;952;1074;2025
015014;Basiano;3643;45.9;15.0;32.6;23.1;1846;1797;2025
083006;Basicò;643;48.9;7.3;35.3;28.6;308;335;2025
015015;Basiglio;7901;45.4;16.4;34.1;23.5;3804;4097;2025
030009;Basiliano;5146;47.8;15.2;30.1;27.1;2554;2592;2025
017013;Bassano Bresciano;2367;43.8;16.0;35.1;19.6;1212;1155;2025
024012;Bassano del Grappa;42299;47.3;14.2;32.0;26.4;20322;21977;2025
056006;Bassano in Teverina;1273;49.1;11.6;27.3;28.2;637;636;2025
056005;Bassano Romano;4611;48.5;12.9;28.5;27.3;2302;2309;2025
059002;Bassiano;1423;49.1;11.9;27.3;29.0;720;703;2025
006013;Bassignana;1580;49.6;10.9;28.0;28.7;787;793;2025
004014;Bastia Mondovì;629;47.0;13.4;34.8;26.6;315;314;2025
054002;Bastia Umbra;21321;45.6;15.9;33.1;23.4;10335;10986;2025
018011;Bastida Pancarana;908;48.9;13.2;28.2;27.8;468;440;2025
036001;Bastiglia;4231;44.7;15.6;34.4;21.1;2124;2107;2025
028011;Battaglia Terme;3897;48.6;11.9;30.2;28.2;1933;1964;2025
004015;Battifollo;237;53.6;4.6;27.4;38.8;146;91;2025
065014;Battipaglia;49361;44.6;15.8;34.6;22.0;24368;24993;2025
018012;Battuda;651;45.7;15.4;28.4;19.8;331;320;2025
082008;Baucina;1838;46.5;16.2;34.3;26.6;914;924;2025
095013;Bauladu;616;48.4;10.4;30.0;27.1;301;315;2025
091006;Baunei;3377;49.3;12.9;28.0;28.8;1670;1707;2025
103008;Baveno;4545;49.6;12.4;26.9;28.8;2215;2330;2025
012010;Bedero Valcuvia;658;46.6;14.3;31.9;25.1;340;318;2025
017014;Bedizzole;12172;44.5;16.8;34.4;20.7;6053;6119;2025
022011;Bedollo;1498;47.4;15.4;32.0;28.3;751;747;2025
034003;Bedonia;3142;52.3;11.6;24.8;35.6;1547;1595;2025
016022;Bedulita;725;47.0;15.3;32.8;27.7;359;366;2025
103009;Bee;765;48.5;13.7;27.7;26.0;372;393;2025
001024;Beinasco;17351;48.6;13.8;30.3;28.9;8375;8976;2025
004016;Beinette;3510;43.3;19.2;36.2;21.1;1768;1742;2025
079009;Belcastro;1206;46.2;13.2;35.2;23.7;618;588;2025
023007;Belfiore;3391;43.7;17.2;36.0;21.1;1764;1627;2025
041005;Belforte all'Isauro;741;45.3;17.8;34.4;25.8;369;372;2025
043004;Belforte del Chienti;1837;46.3;16.5;32.8;25.7;904;933;2025
006014;Belforte Monferrato;492;48.7;13.2;28.9;27.8;255;237;2025
018013;Belgioioso;6418;46.0;16.1;32.9;24.5;3133;3285;2025
103010;Belgirate;450;55.0;6.9;20.4;34.4;210;240;2025
076012;Bella;4591;46.9;14.7;32.0;25.9;2304;2287;2025
013250;Bellagio;3554;50.3;12.2;27.7;29.7;1706;1848;2025
097008;Bellano;3364;49.8;12.6;28.0;30.9;1668;1696;2025
067006;Bellante;6854;46.2;14.4;32.4;24.0;3388;3466;2025
099001;Bellaria-Igea Marina;19480;46.2;14.8;32.1;22.9;9544;9936;2025
058012;Bellegra;2612;48.7;12.1;27.8;27.6;1281;1331;2025
004017;Bellino;99;55.1;6.1;20.2;35.4;52;47;2025
015016;Bellinzago Lombardo;3777;46.6;14.9;32.6;25.5;1860;1917;2025
003016;Bellinzago Novarese;9376;45.8;15.9;32.6;23.9;4678;4698;2025
065158;Bellizzi;13302;43.7;17.2;36.1;21.9;6572;6730;2025
061007;Bellona;6014;41.9;18.4;37.8;18.5;2948;3066;2025
065015;Bellosguardo;673;51.9;11.7;27.2;33.7;329;344;2025
025006;Belluno;35543;48.2;13.2;30.8;28.1;17079;18464;2025
108006;Bellusco;7469;46.2;15.9;32.4;24.6;3681;3788;2025
078013;Belmonte Calabro;1698;50.0;12.3;26.0;31.0;823;875;2025
060013;Belmonte Castello;655;49.7;11.8;27.6;31.6;329;326;2025
094004;Belmonte del Sannio;610;51.5;11.3;25.7;34.6;290;320;2025
057005;Belmonte in Sabina;633;49.8;12.2;28.4;29.7;310;323;2025
082009;Belmonte Mezzagno;10788;41.7;20.0;39.8;19.4;5283;5505;2025
109003;Belmonte Piceno;550;51.4;13.1;26.9;34.9;264;286;2025
087007;Belpasso;28242;41.4;19.6;38.6;17.8;14046;14196;2025
078014;Belsito;883;47.1;14.0;30.6;24.3;454;429;2025
101001;Belvedere di Spinello;1903;48.3;14.9;29.8;30.4;929;974;2025
004018;Belvedere Langhe;337;47.6;14.2;31.2;26.1;161;176;2025
078015;Belvedere Marittimo;9009;48.0;13.4;29.9;27.4;4315;4694;2025
042005;Belvedere Ostrense;2075;47.1;16.0;31.2;26.9;1013;1062;2025
005008;Belveglio;297;52.1;10.8;23.9;32.3;148;149;2025
091007;Belvì;536;50.7;10.4;27.4;28.4;279;257;2025
014006;Bema;115;56.2;6.1;19.1;40.9;57;58;2025
013021;Bene Lario;354;45.3;15.0;34.2;22.9;177;177;2025
080008;Benestare;2486;41.8;21.2;41.5;21.5;1251;1235;2025
090008;Benetutti;1643;48.0;12.1;31.9;28.4;806;837;2025
004019;Bene Vagienna;3663;44.5;17.6;35.6;23.3;1862;1801;2025
004020;Benevello;448;48.9;14.1;28.1;26.1;220;228;2025
062008;Benevento;55712;46.9;13.9;32.0;25.3;26636;29076;2025
096003;Benna;1163;47.3;15.2;30.7;26.2;568;595;2025
037005;Bentivoglio;5821;45.6;16.6;32.7;23.3;2910;2911;2025
016023;Berbenno;2465;46.1;15.1;32.5;24.6;1216;1249;2025
014007;Berbenno di Valtellina;4052;47.9;13.1;31.0;27.3;2048;2004;2025
034004;Berceto;1947;53.6;9.5;21.4;37.6;1036;911;2025
090009;Berchidda;2577;49.2;12.2;27.9;28.2;1275;1302;2025
013022;Beregazzo con Figliaro;2813;44.9;17.6;34.3;23.6;1373;1440;2025
018014;Bereguardo;2882;46.3;15.8;31.3;23.1;1447;1435;2025
006015;Bergamasco;671;52.6;10.6;25.3;37.7;330;341;2025
016024;Bergamo;120389;46.8;14.1;32.8;25.4;57366;63023;2025
029006;Bergantino;2337;50.1;12.6;26.5;30.8;1150;1187;2025
009010;Bergeggi;1045;53.6;8.2;23.2;33.1;504;541;2025
004021;Bergolo;52;55.2;5.8;23.1;42.3;28;24;2025
017015;Berlingo;2740;42.9;17.6;36.2;18.6;1409;1331;2025
077003;Bernalda;11906;45.7;14.7;33.3;24.7;6040;5866;2025
108007;Bernareggio;11568;44.6;16.4;34.0;20.8;5817;5751;2025
015019;Bernate Ticino;2916;47.9;14.3;29.9;26.7;1433;1483;2025
004022;Bernezzo;4269;41.6;20.4;38.5;18.4;2117;2152;2025
040003;Bertinoro;11102;46.2;15.7;31.1;23.7;5444;5658;2025
030010;Bertiolo;2334;49.3;13.4;28.8;30.1;1149;1185;2025
098002;Bertonico;1079;46.5;15.5;32.3;26.1;543;536;2025
005009;Berzano di San Pietro;411;49.4;12.4;28.2;30.7;230;181;2025
006016;Berzano di Tortona;169;46.4;14.8;27.8;21.3;81;88;2025
017016;Berzo Demo;1459;51.0;9.9;26.5;30.1;751;708;2025
017017;Berzo Inferiore;2473;44.3;16.8;34.7;20.9;1255;1218;2025
016025;Berzo San Fermo;1428;42.4;21.1;38.7;21.8;744;684;2025
108008;Besana in Brianza;15482;47.4;14.0;31.1;25.7;7643;7839;2025
012011;Besano;2523;45.7;15.4;33.6;23.9;1246;1277;2025
015022;Besate;2043;46.1;15.4;31.5;23.4;1016;1027;2025
022013;Besenello;2819;42.4;19.5;37.6;18.8;1418;1401;2025
033003;Besenzone;930;48.3;12.3;30.1;26.0;487;443;2025
012012;Besnate;5440;46.8;14.9;31.9;24.7;2676;2764;2025
012013;Besozzo;8706;47.3;14.6;30.9;25.9;4176;4530;2025
090010;Bessude;370;55.2;7.6;21.6;39.2;181;189;2025
033004;Bettola;2625;52.5;10.2;23.5;34.6;1359;1266;2025
054003;Bettona;4227;46.6;15.1;31.8;25.5;2055;2172;2025
103011;Beura-Cardezza;1411;49.2;12.9;26.9;27.9;717;694;2025
054004;Bevagna;4747;48.7;13.1;28.4;28.1;2367;2380;2025
011003;Beverino;2271;49.8;12.9;26.6;29.6;1126;1145;2025
023008;Bevilacqua;1800;44.7;16.9;34.9;22.4;933;867;2025
087008;Biancavilla;22942;42.0;19.4;39.8;20.2;11141;11801;2025
078016;Bianchi;1154;51.0;10.1;25.4;32.2;594;560;2025
080009;Bianco;4287;44.6;16.7;35.4;24.3;2114;2173;2025
003018;Biandrate;1352;42.7;19.2;38.4;20.7;701;651;2025
012014;Biandronno;3185;48.3;13.5;28.8;26.9;1551;1634;2025
016026;Bianzano;629;49.7;11.8;26.7;29.4;319;310;2025
002011;Bianzè;1870;48.5;14.1;29.3;28.2;920;950;2025
014008;Bianzone;1253;47.1;15.9;30.3;27.9;631;622;2025
108009;Biassono;12389;47.1;14.6;30.9;25.2;5995;6394;2025
035004;Bibbiano;10219;44.9;16.2;33.9;21.9;5089;5130;2025
051004;Bibbiena;11930;47.3;13.9;32.1;26.4;5990;5940;2025
049001;Bibbona;3174;48.5;13.4;28.6;27.5;1602;1572;2025
001025;Bibiana;3364;46.6;15.1;32.4;25.3;1742;1622;2025
071006;Biccari;2594;48.5;13.2;28.9;29.4;1292;1302;2025
030011;Bicinicco;1742;48.8;13.0;27.4;26.8;856;886;2025
095014;Bidonì;117;52.9;10.3;23.9;36.8;61;56;2025
096004;Biella;43181;49.1;12.5;29.8;29.5;20589;22592;2025
017018;Bienno;3760;48.1;14.3;30.5;28.7;1854;1906;2025
022015;Bieno;472;48.4;13.1;29.4;26.5;232;240;2025
050001;Bientina;8702;44.5;16.5;33.7;21.5;4208;4494;2025
013023;Binago;4837;44.9;14.7;34.9;21.6;2414;2423;2025
015024;Binasco;7059;48.0;13.8;31.3;27.3;3321;3738;2025
072008;Binetto;2164;43.3;18.0;36.6;20.6;1068;1096;2025
096005;Bioglio;902;51.2;11.5;24.8;30.9;466;436;2025
007010;Bionaz;217;47.8;12.9;31.3;24.9;113;104;2025
017019;Bione;1286;47.4;14.9;31.2;26.4;646;640;2025
091008;Birori;485;49.7;12.4;26.4;31.3;239;246;2025
064011;Bisaccia;3470;47.6;13.6;31.6;27.8;1757;1713;2025
082010;Bisacquino;4009;48.4;14.0;31.4;28.7;1983;2026;2025
110003;Bisceglie;53404;45.1;15.5;34.0;22.3;26412;26992;2025
066011;Bisegna;212;60.1;2.4;13.7;44.3;99;113;2025
067007;Bisenti;1645;50.6;11.2;27.8;31.2;830;815;2025
078017;Bisignano;9447;45.1;16.0;34.4;23.6;4714;4733;2025
006017;Bistagno;1719;50.3;11.4;27.2;30.3;851;868;2025
012015;Bisuschio;4243;46.4;16.2;32.3;25.7;2062;2181;2025
072010;Bitetto;11742;44.0;17.0;34.9;20.9;5751;5991;2025
072011;Bitonto;52958;44.4;16.2;35.3;21.9;26089;26869;2025
072012;Bitritto;11428;44.0;17.0;34.2;20.7;5600;5828;2025
091009;Bitti;2516;49.4;13.0;29.7;31.6;1212;1304;2025
084004;Bivona;3066;49.1;11.5;29.2;28.4;1476;1590;2025
080010;Bivongi;1171;48.7;12.2;31.4;29.8;566;605;2025
013024;Bizzarone;1776;44.9;14.9;34.1;21.5;884;892;2025
022017;Bleggio Superiore;1534;46.1;16.2;34.2;25.9;784;750;2025
016027;Blello;70;49.4;11.4;30.0;37.1;33;37;2025
056007;Blera;2886;48.4;12.2;28.6;27.9;1433;1453;2025
013025;Blessagno;319;45.6;16.6;32.6;23.5;167;152;2025
013026;Blevio;1034;49.1;10.2;27.8;26.9;493;541;2025
082082;Blufi;860;51.9;10.9;27.1;34.1;405;455;2025
028012;Boara Pisani;2357;49.8;12.0;25.6;28.3;1202;1155;2025
033005;Bobbio;3322;53.6;9.4;23.1;36.1;1586;1736;2025
001026;Bobbio Pellice;523;50.7;11.3;27.7;32.3;257;266;2025
003019;Boca;1157;48.6;13.1;27.5;26.5;577;580;2025
078018;Bocchigliero;1025;53.5;8.1;26.2;37.9;476;549;2025
002014;Boccioleto;173;49.9;13.3;28.9;31.8;83;90;2025
022018;Bocenago;405;47.1;12.3;30.4;24.4;207;198;2025
012016;Bodio Lomnago;2237;48.5;14.9;29.2;27.6;1073;1164;2025
098003;Boffalora d'Adda;1712;43.7;17.3;33.4;18.1;849;863;2025
015026;Boffalora sopra Ticino;4069;47.4;14.5;30.9;27.1;2010;2059;2025
010004;Bogliasco;4298;50.5;13.1;26.6;31.9;2084;2214;2025
103012;Bognanco;198;54.3;8.6;18.2;34.8;115;83;2025
003021;Bogogno;1303;48.0;15.3;29.1;27.1;629;674;2025
009011;Boissano;2574;47.1;13.0;30.2;23.3;1300;1274;2025
070003;Bojano;7554;45.6;14.1;34.3;23.1;3740;3814;2025
011004;Bolano;7504;48.4;14.2;29.2;27.6;3699;3805;2025
016028;Bolgare;6679;40.9;19.5;39.5;16.4;3355;3324;2025
015027;Bollate;36365;47.0;14.3;32.2;25.4;17552;18813;2025
001027;Bollengo;2115;48.5;13.4;30.0;28.7;1064;1051;2025
037006;Bologna;390151;46.4;13.5;33.0;24.4;186874;203277;2025
068003;Bolognano;996;49.5;13.3;27.1;29.6;501;495;2025
082011;Bolognetta;4102;44.3;17.0;35.3;22.1;2035;2067;2025
043005;Bolognola;149;48.8;14.1;27.5;29.5;82;67;2025
091010;Bolotana;2284;52.5;9.4;24.8;34.9;1053;1231;2025
056008;Bolsena;3690;51.6;10.1;24.8;33.3;1806;1884;2025
016029;Boltiere;6204;42.9;17.9;36.3;18.2;3163;3041;2025
021008;Bolzano/Bozen;106568;45.5;16.4;35.2;24.3;51496;55072;2025
003022;Bolzano Novarese;1128;49.3;11.7;28.4;28.1;580;548;2025
024013;Bolzano Vicentino;6506;44.6;16.4;34.6;21.1;3270;3236;2025
056009;Bomarzo;1679;48.1;13.8;28.4;28.0;861;818;2025
069006;Bomba;697;53.0;9.2;24.2;36.2;355;342;2025
085002;Bompensiere;470;51.9;9.6;25.5;32.3;230;240;2025
082012;Bompietro;1143;53.2;8.9;24.5;35.8;541;602;2025
036002;Bomporto;10285;43.3;17.0;36.3;18.9;5189;5096;2025
095015;Bonarcado;1534;47.9;15.0;30.1;28.7;756;778;2025
011005;Bonassola;759;55.7;8.4;19.4;39.5;361;398;2025
016030;Bonate Sopra;10583;41.4;19.4;37.8;16.7;5319;5264;2025
016031;Bonate Sotto;6633;44.5;16.9;34.4;22.1;3337;3296;2025
023009;Bonavigo;2023;44.5;17.2;34.8;21.8;1084;939;2025
038003;Bondeno;14053;49.0;13.6;28.4;29.3;6990;7063;2025
022021;Bondone;647;48.5;14.2;29.8;28.7;327;320;2025
062009;Bonea;1375;43.4;16.3;37.0;20.3;688;687;2025
070004;Bonefro;1170;52.2;9.4;26.2;33.0;576;594;2025
019006;Bonemerse;1444;46.7;15.9;30.8;25.3;717;727;2025
078019;Bonifati;2532;50.7;11.1;25.8;32.4;1217;1315;2025
064012;Bonito;2179;46.7;12.4;33.2;23.7;1092;1087;2025
090011;Bonnanaro;904;50.8;11.3;25.9;33.1;434;470;2025
090012;Bono;3261;46.0;15.2;33.9;25.9;1621;1640;2025
090013;Bonorva;3086;50.5;11.1;27.7;30.8;1559;1527;2025
004023;Bonvicino;100;47.5;16.0;30.0;28.0;47;53;2025
057006;Borbona;577;53.3;10.6;22.4;36.6;298;279;2025
025007;Borca di Cadore;803;47.9;10.7;29.9;24.2;406;397;2025
030012;Bordano;697;48.6;10.6;28.0;28.0;340;357;2025
008008;Bordighera;10218;50.3;12.5;27.7;31.6;4778;5440;2025
019007;Bordolano;598;47.1;14.7;31.6;27.9;312;286;2025
034005;Bore;628;59.6;4.9;17.4;47.0;323;305;2025
035005;Boretto;5385;44.7;16.7;34.6;22.2;2690;2695;2025
018015;Borgarello;2761;44.3;15.2;33.4;18.7;1346;1415;2025
001028;Borgaro Torinese;11642;46.7;15.4;31.9;26.2;5631;6011;2025
082013;Borgetto;7184;42.6;18.9;37.9;20.3;3548;3636;2025
008009;Borghetto d'Arroscia;390;53.4;10.3;22.1;35.9;209;181;2025
006018;Borghetto di Borbera;1913;50.1;12.1;25.9;29.3;973;940;2025
011006;Borghetto di Vara;910;51.7;9.9;27.4;34.2;450;460;2025
098004;Borghetto Lodigiano;4383;44.6;17.0;34.0;23.1;2228;2155;2025
009012;Borghetto Santo Spirito;4604;51.3;11.5;27.0;33.9;2186;2418;2025
040004;Borghi;2910;44.8;14.8;32.5;20.3;1482;1428;2025
079011;Borgia;7196;45.9;14.8;32.6;24.1;3518;3678;2025
001029;Borgiallo;577;47.3;14.7;30.0;26.3;292;285;2025
009013;Borgio Verezzi;2106;52.9;10.0;24.0;35.5;1020;1086;2025
046004;Borgo a Mozzano;6668;49.0;12.6;28.8;28.4;3273;3395;2025
020073;Borgocarbonara;1870;49.6;13.8;27.5;30.9;938;932;2025
022238;Borgo Chiese;1913;46.5;15.5;34.2;26.6;965;948;2025
002015;Borgo d'Ale;2188;49.4;12.5;28.4;29.4;1098;1090;2025
022252;Borgo d'Anaunia;2591;46.0;16.7;35.0;27.0;1317;1274;2025
016032;Borgo di Terzo;1206;42.2;19.1;39.4;19.2;621;585;2025
001030;Borgofranco d'Ivrea;3457;48.6;12.7;29.4;28.6;1667;1790;2025
022239;Borgo Lares;730;45.8;16.3;33.8;27.7;379;351;2025
003023;Borgolavezzaro;2035;48.9;12.7;28.4;29.0;997;1038;2025
004024;Borgomale;368;47.2;14.1;28.8;22.3;173;195;2025
003024;Borgomanero;21208;46.9;14.3;31.9;25.3;10193;11015;2025
020072;Borgo Mantovano;5374;48.5;14.0;28.3;28.0;2635;2739;2025
008010;Borgomaro;814;51.0;11.9;26.5;32.1;428;386;2025
001031;Borgomasino;763;49.7;12.6;29.4;30.4;371;392;2025
103078;Borgomezzavalle;286;55.1;7.3;19.9;36.4;144;142;2025
001032;Borgone Susa;2236;48.2;14.0;29.7;28.4;1143;1093;2025
033006;Borgonovo Val Tidone;8264;45.2;15.6;34.2;22.6;4208;4056;2025
041006;Borgo Pace;511;51.7;11.0;25.8;33.3;255;256;2025
018016;Borgo Priolo;1241;51.5;11.4;24.7;30.9;634;607;2025
006019;Borgoratto Alessandrino;539;50.9;11.1;25.6;31.0;255;284;2025
018017;Borgoratto Mormorolo;398;51.0;9.3;24.4;28.4;196;202;2025
028013;Borgoricco;9079;43.8;17.3;35.7;19.2;4571;4508;2025
057007;Borgorose;4213;47.9;13.7;29.9;27.0;2163;2050;2025
004025;Borgo San Dalmazzo;12517;45.4;16.1;34.2;23.9;6177;6340;2025
017020;Borgo San Giacomo;5577;43.1;18.1;37.6;20.2;2839;2738;2025
098005;Borgo San Giovanni;2436;42.4;18.1;37.6;18.1;1222;1214;2025
048004;Borgo San Lorenzo;18286;46.7;15.3;32.9;26.3;8929;9357;2025
006020;Borgo San Martino;1313;46.5;15.0;32.5;24.2;667;646;2025
018018;Borgo San Siro;951;48.5;12.8;29.4;27.2;482;469;2025
017021;Borgosatollo;9092;45.8;15.1;33.3;23.7;4579;4513;2025
002016;Borgosesia;12031;50.6;11.6;27.3;31.5;5740;6291;2025
003025;Borgo Ticino;5123;44.4;16.9;33.5;20.7;2589;2534;2025
037007;Borgo Tossignano;3236;46.5;15.2;32.4;24.5;1607;1629;2025
025074;Borgo Valbelluna;13580;47.8;13.9;30.9;27.4;6723;6857;2025
034006;Borgo Val di Taro;6732;49.1;13.3;29.7;29.9;3333;3399;2025
022022;Borgo Valsugana;7147;46.0;15.0;34.3;24.7;3551;3596;2025
057008;Borgo Velino;903;49.4;11.1;28.6;29.7;435;468;2025
028107;Borgo Veneto;6997;46.5;14.3;30.8;23.9;3551;3446;2025
002017;Borgo Vercelli;2207;45.8;15.9;33.1;23.4;1082;1125;2025
020071;Borgo Virgilio;15137;45.8;15.9;33.2;23.9;7521;7616;2025
009014;Bormida;316;58.8;3.5;14.2;43.7;163;153;2025
014009;Bormio;3904;48.1;14.1;31.8;28.4;1918;1986;2025
018019;Bornasco;2645;42.8;18.2;35.6;17.4;1343;1302;2025
017022;Borno;2422;50.5;10.3;26.1;30.3;1187;1235;2025
095016;Boroneddu;143;57.7;9.1;17.5;45.5;64;79;2025
091011;Borore;1913;49.7;13.5;27.0;32.0;947;966;2025
069007;Borrello;341;51.5;7.0;27.9;31.7;171;170;2025
096006;Borriana;859;49.2;13.7;27.8;31.4;418;441;2025
026004;Borso del Grappa;5959;44.4;16.8;34.5;20.9;2993;2966;2025
091012;Bortigali;1225;52.7;9.9;24.1;35.3;576;649;2025
090014;Bortigiadas;700;52.1;11.9;23.7;33.7;349;351;2025
090015;Borutta;242;55.4;5.8;17.4;36.8;120;122;2025
010005;Borzonasca;1826;52.2;10.8;24.2;33.5;938;888;2025
095079;Bosa;7346;48.7;11.9;27.3;27.5;3590;3756;2025
029007;Bosaro;1400;47.1;14.1;30.5;24.4;704;696;2025
023010;Boschi Sant'Anna;1390;45.8;15.3;32.2;23.6;687;703;2025
023011;Bosco Chiesanuova;3622;46.5;15.2;31.2;24.3;1945;1677;2025
006021;Bosco Marengo;2158;49.0;12.7;28.1;28.7;1106;1052;2025
001033;Bosconero;3075;47.0;15.8;31.5;27.0;1509;1566;2025
063008;Boscoreale;25833;42.5;18.2;38.8;19.9;12678;13155;2025
063009;Boscotrecase;9837;43.1;17.4;38.4;21.1;4816;5021;2025
004026;Bosia;174;54.5;8.0;21.3;36.8;85;89;2025
006022;Bosio;1031;52.1;10.1;25.1;33.2;537;494;2025
097009;Bosisio Parini;3246;45.5;15.6;33.1;23.0;1632;1614;2025
018020;Bosnasco;633;48.9;12.5;28.3;29.2;321;312;2025
016033;Bossico;973;45.8;15.8;33.1;25.7;493;480;2025
004027;Bossolasco;658;50.1;12.2;26.4;30.2;310;348;2025
079012;Botricello;5009;43.4;18.1;36.7;21.5;2463;2546;2025
075009;Botrugno;2597;49.0;13.2;29.3;30.3;1240;1357;2025
016034;Bottanuco;5060;45.8;15.8;32.6;23.5;2561;2499;2025
017023;Botticino;10772;47.4;14.4;31.1;26.3;5274;5498;2025
090016;Bottidda;639;49.3;13.9;28.0;31.8;315;324;2025
080011;Bova;454;47.9;9.7;32.6;24.0;249;205;2025
080012;Bovalino;8680;42.8;19.8;38.4;21.8;4207;4473;2025
080013;Bova Marina;3988;46.3;14.1;32.5;25.3;1995;1993;2025
017024;Bovegno;2005;49.8;12.7;28.2;29.9;985;1020;2025
004028;Boves;9606;46.1;15.2;33.0;24.4;4750;4856;2025
017025;Bovezzo;7309;48.3;13.5;30.1;28.4;3561;3748;2025
060014;Boville Ernica;8266;45.9;15.7;32.8;25.0;4104;4162;2025
071007;Bovino;2881;50.5;11.7;27.8;32.3;1430;1451;2025
108010;Bovisio-Masciago;16855;45.4;15.3;33.0;22.3;8221;8634;2025
028014;Bovolenta;3422;47.3;13.7;29.7;25.7;1725;1697;2025
023012;Bovolone;16265;44.8;16.7;33.9;21.6;8162;8103;2025
006023;Bozzole;316;48.1;10.8;32.9;26.6;170;146;2025
020007;Bozzolo;4062;47.3;14.8;31.1;27.8;2020;2042;2025
004029;Bra;29673;45.9;15.6;34.0;24.9;14440;15233;2025
016035;Bracca;725;47.8;13.7;29.9;26.8;368;357;2025
058013;Bracciano;18379;46.5;14.7;31.9;23.3;8847;9532;2025
065016;Bracigliano;5309;41.9;17.9;39.3;18.3;2681;2628;2025
021009;Braies/Prags;689;43.1;18.9;37.2;19.3;347;342;2025
018021;Brallo di Pregola;481;61.3;4.6;11.9;49.3;259;222;2025
080014;Brancaleone;3142;48.5;13.4;30.0;30.1;1557;1585;2025
017026;Brandico;1757;41.7;19.1;38.2;16.6;904;853;2025
001034;Brandizzo;8738;45.3;16.4;33.0;23.7;4274;4464;2025
016036;Branzi;623;50.8;10.8;27.4;32.1;313;310;2025
017027;Braone;686;45.9;15.2;32.4;22.2;349;337;2025
012017;Brebbia;3128;48.4;14.1;30.0;27.6;1543;1585;2025
026005;Breda di Piave;7637;45.3;15.8;33.5;21.6;3804;3833;2025
024014;Breganze;8339;47.0;15.3;32.4;26.1;4057;4282;2025
013028;Bregnano;6396;45.0;15.9;33.8;21.2;3240;3156;2025
016037;Brembate;8615;44.4;16.4;34.6;21.0;4365;4250;2025
016038;Brembate di Sopra;7997;45.9;16.2;33.8;24.2;3971;4026;2025
098006;Brembio;2805;45.3;15.2;34.3;23.5;1459;1346;2025
018022;Breme;725;50.3;12.0;27.4;32.7;365;360;2025
024015;Brendola;6665;46.1;15.5;33.5;24.2;3347;3318;2025
013029;Brenna;2191;45.8;16.8;31.7;25.3;1114;1077;2025
021010;Brennero/Brenner;2411;42.3;18.0;39.8;19.8;1261;1150;2025
017028;Breno;4647;48.0;14.0;30.7;28.6;2289;2358;2025
012019;Brenta;1708;46.7;14.3;32.6;24.8;849;859;2025
023013;Brentino Belluno;1354;46.1;14.3;33.5;25.9;690;664;2025
022025;Brentonico;4141;46.2;16.4;34.2;25.0;2091;2050;2025
023014;Brenzone sul Garda;2437;48.8;12.6;30.4;27.8;1141;1296;2025
035006;Brescello;5578;44.4;16.8;34.8;21.6;2854;2724;2025
017029;Brescia;199853;46.2;15.0;33.6;24.8;96639;103214;2025
022026;Bresimo;239;49.1;13.8;28.9;31.0;121;118;2025
018023;Bressana Bottarone;3486;46.7;15.1;31.6;25.3;1723;1763;2025
021011;Bressanone/Brixen;23108;42.9;18.8;38.4;20.2;11292;11816;2025
024016;Bressanvido;3114;45.1;16.3;34.8;22.1;1563;1551;2025
015032;Bresso;26513;47.4;14.0;32.8;26.8;13079;13434;2025
012020;Brezzo di Bedero;1227;44.3;17.4;35.0;22.4;632;595;2025
004030;Briaglia;316;48.5;13.3;28.2;28.8;166;150;2025
102003;Briatico;3603;45.6;15.7;33.4;24.9;1826;1777;2025
001035;Bricherasio;4600;46.9;15.0;31.3;25.0;2284;2316;2025
013030;Brienno;311;51.9;5.5;23.8;29.3;150;161;2025
076013;Brienza;3855;46.6;13.2;32.3;24.8;1941;1914;2025
004031;Briga Alta;40;51.8;7.5;20.0;22.5;25;15;2025
003026;Briga Novarese;2745;49.0;12.1;28.2;27.5;1319;1426;2025
006024;Brignano-Frascata;422;54.6;9.5;21.6;36.7;219;203;2025
016040;Brignano Gera d'Adda;6216;43.5;17.8;35.5;19.8;3092;3124;2025
074001;Brindisi;81723;46.7;14.7;32.0;25.8;39292;42431;2025
076014;Brindisi Montagna;765;47.8;10.6;30.2;23.9;398;367;2025
012021;Brinzio;772;48.4;11.8;31.2;28.8;408;364;2025
003027;Briona;1115;47.9;13.9;30.1;25.5;526;589;2025
017030;Brione;754;45.3;15.4;31.7;22.9;405;349;2025
108011;Briosco;6090;47.2;15.3;30.7;26.2;3015;3075;2025
039004;Brisighella;7181;49.4;12.9;28.8;29.5;3637;3544;2025
012022;Brissago-Valtravaglia;1307;44.7;17.2;33.7;22.2;643;664;2025
007011;Brissogne;972;45.6;13.5;32.8;21.7;502;470;2025
068004;Brittoli;241;53.4;10.0;23.2;34.0;120;121;2025
097010;Brivio;4357;47.8;13.4;31.7;26.2;2202;2155;2025
060015;Broccostella;2632;46.7;13.6;32.5;24.5;1292;1340;2025
024017;Brogliano;4027;43.3;17.1;35.9;18.9;2030;1997;2025
102004;Brognaturo;718;43.3;11.1;40.4;20.6;415;303;2025
083007;Brolo;5731;45.8;15.7;32.3;23.6;2711;3020;2025
004032;Brondello;265;48.1;10.2;31.3;26.8;147;118;2025
018024;Broni;9890;45.8;15.8;33.8;24.7;4810;5080;2025
087009;Bronte;18218;44.5;15.8;36.8;22.9;8820;9398;2025
021012;Bronzolo/Branzoll;2793;44.1;18.0;36.6;21.8;1390;1403;2025
004033;Brossasco;993;49.9;12.7;26.6;31.3;493;500;2025
001036;Brosso;390;49.8;12.1;27.9;31.3;192;198;2025
103013;Brovello-Carpugnino;807;46.5;13.4;29.2;23.2;405;402;2025
001037;Brozolo;434;48.8;12.4;29.0;25.3;220;214;2025
108012;Brugherio;35367;45.9;15.5;33.7;24.2;17173;18194;2025
028015;Brugine;7155;45.3;15.3;32.5;21.9;3556;3599;2025
011007;Brugnato;1280;49.7;13.1;27.8;29.1;619;661;2025
093007;Brugnera;9262;45.4;16.1;33.4;23.2;4640;4622;2025
001038;Bruino;8388;46.8;14.9;32.6;24.7;4125;4263;2025
016041;Brumano;135;46.5;15.6;30.4;28.9;78;57;2025
013032;Brunate;1580;48.6;13.4;29.9;27.8;784;796;2025
012023;Brunello;924;47.2;12.0;32.9;24.2;445;479;2025
021013;Brunico/Bruneck;17157;43.8;17.5;36.6;21.2;8511;8646;2025
005010;Bruno;301;51.3;12.0;26.2;36.2;145;156;2025
016042;Brusaporto;5647;43.5;17.1;36.1;18.9;2798;2849;2025
001039;Brusasco;1493;48.7;13.6;29.3;29.5;758;735;2025
063010;Brusciano;16034;41.3;19.1;39.8;17.5;7896;8138;2025
012024;Brusimpiano;1179;44.6;16.5;34.4;22.2;591;588;2025
096007;Brusnengo;1871;51.9;10.4;24.1;31.7;904;967;2025
007012;Brusson;818;46.8;13.9;32.5;25.6;408;410;2025
001040;Bruzolo;1478;47.0;15.4;31.7;25.4;734;744;2025
080015;Bruzzano Zeffirio;1015;50.3;14.3;28.0;34.9;490;525;2025
015035;Bubbiano;2477;43.3;16.9;35.8;18.5;1259;1218;2025
005011;Bubbio;804;51.3;13.2;25.6;35.9;387;417;2025
089003;Buccheri;1705;51.8;10.6;25.1;33.6;806;899;2025
069008;Bucchianico;4913;46.9;15.7;31.8;26.3;2421;2492;2025
062010;Bucciano;1980;42.9;18.3;36.9;19.5;961;1019;2025
015036;Buccinasco;26432;46.1;15.7;33.3;24.6;12736;13696;2025
065017;Buccino;4472;49.4;11.7;29.1;30.3;2210;2262;2025
051005;Bucine;9921;47.5;14.4;31.0;26.2;4894;5027;2025
090017;Buddusò;3513;44.9;17.8;36.0;24.8;1774;1739;2025
093008;Budoia;2514;48.4;14.7;28.7;27.6;1234;1280;2025
090091;Budoni;5577;47.1;12.2;28.5;23.2;2769;2808;2025
037008;Budrio;18421;46.5;15.4;32.0;24.4;9043;9378;2025
111006;Buggerru;1014;51.2;10.7;23.7;33.2;524;490;2025
047003;Buggiano;8745;47.7;13.3;30.6;26.2;4229;4516;2025
014010;Buglio in Monte;2038;46.7;15.3;33.1;26.7;1013;1025;2025
066012;Bugnara;1020;49.4;12.8;27.4;30.6;523;497;2025
012025;Buguggiate;3095;48.6;14.0;29.1;28.6;1517;1578;2025
030013;Buja;6353;48.9;13.0;29.0;28.3;3084;3269;2025
097011;Bulciago;2918;44.4;17.5;36.4;23.0;1505;1413;2025
013034;Bulgarograsso;3967;44.2;16.0;34.5;20.1;2007;1960;2025
090018;Bultei;788;51.6;10.4;27.2;33.1;388;400;2025
090019;Bulzi;488;53.7;9.2;20.1;35.2;252;236;2025
065018;Buonabitacolo;2440;44.8;14.8;35.0;21.9;1184;1256;2025
062011;Buonalbergo;1506;50.4;11.8;27.2;32.0;748;758;2025
052003;Buonconvento;2964;47.0;15.3;31.4;26.6;1435;1529;2025
078020;Buonvicino;1990;49.9;11.8;27.5;29.8;949;1041;2025
108013;Burago di Molgora;4332;47.7;14.0;31.1;27.4;2121;2211;2025
111007;Burcei;2590;46.5;14.5;33.1;24.4;1300;1290;2025
084005;Burgio;2452;47.4;14.0;31.3;27.8;1195;1257;2025
090020;Burgos;821;48.3;13.8;32.9;30.3;404;417;2025
001041;Buriasco;1299;47.6;15.8;31.4;26.9;636;663;2025
001042;Burolo;1105;51.7;11.3;26.4;35.7;523;582;2025
002021;Buronzo;870;48.6;13.1;30.1;26.2;435;435;2025
095017;Busachi;1112;54.1;9.1;21.9;37.0;542;570;2025
010006;Busalla;5115;50.5;11.6;27.4;31.5;2508;2607;2025
001043;Busano;1608;45.0;17.2;33.3;22.9;826;782;2025
004034;Busca;10175;45.0;16.4;34.6;24.0;5140;5035;2025
015038;Buscate;4678;46.4;15.7;31.9;25.2;2320;2358;2025
089004;Buscemi;936;49.1;10.6;28.7;28.8;481;455;2025
081002;Buseto Palizzolo;2750;46.7;14.3;32.9;26.5;1331;1419;2025
108051;Busnago;6926;44.7;16.8;34.8;22.2;3447;3479;2025
015040;Bussero;8371;48.1;13.6;30.1;27.8;4023;4348;2025
034007;Busseto;6885;46.5;16.0;32.1;25.4;3454;3431;2025
068005;Bussi sul Tirino;2236;52.7;9.7;24.0;34.8;1108;1128;2025
070005;Busso;1157;51.9;10.2;24.3;33.5;573;584;2025
023015;Bussolengo;20943;44.7;16.2;34.5;21.2;10271;10672;2025
001044;Bussoleno;5755;49.4;12.3;29.3;30.9;2804;2951;2025
012026;Busto Arsizio;84005;46.6;15.0;32.4;25.1;40625;43380;2025
015041;Busto Garolfo;14049;46.7;14.4;31.5;24.4;7006;7043;2025
085003;Butera;4079;47.5;13.4;30.4;26.0;2000;2079;2025
050002;Buti;5540;48.1;13.4;29.7;27.3;2729;2811;2025
023016;Buttapietra;7031;44.5;16.1;34.0;20.7;3547;3484;2025
001045;Buttigliera Alta;6221;47.8;15.1;30.4;27.8;3050;3171;2025
005012;Buttigliera d'Asti;2504;46.8;14.3;32.0;24.8;1282;1222;2025
030014;Buttrio;3930;48.5;13.7;29.3;27.2;1960;1970;2025
006025;Cabella Ligure;451;55.1;8.9;18.2;38.4;221;230;2025
013035;Cabiate;7334;46.6;14.5;32.0;24.2;3647;3687;2025
095018;Cabras;8787;48.9;12.3;26.7;27.9;4420;4367;2025
082014;Caccamo;7588;46.6;14.5;33.2;26.0;3737;3851;2025
101002;Caccuri;1517;47.0;15.2;31.8;27.8;762;755;2025
012027;Cadegliano-Viconago;2165;44.5;16.9;35.8;22.4;1037;1128;2025
035008;Cadelbosco di Sopra;10731;43.4;17.5;36.5;19.6;5280;5451;2025
033007;Cadeo;6071;45.3;15.8;33.5;23.1;3021;3050;2025
022029;Caderzone Terme;688;46.2;13.4;32.0;23.3;357;331;2025
028016;Cadoneghe;15783;47.1;14.9;32.1;26.4;7670;8113;2025
013036;Cadorago;8020;44.9;15.9;34.1;21.6;3989;4031;2025
012143;Cadrezzate con Osmate;2712;45.4;16.5;31.9;21.8;1329;1383;2025
026006;Caerano di San Marco;7884;45.4;16.7;33.7;24.0;3896;3988;2025
001046;Cafasse;3359;47.9;14.0;29.9;27.2;1666;1693;2025
065019;Caggiano;2476;47.2;13.6;32.7;27.4;1254;1222;2025
041007;Cagli;7958;49.4;12.8;28.4;30.2;3924;4034;2025
092009;Cagliari;146692;50.4;10.9;26.0;30.1;68479;78213;2025
013037;Caglio;494;50.7;10.9;23.9;30.6;248;246;2025
066013;Cagnano Amiterno;1082;54.5;9.5;22.6;40.0;552;530;2025
071008;Cagnano Varano;6579;47.0;15.1;33.5;27.6;3228;3351;2025
061008;Caianello;1818;44.8;13.9;36.2;21.8;952;866;2025
061009;Caiazzo;5083;46.8;14.8;31.4;26.2;2478;2605;2025
021014;Caines/Kuens;381;44.9;15.5;39.4;19.4;187;194;2025
017031;Caino;2192;44.3;15.3;35.1;19.5;1122;1070;2025
014011;Caiolo;1047;47.7;13.5;30.9;24.9;539;508;2025
064013;Cairano;282;53.8;6.4;24.5;39.4;141;141;2025
012029;Cairate;7819;46.0;15.3;32.6;24.0;3853;3966;2025
009015;Cairo Montenotte;12862;48.5;13.3;30.5;28.1;6456;6406;2025
063011;Caivano;35986;40.7;19.6;41.2;16.4;17717;18269;2025
064014;Calabritto;2130;49.4;12.1;29.2;30.0;1041;1089;2025
025008;Calalzo di Cadore;1829;51.4;11.2;26.1;34.1;893;936;2025
005013;Calamandrana;1651;47.2;13.7;30.5;26.7;809;842;2025
084006;Calamonaci;1125;48.5;13.0;30.3;28.2;552;573;2025
090021;Calangianus;3726;49.6;11.2;27.9;29.6;1856;1870;2025
080016;Calanna;738;50.4;12.5;26.8;33.6;364;374;2025
103014;Calasca-Castiglione;581;51.5;10.8;23.9;32.0;296;285;2025
086005;Calascibetta;3988;47.4;13.6;31.6;26.1;1952;2036;2025
066014;Calascio;122;53.2;4.9;26.2;36.1;65;57;2025
111008;Calasetta;2790;51.6;10.9;23.3;33.5;1401;1389;2025
087010;Calatabiano;5127;46.4;14.1;31.3;25.0;2544;2583;2025
081003;Calatafimi-Segesta;6019;48.6;13.4;30.1;29.1;2974;3045;2025
056010;Calcata;902;47.9;14.2;28.8;26.6;437;465;2025
022032;Calceranica al Lago;1413;44.7;17.5;34.3;21.9;697;716;2025
050003;Calci;6294;48.0;14.8;29.5;27.5;3038;3256;2025
077004;Calciano;642;50.8;11.8;27.7;33.6;327;315;2025
050004;Calcinaia;12855;45.0;16.4;32.7;21.9;6300;6555;2025
016043;Calcinate;6207;41.5;19.2;38.4;18.0;3192;3015;2025
017032;Calcinato;13028;43.2;17.7;37.3;19.9;6615;6413;2025
016044;Calcio;5545;43.6;17.7;36.9;21.7;2881;2664;2025
097012;Calco;5460;44.7;16.1;33.7;21.0;2735;2725;2025
043006;Caldarola;1619;46.4;15.6;32.8;25.0;808;811;2025
021015;Caldaro sulla strada del vino/Kaltern an der Weinstraße;8280;43.7;17.9;36.5;21.4;4065;4215;2025
037009;Calderara di Reno;13724;46.2;14.7;32.7;24.2;6747;6977;2025
022033;Caldes;1111;46.5;16.7;32.8;25.5;555;556;2025
023017;Caldiero;8069;43.1;17.6;36.6;19.0;4065;4004;2025
024018;Caldogno;11353;46.4;14.6;32.7;24.2;5563;5790;2025
022034;Caldonazzo;4024;43.5;18.6;35.7;21.0;1957;2067;2025
033008;Calendasco;2453;46.5;14.6;32.1;23.8;1251;1202;2025
048005;Calenzano;17994;47.0;15.1;31.4;26.2;8849;9145;2025
034008;Calestano;2132;46.4;15.2;32.1;24.3;1115;1017;2025
011008;Calice al Cornoviglio;1058;52.0;9.3;22.9;29.8;543;515;2025
009016;Calice Ligure;1691;49.9;10.8;27.4;28.8;830;861;2025
075010;Calimera;6673;48.8;13.6;29.4;29.1;3156;3517;2025
064015;Calitri;4134;51.2;10.8;26.5;32.8;2012;2122;2025
009017;Calizzano;1451;52.6;10.5;25.2;34.5;709;742;2025
096008;Callabiana;148;48.2;14.9;27.7;24.3;75;73;2025
022035;Calliano;2062;41.4;19.8;37.5;16.0;1059;1003;2025
005014;Calliano Monferrato;1222;48.8;13.6;28.0;29.1;612;610;2025
097013;Calolziocorte;13644;47.2;14.7;32.5;27.4;6720;6924;2025
078021;Calopezzati;1231;50.0;11.6;28.6;32.5;617;614;2025
005015;Calosso;1101;49.6;11.9;27.3;29.4;573;528;2025
078022;Caloveto;1074;47.2;15.2;32.3;28.6;522;552;2025
084007;Caltabellotta;3096;49.8;11.7;29.1;31.0;1489;1607;2025
087011;Caltagirone;35475;45.5;15.7;34.4;24.4;17421;18054;2025
085004;Caltanissetta;58182;45.8;15.2;33.9;24.6;28313;29869;2025
082015;Caltavuturo;3376;50.5;12.3;27.5;31.3;1653;1723;2025
003030;Caltignaga;2493;47.4;13.2;30.1;24.4;1244;1249;2025
029008;Calto;681;50.6;12.5;25.8;31.9;348;333;2025
024019;Caltrano;2529;46.7;15.7;31.3;25.6;1260;1269;2025
016046;Calusco d'Adda;8386;45.7;16.4;33.6;24.2;4201;4185;2025
001047;Caluso;7309;48.4;14.1;29.5;28.5;3563;3746;2025
017033;Calvagese della Riviera;3699;44.0;16.7;35.1;19.5;1851;1848;2025
065020;Calvanico;1402;45.4;13.6;33.7;21.7;702;700;2025
019009;Calvatone;1149;47.4;14.5;29.9;26.4;600;549;2025
076015;Calvello;1769;47.8;12.5;31.8;28.0;841;928;2025
024020;Calvene;1271;47.4;14.7;32.3;26.9;634;637;2025
016047;Calvenzano;4491;44.3;17.2;35.6;21.6;2239;2252;2025
076016;Calvera;352;54.9;6.5;21.6;37.5;183;169;2025
062012;Calvi;2492;45.6;15.2;32.9;22.2;1234;1258;2025
055008;Calvi dell'Umbria;1676;52.2;10.5;24.5;33.5;822;854;2025
018025;Calvignano;106;52.0;11.3;27.4;37.7;51;55;2025
015042;Calvignasco;1208;44.6;16.0;35.6;22.1;613;595;2025
061010;Calvi Risorta;5417;45.4;14.6;34.0;23.5;2621;2796;2025
017034;Calvisano;8435;44.1;16.6;35.7;20.9;4285;4150;2025
063012;Calvizzano;12616;41.7;18.0;39.9;18.3;6331;6285;2025
006026;Camagna Monferrato;465;52.1;9.2;25.2;31.6;221;244;2025
046005;Camaiore;31832;48.8;12.6;28.3;27.1;15416;16416;2025
096009;Camandona;317;53.8;9.8;22.1;35.0;163;154;2025
084008;Camastra;1955;46.4;13.6;34.6;24.6;989;966;2025
015044;Cambiago;7272;43.6;17.5;35.4;19.9;3654;3618;2025
001048;Cambiano;5837;48.2;13.8;29.9;28.2;2827;3010;2025
103015;Cambiasca;1612;47.8;14.4;30.2;26.7;776;836;2025
096010;Camburzano;1119;50.5;13.3;27.6;32.2;542;577;2025
004035;Camerana;552;52.4;10.1;24.3;33.9;283;269;2025
042006;Camerano;7038;47.4;14.8;31.5;26.5;3446;3592;2025
005016;Camerano Casasco;408;49.5;12.7;27.2;28.9;208;200;2025
016048;Camerata Cornello;553;47.3;12.8;31.5;25.0;275;278;2025
058014;Camerata Nuova;402;51.1;10.0;26.1;30.1;220;182;2025
042007;Camerata Picena;2491;44.6;15.7;33.4;20.4;1249;1242;2025
003032;Cameri;10811;46.3;14.8;32.2;24.6;5261;5550;2025
043007;Camerino;5984;49.9;12.0;28.7;31.1;2896;3088;2025
065021;Camerota;6802;47.5;13.3;30.5;26.4;3373;3429;2025
061011;Camigliano;1963;43.4;16.6;35.8;20.5;978;985;2025
080017;Camini;804;41.5;22.0;43.8;21.8;398;406;2025
006027;Camino;730;52.8;9.3;22.6;33.3;371;359;2025
030015;Camino al Tagliamento;1521;49.0;13.0;29.5;30.0;756;765;2025
019010;Camisano;1250;46.4;14.1;31.8;24.9;630;620;2025
024021;Camisano Vicentino;11119;43.9;17.3;35.5;20.5;5472;5647;2025
084009;Cammarata;5841;45.4;15.3;33.9;23.4;2901;2940;2025
010007;Camogli;4882;52.2;10.6;25.4;34.6;2408;2474;2025
065022;Campagna;17001;42.5;17.4;37.7;19.9;8692;8309;2025
027002;Campagna Lupia;7132;46.6;15.2;30.7;24.9;3516;3616;2025
058015;Campagnano di Roma;10928;45.1;16.2;33.5;21.8;5303;5625;2025
053002;Campagnatico;2328;49.4;12.2;27.2;29.4;1233;1095;2025
019011;Campagnola Cremasca;659;47.1;12.9;29.4;20.9;326;333;2025
035009;Campagnola Emilia;5545;45.3;16.4;34.4;23.7;2761;2784;2025
078023;Campana;1381;52.8;11.7;25.4;37.9;675;706;2025
108014;Camparada;2244;43.5;15.0;38.4;19.1;1194;1050;2025
035010;Campegine;5390;43.6;17.9;35.8;21.1;2668;2722;2025
054005;Campello sul Clitunno;2316;48.8;13.6;28.5;28.0;1140;1176;2025
002025;Campertogno;231;44.8;12.1;32.5;24.2;112;119;2025
048006;Campi Bisenzio;47539;44.8;16.1;34.2;21.7;23601;23938;2025
096086;Campiglia Cervo;499;51.9;10.4;23.2;35.1;266;233;2025
024022;Campiglia dei Berici;1667;47.4;14.6;29.7;27.7;832;835;2025
049002;Campiglia Marittima;12301;50.1;12.3;26.5;30.1;5941;6360;2025
001049;Campiglione Fenile;1292;47.5;14.7;30.9;26.9;637;655;2025
013040;Campione d'Italia;1815;49.2;12.2;27.8;26.6;893;922;2025
075011;Campi Salentina;9663;47.9;13.3;30.6;28.1;4646;5017;2025
022036;Campitello di Fassa;674;47.4;12.9;31.9;25.5;332;342;2025
067008;Campli;6566;48.0;12.8;30.0;27.3;3329;3237;2025
070006;Campobasso;47547;47.6;13.1;31.0;27.0;23101;24446;2025
084010;Campobello di Licata;8946;46.1;15.5;33.8;24.9;4368;4578;2025
081004;Campobello di Mazara;11232;46.9;15.4;32.5;26.9;5616;5616;2025
080018;Campo Calabro;4460;44.4;17.4;34.6;22.4;2195;2265;2025
070007;Campochiaro;571;47.5;12.4;30.1;23.1;278;293;2025
028017;Campodarsego;15123;44.6;16.7;34.1;20.8;7499;7624;2025
022037;Campodenno;1516;45.6;16.3;34.6;24.9;797;719;2025
066015;Campo di Giove;746;53.7;8.2;20.6;36.1;376;370;2025
059003;Campodimele;557;51.7;10.1;22.1;32.1;293;264;2025
070008;Campodipietra;2377;45.2;14.6;34.8;22.4;1166;1211;2025
021016;Campo di Trens/Freienfeld;2778;41.9;18.6;39.3;18.1;1448;1330;2025
014012;Campodolcino;931;46.5;13.7;31.0;23.8;467;464;2025
028018;Campodoro;2687;44.3;14.7;35.2;20.0;1383;1304;2025
082016;Campofelice di Fitalia;424;48.9;11.8;31.8;27.6;223;201;2025
082017;Campofelice di Roccella;7805;45.9;13.9;31.3;22.7;3867;3938;2025
109004;Campofilone;1903;47.9;12.8;29.2;27.4;954;949;2025
082018;Campofiorito;1119;49.0;12.6;30.7;30.8;554;565;2025
030016;Campoformido;7832;47.1;15.1;31.3;26.0;3836;3996;2025
085005;Campofranco;2550;51.5;9.8;26.0;32.9;1192;1358;2025
036003;Campogalliano;8542;46.0;15.0;33.0;24.0;4245;4297;2025
062013;Campolattaro;969;48.9;12.4;30.4;28.6;471;498;2025
060016;Campoli Appennino;1598;48.2;13.7;29.3;28.6;794;804;2025
062014;Campoli del Monte Taburno;1675;42.4;15.4;41.0;19.2;953;722;2025
070009;Campolieto;821;48.6;12.3;32.3;30.0;427;394;2025
010008;Campo Ligure;2796;49.6;13.7;29.1;32.2;1409;1387;2025
027003;Campolongo Maggiore;10708;46.1;15.6;31.5;23.6;5332;5376;2025
030138;Campolongo Tapogliano;1115;51.1;10.2;24.9;31.3;548;567;2025
076017;Campomaggiore;696;50.2;11.2;28.9;31.8;342;354;2025
070010;Campomarino;7883;45.2;14.6;33.4;22.4;4057;3826;2025
010009;Campomorone;6456;50.2;11.5;27.6;30.5;3160;3296;2025
049003;Campo nell'Elba;4651;48.7;12.6;27.8;26.6;2328;2323;2025
027004;Camponogara;12959;46.3;15.0;31.1;22.6;6342;6617;2025
065023;Campora;320;55.8;7.8;21.2;40.3;160;160;2025
082019;Camporeale;2882;44.4;17.0;37.3;23.0;1428;1454;2025
046006;Camporgiano;1988;51.8;11.3;25.1;32.9;984;1004;2025
008011;Camporosso;5668;45.0;16.7;34.4;22.8;2803;2865;2025
043008;Camporotondo di Fiastrone;467;47.4;14.1;32.8;27.2;225;242;2025
087012;Camporotondo Etneo;5220;38.9;22.5;42.1;13.9;2628;2592;2025
028019;Camposampiero;11829;45.2;16.0;34.3;22.5;5873;5956;2025
028020;Campo San Martino;5571;46.2;15.8;33.0;25.1;2816;2755;2025
063013;Camposano;5003;45.1;14.8;33.1;21.9;2412;2591;2025
036004;Camposanto;3338;44.1;17.5;37.0;21.8;1687;1651;2025
018026;Campospinoso Albaredo;1335;46.7;17.5;32.4;25.8;666;669;2025
066016;Campotosto;448;56.8;4.7;17.2;39.1;234;214;2025
021017;Campo Tures/Sand in Taufers;5812;42.1;19.4;38.9;18.1;2907;2905;2025
037010;Camugnano;1891;52.2;10.9;24.3;34.8;949;942;2025
004037;Canale;5444;46.7;15.3;32.8;25.6;2695;2749;2025
025023;Canale d'Agordo;1063;49.4;12.0;29.4;29.3;526;537;2025
058016;Canale Monterano;4154;47.1;14.5;31.0;25.4;2010;2144;2025
022038;Canal San Bovo;1482;47.3;15.9;31.0;27.5;718;764;2025
029009;Canaro;2534;50.3;12.2;25.3;30.6;1255;1279;2025
022039;Canazei;1915;45.0;14.9;34.2;22.2;913;1002;2025
076018;Cancellara;1118;51.2;10.2;26.7;32.7;560;558;2025
061012;Cancello ed Arnone;5708;41.4;17.9;39.8;17.4;2970;2738;2025
029010;Canda;821;49.6;13.5;26.1;28.9;401;420;2025
071009;Candela;2574;45.3;11.8;36.3;21.0;1311;1263;2025
096012;Candelo;7218;49.7;12.5;27.7;30.3;3496;3722;2025
001050;Candia Canavese;1157;49.9;11.9;27.1;30.3;558;599;2025
018027;Candia Lomellina;1523;47.7;12.0;32.1;27.6;809;714;2025
028021;Candiana;2159;48.3;12.7;28.9;25.9;1116;1043;2025
064016;Candida;1092;44.6;15.9;34.2;19.8;571;521;2025
080019;Candidoni;417;45.0;17.3;35.5;22.3;214;203;2025
001051;Candiolo;5559;46.2;16.0;32.2;25.3;2783;2776;2025
015046;Canegrate;12714;46.5;14.6;31.9;23.9;6189;6525;2025
005017;Canelli;9998;47.4;14.1;31.8;26.6;4897;5101;2025
056011;Canepina;2917;47.3;13.6;30.3;25.2;1450;1467;2025
093009;Caneva;6195;48.3;14.1;29.9;28.2;3044;3151;2025
084011;Canicattì;34281;43.3;17.9;37.2;20.9;16644;17637;2025
089005;Canicattini Bagni;6507;46.7;15.2;33.2;26.1;3125;3382;2025
056012;Canino;5021;48.3;13.5;28.6;28.2;2549;2472;2025
001052;Canischio;266;50.6;12.0;25.6;33.1;135;131;2025
066017;Canistro;928;49.1;9.1;31.1;28.4;476;452;2025
078024;Canna;600;51.9;11.0;27.0;33.7;289;311;2025
065024;Cannalonga;942;49.0;13.6;27.0;29.2;478;464;2025
054006;Cannara;4155;46.5;15.6;31.9;25.3;2026;2129;2025
103016;Cannero Riviera;892;52.1;8.4;25.1;31.7;451;441;2025
018029;Canneto Pavese;1282;49.9;13.0;26.5;29.6;650;632;2025
020008;Canneto sull'Oglio;4370;46.1;16.3;33.2;25.0;2213;2157;2025
103017;Cannobio;5017;48.5;12.5;29.7;27.0;2427;2590;2025
075012;Cannole;1566;49.8;11.3;28.7;30.2;785;781;2025
080020;Canolo;687;48.9;13.5;29.1;29.7;341;346;2025
016049;Canonica d'Adda;4265;45.5;16.0;33.7;23.8;2185;2080;2025
110004;Canosa di Puglia;27507;46.1;14.1;33.1;24.0;13677;13830;2025
069010;Canosa Sannita;1220;51.6;12.2;25.6;34.7;600;620;2025
004038;Canosio;80;48.7;11.2;30.0;30.0;42;38;2025
035018;Canossa;3770;46.7;15.5;31.8;25.9;1929;1841;2025
066018;Cansano;229;48.4;15.7;29.3;25.8;109;120;2025
100001;Cantagallo;3110;48.2;13.3;28.4;26.2;1607;1503;2025
057009;Cantalice;2414;48.3;13.5;29.4;27.8;1204;1210;2025
001053;Cantalupa;2572;48.8;14.5;28.3;27.9;1268;1304;2025
057010;Cantalupo in Sabina;1657;48.2;13.0;28.7;27.2;817;840;2025
006028;Cantalupo Ligure;441;54.6;10.4;20.6;38.8;213;228;2025
094005;Cantalupo nel Sannio;723;47.3;14.7;30.6;26.7;394;329;2025
005018;Cantarana;976;46.4;15.6;31.7;25.0;486;490;2025
012030;Cantello;4824;46.2;14.6;33.3;24.1;2362;2462;2025
058017;Canterano;350;50.6;8.3;25.4;31.7;190;160;2025
041008;Cantiano;1951;53.1;9.4;24.4;36.6;981;970;2025
001054;Cantoira;644;48.1;14.6;30.6;28.9;354;290;2025
013041;Cantù;40237;45.9;15.5;33.1;24.0;19797;20440;2025
067009;Canzano;1764;47.0;14.9;31.7;26.4;875;889;2025
013042;Canzo;5160;48.1;13.7;30.9;27.9;2530;2630;2025
027005;Caorle;11038;49.5;12.0;27.3;28.2;5329;5709;2025
033010;Caorso;4814;46.2;15.8;33.1;24.6;2425;2389;2025
065025;Capaccio Paestum;22410;44.1;15.7;35.2;20.5;11429;10981;2025
082020;Capaci;11369;43.5;18.0;36.0;21.4;5605;5764;2025
053003;Capalbio;3710;50.6;10.8;25.1;30.7;1801;1909;2025
050005;Capannoli;6334;46.4;16.2;31.8;24.8;3104;3230;2025
046007;Capannori;46644;46.9;15.4;31.4;25.4;23109;23535;2025
058018;Capena;10980;42.9;18.1;35.1;17.9;5557;5423;2025
019012;Capergnanica;2130;46.5;13.9;30.4;23.2;1096;1034;2025
066019;Capestrano;810;54.3;10.6;21.7;39.0;391;419;2025
013043;Capiago Intimiano;5427;46.9;14.8;31.9;24.6;2664;2763;2025
102005;Capistrano;936;49.0;12.8;28.6;30.6;459;477;2025
066020;Capistrello;4649;49.3;12.3;28.0;28.7;2267;2382;2025
066021;Capitignano;603;50.5;11.8;26.2;31.0;308;295;2025
083008;Capizzi;2771;45.1;16.0;35.4;22.5;1350;1421;2025
016050;Capizzone;1231;46.8;14.8;32.7;25.3;611;620;2025
056013;Capodimonte;1650;52.2;9.9;23.5;34.5;814;836;2025
017035;Capo di Ponte;2287;47.9;15.5;29.7;27.7;1110;1177;2025
083009;Capo d'Orlando;13053;47.2;13.5;30.1;25.5;6150;6903;2025
061013;Capodrise;10020;40.4;20.1;41.0;15.8;4939;5081;2025
049004;Capoliveri;3961;48.1;13.4;28.6;26.0;1966;1995;2025
051006;Capolona;5218;47.2;14.3;30.9;26.2;2543;2675;2025
108052;Caponago;5071;45.4;15.8;33.1;21.5;2531;2540;2025
066022;Caporciano;204;55.8;5.4;18.6;40.2;113;91;2025
064017;Caposele;3233;46.6;14.7;31.9;25.6;1600;1633;2025
092011;Capoterra;23092;46.8;13.4;30.0;23.6;11490;11602;2025
017036;Capovalle;341;51.1;12.6;27.0;36.1;166;175;2025
066023;Cappadocia;576;54.3;8.9;17.0;35.9;334;242;2025
019013;Cappella Cantone;546;46.2;14.3;31.5;24.9;274;272;2025
019014;Cappella de' Picenardi;425;43.7;17.9;36.9;23.8;227;198;2025
026007;Cappella Maggiore;4611;47.3;15.2;31.2;26.2;2277;2334;2025
068006;Cappelle sul Tavo;4075;44.1;17.2;35.8;22.9;1993;2082;2025
094006;Capracotta;749;55.1;7.3;21.5;38.7;384;365;2025
048008;Capraia e Limite;7796;45.6;15.8;32.5;22.7;3837;3959;2025
049005;Capraia Isola;358;52.5;6.1;23.5;31.6;197;161;2025
019015;Capralba;2279;47.6;13.5;30.0;26.4;1149;1130;2025
056014;Capranica;6341;47.0;14.2;30.5;24.2;3085;3256;2025
058019;Capranica Prenestina;325;50.3;7.1;23.4;24.6;180;145;2025
075013;Caprarica di Lecce;2250;49.2;13.6;28.0;30.1;1072;1178;2025
056015;Caprarola;5157;47.3;14.3;30.8;26.7;2555;2602;2025
004039;Caprauna;80;60.5;3.8;7.5;45.0;43;37;2025
051007;Caprese Michelangelo;1316;52.1;10.6;25.4;34.7;642;674;2025
103018;Caprezzo;177;55.2;5.1;18.6;36.2;96;81;2025
063014;Capri;6722;48.5;11.8;29.0;26.6;3331;3391;2025
022040;Capriana;604;44.5;15.1;37.7;21.9;311;293;2025
017037;Capriano del Colle;4844;44.5;16.6;33.6;21.7;2492;2352;2025
006029;Capriata d'Orba;1766;50.2;12.7;26.8;30.1;897;869;2025
016051;Capriate San Gervasio;8286;45.4;16.1;33.8;23.2;4215;4071;2025
061014;Capriati a Volturno;1399;47.8;14.9;31.6;29.7;672;727;2025
001055;Caprie;2010;48.0;13.4;29.3;27.0;1018;992;2025
064018;Capriglia Irpina;2178;45.2;15.9;34.0;22.2;1088;1090;2025
005019;Capriglio;307;47.9;11.7;31.3;25.4;169;138;2025
096013;Caprile;187;53.3;10.7;18.7;34.8;100;87;2025
083010;Capri Leone;4397;44.4;16.3;35.1;22.4;2118;2279;2025
016052;Caprino Bergamasco;3044;45.8;14.8;32.5;23.3;1581;1463;2025
023018;Caprino Veronese;8749;46.2;14.9;32.4;24.2;4325;4424;2025
017038;Capriolo;9390;44.7;16.2;34.6;22.0;4737;4653;2025
031001;Capriva del Friuli;1593;50.0;12.7;27.2;27.8;764;829;2025
061015;Capua;17918;45.0;15.0;34.6;22.5;8802;9116;2025
072014;Capurso;15073;45.8;15.4;32.1;24.2;7318;7755;2025
080021;Caraffa del Bianco;433;51.3;10.6;27.0;33.0;201;232;2025
079017;Caraffa di Catanzaro;1690;47.3;13.6;30.6;25.9;864;826;2025
004040;Caraglio;6781;44.9;15.9;36.4;23.5;3413;3368;2025
004041;Caramagna Piemonte;3008;44.8;18.2;33.8;24.5;1507;1501;2025
068007;Caramanico Terme;1727;49.7;10.5;28.4;29.5;874;853;2025
071010;Carapelle;6886;40.0;21.1;42.1;17.1;3434;3452;2025
066024;Carapelle Calvisio;70;53.0;10.0;24.3;38.6;36;34;2025
010010;Carasco;3716;46.2;14.9;32.3;23.5;1827;1889;2025
044010;Carassai;1009;50.6;10.3;27.5;32.4;508;501;2025
108015;Carate Brianza;17944;46.7;15.1;32.1;24.8;8804;9140;2025
013044;Carate Urio;1104;49.8;10.8;26.6;28.4;543;561;2025
016053;Caravaggio;16443;45.0;16.8;34.2;22.7;8146;8297;2025
012031;Caravate;2558;46.8;14.5;32.2;25.4;1267;1291;2025
001056;Caravino;885;50.5;11.9;26.6;29.0;432;453;2025
008012;Caravonica;250;48.5;11.6;29.2;24.8;137;113;2025
056016;Carbognano;1973;46.2;14.7;31.3;23.8;960;1013;2025
018030;Carbonara al Ticino;1436;47.2;14.2;28.9;24.6;706;730;2025
063015;Carbonara di Nola;2451;41.2;18.1;39.0;15.2;1241;1210;2025
006030;Carbonara Scrivia;1103;46.5;16.0;31.3;25.6;552;551;2025
013045;Carbonate;2940;47.1;13.8;30.7;24.9;1471;1469;2025
076019;Carbone;488;59.3;4.5;17.6;42.4;245;243;2025
026008;Carbonera;11254;46.2;15.2;32.0;24.0;5560;5694;2025
111009;Carbonia;25623;51.4;10.4;24.1;33.6;12272;13351;2025
009018;Carcare;5232;50.2;12.2;28.4;30.7;2456;2776;2025
002029;Carcoforo;72;50.3;8.3;26.4;30.6;36;36;2025
012032;Cardano al Campo;14715;45.6;15.3;32.9;22.3;7231;7484;2025
004042;Cardè;1139;45.8;15.9;33.2;24.0;563;576;2025
091103;Cardedu;1983;45.3;16.1;34.2;24.4;962;1021;2025
080022;Cardeto;1269;52.3;10.1;25.1;34.8;602;667;2025
079018;Cardinale;1750;50.3;11.5;27.7;32.9;825;925;2025
063016;Cardito;21484;41.2;18.5;39.9;17.0;10535;10949;2025
046008;Careggine;500;53.5;10.6;21.0;37.0;253;247;2025
001057;Carema;711;48.5;15.2;29.5;30.1;349;362;2025
097014;Carenno;1408;48.3;12.8;29.9;26.8;693;715;2025
006031;Carentino;304;48.8;12.5;29.9;27.6;156;148;2025
080023;Careri;2068;43.4;18.4;39.4;22.7;1005;1063;2025
002030;Caresana;995;47.9;11.4;31.7;26.6;534;461;2025
002031;Caresanablot;1108;49.2;14.5;29.2;29.1;540;568;2025
006032;Carezzano;432;51.2;13.0;24.5;30.8;210;222;2025
101003;Carfizzi;526;54.8;6.1;24.3;41.8;266;260;2025
090022;Cargeghe;589;45.8;15.8;32.4;24.4;297;292;2025
078025;Cariati;7590;45.2;16.3;35.0;25.3;3698;3892;2025
064019;Carife;1246;49.8;12.1;28.3;30.3;608;638;2025
001058;Carignano;9232;46.6;15.5;33.1;25.8;4579;4653;2025
013046;Carimate;4358;46.1;14.9;32.8;23.4;2174;2184;2025
061016;Carinaro;7081;41.1;19.1;39.8;17.0;3461;3620;2025
082021;Carini;40766;41.2;20.5;39.6;18.2;20306;20460;2025
061017;Carinola;7035;47.0;12.7;31.8;25.4;3594;3441;2025
002032;Carisio;762;49.4;12.7;27.4;29.1;389;373;2025
022042;Carisolo;910;46.6;14.4;32.9;25.2;440;470;2025
071011;Carlantino;782;50.2;11.9;29.0;28.9;375;407;2025
013047;Carlazzo;3200;44.6;16.7;34.5;22.0;1535;1665;2025
089006;Carlentini;17016;46.5;14.9;31.9;25.8;8250;8766;2025
030018;Carlino;2606;49.8;11.6;27.6;30.0;1284;1322;2025
111010;Carloforte;5887;51.3;10.6;24.4;32.3;2900;2987;2025
079020;Carlopoli;1330;49.2;13.0;29.3;29.4;673;657;2025
001059;Carmagnola;28084;45.7;16.0;34.0;24.1;13764;14320;2025
075014;Carmiano;11660;46.8;14.3;31.6;25.7;5751;5909;2025
100002;Carmignano;14540;45.9;15.0;31.5;22.3;7197;7343;2025
028023;Carmignano di Brenta;7456;46.1;15.5;33.0;24.3;3754;3702;2025
012033;Carnago;6590;46.0;15.1;31.8;23.6;3267;3323;2025
108016;Carnate;7870;46.2;15.0;33.4;26.0;3964;3906;2025
016055;Carobbio degli Angeli;4885;40.9;19.4;40.4;16.0;2473;2412;2025
078026;Carolei;3030;47.1;14.1;31.0;25.0;1513;1517;2025
016056;Carona;277;54.4;8.3;23.1;37.9;127;150;2025
083011;Caronia;2954;47.8;13.5;31.3;26.1;1440;1514;2025
012034;Caronno Pertusella;18475;43.7;17.6;34.8;19.9;9104;9371;2025
012035;Caronno Varesino;4821;47.1;13.9;31.2;25.1;2409;2412;2025
073002;Carosino;6468;45.3;16.2;32.9;22.1;3169;3299;2025
074002;Carovigno;17040;45.0;15.0;34.1;22.5;8654;8386;2025
094007;Carovilli;1225;49.1;12.2;28.3;30.4;621;604;2025
033011;Carpaneto Piacentino;7756;46.6;15.0;31.9;24.7;3866;3890;2025
078027;Carpanzano;186;58.9;6.5;16.1;44.1;87;99;2025
041009;Carpegna;1708;46.5;14.7;33.8;26.2;888;820;2025
017039;Carpenedolo;12968;43.7;18.1;36.0;20.9;6564;6404;2025
006033;Carpeneto;864;52.7;9.6;23.0;33.4;431;433;2025
036005;Carpi;73297;45.8;15.3;33.5;23.9;36218;37079;2025
015050;Carpiano;4134;42.1;19.4;35.8;17.1;2141;1993;2025
075015;Carpignano Salentino;3641;49.2;12.5;27.4;30.0;1802;1839;2025
003036;Carpignano Sesia;2460;48.2;14.3;30.2;28.0;1154;1306;2025
035011;Carpineti;3907;49.4;13.0;27.7;29.2;1950;1957;2025
068008;Carpineto della Nora;511;51.4;10.4;26.4;31.1;255;256;2025
058020;Carpineto Romano;3947;50.1;13.1;26.6;31.2;1920;2027;2025
069011;Carpineto Sinello;500;50.1;12.6;28.8;33.4;257;243;2025
071012;Carpino;3747;47.9;13.4;32.7;26.8;1883;1864;2025
094008;Carpinone;1019;49.1;12.2;27.9;29.7;488;531;2025
045003;Carrara;59662;49.0;12.5;28.3;28.6;28969;30693;2025
024024;Carrè;3478;45.9;14.3;33.1;23.2;1735;1743;2025
006034;Carrega Ligure;77;60.1;3.9;13.0;46.8;46;31;2025
011009;Carro;480;57.0;8.1;19.8;41.2;228;252;2025
011010;Carrodano;469;56.4;6.8;17.9;40.9;236;233;2025
006035;Carrosio;514;46.8;16.1;31.5;25.5;269;245;2025
004043;Carrù;4451;46.3;15.3;32.7;25.3;2240;2211;2025
066025;Carsoli;4957;47.4;13.0;29.5;24.2;2459;2498;2025
024025;Cartigliano;3680;46.0;14.4;33.8;24.0;1833;1847;2025
004044;Cartignano;161;47.3;12.4;33.5;26.1;78;83;2025
041010;Cartoceto;7990;44.8;16.1;34.1;21.9;3971;4019;2025
006036;Cartosio;715;52.0;10.2;26.9;34.8;348;367;2025
028026;Cartura;4564;47.1;13.7;30.0;23.1;2274;2290;2025
015051;Carugate;15691;45.0;15.5;34.0;21.6;7774;7917;2025
013048;Carugo;6631;44.8;15.6;34.5;21.4;3299;3332;2025
069012;Carunchio;536;50.2;10.3;30.2;31.0;299;237;2025
016057;Carvico;4731;45.3;17.0;33.2;23.3;2352;2379;2025
022043;Carzano;511;46.5;18.6;31.7;27.2;254;257;2025
101004;Casabona;2197;49.1;13.4;29.5;30.4;1046;1151;2025
070011;Casacalenda;1831;50.2;10.7;29.1;31.5;951;880;2025
069013;Casacanditella;1171;48.9;12.7;29.1;30.5;590;581;2025
061018;Casagiove;12839;46.9;13.9;31.7;26.2;6157;6682;2025
069014;Casalanguida;809;51.6;10.8;26.9;32.3;394;415;2025
060017;Casalattico;519;50.5;11.2;28.9;31.8;255;264;2025
003037;Casalbeltrame;1041;44.2;17.5;34.1;22.3;548;493;2025
069015;Casalbordino;5661;49.2;12.2;27.9;29.1;2728;2933;2025
064020;Casalbore;1523;50.1;11.4;26.0;28.7;745;778;2025
001060;Casalborgone;1876;49.3;13.2;28.6;29.4;912;964;2025
065026;Casalbuono;1023;48.3;12.8;30.9;30.0;515;508;2025
019016;Casalbuttano ed Uniti;3774;49.6;12.6;30.0;30.8;1864;1910;2025
006037;Casal Cermelli;1186;51.1;11.8;25.9;32.4;580;606;2025
070012;Casalciprano;439;54.2;9.3;23.2;37.4;214;225;2025
061019;Casal di Principe;21744;40.5;18.5;41.1;15.3;10981;10763;2025
062015;Casalduni;1185;48.6;14.0;30.8;28.4;603;582;2025
037011;Casalecchio di Reno;35344;47.5;14.2;31.6;26.2;16725;18619;2025
103019;Casale Corte Cerro;3341;47.7;13.3;30.6;25.5;1655;1686;2025
019017;Casale Cremasco-Vidolasco;1817;44.4;14.9;35.2;21.0;945;872;2025
028027;Casale di Scodosia;4643;46.7;16.0;31.0;25.3;2335;2308;2025
006038;Casaleggio Boiro;344;52.6;7.3;24.4;32.3;176;168;2025
003039;Casaleggio Novara;904;46.4;16.3;30.0;23.2;446;458;2025
012036;Casale Litta;2760;45.9;15.8;32.2;23.8;1370;1390;2025
050006;Casale Marittimo;1073;50.2;12.8;24.7;30.0;543;530;2025
006039;Casale Monferrato;32428;48.7;12.4;29.4;28.0;15447;16981;2025
023019;Casaleone;5618;47.4;14.1;30.4;26.8;2853;2765;2025
026009;Casale sul Sile;13074;45.2;16.3;32.6;21.1;6439;6635;2025
019018;Casaletto Ceredano;1154;47.3;13.9;30.3;25.7;579;575;2025
019019;Casaletto di Sopra;536;44.0;18.7;34.0;20.5;280;256;2025
098008;Casaletto Lodigiano;2977;43.0;17.8;35.2;17.5;1521;1456;2025
065027;Casaletto Spartano;1228;50.6;11.0;28.1;35.3;595;633;2025
019020;Casaletto Vaprio;1757;43.6;17.1;35.5;18.8;871;886;2025
037012;Casalfiumanese;3363;47.1;14.1;31.5;25.3;1711;1652;2025
035012;Casalgrande;19013;44.3;16.4;34.8;21.0;9525;9488;2025
004045;Casalgrasso;1453;45.8;16.8;32.6;24.7;753;700;2025
078156;Casali del Manco;9336;46.8;14.3;31.8;25.3;4647;4689;2025
069016;Casalincontrada;2971;47.3;15.4;30.5;26.2;1464;1507;2025
003040;Casalino;1539;46.7;16.5;31.1;26.1;794;745;2025
019021;Casalmaggiore;15095;45.6;15.5;34.1;23.5;7622;7473;2025
098009;Casalmaiocco;3165;44.4;16.9;34.6;20.6;1565;1600;2025
019022;Casalmorano;1688;46.4;15.8;32.2;26.2;840;848;2025
020010;Casalmoro;2215;44.7;14.8;33.8;20.6;1139;1076;2025
006040;Casalnoceto;964;49.0;12.2;28.0;26.9;490;474;2025
063017;Casalnuovo di Napoli;46710;41.1;18.1;41.2;16.2;22708;24002;2025
071013;Casalnuovo Monterotaro;1355;50.4;12.5;28.1;32.5;669;686;2025
020011;Casaloldo;2612;43.9;18.1;34.5;20.9;1307;1305;2025
098010;Casalpusterlengo;15757;45.0;16.1;35.1;22.7;7922;7835;2025
020012;Casalromano;1503;45.9;14.5;32.9;23.5;750;753;2025
028028;Casalserugo;5295;48.0;13.2;29.5;26.1;2633;2662;2025
061020;Casaluce;9455;41.2;18.7;40.4;17.0;4625;4830;2025
071014;Casalvecchio di Puglia;1633;49.1;12.2;28.8;30.4;809;824;2025
083012;Casalvecchio Siculo;699;48.9;12.0;29.5;29.3;373;326;2025
065028;Casal Velino;5363;46.1;14.6;31.7;23.7;2692;2671;2025
060018;Casalvieri;2424;48.6;12.8;28.4;28.1;1206;1218;2025
003041;Casalvolone;880;46.4;15.6;32.5;23.1;448;432;2025
012037;Casalzuigno;1385;46.6;15.2;32.7;25.1;690;695;2025
063018;Casamarciano;3004;46.1;13.2;33.1;23.7;1494;1510;2025
072015;Casamassima;19213;44.8;15.9;33.4;21.6;9474;9739;2025
063019;Casamicciola Terme;7428;45.9;14.1;33.4;23.4;3638;3790;2025
063020;Casandrino;12964;39.9;19.7;41.6;15.0;6622;6342;2025
002033;Casanova Elvo;223;48.9;11.2;29.6;25.1;122;101;2025
009019;Casanova Lerrone;743;51.3;13.1;25.8;33.0;362;381;2025
018031;Casanova Lonati;455;49.9;12.1;27.5;29.9;232;223;2025
058021;Casape;611;50.2;10.8;25.4;28.3;298;313;2025
061103;Casapesenna;7283;40.8;16.6;42.7;16.0;3685;3598;2025
096014;Casapinta;367;49.4;12.5;29.4;28.1;170;197;2025
057011;Casaprota;675;51.6;9.9;23.9;30.1;339;336;2025
061021;Casapulla;8281;43.3;17.4;36.2;20.2;4003;4278;2025
075016;Casarano;19093;46.3;14.7;32.9;24.6;9102;9991;2025
097015;Casargo;848;49.0;14.0;29.5;29.0;422;426;2025
015055;Casarile;3936;44.4;15.6;35.2;20.1;1955;1981;2025
093010;Casarsa della Delizia;8327;45.9;15.4;33.6;24.4;4167;4160;2025
010011;Casarza Ligure;6732;46.8;15.0;31.1;25.3;3319;3413;2025
006041;Casasco;130;52.4;9.2;21.5;34.6;66;64;2025
097016;Casatenovo;13211;46.3;15.7;32.4;25.2;6500;6711;2025
018032;Casatisma;847;46.3;15.7;32.6;26.4;422;425;2025
063021;Casavatore;18207;42.3;17.9;39.2;19.6;8837;9370;2025
016058;Casazza;3836;43.8;16.6;37.3;21.9;1898;1938;2025
054007;Cascia;2948;48.2;12.9;30.3;27.5;1444;1504;2025
012038;Casciago;3563;49.0;13.8;30.4;29.9;1725;1838;2025
050040;Casciana Terme Lari;12121;47.7;14.3;30.2;26.8;5964;6157;2025
050008;Cascina;44754;46.5;15.4;31.6;24.7;21744;23010;2025
001061;Cascinette d'Ivrea;1499;47.3;14.8;32.7;27.9;716;783;2025
018033;Casei Gerola;2326;49.4;13.2;28.2;30.2;1159;1167;2025
001062;Caselette;3036;46.5;15.9;32.6;25.7;1512;1524;2025
010012;Casella;3042;49.0;13.8;28.4;28.5;1548;1494;2025
065029;Caselle in Pittari;1869;47.9;14.7;31.6;29.1;915;954;2025
098011;Caselle Landi;1435;50.8;12.2;25.2;32.3;723;712;2025
098012;Caselle Lurani;3061;43.2;18.0;35.2;18.9;1583;1478;2025
001063;Caselle Torinese;13738;45.6;16.0;33.1;23.2;6818;6920;2025
061022;Caserta;72793;46.5;14.2;32.4;24.7;34413;38380;2025
026010;Casier;11410;45.5;16.0;33.3;22.2;5641;5769;2025
080024;Casignana;683;45.7;15.7;35.1;26.8;330;353;2025
035013;Casina;4593;48.1;14.2;29.8;27.9;2308;2285;2025
016059;Casirate d'Adda;4135;44.5;16.3;35.1;21.7;2095;2040;2025
013052;Caslino d'Erba;1688;46.3;15.6;31.9;24.8;827;861;2025
013053;Casnate con Bernate;5028;46.3;15.5;32.6;24.5;2460;2568;2025
016060;Casnigo;3015;48.1;13.5;30.3;28.9;1517;1498;2025
063022;Casola di Napoli;3609;41.0;19.3;40.9;17.5;1758;1851;2025
045004;Casola in Lunigiana;912;55.1;8.9;21.8;41.0;442;470;2025
039005;Casola Valsenio;2510;49.2;12.3;29.7;29.9;1332;1178;2025
052004;Casole d'Elsa;3675;46.5;15.4;31.5;24.0;1831;1844;2025
069017;Casoli;5092;48.4;13.8;30.4;29.1;2514;2578;2025
018034;Casorate Primo;9156;44.8;16.6;34.3;22.7;4577;4579;2025
012039;Casorate Sempione;5596;46.9;14.4;31.5;24.7;2726;2870;2025
015058;Casorezzo;5648;45.7;15.4;32.5;23.0;2756;2892;2025
063023;Casoria;73724;42.7;17.7;38.3;19.8;35570;38154;2025
005020;Casorzo Monferrato;576;55.4;9.2;18.6;39.4;279;297;2025
057012;Casperia;1197;49.4;13.5;27.0;29.5;580;617;2025
014013;Caspoggio;1332;48.7;11.2;29.3;28.2;662;670;2025
030019;Cassacco;2775;49.1;13.7;28.4;29.0;1354;1421;2025
097017;Cassago Brianza;4403;45.3;16.7;33.3;23.3;2218;2185;2025
078029;Cassano all'Ionio;16307;44.7;15.6;34.3;22.1;8244;8063;2025
015059;Cassano d'Adda;19683;45.7;15.5;33.7;23.6;9670;10013;2025
072016;Cassano delle Murge;15126;45.2;15.4;33.2;22.5;7521;7605;2025
064021;Cassano Irpino;963;45.1;15.4;34.6;23.3;484;479;2025
012040;Cassano Magnago;21326;46.4;15.7;32.4;25.0;10527;10799;2025
006191;Cassano Spinola;1805;49.6;12.6;27.6;29.8;874;931;2025
012041;Cassano Valcuvia;639;45.2;18.9;34.0;23.5;318;321;2025
089007;Cassaro;731;48.6;11.9;30.6;28.3;364;367;2025
016061;Cassiglio;106;50.0;11.3;28.3;30.2;49;57;2025
015060;Cassina de' Pecchi;13895;45.9;16.4;32.7;25.4;6737;7158;2025
013055;Cassina Rizzardi;3320;45.3;16.7;32.9;22.1;1637;1683;2025
005021;Cassinasco;565;48.6;9.9;29.6;25.8;306;259;2025
097018;Cassina Valsassina;547;48.3;14.3;29.3;28.7;281;266;2025
006043;Cassine;2803;50.1;13.2;27.3;31.8;1429;1374;2025
006044;Cassinelle;841;53.4;11.3;23.2;35.7;442;399;2025
015061;Cassinetta di Lugagnano;1934;45.2;16.8;32.5;21.8;937;997;2025
060019;Cassino;34903;45.8;15.0;33.1;24.5;17186;17717;2025
024026;Cassola;15342;43.9;16.8;35.8;20.8;7497;7845;2025
018035;Cassolnovo;6774;47.1;14.6;30.1;24.9;3370;3404;2025
023020;Castagnaro;3522;49.1;13.3;28.0;29.0;1734;1788;2025
049006;Castagneto Carducci;8633;48.6;13.4;28.8;28.1;4257;4376;2025
001064;Castagneto Po;1754;48.4;13.0;29.3;27.7;900;854;2025
004046;Castagnito;2263;43.5;16.7;36.0;19.5;1121;1142;2025
005022;Castagnole delle Lanze;3642;47.9;14.0;30.3;27.3;1791;1851;2025
005023;Castagnole Monferrato;1115;49.4;12.4;27.0;29.3;560;555;2025
001065;Castagnole Piemonte;2191;46.2;15.2;32.4;25.1;1108;1083;2025
018036;Castana;700;53.0;10.1;21.7;33.4;339;361;2025
015062;Castano Primo;10882;46.4;15.4;32.3;24.8;5371;5511;2025
018037;Casteggio;6435;49.5;12.2;27.5;29.6;3102;3333;2025
017040;Castegnato;8392;43.5;17.0;36.6;19.3;4197;4195;2025
024027;Castegnero;2780;45.2;14.5;33.5;20.4;1415;1365;2025
028029;Castelbaldo;1451;47.6;14.5;30.0;27.2;717;734;2025
064022;Castel Baronia;1059;47.5;12.6;31.5;27.5;523;536;2025
020013;Castelbelforte;3350;44.4;17.6;34.7;21.2;1694;1656;2025
042008;Castelbellino;4910;44.9;16.4;32.8;22.4;2363;2547;2025
021018;Castelbello-Ciardes/Kastelbell-Tschars;2383;43.9;18.2;36.6;22.0;1220;1163;2025
009020;Castelbianco;321;47.6;15.6;30.2;23.4;157;164;2025
005024;Castel Boglione;587;49.1;11.6;29.5;29.5;314;273;2025
039006;Castel Bolognese;9502;46.3;15.8;33.1;25.4;4729;4773;2025
070013;Castelbottaccio;228;60.3;7.0;14.5;49.6;105;123;2025
082022;Castelbuono;7926;48.7;12.6;30.1;29.1;3880;4046;2025
061023;Castel Campagnano;1412;47.6;13.8;31.9;25.8;673;739;2025
067010;Castel Castagna;406;51.3;9.4;24.1;32.3;207;199;2025
065030;Castelcivita;1383;54.6;8.1;23.0;38.8;720;663;2025
022045;Castel Condino;214;52.5;9.8;27.1;37.4;108;106;2025
017041;Castelcovati;7059;41.1;19.7;40.7;18.1;3584;3475;2025
026011;Castelcucco;2323;44.2;18.3;35.6;21.5;1164;1159;2025
082023;Casteldaccia;11758;43.3;18.1;36.6;20.5;5792;5966;2025
037013;Castel d'Aiano;1922;51.1;11.1;25.3;32.2;992;930;2025
020014;Castel d'Ario;4634;45.9;15.5;32.8;23.0;2283;2351;2025
023021;Castel d'Azzano;12234;44.7;16.3;34.4;21.9;6040;6194;2025
099021;Casteldelci;354;52.1;9.6;25.4;34.7;177;177;2025
004047;Casteldelfino;143;52.8;9.1;25.2;35.7;71;72;2025
094009;Castel del Giudice;305;47.5;15.1;28.9;28.5;153;152;2025
066026;Castel del Monte;383;51.0;12.5;25.8;32.4;203;180;2025
053004;Castel del Piano;4792;47.2;15.0;32.1;27.3;2425;2367;2025
037014;Castel del Rio;1214;50.1;12.5;26.9;31.6;595;619;2025
037015;Castel di Casio;3361;48.8;12.7;29.1;28.0;1667;1694;2025
019023;Casteldidone;539;49.3;12.6;28.8;30.6;276;263;2025
066027;Castel di Ieri;284;54.5;6.7;20.1;37.7;134;150;2025
087013;Castel di Iudica;4234;45.0;15.4;35.4;24.4;2079;2155;2025
044011;Castel di Lama;8397;45.1;16.6;33.7;23.6;4143;4254;2025
083013;Castel di Lucio;1407;45.5;11.3;39.3;24.4;709;698;2025
066028;Castel di Sangro;6629;47.0;12.4;30.1;24.3;3404;3225;2025
061024;Castel di Sasso;1013;48.3;14.7;28.3;27.8;495;518;2025
057013;Castel di Tora;273;50.2;9.9;27.1;29.7;146;127;2025
042010;Castelfidardo;18418;45.9;15.7;33.0;24.0;9049;9369;2025
048010;Castelfiorentino;17353;46.8;15.1;32.2;26.1;8528;8825;2025
051008;Castel Focognano;2928;49.2;11.6;28.6;29.2;1490;1438;2025
059004;Castelforte;4027;47.0;14.9;31.7;27.2;1964;2063;2025
064023;Castelfranci;1695;49.2;12.2;29.3;29.6;831;864;2025
050009;Castelfranco di Sotto;13586;45.4;15.8;33.9;23.2;6843;6743;2025
036006;Castelfranco Emilia;33354;44.5;16.5;34.6;21.1;16911;16443;2025
062016;Castelfranco in Miscano;763;48.1;12.2;29.4;26.1;391;372;2025
051040;Castelfranco Piandiscò;9756;46.3;15.1;31.8;24.2;4791;4965;2025
026012;Castelfranco Veneto;33205;46.9;14.4;32.1;25.4;16229;16976;2025
069018;Castel Frentano;4198;46.2;15.6;32.2;24.4;2044;2154;2025
019024;Castel Gabbiano;498;42.1;17.5;36.9;15.9;268;230;2025
058022;Castel Gandolfo;8543;46.3;14.3;32.2;23.4;4031;4512;2025
098062;Castelgerundo;1448;46.8;14.7;30.8;24.7;725;723;2025
055009;Castel Giorgio;2002;52.3;11.3;24.2;36.3;961;1041;2025
020015;Castel Goffredo;12742;42.9;17.8;36.4;18.7;6430;6312;2025
024028;Castelgomberto;6112;44.9;15.6;34.5;21.4;3101;3011;2025
076021;Castelgrande;800;54.0;7.2;21.6;36.0;420;380;2025
037016;Castel Guelfo di Bologna;4486;45.2;16.5;33.1;22.2;2242;2244;2025
029011;Castelguglielmo;1519;49.0;15.7;27.1;32.3;793;726;2025
069019;Castelguidone;279;53.9;4.3;22.2;32.3;137;142;2025
022240;Castel Ivano;3270;45.4;14.6;35.0;23.7;1636;1634;2025
065031;Castellabate;8706;46.8;13.9;30.7;25.4;4383;4323;2025
066029;Castellafiume;1051;45.5;13.7;32.7;19.8;543;508;2025
005025;Castell'Alfero;2610;48.5;13.5;29.4;26.7;1276;1334;2025
067011;Castellalto;7231;44.5;16.5;34.7;21.8;3619;3612;2025
081005;Castellammare del Golfo;14598;45.5;14.7;34.1;23.8;7365;7233;2025
063024;Castellammare di Stabia;62320;43.8;16.9;37.5;22.1;29740;32580;2025
001066;Castellamonte;9826;46.6;14.8;32.3;26.0;4877;4949;2025
072017;Castellana Grotte;19697;46.2;14.7;31.6;24.3;9588;10109;2025
082024;Castellana Sicula;2926;49.5;12.5;29.2;29.9;1384;1542;2025
073003;Castellaneta;15927;47.8;13.1;30.3;27.2;7779;8148;2025
006045;Castellania Coppi;89;52.9;14.6;23.6;38.2;45;44;2025
012042;Castellanza;13901;48.3;13.6;30.5;28.7;6721;7180;2025
035014;Castellarano;15196;44.6;15.4;33.6;20.5;7571;7625;2025
006046;Castellar Guidobono;417;48.8;12.0;27.1;26.1;217;200;2025
008014;Castellaro;1255;47.2;14.9;31.4;26.5;599;656;2025
033012;Castell'Arquato;4693;49.0;12.7;28.4;28.1;2296;2397;2025
053005;Castell'Azzara;1262;55.6;9.1;20.0;40.8;604;658;2025
006047;Castellazzo Bormida;4483;47.2;14.8;31.2;25.8;2239;2244;2025
003042;Castellazzo Novarese;344;43.4;19.2;37.5;19.5;171;173;2025
019025;Castelleone;9345;46.9;14.7;31.5;26.4;4600;4745;2025
042011;Castelleone di Suasa;1546;48.6;12.9;30.7;27.6;791;755;2025
005026;Castellero;292;47.5;17.8;29.5;29.1;138;154;2025
096015;Castelletto Cervo;769;47.3;13.9;28.1;23.8;394;375;2025
006048;Castelletto d'Erro;127;57.1;5.5;15.7;40.9;59;68;2025
018038;Castelletto di Branduzzo;1027;47.9;14.3;29.1;27.8;533;494;2025
006049;Castelletto d'Orba;1819;50.7;11.3;26.4;30.6;920;899;2025
006050;Castelletto Merli;448;49.4;12.7;27.2;29.2;229;219;2025
005027;Castelletto Molina;137;49.9;8.8;27.7;24.1;60;77;2025
006051;Castelletto Monferrato;1437;49.6;12.5;27.8;28.5;714;723;2025
003043;Castelletto sopra Ticino;9852;46.6;14.6;31.5;24.3;4781;5071;2025
004049;Castelletto Stura;1393;43.3;18.2;36.4;21.1;700;693;2025
004050;Castelletto Uzzone;282;53.0;9.2;20.9;33.3;144;138;2025
067012;Castelli;933;52.3;9.5;22.3;35.3;469;464;2025
016062;Castelli Calepio;10427;44.2;17.0;35.5;21.6;5268;5159;2025
052005;Castellina in Chianti;2605;47.5;14.1;30.7;26.2;1357;1248;2025
004051;Castellinaldo d'Alba;900;47.1;12.6;30.3;24.8;459;441;2025
050010;Castellina Marittima;1888;48.9;12.8;27.1;27.5;938;950;2025
070014;Castellino del Biferno;423;50.8;10.2;29.8;32.6;219;204;2025
004052;Castellino Tanaro;272;49.2;14.0;30.5;30.1;138;134;2025
060020;Castelliri;3154;47.1;15.3;30.8;26.7;1554;1600;2025
012043;Castello Cabiaglio;562;46.5;15.7;30.8;25.6;284;278;2025
018039;Castello d'Agogna;1073;46.9;13.8;31.5;24.5;555;518;2025
037017;Castello d'Argile;6641;44.6;15.7;34.5;19.8;3372;3269;2025
014014;Castello dell'Acqua;602;50.5;11.0;25.1;29.4;301;301;2025
061025;Castello del Matese;1361;45.9;13.2;34.2;23.8;659;702;2025
005028;Castello di Annone;1836;46.6;12.9;33.8;25.9;971;865;2025
097019;Castello di Brianza;2625;44.7;16.0;34.2;21.2;1310;1315;2025
063025;Castello di Cisterna;7837;40.9;20.0;40.0;17.0;3876;3961;2025
026013;Castello di Godego;6953;44.9;16.5;34.0;23.7;3454;3499;2025
022047;Castello-Molina di Fiemme;2322;46.3;14.4;33.8;24.8;1174;1148;2025
022048;Castello Tesino;1157;51.9;9.9;24.7;34.1;594;563;2025
020016;Castellucchio;5126;46.4;15.7;31.4;24.7;2583;2543;2025
071015;Castelluccio dei Sauri;1999;44.7;15.5;35.5;22.5;1034;965;2025
076022;Castelluccio Inferiore;1877;49.2;12.4;28.7;29.9;932;945;2025
076023;Castelluccio Superiore;706;49.1;13.3;29.7;32.0;366;340;2025
071016;Castelluccio Valmaggiore;1183;47.1;13.8;32.5;25.9;576;607;2025
083014;Castell'Umberto;2784;47.6;13.3;30.6;27.4;1341;1443;2025
058023;Castel Madama;7028;46.2;15.6;31.6;24.1;3498;3530;2025
037019;Castel Maggiore;18512;46.7;14.9;31.8;25.0;8907;9605;2025
004053;Castelmagno;51;49.8;11.8;23.5;21.6;33;18;2025
013058;Castelmarte;1254;46.6;13.5;31.2;23.5;654;600;2025
029012;Castelmassa;4012;48.2;15.0;29.5;28.8;1956;2056;2025
070015;Castelmauro;1120;53.4;9.8;22.7;36.0;546;574;2025
017042;Castel Mella;10953;44.0;16.3;35.2;19.5;5520;5433;2025
076024;Castelmezzano;696;51.7;10.1;23.3;34.1;336;360;2025
083015;Castelmola;1076;48.9;13.4;26.8;28.3;537;539;2025
061026;Castel Morrone;3570;47.1;13.5;31.2;26.0;1722;1848;2025
018040;Castelnovetto;515;50.1;9.9;25.2;29.7;260;255;2025
029013;Castelnovo Bariano;2587;48.2;15.9;29.2;28.6;1294;1293;2025
093011;Castelnovo del Friuli;825;50.6;10.3;25.5;31.6;416;409;2025
035015;Castelnovo di Sotto;8686;44.9;16.1;35.3;22.5;4287;4399;2025
035016;Castelnovo ne' Monti;10369;47.4;14.7;31.5;26.6;5093;5276;2025
022049;Castelnuovo;1078;44.8;15.7;36.2;22.4;538;540;2025
005029;Castelnuovo Belbo;806;48.9;14.0;29.0;29.7;390;416;2025
052006;Castelnuovo Berardenga;8851;46.3;14.7;31.7;24.3;4338;4513;2025
098013;Castelnuovo Bocca d'Adda;1522;48.7;11.6;29.8;28.5;763;759;2025
006052;Castelnuovo Bormida;631;52.7;10.9;23.1;34.1;304;327;2025
013059;Castelnuovo Bozzente;908;45.3;16.5;33.9;22.9;448;460;2025
005030;Castelnuovo Calcea;688;52.9;10.0;22.5;34.0;362;326;2025
065032;Castelnuovo Cilento;2817;44.2;16.8;35.3;21.8;1366;1451;2025
023022;Castelnuovo del Garda;13252;44.6;16.3;33.3;20.5;6536;6716;2025
071017;Castelnuovo della Daunia;1240;50.1;11.7;28.6;30.1;629;611;2025
004054;Castelnuovo di Ceva;102;54.8;9.8;25.5;39.2;52;50;2025
065033;Castelnuovo di Conza;560;50.8;10.4;24.1;31.4;295;265;2025
057014;Castelnuovo di Farfa;983;49.5;12.6;27.6;30.9;496;487;2025
046009;Castelnuovo di Garfagnana;5653;48.5;13.9;30.2;29.0;2732;2921;2025
058024;Castelnuovo di Porto;8658;45.4;15.3;33.2;22.2;4270;4388;2025
050011;Castelnuovo di Val di Cecina;2051;49.5;14.5;30.1;33.2;1014;1037;2025
005031;Castelnuovo Don Bosco;3107;48.0;13.2;30.5;26.5;1523;1584;2025
011011;Castelnuovo Magra;8259;49.2;13.2;27.7;28.4;4019;4240;2025
001067;Castelnuovo Nigra;407;53.0;8.4;21.4;33.7;215;192;2025
060021;Castelnuovo Parano;846;46.0;16.0;33.1;24.8;417;429;2025
036007;Castelnuovo Rangone;15059;45.6;16.1;33.0;23.3;7526;7533;2025
006053;Castelnuovo Scrivia;4815;48.8;12.8;28.7;28.8;2360;2455;2025
062017;Castelpagano;1332;48.2;13.4;32.6;29.0;671;661;2025
094010;Castelpetroso;1508;48.3;13.3;27.7;28.3;774;734;2025
094011;Castelpizzuto;135;52.9;3.0;23.0;28.9;75;60;2025
042012;Castelplanio;3579;45.4;16.0;33.6;23.7;1793;1786;2025
062018;Castelpoto;1118;48.3;13.4;30.5;27.3;539;579;2025
043009;Castelraimondo;4280;48.7;12.5;30.0;29.3;2067;2213;2025
054008;Castel Ritaldi;3017;47.5;13.4;30.8;26.1;1494;1523;2025
005032;Castel Rocchero;346;50.4;14.2;24.3;31.5;188;158;2025
021019;Castelrotto/Kastelruth;7053;43.2;18.0;38.2;20.5;3589;3464;2025
016063;Castel Rozzone;2831;45.1;17.0;33.0;23.9;1393;1438;2025
065034;Castel San Giorgio;13708;43.0;16.8;36.9;19.7;6845;6863;2025
033013;Castel San Giovanni;14244;44.5;16.5;35.8;22.8;7124;7120;2025
065035;Castel San Lorenzo;2180;48.4;13.0;30.1;29.1;1068;1112;2025
051010;Castel San Niccolò;2476;50.5;11.6;26.2;30.7;1228;1248;2025
058025;Castel San Pietro Romano;850;46.2;11.8;31.9;22.5;412;438;2025
037020;Castel San Pietro Terme;20613;47.9;14.2;30.8;28.0;10115;10498;2025
057015;Castel Sant'Angelo;1182;49.9;10.7;29.0;30.7;612;570;2025
043010;Castelsantangelo sul Nera;212;58.0;4.7;14.6;42.9;113;99;2025
056017;Castel Sant'Elia;2431;46.6;13.2;30.8;23.2;1204;1227;2025
094012;Castel San Vincenzo;427;52.6;7.0;23.0;33.7;219;208;2025
076025;Castelsaraceno;1131;51.0;10.5;25.7;32.3;546;585;2025
090023;Castelsardo;5600;49.6;11.6;26.2;28.8;2791;2809;2025
012044;Castelseprio;1332;47.4;14.6;30.0;25.5;654;678;2025
101005;Castelsilano;903;49.1;13.4;30.0;32.1;451;452;2025
006054;Castelspina;384;51.8;8.9;26.6;32.8;188;196;2025
084012;Casteltermini;7126;48.4;13.0;30.3;28.3;3459;3667;2025
012045;Castelveccana;1836;49.1;12.5;29.6;29.3;916;920;2025
066030;Castelvecchio Calvisio;124;51.4;13.7;26.6;32.3;59;65;2025
009021;Castelvecchio di Rocca Barbena;126;58.5;6.3;14.3;43.7;71;55;2025
066031;Castelvecchio Subequo;810;55.0;10.0;22.8;41.1;389;421;2025
062019;Castelvenere;2363;46.7;14.3;31.8;25.3;1146;1217;2025
019026;Castelverde;5677;46.1;15.0;31.8;23.3;2831;2846;2025
094013;Castelverrino;89;53.1;3.4;18.0;32.6;53;36;2025
062020;Castelvetere in Val Fortore;925;58.5;6.7;18.7;46.9;450;475;2025
064024;Castelvetere sul Calore;1472;48.2;13.5;29.5;27.2;742;730;2025
081006;Castelvetrano;29297;46.1;14.8;33.4;24.9;14368;14929;2025
036008;Castelvetro di Modena;11052;45.1;16.2;34.1;22.0;5590;5462;2025
033014;Castelvetro Piacentino;5340;47.2;13.8;30.0;25.5;2663;2677;2025
055010;Castel Viscardo;2649;50.8;11.6;26.5;33.3;1296;1353;2025
019027;Castelvisconti;315;46.7;14.0;29.8;23.5;167;148;2025
008015;Castel Vittorio;234;57.5;6.4;17.9;42.7;120;114;2025
061027;Castel Volturno;30731;39.8;20.1;40.8;15.0;16072;14659;2025
037021;Castenaso;16531;46.5;15.7;32.1;25.5;7961;8570;2025
017043;Castenedolo;11687;44.6;16.3;35.2;21.0;5826;5861;2025
111011;Castiadas;1724;47.9;12.8;26.7;26.5;889;835;2025
068009;Castiglione a Casauria;714;49.3;11.5;27.2;29.3;364;350;2025
010013;Castiglione Chiavarese;1555;51.8;11.7;24.7;33.2;757;798;2025
078030;Castiglione Cosentino;2712;44.1;15.0;35.7;21.9;1432;1280;2025
098014;Castiglione d'Adda;4510;47.1;13.3;31.6;25.3;2265;2245;2025
037022;Castiglione dei Pepoli;5486;50.1;12.1;26.4;30.6;2770;2716;2025
065036;Castiglione del Genovesi;1272;43.5;16.7;36.0;20.7;667;605;2025
054009;Castiglione del Lago;15173;48.1;14.3;29.8;28.5;7412;7761;2025
053006;Castiglione della Pescaia;7026;51.8;10.0;23.9;31.5;3489;3537;2025
020017;Castiglione delle Stiviere;23864;43.5;16.8;36.2;19.8;11922;11942;2025
046010;Castiglione di Garfagnana;1701;49.5;13.4;28.5;30.0;857;844;2025
087014;Castiglione di Sicilia;2859;47.6;14.6;30.2;27.1;1402;1457;2025
052007;Castiglione d'Orcia;2081;52.5;10.8;24.4;34.7;1022;1059;2025
004055;Castiglione Falletto;656;46.5;14.5;32.0;23.6;331;325;2025
056018;Castiglione in Teverina;2297;46.9;14.6;31.3;26.9;1140;1157;2025
069020;Castiglione Messer Marino;1447;51.3;11.8;26.6;34.1;705;742;2025
067013;Castiglione Messer Raimondo;1991;48.7;12.7;29.6;27.9;1008;983;2025
012046;Castiglione Olona;7463;47.3;14.6;31.5;26.3;3728;3735;2025
004056;Castiglione Tinella;743;51.1;10.9;25.8;29.7;383;360;2025
001068;Castiglione Torinese;6504;46.2;16.0;31.5;23.5;3225;3279;2025
051011;Castiglion Fibocchi;2096;47.4;14.0;30.2;26.5;1080;1016;2025
051012;Castiglion Fiorentino;12823;46.9;14.3;31.4;25.7;6347;6476;2025
044012;Castignano;2527;49.8;12.4;29.2;31.5;1259;1268;2025
067014;Castilenti;1292;49.1;10.6;28.2;27.4;680;612;2025
004057;Castino;433;50.5;10.4;27.7;29.6;229;204;2025
014015;Castione Andevenno;1585;47.8;13.6;29.4;26.4;799;786;2025
016064;Castione della Presolana;3345;48.2;11.8;30.0;26.6;1712;1633;2025
030020;Castions di Strada;3638;48.6;13.3;29.6;28.4;1778;1860;2025
098015;Castiraga Vidardo;3045;42.9;18.6;35.4;18.2;1546;1499;2025
017044;Casto;1616;45.9;14.9;34.0;23.6;850;766;2025
044013;Castorano;2260;47.3;13.9;31.3;26.3;1120;1140;2025
017045;Castrezzato;7836;41.3;20.0;39.2;17.9;3944;3892;2025
075017;Castri di Lecce;2721;47.5;13.8;30.6;25.9;1329;1392;2025
075018;Castrignano de' Greci;3631;49.9;12.0;27.9;30.0;1770;1861;2025
075019;Castrignano del Capo;5093;49.2;12.0;29.6;30.1;2441;2652;2025
075096;Castro;2318;51.1;9.6;26.4;31.6;1111;1207;2025
016065;Castro;1202;50.7;11.2;28.2;31.7;594;608;2025
040005;Castrocaro Terme e Terra del Sole;6505;47.5;14.5;31.9;27.7;3158;3347;2025
060022;Castrocielo;3733;46.1;16.2;31.4;25.0;1807;1926;2025
060023;Castro dei Volsci;4353;48.8;12.5;28.6;28.2;2124;2229;2025
084013;Castrofilippo;2566;45.5;16.6;34.6;24.6;1229;1337;2025
078031;Castrolibero;9126;46.8;15.3;31.1;26.3;4368;4758;2025
012047;Castronno;4985;47.3;13.6;31.0;26.3;2511;2474;2025
082025;Castronovo di Sicilia;2774;48.9;12.1;29.8;29.9;1320;1454;2025
076026;Castronuovo di Sant'Andrea;851;54.6;7.3;22.1;39.0;400;451;2025
070016;Castropignano;853;51.5;8.4;26.5;33.2;411;442;2025
083016;Castroreale;2255;48.6;13.6;30.6;29.4;1123;1132;2025
078032;Castroregio;207;56.6;5.3;15.5;38.6;124;83;2025
078033;Castrovillari;20605;47.1;14.4;31.3;26.3;9927;10678;2025
087015;Catania;298054;44.8;16.6;35.3;23.5;143724;154330;2025
079023;Catanzaro;83313;46.7;14.8;32.2;25.9;39769;43544;2025
086006;Catenanuova;4475;43.8;17.5;37.6;22.0;2229;2246;2025
068010;Catignano;1244;50.2;9.3;28.8;30.5;653;591;2025
099002;Cattolica;16601;48.8;12.8;28.4;27.2;7784;8817;2025
084014;Cattolica Eraclea;3272;47.2;13.2;32.4;26.3;1621;1651;2025
080025;Caulonia;6688;46.9;14.0;32.9;27.1;3278;3410;2025
062021;Cautano;1889;45.5;15.7;33.9;23.7;954;935;2025
065037;Cava de' Tirreni;49793;46.3;14.8;33.0;24.6;24127;25666;2025
096016;Cavaglià;3491;48.0;13.4;30.7;27.6;1779;1712;2025
003044;Cavaglietto;393;50.0;11.2;27.7;30.5;203;190;2025
003045;Cavaglio d'Agogna;1150;50.3;12.8;25.6;31.7;564;586;2025
001069;Cavagnolo;2328;47.6;14.5;32.4;28.2;1153;1175;2025
023023;Cavaion Veronese;5997;44.5;16.0;34.1;20.7;2936;3061;2025
022050;Cavalese;4010;45.9;15.7;33.8;23.9;1950;2060;2025
004058;Cavallerleone;669;43.9;18.5;37.5;21.7;344;325;2025
004059;Cavallermaggiore;5328;45.6;15.9;34.3;23.8;2681;2647;2025
075020;Cavallino;13044;44.8;16.2;33.4;21.5;6324;6720;2025
027044;Cavallino-Treporti;13186;48.6;12.8;27.8;27.0;6423;6763;2025
003047;Cavallirio;1291;46.3;15.9;31.3;24.5;654;637;2025
018041;Cava Manara;6622;47.9;13.5;29.4;26.1;3198;3424;2025
022051;Cavareno;1117;45.9;15.4;33.6;25.4;576;541;2025
013062;Cavargna;171;49.1;14.6;27.5;30.4;91;80;2025
012048;Cavaria con Premezzo;5772;45.0;17.2;34.1;22.7;2905;2867;2025
027006;Cavarzere;12773;50.9;11.5;25.5;32.0;6337;6436;2025
026014;Cavaso del Tomba;2930;46.7;14.8;32.9;25.2;1447;1483;2025
093012;Cavasso Nuovo;1481;48.6;13.8;28.6;28.9;738;743;2025
006055;Cavatore;260;53.1;10.0;22.7;35.0;118;142;2025
030021;Cavazzo Carnico;955;49.0;13.8;28.5;30.3;470;485;2025
058026;Cave;10871;44.7;16.1;33.4;21.7;5429;5442;2025
022052;Cavedago;609;43.6;17.7;34.5;21.3;322;287;2025
022053;Cavedine;3089;46.2;14.2;33.5;24.0;1559;1530;2025
098017;Cavenago d'Adda;2166;45.9;15.0;32.1;24.0;1077;1089;2025
108017;Cavenago di Brianza;7557;43.9;17.0;35.9;20.9;3767;3790;2025
016066;Cavernago;2966;40.6;18.7;39.6;15.5;1504;1462;2025
036009;Cavezzo;7191;46.9;15.1;32.3;25.6;3495;3696;2025
022054;Cavizzana;236;46.7;14.8;34.3;24.2;114;122;2025
001070;Cavour;5384;47.2;15.2;31.4;27.0;2693;2691;2025
035017;Cavriago;9937;46.0;16.1;32.9;24.8;4826;5111;2025
020018;Cavriana;3713;47.8;13.1;30.4;26.9;1828;1885;2025
051013;Cavriglia;9513;46.4;14.7;31.7;23.7;4747;4766;2025
012049;Cazzago Brabbia;783;46.3;15.3;32.4;24.8;387;396;2025
017046;Cazzago San Martino;10787;45.5;15.9;33.7;23.1;5355;5432;2025
023024;Cazzano di Tramigna;1470;45.6;15.3;33.9;22.4;719;751;2025
016067;Cazzano Sant'Andrea;1677;43.7;17.4;36.0;20.5;859;818;2025
060024;Ceccano;22102;46.3;15.3;31.4;24.7;10793;11309;2025
018042;Cecima;253;53.5;11.5;21.3;36.8;129;124;2025
049007;Cecina;28062;48.4;13.9;29.3;27.9;13414;14648;2025
017047;Cedegolo;1124;47.8;14.3;29.7;27.0;562;562;2025
014016;Cedrasco;420;50.0;10.2;28.8;31.9;198;222;2025
082026;Cefalà Diana;974;45.4;17.2;34.0;23.8;488;486;2025
082027;Cefalù;13874;48.7;12.9;28.5;28.9;6711;7163;2025
027007;Ceggia;6219;45.4;16.1;33.6;22.5;3093;3126;2025
074003;Ceglie Messapica;18502;47.7;13.7;30.1;26.6;8866;9636;2025
066032;Celano;10166;45.0;15.8;33.8;22.8;5170;4996;2025
069021;Celenza sul Trigno;768;51.1;10.8;26.4;32.6;380;388;2025
071018;Celenza Valfortore;1302;52.7;11.0;25.9;36.7;617;685;2025
078034;Celico;2462;46.0;13.7;33.4;24.0;1250;1212;2025
019028;Cella Dati;490;50.3;12.2;25.5;31.0;242;248;2025
072018;Cellamare;5790;42.5;17.7;36.9;17.6;2858;2932;2025
006056;Cella Monte;454;52.0;9.9;24.9;33.5;235;219;2025
078035;Cellara;481;49.9;10.4;27.4;28.1;244;237;2025
005033;Cellarengo;728;46.7;14.3;31.5;26.8;366;362;2025
017048;Cellatica;4870;47.7;14.2;31.4;27.5;2355;2515;2025
065038;Celle di Bulgheria;1694;46.7;14.3;32.1;25.9;821;873;2025
004060;Celle di Macra;88;46.4;15.9;28.4;28.4;49;39;2025
071019;Celle di San Vito;142;54.0;8.5;21.1;36.6;71;71;2025
005034;Celle Enomondo;419;49.9;13.4;26.7;29.8;198;221;2025
009022;Celle Ligure;4795;51.4;11.4;27.0;32.9;2313;2482;2025
056019;Celleno;1314;49.1;13.4;28.1;28.9;637;677;2025
056020;Cellere;1092;51.8;9.9;25.5;33.9;588;504;2025
067015;Cellino Attanasio;2188;47.9;13.3;30.4;27.1;1095;1093;2025
074004;Cellino San Marco;5967;48.3;13.6;29.4;28.5;2839;3128;2025
002171;Cellio con Breia;934;52.5;10.3;21.7;34.0;461;473;2025
061102;Cellole;8261;44.2;15.3;33.9;20.8;3985;4276;2025
022241;Cembra Lisignago;2351;45.1;17.1;35.8;24.2;1208;1143;2025
079024;Cenadi;497;48.6;14.3;26.8;29.2;240;257;2025
016068;Cenate Sopra;2543;44.2;15.2;35.5;19.1;1279;1264;2025
016069;Cenate Sotto;3995;42.1;19.5;37.4;18.0;2004;1991;2025
025010;Cencenighe Agordino;1217;49.7;11.8;27.5;30.4;608;609;2025
016070;Cene;4040;46.9;14.3;31.9;25.1;2016;2024;2025
029014;Ceneselli;1558;49.2;13.5;28.5;30.2;780;778;2025
009023;Cengio;3403;48.8;14.0;30.4;29.9;1688;1715;2025
004061;Centallo;6981;43.7;17.6;37.6;21.5;3648;3333;2025
038004;Cento;35474;45.6;16.2;33.4;23.5;17539;17935;2025
065039;Centola;4963;47.8;13.0;30.2;26.8;2560;2403;2025
079025;Centrache;346;49.7;14.2;26.6;33.5;174;172;2025
013254;Centro Valle Intelvi;3802;45.6;15.2;32.7;22.3;1890;1912;2025
086007;Centuripe;4976;46.7;14.8;32.5;26.3;2441;2535;2025
068011;Cepagatti;10989;44.5;17.0;34.9;21.5;5381;5608;2025
062022;Ceppaloni;3203;47.9;13.1;29.9;27.2;1626;1577;2025
103021;Ceppo Morelli;290;57.4;6.2;20.0;43.1;156;134;2025
060025;Ceprano;8018;48.1;13.1;30.4;27.7;3983;4035;2025
086008;Cerami;1890;48.1;12.3;32.5;28.2;923;967;2025
010014;Ceranesi;3600;49.3;12.5;27.9;28.2;1835;1765;2025
003049;Cerano;6854;45.6;17.3;33.9;25.1;3373;3481;2025
013063;Cerano d'Intelvi;595;47.7;13.1;31.4;26.4;279;316;2025
018043;Ceranova;2310;41.1;19.4;38.1;14.8;1172;1138;2025
065040;Ceraso;2215;48.3;13.2;30.1;28.3;1096;1119;2025
070017;Cercemaggiore;3560;46.8;13.6;32.7;25.7;1804;1756;2025
001071;Cercenasco;1777;47.4;14.5;33.2;28.5;864;913;2025
070018;Cercepiccola;658;46.8;11.4;35.9;25.5;322;336;2025
078036;Cerchiara di Calabria;2098;48.3;13.9;28.9;28.7;1060;1038;2025
066033;Cerchio;1544;47.0;15.3;32.0;27.7;772;772;2025
014017;Cercino;816;45.8;15.8;33.6;24.5;416;400;2025
030022;Cercivento;618;50.0;11.7;27.2;30.1;310;308;2025
063026;Cercola;16793;43.1;17.3;37.5;21.1;8082;8711;2025
082028;Cerda;4817;45.9;15.6;33.5;24.7;2355;2462;2025
023025;Cerea;17084;45.9;15.6;32.0;24.0;8444;8640;2025
029015;Ceregnano;3360;49.2;12.2;26.7;27.6;1636;1724;2025
101006;Cerenzia;1000;50.2;11.4;27.9;31.5;503;497;2025
001072;Ceres;984;51.5;9.1;25.3;30.6;513;471;2025
020019;Ceresara;2498;46.6;15.7;31.5;24.3;1273;1225;2025
006057;Cereseto;371;51.3;12.9;24.8;31.8;190;181;2025
004062;Ceresole Alba;2004;47.8;13.5;30.6;26.7;1016;988;2025
001073;Ceresole Reale;149;53.3;6.7;19.5;32.9;82;67;2025
016071;Cerete;1618;46.8;14.9;31.1;25.4;805;813;2025
018044;Ceretto Lomellina;187;50.4;11.8;24.1;28.3;94;93;2025
018045;Cergnago;656;51.1;10.5;24.5;30.5;333;323;2025
009024;Ceriale;5393;49.2;13.4;28.8;29.3;2666;2727;2025
008016;Ceriana;1090;51.8;11.9;23.1;33.4;588;502;2025
108018;Ceriano Laghetto;6714;45.9;15.7;32.6;22.8;3297;3417;2025
033015;Cerignale;115;62.3;5.2;12.2;53.9;65;50;2025
071020;Cerignola;56900;42.3;17.8;39.2;18.7;28301;28599;2025
078037;Cerisano;2929;46.6;14.4;30.8;24.2;1449;1480;2025
013064;Cermenate;9422;46.0;15.2;32.5;23.6;4660;4762;2025
021020;Cermes/Tscherms;1585;43.6;19.9;37.0;20.2;791;794;2025
067016;Cermignano;1417;49.0;13.1;30.1;29.8;699;718;2025
013065;Cernobbio;6225;49.8;11.8;28.2;29.2;2974;3251;2025
097020;Cernusco Lombardone;3853;46.5;15.3;33.1;26.6;1881;1972;2025
015070;Cernusco sul Naviglio;34786;45.4;17.5;32.9;23.4;16776;18010;2025
005035;Cerreto d'Asti;214;48.8;17.3;27.1;30.4;110;104;2025
042013;Cerreto d'Esi;3367;47.5;13.1;31.2;25.2;1677;1690;2025
054010;Cerreto di Spoleto;958;50.6;10.2;26.2;30.0;473;485;2025
006058;Cerreto Grue;294;50.6;11.9;22.1;30.6;144;150;2025
048011;Cerreto Guidi;10663;47.0;14.0;29.9;24.6;5189;5474;2025
058027;Cerreto Laziale;1062;47.0;14.2;31.2;25.4;522;540;2025
062023;Cerreto Sannita;3542;47.0;14.0;32.6;26.5;1744;1798;2025
004063;Cerretto Langhe;384;53.5;7.6;24.0;33.9;198;186;2025
006059;Cerrina Monferrato;1270;51.3;12.4;25.3;35.0;625;645;2025
096018;Cerrione;2744;48.3;13.7;28.9;27.8;1343;1401;2025
015071;Cerro al Lambro;5168;45.6;16.4;33.6;24.6;2533;2635;2025
094014;Cerro al Volturno;1103;51.1;9.5;27.2;32.0;579;524;2025
015072;Cerro Maggiore;15019;47.0;14.9;31.6;26.1;7374;7645;2025
005036;Cerro Tanaro;591;47.8;13.4;31.1;27.7;300;291;2025
023026;Cerro Veronese;2654;44.3;16.1;34.6;20.0;1348;1306;2025
076027;Cersosimo;508;54.2;7.5;22.4;36.2;249;259;2025
048012;Certaldo;15667;47.8;13.4;30.9;27.0;7784;7883;2025
018046;Certosa di Pavia;5539;44.2;16.3;33.2;19.7;2807;2732;2025
079027;Cerva;1034;47.8;14.0;33.0;26.7;474;560;2025
058028;Cervara di Roma;462;51.6;8.9;21.9;28.6;251;211;2025
028030;Cervarese Santa Croce;5538;46.6;13.8;31.1;22.7;2775;2763;2025
060026;Cervaro;7789;46.2;15.5;32.3;24.9;3812;3977;2025
004064;Cervasca;5209;44.6;16.7;34.7;22.6;2631;2578;2025
002041;Cervatto;47;53.3;4.3;14.9;29.8;28;19;2025
017049;Cerveno;694;46.4;14.6;32.6;25.6;365;329;2025
004065;Cervere;2278;44.3;17.0;35.6;21.2;1138;1140;2025
018047;Cervesina;1113;50.2;12.9;27.4;30.7;506;607;2025
058029;Cerveteri;38138;46.3;14.7;31.3;23.0;18805;19333;2025
039007;Cervia;28957;48.7;12.0;27.3;26.1;14003;14954;2025
078038;Cervicati;767;48.5;12.8;29.2;29.9;380;387;2025
098018;Cervignano d'Adda;2236;43.6;16.9;35.0;19.0;1111;1125;2025
030023;Cervignano del Friuli;13784;47.1;14.2;31.5;25.8;6851;6933;2025
064025;Cervinara;8702;45.7;14.8;33.0;23.3;4256;4446;2025
061028;Cervino;4728;43.6;15.8;36.0;19.7;2324;2404;2025
008017;Cervo;1067;52.6;11.3;25.0;35.7;512;555;2025
078039;Cerzeto;1220;47.2;15.5;31.7;27.7;617;603;2025
061029;Cesa;9748;39.6;20.3;41.2;14.7;4844;4904;2025
097021;Cesana Brianza;2345;46.8;15.1;31.9;26.7;1162;1183;2025
001074;Cesana Torinese;874;50.6;9.5;25.3;28.9;485;389;2025
015074;Cesano Boscone;23262;46.8;14.7;32.7;26.3;11289;11973;2025
108019;Cesano Maderno;39763;45.0;15.8;34.0;21.9;19831;19932;2025
103022;Cesara;658;47.2;9.4;35.6;24.5;380;278;2025
083017;Cesarò;2084;48.7;12.6;30.8;29.8;1033;1051;2025
015076;Cesate;14308;45.1;15.8;34.1;22.3;7023;7285;2025
040007;Cesena;95730;47.6;14.1;30.7;26.5;46503;49227;2025
040008;Cesenatico;26060;47.3;13.8;30.6;25.2;12665;13395;2025
064026;Cesinali;2513;44.0;15.4;34.6;19.6;1247;1266;2025
008018;Cesio;246;49.7;11.4;29.3;27.2;133;113;2025
025011;Cesiomaggiore;3942;48.5;13.1;29.0;28.0;2008;1934;2025
026015;Cessalto;3801;43.5;18.2;36.5;21.0;1913;1888;2025
102006;Cessaniti;2881;47.1;14.5;32.5;27.0;1463;1418;2025
043011;Cessapalombo;426;48.9;14.8;28.9;30.8;202;224;2025
005037;Cessole;336;52.3;11.0;24.7;33.0;167;169;2025
065041;Cetara;1928;49.4;10.8;28.8;30.1;967;961;2025
017050;Ceto;1770;47.3;13.8;31.0;25.9;884;886;2025
052008;Cetona;2438;51.7;11.6;26.1;34.5;1160;1278;2025
078040;Cetraro;9301;47.4;14.1;30.4;27.5;4612;4689;2025
004066;Ceva;5869;45.6;16.4;34.9;25.7;2973;2896;2025
017051;Cevo;792;53.2;10.0;21.0;37.8;407;385;2025
007013;Challand-Saint-Anselme;744;46.0;15.9;34.1;25.5;381;363;2025
007014;Challand-Saint-Victor;560;46.5;16.4;31.1;23.9;288;272;2025
007015;Chambave;880;48.7;13.5;29.0;28.6;430;450;2025
007016;Chamois;112;50.5;10.7;28.6;31.2;64;48;2025
007017;Champdepraz;715;46.9;12.4;29.2;24.1;342;373;2025
007018;Champorcher;369;51.6;8.7;26.0;30.9;187;182;2025
007019;Charvensod;2395;45.5;15.0;33.6;22.5;1171;1224;2025
007020;Châtillon;4303;48.7;12.7;29.1;27.1;2106;2197;2025
004067;Cherasco;9630;44.0;17.6;35.5;21.8;4826;4804;2025
090024;Cheremule;385;54.0;10.1;20.5;37.1;198;187;2025
001075;Chialamberto;328;55.3;9.5;20.7;38.7;161;167;2025
024029;Chiampo;12567;44.8;16.3;35.0;23.0;6414;6153;2025
064027;Chianche;463;49.4;8.9;28.9;30.9;242;221;2025
052009;Chianciano Terme;7096;48.8;11.1;30.1;28.4;3597;3499;2025
050012;Chianni;1294;51.4;10.4;25.5;32.8;659;635;2025
001076;Chianocco;1499;51.2;11.0;25.7;32.4;747;752;2025
088002;Chiaramonte Gulfi;7968;46.1;13.9;33.4;24.5;4104;3864;2025
090025;Chiaramonti;1509;49.5;12.3;28.4;28.8;739;770;2025
026016;Chiarano;3594;44.5;17.1;35.4;21.8;1851;1743;2025
042014;Chiaravalle;14175;48.1;14.2;29.9;27.6;6781;7394;2025
079029;Chiaravalle Centrale;5082;48.6;13.5;30.1;31.0;2418;2664;2025
017052;Chiari;19552;44.3;17.0;35.9;22.0;9743;9809;2025
076028;Chiaromonte;1696;50.0;10.8;27.9;31.1;819;877;2025
094015;Chiauci;193;50.7;6.7;28.0;34.2;104;89;2025
010015;Chiavari;27452;49.4;13.4;29.4;30.3;12748;14704;2025
014018;Chiavenna;7236;47.7;14.1;31.2;27.4;3446;3790;2025
001077;Chiaverano;1974;50.3;12.7;28.2;31.3;973;1001;2025
021021;Chienes/Kiens;3066;42.6;18.3;38.9;18.5;1560;1506;2025
001078;Chieri;35819;47.4;14.5;31.6;26.6;17308;18511;2025
014019;Chiesa in Valmalenco;2264;50.9;10.9;25.7;31.8;1120;1144;2025
001079;Chiesanuova;229;46.3;14.8;32.3;26.2;121;108;2025
025012;Chies d'Alpago;1240;51.0;10.9;25.6;32.7;625;615;2025
047022;Chiesina Uzzanese;4557;46.0;16.2;32.1;23.7;2253;2304;2025
069022;Chieti;48403;48.4;12.9;30.0;28.6;23190;25213;2025
071021;Chieuti;1470;48.4;13.1;30.5;29.5;718;752;2025
019029;Chieve;2300;44.0;16.5;33.7;20.6;1137;1163;2025
016072;Chignolo d'Isola;3392;43.3;17.6;35.5;19.5;1760;1632;2025
018048;Chignolo Po;4019;45.5;15.5;33.0;21.6;2019;2000;2025
027008;Chioggia;47265;48.8;12.5;28.4;27.9;23479;23786;2025
001080;Chiomonte;850;52.4;10.7;23.1;35.2;420;430;2025
093013;Chions;4994;45.5;15.8;33.4;23.7;2499;2495;2025
030024;Chiopris-Viscone;703;45.4;17.2;33.6;23.5;334;369;2025
051014;Chitignano;872;50.5;9.7;27.9;32.7;453;419;2025
016073;Chiuduno;6171;43.8;17.4;36.8;21.3;3122;3049;2025
024030;Chiuppano;2524;46.8;14.4;32.4;24.9;1283;1241;2025
014020;Chiuro;2443;48.5;14.1;30.1;27.1;1193;1250;2025
004068;Chiusa di Pesio;3735;47.0;14.5;31.9;25.9;1902;1833;2025
001081;Chiusa di San Michele;1514;47.4;14.3;31.2;25.6;777;737;2025
030025;Chiusaforte;584;52.5;7.4;22.8;32.5;307;277;2025
021022;Chiusa/Klausen;5208;42.9;18.5;38.3;20.1;2633;2575;2025
008019;Chiusanico;603;49.0;13.3;26.5;27.2;326;277;2025
005038;Chiusano d'Asti;252;45.1;18.3;34.5;27.0;128;124;2025
064028;Chiusano di San Domenico;2060;47.0;13.4;32.5;25.8;1016;1044;2025
082029;Chiusa Sclafani;2440;49.8;12.3;29.2;30.6;1153;1287;2025
008020;Chiusavecchia;523;43.8;16.8;36.7;21.0;270;253;2025
052010;Chiusdino;1702;47.6;15.4;30.7;28.1;839;863;2025
052011;Chiusi;8081;48.7;13.1;30.5;29.5;4043;4038;2025
051015;Chiusi della Verna;1889;50.5;12.1;27.5;31.8;933;956;2025
001082;Chivasso;26058;47.2;14.5;31.1;26.3;12607;13451;2025
058118;Ciampino;38815;45.6;15.3;33.0;23.0;18593;20222;2025
084015;Cianciana;3010;49.2;13.0;29.2;30.1;1441;1569;2025
025013;Cibiana di Cadore;336;53.4;11.0;23.8;37.8;162;174;2025
010016;Cicagna;2265;47.8;16.0;30.4;27.1;1170;1095;2025
079030;Cicala;841;48.9;13.0;29.1;29.6;418;423;2025
063027;Cicciano;12308;44.2;15.6;35.5;20.6;6047;6261;2025
065042;Cicerale;1164;49.2;11.9;27.7;28.4;562;602;2025
058030;Ciciliano;1243;48.3;12.0;29.0;26.4;625;618;2025
019030;Cicognolo;956;46.2;15.1;33.3;24.0;475;481;2025
001083;Ciconio;365;45.9;17.0;32.9;25.2;186;179;2025
002042;Cigliano;4256;48.0;13.9;30.2;27.6;2075;2181;2025
004069;Cigliè;194;48.7;13.4;27.8;26.3;101;93;2025
018049;Cigognola;1310;49.3;14.4;30.0;31.9;635;675;2025
017053;Cigole;1472;46.9;14.3;30.6;26.3;742;730;2025
018050;Cilavegna;5391;47.7;13.8;29.8;26.3;2642;2749;2025
026017;Cimadolmo;3361;45.6;15.5;33.6;24.0;1689;1672;2025
017054;Cimbergo;538;50.5;13.0;27.0;33.3;278;260;2025
080026;Ciminà;512;48.4;14.1;31.4;31.1;268;244;2025
082030;Ciminna;3346;47.9;15.0;32.0;30.3;1611;1735;2025
063028;Cimitile;6908;43.6;17.1;35.7;19.6;3335;3573;2025
093014;Cimolais;339;52.9;8.8;23.3;39.5;174;165;2025
022058;Cimone;737;43.7;18.6;35.8;20.6;370;367;2025
005039;Cinaglio;398;51.1;11.6;27.6;30.7;207;191;2025
058031;Cineto Romano;580;51.6;8.6;25.3;29.8;283;297;2025
019031;Cingia de' Botti;1133;49.5;13.7;30.0;29.9;579;554;2025
043012;Cingoli;9433;48.3;13.7;30.1;27.9;4605;4828;2025
053007;Cinigiano;2424;49.4;12.4;27.3;29.5;1293;1131;2025
015077;Cinisello Balsamo;74702;45.9;15.7;33.6;24.5;36895;37807;2025
082031;Cinisi;12156;44.0;17.1;36.0;21.4;5958;6198;2025
014021;Cino;337;48.2;13.9;26.7;29.1;175;162;2025
080027;Cinquefrondi;6239;43.4;18.1;37.4;21.8;3012;3227;2025
001084;Cintano;232;47.5;14.7;30.6;28.9;119;113;2025
022059;Cinte Tesino;347;50.7;13.3;24.5;30.5;177;170;2025
027009;Cinto Caomaggiore;3182;48.0;14.6;30.5;27.5;1569;1613;2025
028031;Cinto Euganeo;1899;49.4;12.4;27.9;28.5;972;927;2025
001085;Cinzano;338;49.2;10.9;26.6;28.1;176;162;2025
061030;Ciorlano;350;52.3;6.9;24.9;33.1;179;171;2025
008021;Cipressa;1201;49.8;13.0;26.5;29.7;593;608;2025
062024;Circello;2105;49.4;11.8;30.5;30.1;1049;1056;2025
001086;Ciriè;18065;48.5;13.2;29.8;28.6;8659;9406;2025
077005;Cirigliano;272;55.1;6.2;18.4;38.2;124;148;2025
013068;Cirimido;2179;45.9;14.9;33.0;23.6;1110;1069;2025
101007;Cirò;2387;48.2;13.1;30.9;28.5;1136;1251;2025
101008;Cirò Marina;14182;43.2;18.0;37.3;21.2;6907;7275;2025
022060;Cis;287;49.4;11.1;29.6;27.5;138;149;2025
016074;Cisano Bergamasco;6233;45.5;15.7;33.8;23.0;3109;3124;2025
009025;Cisano sul Neva;2119;47.4;14.3;31.0;25.8;1047;1072;2025
016075;Ciserano;5734;42.4;18.0;38.0;18.1;2980;2754;2025
012050;Cislago;10467;45.3;16.8;33.5;23.5;5211;5256;2025
015078;Cisliano;5148;44.1;18.3;33.2;21.6;2528;2620;2025
026018;Cison di Valmarino;2478;48.2;13.7;28.7;27.0;1209;1269;2025
004070;Cissone;78;50.0;11.5;29.5;34.6;48;30;2025
005040;Cisterna d'Asti;1238;46.7;13.4;33.5;25.8;643;595;2025
059005;Cisterna di Latina;36177;44.5;16.3;34.4;21.6;17965;18212;2025
074005;Cisternino;11040;49.2;12.7;28.5;28.9;5302;5738;2025
054011;Citerna;3400;46.5;15.1;31.1;24.1;1714;1686;2025
028032;Cittadella;20022;46.4;14.8;32.8;24.6;9794;10228;2025
054012;Città della Pieve;7388;48.8;13.8;28.7;29.4;3533;3855;2025
054013;Città di Castello;37871;47.6;14.2;30.6;27.2;18299;19572;2025
057016;Cittaducale;6397;48.1;13.4;30.2;27.5;3179;3218;2025
080028;Cittanova;9634;44.5;16.5;35.9;23.5;4688;4946;2025
057017;Cittareale;374;56.6;7.2;19.8;43.3;203;171;2025
068012;Città Sant'Angelo;14902;44.4;17.1;34.7;21.1;7410;7492;2025
012051;Cittiglio;3799;47.6;15.3;30.8;26.8;1853;1946;2025
097022;Civate;3717;47.6;14.1;31.6;27.7;1857;1860;2025
008022;Civezza;629;48.1;14.1;30.5;27.0;310;319;2025
022061;Civezzano;4171;44.1;17.7;35.5;21.3;2096;2075;2025
002043;Civiasco;222;48.6;12.6;28.8;26.1;115;107;2025
030026;Cividale del Friuli;10755;49.8;11.8;27.7;29.7;5161;5594;2025
016076;Cividate al Piano;5077;45.5;15.4;33.5;23.8;2604;2473;2025
017055;Cividate Camuno;2655;46.2;15.4;32.4;25.0;1362;1293;2025
078041;Civita;801;49.7;13.9;29.5;33.0;380;421;2025
070019;Civitacampomarano;298;57.4;7.0;20.1;41.3;139;159;2025
056021;Civita Castellana;15070;47.2;13.4;30.4;25.2;7338;7732;2025
066034;Civita d'Antino;939;49.1;11.3;31.8;30.7;483;456;2025
069023;Civitaluparella;279;52.4;10.0;20.8;35.5;141;138;2025
094016;Civitanova del Sannio;874;49.1;13.0;28.9;30.7;445;429;2025
043013;Civitanova Marche;41889;46.6;14.7;31.4;24.9;19993;21896;2025
068013;Civitaquana;1136;48.1;12.9;32.1;27.8;585;551;2025
058032;Civitavecchia;51582;46.6;14.7;31.5;24.6;24858;26724;2025
066035;Civitella Alfedena;290;50.4;9.0;26.6;30.0;151;139;2025
068014;Civitella Casanova;1556;51.7;10.6;26.0;32.8;779;777;2025
056022;Civitella d'Agliano;1453;50.5;12.7;26.2;34.5;725;728;2025
067017;Civitella del Tronto;4539;48.6;12.7;29.3;28.4;2283;2256;2025
040009;Civitella di Romagna;3620;47.2;15.4;31.9;27.3;1803;1817;2025
051016;Civitella in Val di Chiana;8672;47.5;13.5;30.8;26.3;4310;4362;2025
069024;Civitella Messer Raimondo;758;52.2;11.3;24.7;36.1;384;374;2025
053008;Civitella Paganico;2936;48.5;13.9;29.7;28.9;1455;1481;2025
066036;Civitella Roveto;3026;47.1;14.0;31.1;26.5;1552;1474;2025
058033;Civitella San Paolo;1999;46.1;14.5;30.8;22.8;1004;995;2025
014022;Civo;1120;48.0;12.1;29.0;26.2;576;544;2025
013071;Claino con Osteno;554;46.9;15.0;30.1;28.0;289;265;2025
093015;Claut;863;51.6;8.2;27.0;33.0;427;436;2025
093016;Clauzetto;382;55.4;7.6;18.1;39.0;211;171;2025
004071;Clavesana;778;49.6;13.1;28.0;30.5;375;403;2025
001087;Claviere;190;42.1;15.3;41.6;18.9;94;96;2025
022062;Cles;7396;45.3;16.3;35.1;24.9;3587;3809;2025
078042;Cleto;1275;46.2;11.8;32.9;23.8;664;611;2025
012052;Clivio;1968;46.8;13.5;32.0;24.8;962;1006;2025
016077;Clusone;8586;47.2;14.7;32.1;26.8;4151;4435;2025
001088;Coassolo Torinese;1476;47.8;13.8;30.2;27.1;746;730;2025
001089;Coazze;3350;48.3;12.7;28.3;26.1;1672;1678;2025
005041;Coazzolo;292;44.2;18.8;33.6;22.6;149;143;2025
017056;Coccaglio;8859;43.8;17.3;35.9;20.6;4469;4390;2025
005042;Cocconato;1399;50.3;11.7;26.9;30.7;691;708;2025
012053;Cocquio-Trevisago;4632;47.5;15.0;30.5;26.7;2241;2391;2025
066037;Cocullo;204;58.1;7.4;17.2;48.0;109;95;2025
028033;Codevigo;6275;45.7;15.3;31.2;21.8;3202;3073;2025
018051;Codevilla;925;50.7;11.1;25.4;30.6;437;488;2025
038005;Codigoro;10938;52.1;10.7;23.4;33.6;5274;5664;2025
026019;Codognè;5260;46.2;15.7;32.2;24.6;2708;2552;2025
098019;Codogno;15663;46.8;14.9;32.0;25.6;7594;8069;2025
030027;Codroipo;15802;47.5;14.9;30.5;26.9;7799;8003;2025
090026;Codrongianos;1247;49.3;11.7;27.7;28.9;617;630;2025
096019;Coggiola;1653;53.1;10.9;24.5;35.0;805;848;2025
108020;Cogliate;8469;46.6;14.7;31.6;24.5;4149;4320;2025
007021;Cogne;1327;49.2;10.9;29.5;28.6;657;670;2025
010017;Cogoleto;8325;50.9;12.3;26.3;32.2;4004;4321;2025
024032;Cogollo del Cengio;3096;47.6;12.9;31.2;27.5;1523;1573;2025
010018;Cogorno;5682;48.3;14.5;30.0;27.8;2808;2874;2025
003051;Colazza;546;48.4;13.9;28.2;27.3;282;264;2025
024126;Colceresa;5922;46.2;14.3;33.1;23.4;2936;2986;2025
016078;Colere;1087;47.4;14.0;30.4;27.6;556;531;2025
060027;Colfelice;1774;47.7;13.9;30.2;28.0;881;893;2025
033016;Coli;849;54.0;9.5;21.3;38.0;445;404;2025
097023;Colico;8206;46.1;15.0;32.6;23.8;4138;4068;2025
057018;Collalto Sabino;383;55.9;5.2;16.2;38.1;206;177;2025
066038;Collarmele;773;52.0;10.5;24.8;34.8;359;414;2025
054014;Collazzone;3288;46.7;15.6;31.5;25.9;1619;1669;2025
017057;Collebeato;4459;48.9;13.2;30.1;29.4;2157;2302;2025
097024;Colle Brianza;1845;45.0;15.3;33.2;22.1;944;901;2025
034009;Collecchio;14854;45.3;16.5;33.2;22.7;7357;7497;2025
068015;Collecorvino;6013;44.5;16.1;35.3;21.8;3023;2990;2025
070020;Colle d'Anchise;730;47.2;12.5;29.9;25.3;360;370;2025
067018;Colledara;2068;47.8;13.6;30.3;27.1;1051;1017;2025
069025;Colledimacine;150;62.8;3.3;8.0;51.3;92;58;2025
069026;Colledimezzo;419;54.3;10.7;22.2;43.7;214;205;2025
057019;Colle di Tora;349;51.3;9.5;27.2;30.9;187;162;2025
052012;Colle di Val d'Elsa;21605;45.8;15.5;33.6;24.0;10521;11084;2025
058034;Colleferro;20426;47.3;14.2;31.4;25.7;9871;10555;2025
057020;Collegiove;129;55.2;1.6;21.7;38.0;73;56;2025
001090;Collegno;47814;47.9;13.9;30.5;27.5;22867;24947;2025
066039;Collelongo;1063;52.1;9.4;25.0;34.5;549;514;2025
060028;Collepardo;866;48.0;12.7;28.8;26.9;440;426;2025
075021;Collepasso;5512;49.7;11.8;29.3;31.8;2681;2831;2025
066040;Collepietro;196;52.3;11.2;24.5;34.2;94;102;2025
001091;Colleretto Castelnuovo;324;48.2;11.7;27.2;28.4;167;157;2025
001092;Colleretto Giacosa;588;49.4;11.9;27.9;27.0;298;290;2025
049008;Collesalvetti;16418;47.3;14.4;30.2;26.0;8049;8369;2025
060029;Colle San Magno;612;49.8;11.8;27.6;30.9;316;296;2025
062025;Colle Sannita;2139;48.5;13.4;30.9;30.1;1030;1109;2025
082032;Collesano;3614;48.7;14.1;28.9;30.4;1733;1881;2025
025014;Colle Santa Lucia;340;49.5;10.0;27.6;26.5;173;167;2025
070021;Colletorto;1629;52.0;10.0;25.3;33.9;803;826;2025
026020;Colle Umberto;4985;47.0;14.4;31.0;25.6;2469;2516;2025
057021;Collevecchio;1611;49.2;10.6;28.9;28.3;834;777;2025
041069;Colli al Metauro;12392;44.1;17.3;35.2;21.4;6235;6157;2025
065043;Colliano;3404;44.9;15.7;34.8;23.1;1662;1742;2025
094017;Colli a Volturno;1269;47.0;13.2;31.2;23.6;634;635;2025
044014;Colli del Tronto;3663;45.9;15.8;31.8;23.7;1830;1833;2025
111012;Collinas;756;53.4;9.4;23.1;35.2;367;389;2025
017058;Collio;1975;49.0;11.2;30.2;28.2;1018;957;2025
057022;Colli sul Velino;461;51.0;9.3;27.5;31.2;228;233;2025
018193;Colli Verdi;997;56.2;9.2;18.9;40.5;521;476;2025
002045;Collobiano;72;53.4;4.2;19.4;31.9;37;35;2025
030028;Colloredo di Monte Albano;2210;48.4;14.8;28.3;28.2;1081;1129;2025
043014;Colmurano;1122;47.7;15.2;30.7;27.0;553;569;2025
077006;Colobraro;1036;51.5;9.8;27.7;32.9;522;514;2025
023027;Cologna Veneta;8422;45.3;16.3;34.8;23.5;4213;4209;2025
017059;Cologne;7611;43.7;17.9;36.4;20.7;3814;3797;2025
016079;Cologno al Serio;11174;44.0;17.1;35.4;21.7;5647;5527;2025
023028;Colognola ai Colli;8726;43.9;17.9;35.8;21.1;4358;4368;2025
015081;Cologno Monzese;46994;45.9;15.4;33.3;24.7;22820;24174;2025
058035;Colonna;4257;44.7;16.5;34.4;21.4;2066;2191;2025
067019;Colonnella;3710;47.1;14.0;29.8;25.3;1900;1810;2025
013074;Colonno;425;52.2;9.2;23.1;33.2;216;209;2025
014023;Colorina;1341;46.5;11.7;34.1;23.0;698;643;2025
034010;Colorno;9108;44.1;16.6;35.9;20.6;4571;4537;2025
078043;Colosimi;1094;49.2;11.5;28.2;28.9;535;559;2025
015082;Colturano;2052;43.0;17.0;36.1;17.6;1023;1029;2025
013251;Colverde;5541;45.5;15.2;33.1;22.4;2711;2830;2025
016080;Colzate;1628;46.0;15.5;32.9;25.4;805;823;2025
012054;Comabbio;1172;47.6;12.3;29.4;23.9;590;582;2025
038006;Comacchio;21910;50.6;10.6;24.6;30.3;10802;11108;2025
045005;Comano;631;55.0;7.8;21.7;39.6;316;315;2025
022228;Comano Terme;3014;43.5;18.4;38.3;22.2;1499;1515;2025
098020;Comazzo;2373;42.7;17.0;34.7;17.8;1239;1134;2025
030029;Comeglians;422;55.2;9.0;21.6;43.1;215;207;2025
025015;Comelico Superiore;2075;49.6;12.7;29.3;29.5;1015;1060;2025
012055;Comerio;2800;47.1;15.5;31.2;25.6;1339;1461;2025
017060;Comezzano-Cizzago;4177;40.6;19.2;40.3;15.8;2149;2028;2025
003052;Comignago;1265;46.8;13.7;32.3;24.6;664;601;2025
088003;Comiso;30214;43.6;17.0;36.8;21.3;15093;15121;2025
084016;Comitini;869;44.1;15.1;38.7;22.2;443;426;2025
063029;Comiziano;1695;45.8;16.3;33.5;23.8;839;856;2025
020020;Commessaggio;1038;49.2;13.7;28.3;28.7;510;528;2025
022064;Commezzadura;1013;45.9;14.4;33.1;23.0;506;507;2025
013075;Como;83135;47.1;13.7;32.2;25.9;40410;42725;2025
034011;Compiano;1048;50.5;13.4;26.3;31.8;534;514;2025
044015;Comunanza;2898;46.5;14.7;33.0;25.0;1472;1426;2025
016081;Comun Nuovo;4512;43.0;17.7;36.4;18.2;2297;2215;2025
027010;Cona;2770;49.1;11.9;28.1;28.8;1379;1391;2025
094018;Conca Casale;162;52.1;12.3;27.2;37.7;87;75;2025
065044;Conca dei Marini;644;45.4;14.9;33.7;24.2;345;299;2025
061031;Conca della Campania;1144;49.6;12.8;28.4;29.6;574;570;2025
023029;Concamarise;1060;45.4;16.5;33.8;24.1;549;511;2025
057023;Concerviano;280;54.0;8.6;23.2;40.7;141;139;2025
017061;Concesio;15670;46.2;15.4;32.3;24.3;7738;7932;2025
027011;Concordia Sagittaria;10251;48.1;14.1;30.2;28.1;5004;5247;2025
036010;Concordia sulla Secchia;8443;46.8;14.6;32.1;25.2;4162;4281;2025
108021;Concorezzo;16067;45.9;15.8;33.7;23.8;7862;8205;2025
080029;Condofuri;4511;47.0;15.0;30.8;26.4;2182;2329;2025
001093;Condove;4436;49.2;13.2;28.8;29.9;2146;2290;2025
083018;Condrò;491;47.8;13.6;29.3;27.7;236;255;2025
026021;Conegliano;34578;47.9;14.0;31.6;27.8;16699;17879;2025
018052;Confienza;1554;49.1;12.5;27.7;28.4;778;776;2025
057024;Configni;567;52.4;9.3;23.5;35.1;306;261;2025
079033;Conflenti;1318;48.7;13.0;30.2;29.3;660;658;2025
006060;Coniolo;423;50.5;11.8;24.8;30.3;219;204;2025
039008;Conselice;9661;46.6;16.4;32.6;25.8;4821;4840;2025
028034;Conselve;9976;47.0;14.7;31.7;26.0;4869;5107;2025
022242;Contà;1405;47.3;14.6;32.6;27.0;692;713;2025
082033;Contessa Entellina;1462;50.1;11.8;28.0;32.5;722;740;2025
057025;Contigliano;3670;46.5;15.3;31.6;25.0;1854;1816;2025
064029;Contrada;3031;43.7;15.5;35.6;20.6;1596;1435;2025
067020;Controguerra;2202;48.7;13.5;29.2;28.3;1079;1123;2025
065045;Controne;764;50.2;9.7;28.0;30.8;378;386;2025
065046;Contursi Terme;3150;44.7;15.5;35.3;22.3;1569;1581;2025
072019;Conversano;25938;45.8;15.4;32.7;23.5;12710;13228;2025
064030;Conza della Campania;1268;47.4;13.2;30.8;25.9;635;633;2025
006061;Conzano;918;49.0;13.0;28.6;29.0;470;448;2025
075022;Copertino;22827;46.1;15.2;33.3;25.8;11150;11677;2025
018053;Copiano;1768;47.0;14.6;30.6;24.4;905;863;2025
038007;Copparo;15714;52.2;10.5;23.9;33.7;7537;8177;2025
018054;Corana;749;49.5;12.3;26.3;29.8;379;370;2025
072020;Corato;46938;44.4;16.0;35.5;21.7;23000;23938;2025
065047;Corbara;2482;44.1;16.6;36.5;21.7;1217;1265;2025
015085;Corbetta;19111;44.7;17.0;33.9;22.4;9413;9698;2025
029017;Corbola;2225;49.7;12.6;26.8;29.2;1078;1147;2025
056023;Corchiano;3526;46.4;14.6;31.0;24.2;1784;1742;2025
054015;Corciano;21623;45.1;16.7;33.5;22.5;10517;11106;2025
093017;Cordenons;17718;47.9;14.1;30.8;27.1;8689;9029;2025
026022;Cordignano;6819;47.2;13.3;31.6;25.2;3363;3456;2025
093018;Cordovado;2701;46.9;14.7;31.4;24.3;1335;1366;2025
046011;Coreglia Antelminelli;5080;47.9;12.5;30.6;26.3;2533;2547;2025
010019;Coreglia Ligure;244;48.7;11.9;28.7;24.6;132;112;2025
060030;Coreno Ausonio;1490;47.8;14.9;30.9;28.8;741;749;2025
066041;Corfinio;949;49.6;11.5;27.1;29.8;492;457;2025
059006;Cori;10386;46.5;13.8;32.2;24.8;5219;5167;2025
099003;Coriano;10453;46.0;14.9;32.1;23.5;5206;5247;2025
075023;Corigliano d'Otranto;5558;48.4;13.3;29.3;28.3;2669;2889;2025
078157;Corigliano-Rossano;74332;43.1;17.3;36.8;20.0;36848;37484;2025
042015;Corinaldo;4754;48.6;14.2;30.3;29.5;2316;2438;2025
001094;Corio;3089;49.5;11.6;27.1;28.7;1559;1530;2025
082034;Corleone;10231;45.2;16.3;35.3;23.9;5078;5153;2025
065048;Corleto Monforte;481;51.2;9.6;26.6;33.3;232;249;2025
076029;Corleto Perticara;2309;48.2;11.5;30.4;26.7;1169;1140;2025
015086;Cormano;20744;45.4;16.2;34.3;23.4;10021;10723;2025
031002;Cormons;7047;50.7;12.1;26.4;31.1;3328;3719;2025
016082;Corna Imagna;923;44.4;15.9;35.2;21.2;480;443;2025
016249;Cornalba;305;50.4;14.1;23.9;35.7;161;144;2025
018191;Cornale e Bastida;796;49.2;13.6;27.3;30.7;405;391;2025
015087;Cornaredo;20708;46.2;15.0;32.6;24.3;10159;10549;2025
108053;Cornate d'Adda;10976;44.9;16.3;34.3;21.9;5513;5463;2025
021023;Cornedo all'Isarco/Karneid;3425;42.5;19.2;38.9;18.0;1707;1718;2025
024034;Cornedo Vicentino;11698;45.7;15.7;34.2;23.6;5932;5766;2025
098021;Cornegliano Laudense;2875;45.7;14.7;32.7;22.4;1401;1474;2025
004072;Corneliano d'Alba;2165;45.8;15.2;33.8;23.1;1068;1097;2025
034012;Corniglio;1772;53.8;10.0;20.4;37.0;933;839;2025
030030;Corno di Rosazzo;3108;48.8;13.3;28.8;28.0;1529;1579;2025
098022;Corno Giovine;1134;46.7;16.0;30.8;25.4;551;583;2025
098023;Cornovecchio;195;52.6;10.3;19.5;32.3;102;93;2025
026023;Cornuda;6113;46.0;15.7;34.3;24.4;3026;3087;2025
035020;Correggio;25208;45.2;16.5;34.6;22.8;12445;12763;2025
108022;Correzzana;3233;42.8;18.6;35.6;18.2;1615;1618;2025
028035;Correzzola;5200;48.0;12.8;29.9;26.0;2664;2536;2025
013077;Corrido;851;42.7;18.4;37.4;18.2;423;428;2025
043015;Corridonia;14630;45.9;16.0;33.3;24.4;7190;7440;2025
067021;Corropoli;5112;45.0;16.7;33.3;22.8;2508;2604;2025
075024;Corsano;5077;45.9;15.1;34.2;25.2;2508;2569;2025
015093;Corsico;34694;46.4;15.0;32.6;24.8;16730;17964;2025
005044;Corsione;192;48.7;13.0;32.3;25.5;99;93;2025
021024;Cortaccia sulla strada del vino/Kurtatsch an der Weinstraße;2232;43.6;16.4;37.4;19.4;1094;1138;2025
079034;Cortale;1838;50.9;11.8;27.4;33.7;877;961;2025
005045;Cortandone;318;49.8;11.9;27.7;28.9;155;163;2025
005046;Cortanze;256;46.8;16.0;34.0;26.2;130;126;2025
005047;Cortazzone;592;49.0;11.7;28.2;28.2;300;292;2025
033017;Corte Brugnatella;521;55.2;7.5;20.9;39.3;269;252;2025
019032;Corte de' Cortesi con Cignone;1061;45.0;14.3;36.3;20.3;555;506;2025
019033;Corte de' Frati;1309;47.6;15.7;29.9;27.6;669;640;2025
017062;Corte Franca;7179;45.2;15.8;32.8;22.6;3600;3579;2025
033018;Cortemaggiore;4687;45.5;16.2;34.1;24.2;2441;2246;2025
004073;Cortemilia;2107;50.5;12.2;25.9;31.5;1028;1079;2025
017063;Corteno Golgi;1896;48.1;12.2;29.3;25.9;961;935;2025
097025;Cortenova;1170;47.8;13.8;30.3;26.1;575;595;2025
016083;Cortenuova;1974;43.3;16.7;36.9;19.5;989;985;2025
018192;Corteolona e Genzone;2569;45.6;16.0;33.7;24.1;1267;1302;2025
098024;Corte Palasio;1508;44.8;14.5;34.4;21.7;780;728;2025
005048;Cortiglione;518;49.4;12.2;29.2;29.2;260;258;2025
025016;Cortina d'Ampezzo;5491;51.0;10.7;27.3;31.0;2593;2898;2025
021025;Cortina sulla strada del vino/Kurtinig an der Weinstraße;662;44.7;15.9;35.2;22.8;336;326;2025
067022;Cortino;562;52.7;9.1;25.1;34.2;306;256;2025
051017;Cortona;20834;49.2;13.1;28.2;29.7;10086;10748;2025
068016;Corvara;199;54.0;6.5;22.6;36.2;97;102;2025
021026;Corvara in Badia/Corvara;1446;44.8;16.8;33.2;20.1;711;735;2025
018057;Corvino San Quirico;936;52.5;9.6;22.9;34.9;451;485;2025
017064;Corzano;1529;43.8;17.9;35.3;19.4;773;756;2025
030031;Coseano;1996;50.0;12.3;28.0;30.1;976;1020;2025
078045;Cosenza;63240;47.0;14.6;31.0;25.4;29825;33415;2025
008023;Cosio d'Arroscia;170;57.5;7.6;18.8;45.3;77;93;2025
014024;Cosio Valtellino;5559;46.3;15.3;33.0;25.3;2815;2744;2025
080030;Cosoleto;752;45.9;15.4;35.1;25.4;367;385;2025
004074;Cossano Belbo;855;50.7;11.6;26.1;31.5;441;414;2025
001095;Cossano Canavese;411;52.0;10.2;26.5;33.6;208;203;2025
096020;Cossato;13868;49.9;12.6;27.9;30.8;6660;7208;2025
009026;Cosseria;1019;49.0;13.5;27.5;28.4;507;512;2025
044016;Cossignano;862;52.5;8.7;25.6;34.7;414;448;2025
103023;Cossogno;667;47.9;14.5;29.1;25.0;340;327;2025
090027;Cossoine;757;52.5;9.9;24.3;36.3;365;392;2025
005049;Cossombrato;513;47.7;15.0;30.2;29.6;258;255;2025
024035;Costabissara;7640;44.7;17.2;34.1;21.9;3799;3841;2025
054016;Costacciaro;1031;52.5;9.9;23.3;34.1;507;524;2025
018058;Costa de' Nobili;353;48.6;14.2;26.9;26.1;187;166;2025
016084;Costa di Mezzate;3443;43.0;17.4;37.1;18.8;1752;1691;2025
029018;Costa di Rovigo;2457;50.1;13.3;26.0;31.5;1188;1269;2025
097026;Costa Masnaga;4751;44.8;17.1;34.1;23.4;2392;2359;2025
002047;Costanzana;778;51.1;12.7;26.3;31.2;375;403;2025
008024;Costarainera;772;49.4;12.7;27.8;28.4;381;391;2025
016247;Costa Serina;900;51.3;11.4;24.7;34.4;472;428;2025
016085;Costa Valle Imagna;563;51.2;9.8;25.2;31.1;287;276;2025
006062;Costa Vescovato;313;51.1;12.1;25.9;32.9;169;144;2025
016086;Costa Volpino;8805;46.7;15.5;32.2;25.8;4331;4474;2025
023030;Costermano sul Garda;3967;45.5;15.1;31.4;21.3;1992;1975;2025
005050;Costigliole d'Asti;5693;48.3;13.6;29.9;28.2;2870;2823;2025
004075;Costigliole Saluzzo;3292;45.5;15.9;34.5;24.5;1713;1579;2025
039009;Cotignola;7348;47.4;15.1;30.9;27.5;3631;3717;2025
101009;Cotronei;5132;45.4;16.3;34.1;24.0;2519;2613;2025
057026;Cottanello;529;49.9;13.6;27.4;31.9;280;249;2025
007022;Courmayeur;2521;48.2;12.4;29.5;26.2;1262;1259;2025
016087;Covo;4340;41.6;20.0;39.1;18.6;2235;2105;2025
018059;Cozzo;337;52.4;6.2;23.1;31.8;189;148;2025
077007;Craco;587;47.7;12.4;32.9;27.9;293;294;2025
097027;Crandola Valsassina;262;49.4;14.5;27.5;30.2;137;125;2025
002048;Cravagliana;246;54.0;8.5;20.3;35.8;130;116;2025
004076;Cravanzana;343;51.1;11.1;25.4;30.6;170;173;2025
103024;Craveggia;802;46.6;13.0;32.2;24.1;425;377;2025
024036;Creazzo;11160;46.7;14.8;32.4;24.5;5465;5695;2025
069027;Crecchio;2601;50.6;12.4;27.0;32.2;1286;1315;2025
016088;Credaro;3533;42.4;18.2;37.1;17.3;1790;1743;2025
019034;Credera Rubbiano;1514;49.4;12.2;27.7;30.8;749;765;2025
019035;Crema;34012;47.8;14.1;30.6;27.5;16440;17572;2025
097028;Cremella;1689;46.3;14.1;31.6;25.0;849;840;2025
012056;Cremenaga;770;45.3;16.5;34.0;22.3;365;405;2025
097029;Cremeno;1787;44.2;13.6;36.7;20.3;981;806;2025
013083;Cremia;698;49.7;13.0;27.4;30.7;347;351;2025
006063;Cremolino;1013;49.7;12.7;28.1;30.5;525;488;2025
019036;Cremona;70922;47.6;13.7;31.8;27.0;34529;36393;2025
019037;Cremosano;1728;43.8;18.3;33.6;20.5;892;836;2025
002049;Crescentino;7544;47.2;14.1;31.7;26.2;3760;3784;2025
024037;Crespadoro;1244;45.1;15.4;36.0;22.5;658;586;2025
098025;Crespiatica;2222;43.4;17.3;35.1;18.5;1152;1070;2025
050041;Crespina Lorenzana;5412;47.5;14.2;29.4;26.2;2684;2728;2025
029019;Crespino;1741;49.9;12.9;28.4;31.8;854;887;2025
003055;Cressa;1558;47.8;14.2;29.9;26.6;767;791;2025
096021;Crevacuore;1377;51.2;11.8;27.5;33.8;685;692;2025
037024;Crevalcore;14105;44.9;16.4;35.0;22.6;7029;7076;2025
103025;Crevoladossola;4435;48.0;13.3;30.1;26.7;2163;2272;2025
063030;Crispano;11660;41.2;17.9;40.6;16.3;5754;5906;2025
073004;Crispiano;12939;46.1;15.9;32.2;24.8;6380;6559;2025
004077;Crissolo;145;54.5;7.6;18.6;37.2;80;65;2025
010020;Crocefieschi;530;52.9;10.2;20.8;34.2;286;244;2025
026025;Crocetta del Montello;6032;46.2;16.8;32.7;26.1;2960;3072;2025
103026;Crodo;1437;49.4;11.9;28.9;30.6;709;728;2025
067023;Crognaleto;1047;53.5;7.9;22.9;36.7;595;452;2025
078046;Cropalati;969;48.1;13.3;30.3;27.8;486;483;2025
079036;Cropani;4869;43.4;17.8;36.6;21.1;2376;2493;2025
078047;Crosia;9571;42.9;17.8;37.5;20.1;4756;4815;2025
012057;Crosio della Valle;623;46.8;14.6;31.5;26.3;323;300;2025
101010;Crotone;58372;44.1;16.8;35.9;21.9;28740;29632;2025
019038;Crotta d'Adda;610;46.1;15.7;31.3;23.1;316;294;2025
002052;Crova;357;50.7;11.5;25.2;33.3;183;174;2025
022068;Croviana;684;45.9;11.5;35.4;24.0;348;336;2025
101011;Crucoli;2753;48.4;14.7;30.0;30.0;1307;1446;2025
012058;Cuasso al Monte;3531;45.6;15.6;31.8;22.4;1754;1777;2025
065049;Cuccaro Vetere;511;49.9;11.4;29.5;30.1;227;284;2025
013084;Cucciago;3402;47.3;14.0;30.7;26.2;1704;1698;2025
001096;Cuceglio;923;49.1;12.7;26.4;28.0;468;455;2025
015096;Cuggiono;8171;46.5;15.0;32.2;24.6;4034;4137;2025
012059;Cugliate-Fabiasco;3116;44.5;16.8;34.9;21.1;1573;1543;2025
095019;Cuglieri;2439;52.8;10.0;23.1;35.6;1218;1221;2025
068017;Cugnoli;1342;49.4;11.9;28.4;28.8;661;681;2025
001097;Cumiana;7793;48.1;14.1;30.4;26.8;3912;3881;2025
019039;Cumignano sul Naviglio;399;47.6;13.8;29.3;26.6;209;190;2025
012060;Cunardo;2882;44.5;15.4;35.7;20.9;1430;1452;2025
004078;Cuneo;55751;47.1;14.3;32.6;26.8;27198;28553;2025
005051;Cunico;427;49.9;11.7;30.2;31.4;220;207;2025
001098;Cuorgnè;9495;47.4;14.3;31.4;27.4;4719;4776;2025
069028;Cupello;4883;44.7;16.2;34.3;22.3;2431;2452;2025
044017;Cupra Marittima;5354;47.4;14.5;31.0;27.2;2599;2755;2025
042016;Cupramontana;4348;48.4;13.8;30.1;29.2;2135;2213;2025
018060;Cura Carpignano;5080;42.0;17.7;36.4;15.9;2485;2595;2025
095077;Curcuris;299;48.4;12.4;27.4;26.4;149;150;2025
003058;Cureggio;2584;46.6;14.9;31.0;24.3;1257;1327;2025
012061;Curiglia con Monteviasco;141;53.0;7.1;22.7;36.2;81;60;2025
079039;Curinga;6394;45.2;15.2;35.3;23.4;3174;3220;2025
096023;Curino;462;51.2;12.6;24.0;31.4;219;243;2025
016089;Curno;7569;46.2;15.0;33.7;24.3;3730;3839;2025
021027;Curon Venosta/Graun im Vinschgau;2391;42.7;18.7;38.8;19.2;1227;1164;2025
075025;Cursi;3821;47.6;13.1;30.8;27.4;1896;1925;2025
028036;Curtarolo;7176;45.7;15.2;33.0;22.6;3570;3606;2025
020021;Curtatone;14739;46.6;15.2;31.3;24.2;7188;7551;2025
061032;Curti;6646;45.2;15.2;34.0;22.8;3172;3474;2025
015097;Cusago;4788;44.0;18.1;34.2;19.4;2380;2408;2025
015098;Cusano Milanino;19016;48.5;14.3;29.9;29.3;9084;9932;2025
062026;Cusano Mutri;3743;47.1;14.5;32.1;26.9;1882;1861;2025
013085;Cusino;243;48.6;12.3;29.6;26.7;124;119;2025
016090;Cusio;196;56.5;4.1;17.9;36.2;104;92;2025
081007;Custonaci;5260;45.4;15.8;34.0;23.3;2625;2635;2025
101012;Cutro;9210;46.0;15.6;33.8;26.4;4560;4650;2025
075026;Cutrofiano;8657;47.7;14.4;29.8;27.5;4164;4493;2025
012062;Cuveglio;3368;45.7;15.9;33.0;23.6;1620;1748;2025
012063;Cuvio;1738;46.4;12.8;33.4;24.1;861;877;2025
015099;Dairago;6373;44.7;17.4;32.4;21.7;3117;3256;2025
016091;Dalmine;23742;45.4;14.7;34.5;22.4;11821;11921;2025
022071;Dambel;396;45.1;16.7;36.1;25.3;207;189;2025
025017;Danta di Cadore;422;50.2;11.8;25.4;32.5;212;210;2025
017065;Darfo Boario Terme;15877;45.5;15.7;34.1;23.7;7900;7977;2025
102007;Dasà;1075;44.9;17.5;35.8;26.0;527;548;2025
010021;Davagna;1784;51.6;10.4;23.2;32.2;951;833;2025
012064;Daverio;3024;47.0;14.6;32.0;24.6;1490;1534;2025
079042;Davoli;5689;45.4;15.1;33.5;24.1;2832;2857;2025
014025;Dazio;507;47.5;15.8;30.6;26.2;238;269;2025
092015;Decimomannu;8358;45.7;14.1;30.6;21.3;4177;4181;2025
111013;Decimoputzu;4188;46.7;14.6;29.9;24.6;2138;2050;2025
079043;Decollatura;2820;48.4;13.3;29.8;28.6;1417;1403;2025
009027;Dego;1810;50.3;12.0;27.1;32.2;889;921;2025
011012;Deiva Marina;1291;51.7;11.4;25.7;35.6;615;676;2025
014026;Delebio;3322;44.6;17.2;36.5;23.7;1676;1646;2025
085006;Delia;3849;45.4;14.8;34.8;23.0;1801;2048;2025
080031;Delianuova;3055;42.7;19.3;40.2;21.5;1471;1584;2025
071022;Deliceto;3464;46.6;14.7;32.5;25.9;1733;1731;2025
017066;Dello;5675;43.9;16.7;35.2;19.7;2862;2813;2025
004079;Demonte;1885;50.2;12.5;28.6;31.7;993;892;2025
006065;Denice;162;55.5;9.9;18.5;40.7;79;83;2025
022074;Denno;1234;46.8;14.7;33.8;26.2;629;605;2025
006066;Dernice;178;57.4;6.7;13.5;40.4;86;92;2025
019040;Derovere;279;51.0;10.0;27.6;30.8;144;135;2025
054017;Deruta;9530;46.5;15.2;31.5;25.4;4733;4797;2025
097030;Dervio;2537;49.9;12.8;28.0;31.1;1254;1283;2025
002054;Desana;1100;46.8;17.3;31.6;25.6;522;578;2025
017067;Desenzano del Garda;29313;47.1;14.2;30.6;24.7;13969;15344;2025
108023;Desio;41662;45.6;15.8;33.4;23.2;20548;21114;2025
091016;Desulo;2004;49.8;11.6;28.7;29.0;999;1005;2025
078048;Diamante;4984;49.0;12.3;28.3;28.8;2413;2571;2025
008025;Diano Arentino;695;49.2;13.2;27.2;29.2;349;346;2025
008026;Diano Castello;2221;48.0;13.6;30.2;25.0;1070;1151;2025
004080;Diano d'Alba;3553;45.8;15.6;32.8;22.7;1803;1750;2025
008027;Diano Marina;5542;51.5;12.3;26.4;34.3;2582;2960;2025
008028;Diano San Pietro;1091;49.1;13.5;27.5;27.8;534;557;2025
048013;Dicomano;5581;46.9;13.9;32.5;25.7;2875;2706;2025
030032;Dignano;2242;49.7;13.1;27.3;30.2;1088;1154;2025
022233;Dimaro Folgarida;2136;46.1;14.5;31.9;23.7;1041;1095;2025
102008;Dinami;1679;50.2;12.2;28.8;33.6;823;856;2025
078049;Dipignano;4066;46.7;13.9;31.2;25.3;1979;2087;2025
075027;Diso;2798;51.9;10.3;25.7;33.7;1322;1476;2025
003060;Divignano;1434;46.0;15.3;31.8;23.8;716;718;2025
013087;Dizzasco;660;49.0;11.7;30.2;28.6;320;340;2025
021028;Dobbiaco/Toblach;3451;43.1;18.7;37.4;20.4;1721;1730;2025
031003;Doberdò del Lago-Doberdob;1317;49.8;10.6;29.0;29.6;634;683;2025
004081;Dogliani;4614;46.9;14.7;32.6;25.7;2310;2304;2025
069029;Dogliola;312;49.8;11.2;27.9;28.8;168;144;2025
030033;Dogna;146;56.8;8.9;17.8;42.5;75;71;2025
023031;Dolcè;2552;45.3;15.6;34.1;23.1;1282;1270;2025
008029;Dolceacqua;2192;46.1;15.7;33.2;24.9;1094;1098;2025
008030;Dolcedo;1259;48.9;13.0;27.9;27.8;634;625;2025
031004;Dolegna del Collio;289;53.7;7.6;21.1;32.9;155;134;2025
111014;Dolianova;9367;47.2;14.0;28.2;24.2;4694;4673;2025
027012;Dolo;14985;48.0;13.7;29.9;26.9;7314;7671;2025
097031;Dolzago;2529;45.0;16.8;33.5;22.1;1237;1292;2025
078050;Domanico;930;47.0;14.0;30.6;26.9;455;475;2025
013089;Domaso;1392;49.9;12.1;27.8;30.5;675;717;2025
025018;Domegge di Cadore;2223;50.7;12.0;26.0;31.4;1078;1145;2025
064031;Domicella;1824;42.0;18.2;39.3;18.5;920;904;2025
103028;Domodossola;17663;49.1;12.8;28.9;29.2;8385;9278;2025
111015;Domus de Maria;1639;51.4;10.1;22.9;31.3;824;815;2025
111016;Domusnovas;5745;49.7;10.9;25.7;29.1;2835;2910;2025
096024;Donato;688;52.0;10.3;24.0;33.1;346;342;2025
013090;Dongo;3120;48.9;13.7;28.9;29.3;1550;1570;2025
007023;Donnas;2392;48.0;13.6;31.1;27.4;1162;1230;2025
111017;Donori;1912;48.6;12.1;27.6;26.7;966;946;2025
091017;Dorgali;8256;45.7;15.4;33.6;24.2;4135;4121;2025
097032;Dorio;339;51.0;8.8;26.8;30.7;163;176;2025
003062;Dormelletto;2532;49.5;12.9;28.4;29.1;1222;1310;2025
018061;Dorno;4588;47.7;13.8;29.9;25.6;2278;2310;2025
096025;Dorzano;535;48.4;12.7;29.3;26.7;276;259;2025
020022;Dosolo;3241;47.5;14.3;29.9;25.5;1603;1638;2025
016092;Dossena;881;48.8;11.2;28.3;29.1;456;425;2025
013092;Dosso del Liro;237;50.3;12.7;24.5;29.1;115;122;2025
007024;Doues;514;47.4;15.8;31.7;25.7;252;262;2025
040011;Dovadola;1559;49.0;12.6;28.9;28.3;761;798;2025
019041;Dovera;3729;46.1;15.0;32.3;24.0;1845;1884;2025
037025;Dozza;6569;45.7;15.9;33.1;23.3;3242;3327;2025
061033;Dragoni;1890;45.9;14.3;33.1;22.5;882;1008;2025
102009;Drapia;2125;47.8;11.7;30.9;27.9;1054;1071;2025
022078;Drena;601;46.7;13.8;30.8;26.5;301;300;2025
030034;Drenchia;89;64.2;4.5;6.7;53.9;45;44;2025
015101;Dresano;3092;45.6;16.8;32.7;22.7;1525;1567;2025
022079;Dro;5099;43.3;19.2;36.2;19.9;2525;2574;2025
004082;Dronero;7024;45.4;16.5;35.3;25.1;3523;3501;2025
001099;Druento;8986;46.4;15.8;31.7;25.2;4388;4598;2025
103029;Druogno;1042;45.3;15.5;32.1;23.3;526;516;2025
091018;Dualchi;554;52.5;9.9;24.2;36.3;270;284;2025
014027;Dubino;3822;45.0;16.7;34.7;22.8;1921;1901;2025
028106;Due Carrare;9022;46.0;14.1;32.3;22.6;4530;4492;2025
024038;Dueville;13563;46.7;15.4;32.6;25.6;6639;6924;2025
062027;Dugenta;2641;46.3;14.2;32.8;25.3;1279;1362;2025
032001;Duino Aurisina-Devin Nabrežina;8217;51.7;11.3;25.8;32.3;3971;4246;2025
012065;Dumenza;1456;46.5;16.0;31.7;25.0;723;733;2025
012066;Duno;156;48.0;11.5;26.3;19.9;92;64;2025
062028;Durazzano;2059;44.4;16.7;36.1;21.0;1041;1018;2025
070022;Duronia;390;57.6;4.6;17.9;41.3;213;177;2025
005052;Dusino San Michele;1083;46.5;13.9;32.1;23.6;573;510;2025
065050;Eboli;37571;43.6;16.2;36.0;20.4;19153;18418;2025
017068;Edolo;4414;47.9;14.7;29.9;27.1;2154;2260;2025
021029;Egna/Neumarkt;5514;44.2;17.8;35.2;21.1;2721;2793;2025
068018;Elice;1630;48.0;13.1;29.6;27.5;807;823;2025
091019;Elini;546;45.6;14.5;32.6;22.5;268;278;2025
097033;Ello;1195;48.8;12.2;29.5;29.7;576;619;2025
092108;Elmas;9491;46.8;13.6;29.1;23.3;4689;4802;2025
004083;Elva;79;47.5;12.7;29.1;22.8;41;38;2025
007025;Emarèse;233;45.0;17.6;34.3;24.5;116;117;2025
048014;Empoli;49391;46.4;14.2;32.4;23.7;24061;25330;2025
016093;Endine Gaiano;3458;45.8;15.0;33.1;22.5;1754;1704;2025
024039;Enego;1506;51.6;9.8;25.9;32.5;788;718;2025
030035;Enemonzo;1240;50.7;11.4;25.2;31.8;624;616;2025
086009;Enna;25102;48.0;13.3;30.2;27.9;12003;13099;2025
004084;Entracque;763;51.0;11.8;26.1;33.3;375;388;2025
016094;Entratico;1984;43.1;17.9;36.2;19.1;1003;981;2025
004085;Envie;1957;46.9;13.9;33.2;26.2;999;958;2025
076030;Episcopia;1271;48.9;12.9;30.1;29.7;626;645;2025
027013;Eraclea;11901;48.0;13.3;29.9;26.6;5888;6013;2025
013095;Erba;16264;48.0;14.0;31.3;27.7;7921;8343;2025
023032;Erbè;1926;43.4;18.6;36.1;20.9;955;971;2025
023033;Erbezzo;840;45.6;13.1;35.0;25.0;465;375;2025
017069;Erbusco;8842;43.8;17.4;34.9;20.0;4519;4323;2025
074006;Erchie;8125;45.6;14.4;33.6;23.7;3959;4166;2025
063064;Ercolano;49505;43.6;17.5;37.7;22.4;23935;25570;2025
081008;Erice;25770;46.5;14.8;32.4;25.7;12394;13376;2025
009028;Erli;220;55.8;7.7;15.9;38.2;117;103;2025
093019;Erto e Casso;360;48.6;11.7;26.9;27.8;179;181;2025
090088;Erula;691;50.7;11.4;26.5;31.1;343;348;2025
097034;Erve;675;48.5;11.3;32.1;26.5;333;342;2025
043016;Esanatoglia;1894;48.9;13.5;29.8;29.3;903;991;2025
111018;Escalaplano;2039;49.1;13.9;28.7;30.1;1101;938;2025
111019;Escolca;543;51.8;10.3;24.9;34.3;261;282;2025
017070;Esine;5042;45.9;14.9;33.0;23.2;2499;2543;2025
097035;Esino Lario;747;48.7;15.4;30.3;30.8;380;367;2025
060031;Esperia;3568;48.0;14.5;30.2;29.9;1787;1781;2025
090028;Esporlatu;361;48.2;12.7;33.5;26.9;172;189;2025
028037;Este;15888;49.2;12.2;29.2;29.1;7646;8242;2025
111020;Esterzili;559;54.0;8.1;22.0;36.1;275;284;2025
007026;Etroubles;476;45.9;13.7;32.6;23.5;256;220;2025
013097;Eupilio;2531;47.8;14.5;30.6;27.8;1273;1258;2025
001100;Exilles;245;48.7;9.8;27.8;25.3;124;121;2025
006067;Fabbrica Curone;557;58.1;5.2;16.9;44.5;263;294;2025
046036;Fabbriche di Vergemoli;698;53.1;9.2;22.9;35.0;359;339;2025
035021;Fabbrico;6824;43.8;17.7;37.0;21.7;3505;3319;2025
042017;Fabriano;28597;48.2;13.7;30.0;27.7;13926;14671;2025
056024;Fabrica di Roma;8161;46.0;15.1;31.4;23.5;4055;4106;2025
102010;Fabrizia;1942;45.8;15.1;34.6;24.6;923;1019;2025
055011;Fabro;2579;49.0;12.3;28.3;29.3;1247;1332;2025
030036;Faedis;2765;49.6;12.4;27.3;29.5;1391;1374;2025
014028;Faedo Valtellino;514;49.8;12.3;28.4;30.9;265;249;2025
039010;Faenza;58732;46.7;15.2;32.5;25.5;29038;29694;2025
071023;Faeto;609;47.0;12.5;31.0;24.3;308;301;2025
030037;Fagagna;6048;48.7;13.6;28.9;28.7;3001;3047;2025
013098;Faggeto Lario;1100;48.7;13.3;29.7;28.0;563;537;2025
073005;Faggiano;3374;46.1;15.0;31.1;24.7;1661;1713;2025
066042;Fagnano Alto;336;51.2;12.5;25.6;32.7;166;170;2025
078051;Fagnano Castello;3303;48.6;13.7;28.4;29.5;1610;1693;2025
012067;Fagnano Olona;12394;45.2;16.8;33.7;23.0;6137;6257;2025
062029;Faicchio;3204;47.7;13.3;31.6;25.8;1594;1610;2025
022081;Fai della Paganella;937;48.7;12.3;29.5;27.5;468;469;2025
025019;Falcade;1746;50.9;11.2;26.9;30.6;836;910;2025
061101;Falciano del Massico;3414;45.4;15.2;33.3;24.0;1653;1761;2025
078052;Falconara Albanese;1493;46.2;14.1;32.7;25.0;738;755;2025
042018;Falconara Marittima;25900;48.7;13.2;30.1;29.1;12670;13230;2025
083019;Falcone;2817;46.2;15.4;33.8;25.4;1371;1446;2025
056025;Faleria;2002;48.2;12.9;28.4;25.9;994;1008;2025
079047;Falerna;3918;44.8;15.2;34.8;22.4;2032;1886;2025
109005;Falerone;3166;48.3;13.6;30.6;28.9;1609;1557;2025
069104;Fallo;119;54.6;7.6;21.0;40.3;65;54;2025
013099;Faloppio;4889;44.0;17.5;34.8;20.4;2408;2481;2025
060032;Falvaterra;514;49.4;13.2;27.2;29.6;260;254;2025
021030;Falzes/Pfalzen;3175;40.6;20.4;40.9;16.0;1602;1573;2025
036011;Fanano;2979;50.7;11.8;25.9;32.2;1474;1505;2025
093020;Fanna;1464;49.0;13.4;28.2;28.8;734;730;2025
041013;Fano;59903;47.4;14.3;30.7;26.0;28956;30947;2025
067024;Fano Adriano;255;58.4;2.7;13.7;41.2;144;111;2025
069030;Fara Filiorum Petri;1977;45.8;14.3;32.8;23.9;1012;965;2025
016096;Fara Gera d'Adda;8022;45.2;15.7;32.8;22.7;4007;4015;2025
057027;Fara in Sabina;13885;45.3;15.2;33.2;22.5;6902;6983;2025
003065;Fara Novarese;2003;48.1;13.3;28.7;27.3;1001;1002;2025
016097;Fara Olivana con Sola;1353;43.9;16.0;34.6;21.0;708;645;2025
069031;Fara San Martino;1261;50.4;12.5;27.8;32.2;634;627;2025
024040;Fara Vicentino;3717;46.4;14.7;32.0;24.9;1856;1861;2025
076031;Fardella;575;49.9;10.3;30.4;32.9;292;283;2025
004086;Farigliano;1669;47.7;14.1;31.6;27.6;833;836;2025
068019;Farindola;1291;51.4;11.5;26.6;35.0;632;659;2025
033019;Farini;1044;60.1;5.9;14.8;48.4;531;513;2025
056026;Farnese;1350;51.9;10.1;24.2;33.7;660;690;2025
026026;Farra di Soligo;8510;45.7;16.7;34.1;24.7;4186;4324;2025
031005;Farra d'Isonzo;1655;49.2;12.7;28.2;27.7;818;837;2025
074007;Fasano;38863;45.8;14.6;32.9;23.4;19051;19812;2025
010022;Fascia;69;62.1;2.9;15.9;52.2;36;33;2025
050014;Fauglia;3611;48.1;13.8;28.4;27.2;1781;1830;2025
004087;Faule;474;46.0;16.5;32.1;24.3;233;241;2025
010023;Favale di Malvaro;416;49.6;13.0;29.8;29.8;208;208;2025
084017;Favara;31315;44.0;16.9;36.5;21.8;15242;16073;2025
081009;Favignana;4531;47.7;12.4;30.1;26.8;2312;2219;2025
001101;Favria;4982;45.5;16.6;33.1;23.7;2454;2528;2025
004088;Feisoglio;300;54.6;10.7;20.3;41.0;144;156;2025
001102;Feletto;2145;46.4;15.1;32.4;25.2;1077;1068;2025
034013;Felino;9219;45.8;15.7;32.7;22.9;4577;4642;2025
065051;Felitto;1165;51.5;10.4;25.5;33.3;567;598;2025
006068;Felizzano;2078;50.6;11.4;26.9;30.9;1027;1051;2025
025021;Feltre;20631;48.2;13.6;30.4;28.3;10087;10544;2025
013100;Fenegrò;3270;44.7;16.2;33.7;21.2;1662;1608;2025
001103;Fenestrelle;471;54.8;7.9;19.7;37.4;246;225;2025
007027;Fénis;1789;46.0;16.4;31.6;23.9;861;928;2025
055012;Ferentillo;1788;48.5;14.9;29.5;29.6;902;886;2025
060033;Ferentino;19949;46.1;14.3;32.0;24.1;9931;10018;2025
089008;Ferla;2235;48.6;13.7;28.9;29.3;1105;1130;2025
041014;Fermignano;8248;45.1;15.8;34.2;22.4;4108;4140;2025
109006;Fermo;35727;48.0;13.5;30.7;27.7;17393;18334;2025
012068;Ferno;6716;45.9;15.4;32.9;23.6;3337;3379;2025
079048;Feroleto Antico;1954;46.3;16.5;32.3;25.9;964;990;2025
080032;Feroleto della Chiesa;1503;48.7;11.8;29.9;29.5;728;775;2025
077008;Ferrandina;7908;47.6;12.8;31.2;26.9;3949;3959;2025
038008;Ferrara;129081;49.3;12.2;28.5;29.0;61709;67372;2025
023034;Ferrara di Monte Baldo;280;54.6;2.9;16.1;30.4;153;127;2025
070023;Ferrazzano;3435;45.4;14.2;35.1;23.9;1705;1730;2025
012069;Ferrera di Varese;690;43.0;17.2;37.5;18.1;343;347;2025
018062;Ferrera Erbognone;1090;46.8;14.4;31.9;25.1;558;532;2025
005053;Ferrere;1490;48.8;13.6;29.5;29.3;750;740;2025
033020;Ferriere;1087;58.3;6.3;15.6;46.5;584;503;2025
080033;Ferruzzano;715;48.2;13.8;33.3;29.4;336;379;2025
057028;Fiamignano;1162;54.3;8.1;20.4;37.9;618;544;2025
001104;Fiano;2626;47.6;15.0;29.9;27.0;1319;1307;2025
058036;Fiano Romano;16678;42.5;18.3;36.6;17.8;8508;8170;2025
043017;Fiastra;607;53.4;9.4;24.1;36.2;317;290;2025
022083;Fiavè;1076;46.1;16.1;32.7;25.9;529;547;2025
082035;Ficarazzi;12874;40.4;20.7;41.1;16.0;6300;6574;2025
029021;Ficarolo;2167;53.8;8.9;22.7;36.0;1051;1116;2025
083020;Ficarra;1273;51.4;9.2;25.9;33.4;618;655;2025
055013;Ficulle;1562;50.9;12.1;25.9;31.9;779;783;2025
034014;Fidenza;27408;45.1;16.8;34.6;23.5;13359;14049;2025
021031;Fiè allo Sciliar/Völs am Schlern;3709;41.7;19.3;39.9;17.7;1849;1860;2025
022085;Fierozzo;463;44.7;17.1;37.8;23.8;248;215;2025
019043;Fiesco;1213;44.9;15.6;33.6;20.9;610;603;2025
048015;Fiesole;13809;48.8;14.1;29.6;29.3;6650;7159;2025
017071;Fiesse;2067;45.4;15.1;33.0;23.1;1053;1014;2025
027014;Fiesso d'Artico;8568;45.3;16.4;32.8;22.4;4212;4356;2025
029022;Fiesso Umbertiano;3901;48.8;13.1;27.7;28.3;1932;1969;2025
013101;Figino Serenza;4961;46.5;15.1;32.3;24.9;2444;2517;2025
048052;Figline e Incisa Valdarno;23193;47.5;14.2;31.0;27.0;11331;11862;2025
078053;Figline Vegliaturo;1098;45.0;16.6;33.2;23.4;538;560;2025
058037;Filacciano;467;49.7;11.1;27.4;28.3;225;242;2025
102011;Filadelfia;4989;46.7;15.0;33.3;26.7;2440;2549;2025
016098;Filago;3119;44.4;17.1;34.6;21.1;1568;1551;2025
102012;Filandari;1752;42.7;18.0;39.6;20.0;862;890;2025
045006;Filattiera;2165;51.2;11.8;26.4;31.8;1062;1103;2025
060034;Filettino;535;50.8;10.8;23.2;28.8;284;251;2025
069032;Filetto;816;52.6;9.7;24.3;33.1;404;412;2025
076032;Filiano;2646;48.1;12.2;29.5;26.8;1324;1322;2025
018063;Filighera;816;48.5;13.2;28.9;27.9;411;405;2025
094019;Filignano;557;54.5;7.7;19.9;38.6;295;262;2025
102013;Filogaso;1328;43.8;16.4;36.9;23.0;679;649;2025
042019;Filottrano;8823;47.1;15.0;31.3;26.4;4380;4443;2025
036012;Finale Emilia;15343;46.3;15.7;32.6;24.6;7643;7700;2025
009029;Finale Ligure;11012;50.9;11.5;27.3;31.8;5311;5701;2025
016099;Fino del Monte;1126;46.5;13.9;32.0;26.1;593;533;2025
013102;Fino Mornasco;10054;44.5;16.4;34.3;21.3;5042;5012;2025
016100;Fiorano al Serio;2940;46.8;15.6;32.2;25.9;1426;1514;2025
001105;Fiorano Canavese;738;50.9;9.8;28.0;32.5;375;363;2025
036013;Fiorano Modenese;16723;45.3;15.8;34.0;23.0;8313;8410;2025
033021;Fiorenzuola d'Arda;14887;46.4;15.1;33.1;24.9;7326;7561;2025
048017;Firenze;361705;47.7;13.5;30.9;26.6;171140;190565;2025
048018;Firenzuola;4426;50.4;12.3;28.0;31.8;2238;2188;2025
078054;Firmo;1810;49.3;12.4;28.1;29.6;903;907;2025
038027;Fiscaglia;8465;51.3;10.9;25.3;32.6;4166;4299;2025
065052;Fisciano;14113;43.8;15.9;35.9;20.6;7042;7071;2025
060035;Fiuggi;10195;47.6;12.6;29.8;25.3;4954;5241;2025
036014;Fiumalbo;1191;50.8;13.1;25.4;31.8;612;579;2025
080034;Fiumara;825;50.1;10.3;26.5;30.5;394;431;2025
083021;Fiumedinisi;1256;44.8;17.4;37.4;25.0;610;646;2025
078055;Fiumefreddo Bruzio;3851;44.0;11.1;41.1;22.3;1937;1914;2025
087016;Fiumefreddo di Sicilia;8967;46.0;15.2;33.1;24.5;4263;4704;2025
093021;Fiume Veneto;11801;45.4;16.1;33.8;23.2;5781;6020;2025
030190;Fiumicello Villa Vicentina;6263;48.6;13.8;27.6;28.1;3096;3167;2025
058120;Fiumicino;82829;43.9;16.9;33.9;18.9;41496;41333;2025
043019;Fiuminata;1231;52.8;10.6;23.8;35.3;608;623;2025
045007;Fivizzano;6907;54.4;9.8;21.5;38.5;3408;3499;2025
030039;Flaibano;1096;47.2;14.4;32.5;24.8;538;558;2025
017072;Flero;8734;46.3;14.9;32.5;25.2;4372;4362;2025
083022;Floresta;459;51.1;8.3;30.3;31.8;231;228;2025
089009;Floridia;21141;43.9;16.8;35.5;20.5;10351;10790;2025
090029;Florinas;1451;48.0;13.5;29.1;28.0;711;740;2025
064032;Flumeri;2487;47.5;14.3;30.6;28.1;1223;1264;2025
111021;Fluminimaggiore;2608;51.3;9.8;25.1;31.7;1282;1326;2025
095080;Flussio;395;51.5;9.4;25.1;33.9;186;209;2025
002057;Fobello;185;56.7;4.3;17.3;35.7;107;78;2025
071024;Foggia;145198;45.7;15.0;34.0;24.3;71850;73348;2025
062030;Foglianise;3096;46.2;14.8;33.9;24.4;1502;1594;2025
031006;Fogliano Redipuglia;2979;48.5;13.3;29.0;27.0;1436;1543;2025
001106;Foglizzo;2256;46.9;15.4;30.6;26.1;1103;1153;2025
051018;Foiano della Chiana;8997;46.1;15.3;32.2;24.5;4409;4588;2025
062031;Foiano di Val Fortore;1298;47.4;13.4;31.9;26.8;644;654;2025
022087;Folgaria;3153;48.6;12.7;29.7;28.4;1545;1608;2025
044020;Folignano;8707;46.2;15.0;32.4;24.6;4352;4355;2025
054018;Foligno;55303;47.3;14.7;31.1;26.7;26621;28682;2025
026027;Follina;3607;47.5;14.5;31.3;27.5;1748;1859;2025
011013;Follo;6183;47.0;13.8;30.5;23.4;3085;3098;2025
053009;Follonica;20174;50.8;11.9;26.4;32.1;9496;10678;2025
098026;Fombio;2284;44.7;15.0;33.1;19.4;1174;1110;2025
083023;Fondachelli-Fantina;1078;43.6;10.5;42.1;21.4;646;432;2025
059007;Fondi;39916;43.9;16.4;35.2;21.0;19967;19949;2025
091024;Fonni;3579;47.5;15.1;33.0;27.9;1739;1840;2025
007028;Fontainemore;447;47.3;11.6;31.5;27.1;232;215;2025
093022;Fontanafredda;12893;44.6;17.5;33.6;21.3;6414;6479;2025
060036;Fontana Liri;2630;48.8;14.0;28.4;29.5;1287;1343;2025
064033;Fontanarosa;2846;48.1;12.6;30.3;27.5;1401;1445;2025
037026;Fontanelice;1908;47.0;15.2;31.7;26.2;951;957;2025
016101;Fontanella;4899;42.5;19.1;38.2;19.9;2474;2425;2025
034015;Fontanellato;7055;46.2;15.5;32.7;24.5;3594;3461;2025
026028;Fontanelle;5650;45.7;15.6;33.9;24.0;2795;2855;2025
003066;Fontaneto d'Agogna;2614;47.9;13.8;28.8;26.7;1292;1322;2025
002058;Fontanetto Po;1052;51.0;9.7;25.9;31.7;529;523;2025
010024;Fontanigorda;216;58.4;6.9;16.2;44.9;123;93;2025
005054;Fontanile;470;52.6;6.6;24.3;30.6;239;231;2025
028038;Fontaniva;8069;45.6;16.0;33.9;23.3;4051;4018;2025
026029;Fonte;6018;44.3;16.8;37.3;22.1;3107;2911;2025
066043;Fontecchio;280;49.9;12.1;26.8;30.7;135;145;2025
060037;Fontechiari;1205;47.0;14.3;30.0;25.0;565;640;2025
061034;Fontegreca;732;48.7;13.9;28.0;30.9;371;361;2025
016102;Fonteno;564;48.6;10.8;28.9;27.0;295;269;2025
058122;Fonte Nuova;32662;43.3;17.6;35.5;19.3;16078;16584;2025
034016;Fontevivo;5534;45.5;15.3;32.3;22.7;2788;2746;2025
025022;Fonzaso;2980;49.9;12.8;28.0;32.6;1487;1493;2025
016103;Foppolo;149;55.2;4.7;22.8;36.2;86;63;2025
057029;Forano;3268;45.2;12.6;36.3;22.5;1650;1618;2025
044021;Force;1089;52.0;10.7;25.2;34.5;550;539;2025
062032;Forchia;1193;41.8;17.8;39.1;18.5;606;587;2025
014029;Forcola;756;46.4;14.6;34.7;25.4;387;369;2025
095020;Fordongianus;812;51.2;10.2;26.1;31.7;392;420;2025
076033;Forenza;1756;49.7;11.0;27.6;29.8;898;858;2025
016104;Foresto Sparso;3134;44.4;16.2;34.7;21.7;1593;1541;2025
030137;Forgaria nel Friuli;1679;50.9;10.5;26.3;32.3;842;837;2025
064034;Forino;5257;43.4;15.7;37.1;19.6;2711;2546;2025
063031;Forio;17531;43.8;16.1;35.8;20.2;8740;8791;2025
040012;Forlì;117535;46.9;14.7;32.2;25.9;57525;60010;2025
094020;Forlì del Sannio;623;51.7;9.8;27.3;33.7;314;309;2025
040013;Forlimpopoli;13163;46.8;15.4;31.4;25.3;6520;6643;2025
103031;Formazza;429;51.4;10.0;27.3;31.5;214;215;2025
058038;Formello;13850;44.1;17.1;35.1;20.7;6678;7172;2025
059008;Formia;36807;47.1;14.4;31.5;26.0;17729;19078;2025
061035;Formicola;1477;44.3;14.4;36.0;21.8;753;724;2025
019044;Formigara;1000;49.2;13.7;28.7;29.5;500;500;2025
036015;Formigine;34464;45.2;15.9;33.7;22.5;17055;17409;2025
002059;Formigliana;491;47.9;15.5;28.5;26.7;253;238;2025
022089;Fornace;1352;43.4;16.2;37.1;20.6;703;649;2025
094021;Fornelli;1800;47.2;12.6;31.5;24.2;893;907;2025
030040;Forni Avoltri;499;52.3;10.2;25.5;35.5;259;240;2025
030041;Forni di Sopra;907;52.6;10.4;23.8;34.5;462;445;2025
030042;Forni di Sotto;520;52.1;11.0;22.3;33.8;254;266;2025
001107;Forno Canavese;3166;48.7;12.9;29.7;29.8;1624;1542;2025
034017;Fornovo di Taro;6024;46.4;15.5;33.3;25.4;2963;3061;2025
016105;Fornovo San Giovanni;3382;43.3;17.2;35.2;19.5;1683;1699;2025
046013;Forte dei Marmi;6666;52.4;11.0;24.5;34.3;3063;3603;2025
021032;Fortezza/Franzensfeste;1106;40.7;21.6;41.0;16.8;570;536;2025
018064;Fortunago;368;53.3;9.0;22.0;35.6;195;173;2025
083024;Forza d'Agrò;930;46.5;13.2;32.4;25.3;477;453;2025
046014;Fosciandora;554;51.6;11.0;23.8;32.5;260;294;2025
045008;Fosdinovo;4592;50.5;11.9;25.5;29.6;2273;2319;2025
066044;Fossa;669;47.5;12.6;29.4;25.6;331;338;2025
069033;Fossacesia;6298;45.8;15.2;33.3;23.6;3127;3171;2025
027015;Fossalta di Piave;4245;45.8;15.5;33.5;23.7;2081;2164;2025
027016;Fossalta di Portogruaro;5750;48.9;14.1;28.1;29.6;2799;2951;2025
070024;Fossalto;1123;50.9;10.5;27.3;32.7;550;573;2025
004089;Fossano;24097;45.8;16.1;34.2;25.2;12060;12037;2025
054019;Fossato di Vico;2555;48.2;14.0;29.7;28.4;1277;1278;2025
079052;Fossato Serralta;532;46.4;15.0;32.3;23.5;267;265;2025
027017;Fossò;7137;45.5;16.0;32.4;22.6;3492;3645;2025
041015;Fossombrone;9035;47.4;14.0;30.8;26.8;4491;4544;2025
024041;Foza;667;48.2;13.5;28.3;29.5;360;307;2025
004090;Frabosa Soprana;720;50.4;7.9;31.1;31.5;411;309;2025
004091;Frabosa Sottana;1617;46.5;13.0;31.7;23.7;884;733;2025
006069;Fraconalto;299;51.8;10.4;24.7;32.8;163;136;2025
073006;Fragagnano;4927;48.0;14.2;30.1;28.2;2367;2560;2025
062033;Fragneto l'Abate;931;50.1;12.5;29.3;31.8;435;496;2025
062034;Fragneto Monforte;1656;47.7;13.6;30.5;26.4;805;851;2025
069034;Fraine;246;56.2;4.9;22.4;38.2;114;132;2025
011014;Framura;553;55.3;8.3;18.8;38.7;275;278;2025
069035;Francavilla al Mare;25568;47.0;14.6;30.2;25.6;12188;13380;2025
102014;Francavilla Angitola;1780;48.3;12.9;32.2;28.0;911;869;2025
006070;Francavilla Bisio;507;48.2;14.4;28.6;27.8;245;262;2025
109007;Francavilla d'Ete;908;50.4;13.1;29.2;33.4;469;439;2025
083025;Francavilla di Sicilia;3524;48.4;14.2;29.7;29.2;1724;1800;2025
074008;Francavilla Fontana;34550;45.2;15.5;34.3;23.5;16739;17811;2025
076034;Francavilla in Sinni;3841;46.4;14.9;32.0;25.6;1900;1941;2025
078056;Francavilla Marittima;2731;46.0;15.8;33.2;25.8;1349;1382;2025
102015;Francica;1602;42.2;19.8;39.9;20.7;810;792;2025
089010;Francofonte;11541;44.7;16.5;35.6;24.1;5681;5860;2025
061036;Francolise;4632;43.9;16.6;35.7;21.7;2319;2313;2025
006071;Frascaro;430;49.8;12.1;29.3;29.3;211;219;2025
018065;Frascarolo;1071;52.4;10.8;25.5;33.9;531;540;2025
058039;Frascati;22867;45.8;16.0;32.6;23.8;10887;11980;2025
078057;Frascineto;1846;49.7;12.0;28.0;31.7;875;971;2025
022090;Frassilongo;343;48.4;12.0;29.2;27.7;177;166;2025
029023;Frassinelle Polesine;1322;51.3;11.3;25.3;32.6;650;672;2025
006072;Frassinello Monferrato;464;50.5;12.7;26.3;30.8;226;238;2025
006073;Frassineto Po;1353;48.7;13.6;29.8;27.1;666;687;2025
001108;Frassinetto;272;50.4;9.6;27.6;31.2;159;113;2025
004092;Frassino;254;50.2;13.0;25.2;29.5;139;115;2025
036016;Frassinoro;1721;53.4;10.2;22.7;36.3;867;854;2025
057030;Frasso Sabino;734;46.2;13.4;31.6;22.5;363;371;2025
062035;Frasso Telesino;1991;47.6;14.0;31.2;28.2;1003;988;2025
063032;Frattamaggiore;28558;44.9;15.6;34.3;23.0;13800;14758;2025
063033;Frattaminore;15344;42.5;16.4;38.7;17.9;7529;7815;2025
029024;Fratta Polesine;2442;50.4;11.6;24.8;31.0;1160;1282;2025
054020;Fratta Todina;1897;46.9;12.7;33.9;24.7;978;919;2025
041016;Fratte Rosa;829;51.8;10.5;24.5;32.6;428;401;2025
083026;Frazzanò;536;51.6;9.7;25.7;34.7;259;277;2025
026030;Fregona;2762;49.5;12.7;28.3;29.8;1378;1384;2025
069036;Fresagrandinaria;917;48.0;14.3;31.0;30.6;456;461;2025
006074;Fresonara;632;48.9;13.0;26.4;27.4;326;306;2025
064035;Frigento;3428;47.7;12.0;31.4;25.9;1716;1712;2025
061037;Frignano;8892;41.5;19.0;39.2;17.9;4385;4507;2025
005055;Frinco;726;48.5;14.3;29.3;27.0;354;372;2025
069037;Frisa;1636;49.2;12.1;28.4;28.7;798;838;2025
093024;Frisanco;588;51.0;9.0;24.8;30.3;305;283;2025
001109;Front;1582;48.5;12.1;29.8;26.7;806;776;2025
041017;Frontino;298;47.1;16.8;31.5;27.5;146;152;2025
041018;Frontone;1197;49.9;12.7;26.2;31.6;582;615;2025
060038;Frosinone;43015;46.9;14.4;31.6;26.0;20677;22338;2025
094022;Frosolone;2745;48.1;13.9;30.1;28.2;1403;1342;2025
001110;Frossasco;2829;48.2;13.5;30.0;27.8;1399;1430;2025
006075;Frugarolo;1892;48.8;14.3;28.5;29.3;915;977;2025
006076;Fubine Monferrato;1602;49.1;13.9;27.6;28.3;782;820;2025
048019;Fucecchio;22847;46.7;14.6;31.7;24.8;11283;11564;2025
016106;Fuipiano Valle Imagna;202;49.4;10.9;24.8;33.2;102;100;2025
023035;Fumane;4179;45.4;15.7;33.6;23.1;2167;2012;2025
060039;Fumone;1942;48.8;11.5;27.9;28.1;970;972;2025
021033;Funes/Villnöß;2559;41.9;20.2;40.4;18.0;1290;1269;2025
069038;Furci;787;52.9;8.3;23.6;35.2;383;404;2025
083027;Furci Siculo;3254;46.2;14.9;31.6;24.6;1575;1679;2025
083028;Furnari;4147;45.7;14.7;33.1;23.9;2065;2082;2025
065053;Furore;683;45.9;13.2;32.8;23.0;361;322;2025
111022;Furtei;1487;50.0;10.9;26.6;29.9;740;747;2025
078058;Fuscaldo;7911;45.5;15.5;34.7;25.2;4024;3887;2025
039011;Fusignano;8200;47.6;14.9;31.4;27.1;4103;4097;2025
014030;Fusine;560;49.1;12.1;29.8;26.8;278;282;2025
065054;Futani;1050;48.4;13.9;29.4;28.1;487;563;2025
019045;Gabbioneta-Binanuova;851;48.3;14.5;28.9;29.8;433;418;2025
006077;Gabiano;1037;52.5;10.0;23.2;33.8;531;506;2025
041019;Gabicce Mare;5436;49.5;11.9;27.6;28.7;2676;2760;2025
007029;Gaby;403;49.7;10.9;28.5;28.8;202;201;2025
019046;Gadesco-Pieve Delmona;1882;45.0;14.5;33.8;20.7;956;926;2025
091025;Gadoni;638;54.5;8.3;21.8;39.7;307;331;2025
059009;Gaeta;19137;49.7;12.0;27.7;30.0;9276;9861;2025
083029;Gaggi;3084;44.1;17.3;34.4;22.0;1499;1585;2025
015103;Gaggiano;9458;45.7;16.9;32.4;24.3;4614;4844;2025
037027;Gaggio Montano;4884;47.4;13.7;31.2;25.9;2441;2443;2025
096026;Gaglianico;3800;49.1;12.2;28.8;29.8;1799;2001;2025
066045;Gagliano Aterno;229;50.8;13.1;24.9;34.5;119;110;2025
086010;Gagliano Castelferrato;3148;48.2;13.5;30.1;29.1;1511;1637;2025
075028;Gagliano del Capo;4819;48.0;12.8;31.7;28.0;2342;2477;2025
079055;Gagliato;416;50.7;10.3;24.3;33.7;196;220;2025
043020;Gagliole;524;49.6;13.4;27.7;30.2;271;253;2025
026031;Gaiarine;5942;47.9;14.2;31.0;28.5;3004;2938;2025
029025;Gaiba;946;51.0;11.8;26.1;33.2;467;479;2025
004093;Gaiola;577;45.7;17.5;34.0;25.0;295;282;2025
052013;Gaiole in Chianti;2485;47.1;14.8;31.5;26.0;1265;1220;2025
091026;Gairo;1269;48.1;12.8;30.5;28.7;627;642;2025
021034;Gais/Gais;3277;43.3;17.9;37.4;19.9;1669;1608;2025
083030;Galati Mamertino;2155;51.0;9.8;26.3;31.8;992;1163;2025
075029;Galatina;25319;48.0;13.6;30.5;27.4;12192;13127;2025
075030;Galatone;14836;46.2;15.1;32.7;25.9;7173;7663;2025
080035;Galatro;1408;49.5;12.0;29.0;31.1;679;729;2025
097036;Galbiate;8456;47.7;14.4;31.1;27.6;4153;4303;2025
040014;Galeata;2529;44.4;18.0;36.6;23.2;1300;1229;2025
098027;Galgagnano;1324;42.6;16.5;34.7;16.4;670;654;2025
012070;Gallarate;52902;45.7;15.9;33.5;23.9;25931;26971;2025
056027;Gallese;2543;48.8;12.5;27.6;28.1;1242;1301;2025
003068;Galliate;15700;45.7;15.9;33.1;23.5;7685;8015;2025
012071;Galliate Lombardo;1039;46.5;15.9;31.9;23.2;500;539;2025
018066;Galliavola;164;55.0;7.9;21.3;37.8;77;87;2025
046015;Gallicano;3606;48.7;13.2;29.0;27.8;1828;1778;2025
058040;Gallicano nel Lazio;6504;43.9;16.7;33.8;19.8;3300;3204;2025
076035;Gallicchio;762;48.3;12.3;30.4;27.0;404;358;2025
037028;Galliera;5674;44.7;16.3;34.8;22.1;2898;2776;2025
028039;Galliera Veneta;7137;45.5;15.4;34.1;23.3;3574;3563;2025
060040;Gallinaro;1183;48.3;13.6;28.5;28.3;574;609;2025
024042;Gallio;2359;47.6;12.7;30.7;26.7;1164;1195;2025
075031;Gallipoli;18934;47.9;13.4;30.3;27.2;9197;9737;2025
083031;Gallodoro;323;50.6;9.6;25.1;28.5;161;162;2025
061038;Gallo Matese;440;55.3;6.1;20.2;38.0;219;221;2025
061039;Galluccio;2006;46.9;12.7;30.9;25.1;1000;1006;2025
091027;Galtellì;2374;45.7;16.0;34.4;24.1;1156;1218;2025
028040;Galzignano Terme;4287;48.4;13.4;28.9;26.5;2107;2180;2025
006078;Gamalero;791;49.3;12.5;28.2;27.4;369;422;2025
017073;Gambara;4722;46.0;14.8;34.5;25.4;2461;2261;2025
018067;Gambarana;182;55.5;7.1;15.4;36.3;90;92;2025
004094;Gambasca;354;46.2;17.5;29.4;26.0;184;170;2025
048020;Gambassi Terme;4857;47.6;13.9;29.8;26.3;2381;2476;2025
070025;Gambatesa;1244;51.5;9.2;28.3;32.7;616;628;2025
024043;Gambellara;3484;43.8;18.0;35.5;22.4;1755;1729;2025
069039;Gamberale;266;52.0;7.9;25.2;33.1;133;133;2025
040015;Gambettola;10874;45.1;16.1;34.2;23.2;5306;5568;2025
018068;Gambolò;9783;46.5;14.8;31.5;23.9;4824;4959;2025
016107;Gandellino;951;49.2;14.0;27.2;30.7;500;451;2025
016108;Gandino;5173;48.8;13.5;29.8;29.1;2551;2622;2025
016109;Gandosso;1429;45.9;13.9;31.9;23.0;745;684;2025
082036;Gangi;6006;49.6;12.3;29.5;30.6;2886;3120;2025
077009;Garaguso;903;46.3;13.5;33.7;23.9;449;454;2025
006079;Garbagna;626;51.6;11.0;26.5;33.1;308;318;2025
003069;Garbagna Novarese;1406;44.9;18.0;33.1;22.3;696;710;2025
015105;Garbagnate Milanese;26870;46.6;15.0;32.8;25.8;13066;13804;2025
097037;Garbagnate Monastero;2515;44.3;17.5;35.5;21.7;1305;1210;2025
023036;Garda;4093;46.7;14.9;31.4;25.3;2018;2075;2025
017074;Gardone Riviera;2593;49.9;11.8;27.7;29.4;1273;1320;2025
017075;Gardone Val Trompia;11467;45.6;16.2;35.1;24.4;5757;5710;2025
004095;Garessio;2844;51.7;11.4;26.3;33.5;1396;1448;2025
003070;Gargallo;1755;47.8;12.6;29.0;25.8;863;892;2025
021035;Gargazzone/Gargazon;1770;43.8;18.5;35.6;20.4;857;913;2025
017076;Gargnano;2631;51.7;11.4;25.1;33.6;1276;1355;2025
018069;Garlasco;9571;48.4;13.1;29.8;27.7;4649;4922;2025
097038;Garlate;2631;46.9;15.4;31.7;26.3;1311;1320;2025
009030;Garlenda;1382;47.5;13.2;30.0;25.2;687;695;2025
022091;Garniga Terme;414;46.4;15.7;31.4;24.9;221;193;2025
013106;Garzeno;655;54.0;8.7;20.9;37.6;324;331;2025
001111;Garzigliana;555;48.2;13.9;28.6;29.4;273;282;2025
079056;Gasperina;1879;49.2;12.2;29.0;30.3;939;940;2025
001112;Gassino Torinese;9186;48.3;13.7;29.8;28.0;4449;4737;2025
035022;Gattatico;5736;45.4;15.8;34.0;22.7;2904;2832;2025
040016;Gatteo;9417;44.1;17.3;34.3;20.6;4706;4711;2025
003166;Gattico-Veruno;5259;47.1;14.0;30.9;24.9;2563;2696;2025
002061;Gattinara;7507;49.8;12.3;27.8;29.7;3616;3891;2025
017077;Gavardo;12316;44.7;16.2;34.8;22.0;6293;6023;2025
029026;Gavello;1442;49.8;10.5;27.5;28.2;726;716;2025
016110;Gaverina Terme;894;46.1;14.2;33.0;24.6;468;426;2025
006081;Gavi;4387;50.1;13.1;26.2;29.6;2174;2213;2025
058041;Gavignano;1861;47.4;13.3;30.4;24.7;926;935;2025
012072;Gavirate;9150;48.4;14.3;30.0;28.2;4403;4747;2025
091028;Gavoi;2432;49.7;12.3;28.8;29.9;1195;1237;2025
053010;Gavorrano;8322;48.4;13.2;28.4;28.1;4149;4173;2025
020024;Gazoldo degli Ippoliti;3017;44.8;16.8;33.5;22.9;1533;1484;2025
012073;Gazzada Schianno;4605;47.3;14.7;31.2;26.1;2265;2340;2025
016111;Gazzaniga;4936;47.7;14.1;31.7;27.3;2395;2541;2025
028041;Gazzo;4308;43.3;17.5;36.2;19.5;2158;2150;2025
033022;Gazzola;2169;48.2;11.7;28.9;26.0;1112;1057;2025
023037;Gazzo Veronese;5239;46.9;14.9;31.3;25.6;2628;2611;2025
020025;Gazzuolo;2047;50.6;12.5;25.7;32.2;1017;1030;2025
085007;Gela;70451;43.8;16.6;36.9;21.6;34312;36139;2025
099004;Gemmano;1150;47.2;15.1;30.3;25.7;572;578;2025
030043;Gemona del Friuli;10439;49.4;13.3;28.5;30.0;4992;5447;2025
012074;Gemonio;2863;45.7;15.4;33.6;23.3;1401;1462;2025
058042;Genazzano;5732;47.1;14.2;30.5;24.6;2848;2884;2025
042020;Genga;1648;51.0;11.0;25.8;32.0;814;834;2025
019047;Genivolta;1120;46.0;16.7;32.9;24.3;570;550;2025
004096;Genola;2556;43.3;18.9;38.7;22.3;1295;1261;2025
111023;Genoni;730;54.6;9.6;22.6;39.2;360;370;2025
010025;Genova;564080;48.7;13.1;30.1;28.8;270946;293134;2025
111024;Genuri;298;55.1;8.7;18.8;41.3;145;153;2025
076036;Genzano di Lucania;5122;48.4;13.2;30.7;28.5;2548;2574;2025
058043;Genzano di Roma;22484;47.1;14.3;30.4;25.7;10865;11619;2025
080036;Gerace;2309;46.6;15.0;32.6;25.7;1158;1151;2025
082037;Geraci Siculo;1664;49.2;11.2;32.7;29.7;840;824;2025
013107;Gera Lario;1071;45.6;17.2;33.2;24.6;554;517;2025
058044;Gerano;1128;49.0;12.5;27.7;27.7;576;552;2025
018071;Gerenzago;1459;44.1;15.3;35.0;18.9;734;725;2025
012075;Gerenzano;10933;44.7;16.9;34.6;21.9;5407;5526;2025
111025;Gergei;1097;49.7;12.4;29.2;31.2;555;542;2025
001113;Germagnano;1114;50.5;11.0;26.7;31.1;579;535;2025
103032;Germagno;183;51.3;9.3;24.0;32.2;101;82;2025
012076;Germignaga;3729;46.5;15.2;32.2;24.2;1826;1903;2025
102016;Gerocarne;1899;45.0;14.4;35.7;23.1;962;937;2025
014031;Gerola Alta;162;53.5;6.8;21.0;33.3;95;67;2025
019048;Gerre de' Caprioli;1337;45.5;14.8;31.1;21.5;683;654;2025
111026;Gesico;714;50.3;9.2;26.5;28.2;368;346;2025
015106;Gessate;8960;43.9;16.2;34.9;18.5;4497;4463;2025
069040;Gessopalena;1150;53.0;8.5;23.6;35.8;570;580;2025
111027;Gesturi;1136;50.0;12.7;26.3;30.9;564;572;2025
064036;Gesualdo;3206;47.6;13.0;30.5;26.2;1584;1622;2025
017078;Ghedi;18504;43.8;16.6;36.5;20.6;9343;9161;2025
003073;Ghemme;3423;48.3;12.9;29.9;26.9;1689;1734;2025
103033;Ghiffa;2227;50.2;11.0;27.1;29.4;1109;1118;2025
095021;Ghilarza;4064;49.2;12.2;28.5;28.5;1931;2133;2025
016113;Ghisalba;6172;42.1;18.6;38.0;18.3;3106;3066;2025
002062;Ghislarengo;794;46.9;15.6;31.7;25.8;404;390;2025
029027;Giacciano con Baruchella;2077;48.8;13.6;27.8;28.6;1049;1028;2025
001114;Giaglione;595;51.6;9.9;26.1;32.8;290;305;2025
017079;Gianico;2076;46.1;15.4;33.3;23.9;1024;1052;2025
054021;Giano dell'Umbria;3636;45.5;16.5;34.0;24.1;1816;1820;2025
061040;Giano Vetusto;645;46.7;14.7;32.2;26.5;311;334;2025
082038;Giardinello;2239;43.3;18.2;38.6;21.2;1141;1098;2025
083032;Giardini-Naxos;9367;46.8;13.4;30.3;24.4;4433;4934;2025
006082;Giarole;700;49.4;13.0;28.0;28.9;332;368;2025
088004;Giarratana;3017;47.6;12.3;32.2;27.3;1528;1489;2025
087017;Giarre;26557;46.2;15.3;32.5;25.3;12881;13676;2025
090030;Giave;468;51.3;11.3;23.3;32.1;241;227;2025
001115;Giaveno;16295;48.6;13.5;29.6;28.5;8016;8279;2025
026032;Giavera del Montello;5091;45.2;16.2;33.2;22.3;2585;2506;2025
111028;Giba;1895;51.5;10.0;23.3;32.2;920;975;2025
081010;Gibellina;3661;48.4;14.0;29.2;28.5;1743;1918;2025
096027;Gifflenga;104;46.5;16.3;30.8;24.0;56;48;2025
080037;Giffone;1565;45.1;16.5;36.2;25.0;763;802;2025
065055;Giffoni Sei Casali;4948;44.8;15.1;34.8;20.7;2479;2469;2025
065056;Giffoni Valle Piana;11459;44.6;16.2;34.5;22.1;5640;5819;2025
103034;Gignese;1088;49.1;13.9;27.4;29.0;558;530;2025
007030;Gignod;1695;44.7;16.2;32.8;20.0;847;848;2025
070026;Gildone;719;50.0;11.4;29.5;31.0;358;361;2025
079058;Gimigliano;2948;48.9;12.7;28.4;28.9;1455;1493;2025
076099;Ginestra;664;46.9;14.0;32.4;26.1;340;324;2025
062036;Ginestra degli Schiavoni;384;51.8;8.3;24.7;31.5;193;191;2025
073007;Ginosa;21717;45.5;14.6;34.0;23.5;10960;10757;2025
065057;Gioi;1078;51.6;11.7;25.8;36.3;511;567;2025
066046;Gioia dei Marsi;1688;49.5;12.1;27.5;30.7;903;785;2025
072021;Gioia del Colle;26465;47.3;14.1;31.0;26.7;13059;13406;2025
061041;Gioia Sannitica;3222;47.2;13.5;32.4;25.7;1601;1621;2025
080038;Gioia Tauro;19301;42.1;18.7;39.1;18.9;9583;9718;2025
080039;Gioiosa Ionica;6908;42.7;18.8;38.3;20.7;3405;3503;2025
083033;Gioiosa Marea;6721;47.4;13.1;31.0;26.6;3285;3436;2025
055014;Giove;1842;50.0;12.5;26.5;31.7;907;935;2025
072022;Giovinazzo;19156;47.4;14.0;30.7;26.7;9243;9913;2025
022092;Giovo;2518;44.0;17.2;36.5;24.0;1294;1224;2025
091031;Girasole;1365;43.8;17.2;33.8;19.8;679;686;2025
079059;Girifalco;5424;48.2;13.8;29.4;28.6;2642;2782;2025
069041;Gissi;2437;48.5;12.9;29.9;28.3;1206;1231;2025
075032;Giuggianello;1125;49.2;12.7;28.5;29.8;542;583;2025
063034;Giugliano in Campania;125032;40.3;19.7;41.3;15.3;61659;63373;2025
082039;Giuliana;1655;51.3;11.4;27.4;33.8;834;821;2025
060041;Giuliano di Roma;2305;47.1;14.8;31.3;26.6;1143;1162;2025
069042;Giuliano Teatino;1116;50.6;11.3;25.6;31.7;552;564;2025
067025;Giulianova;23584;47.5;13.9;30.0;26.0;11235;12349;2025
065058;Giungano;1283;44.5;16.5;35.5;22.1;630;653;2025
075033;Giurdignano;1947;46.5;15.2;32.0;26.8;975;972;2025
018072;Giussago;5357;43.8;17.7;34.4;19.4;2710;2647;2025
108024;Giussano;26415;45.3;16.1;33.2;22.9;13187;13228;2025
009031;Giustenice;1003;49.8;13.2;25.4;30.2;493;510;2025
022093;Giustino;742;46.0;15.8;34.0;25.9;367;375;2025
009032;Giusvalla;392;54.4;7.1;19.1;35.5;200;192;2025
001116;Givoletto;4077;45.0;17.7;32.6;22.3;2030;2047;2025
079060;Gizzeria;5362;41.9;18.3;38.9;19.4;2839;2523;2025
021036;Glorenza/Glurns;933;43.5;19.4;37.5;24.7;464;469;2025
026033;Godega di Sant'Urbano;6009;46.9;15.0;32.3;26.2;2976;3033;2025
018073;Godiasco Salice Terme;3305;50.2;10.5;28.0;29.2;1604;1701;2025
082040;Godrano;1009;46.0;13.7;34.0;23.7;506;503;2025
020026;Goito;10102;46.4;15.4;31.6;24.4;5051;5051;2025
012077;Golasecca;2635;47.5;13.6;29.6;26.8;1335;1300;2025
018074;Golferenzo;171;53.1;7.6;25.7;33.9;92;79;2025
090083;Golfo Aranci;2378;49.3;11.0;26.2;27.2;1154;1224;2025
019049;Gombito;619;47.3;13.1;30.9;23.9;324;295;2025
030044;Gonars;4571;49.2;12.7;27.8;28.6;2245;2326;2025
111029;Goni;435;51.0;9.2;26.0;29.4;247;188;2025
111030;Gonnesa;4515;50.5;10.9;25.2;31.8;2251;2264;2025
095022;Gonnoscodina;425;53.3;6.4;22.6;35.1;228;197;2025
111031;Gonnosfanadiga;6039;49.6;12.0;26.7;28.4;2946;3093;2025
095023;Gonnosnò;679;52.5;10.2;23.6;34.0;331;348;2025
095024;Gonnostramatza;783;50.4;11.4;26.6;29.5;383;400;2025
020027;Gonzaga;8645;45.2;15.9;33.9;22.6;4416;4229;2025
014032;Gordona;1972;44.5;17.8;34.7;22.4;978;994;2025
058045;Gorga;654;49.4;13.9;26.8;31.7;339;315;2025
026034;Gorgo al Monticano;3961;46.0;15.1;32.1;24.2;2031;1930;2025
077010;Gorgoglione;836;48.6;13.8;30.5;28.3;428;408;2025
015108;Gorgonzola;21306;44.8;16.3;34.5;22.3;10309;10997;2025
066047;Goriano Sicoli;512;50.7;10.0;25.8;32.6;269;243;2025
031007;Gorizia;33620;49.1;12.7;29.0;28.7;16546;17074;2025
016114;Gorlago;5158;45.1;16.1;35.1;23.7;2612;2546;2025
012078;Gorla Maggiore;4798;47.8;14.0;30.6;27.1;2362;2436;2025
012079;Gorla Minore;8192;46.4;14.9;31.6;24.2;4097;4095;2025
016115;Gorle;6616;45.3;16.1;34.1;22.2;3212;3404;2025
012080;Gornate Olona;2184;46.0;14.6;32.1;21.9;1115;1069;2025
016116;Gorno;1451;49.7;11.9;27.0;30.7;734;717;2025
038025;Goro;3398;50.3;11.9;25.6;31.8;1627;1771;2025
010026;Gorreto;89;63.1;4.5;13.5;55.1;44;45;2025
004097;Gorzegno;244;55.3;10.2;18.0;37.7;125;119;2025
025025;Gosaldo;517;53.9;8.5;22.4;41.0;268;249;2025
033023;Gossolengo;5704;45.8;15.6;32.1;21.6;2827;2877;2025
004098;Gottasecca;119;53.4;5.9;24.4;31.9;61;58;2025
017080;Gottolengo;5027;45.2;16.8;35.3;24.1;2479;2548;2025
004099;Govone;2234;46.8;14.8;31.0;24.8;1099;1135;2025
003076;Gozzano;5499;48.1;12.3;31.4;26.2;2770;2729;2025
041020;Gradara;4856;44.4;16.5;32.7;19.7;2445;2411;2025
031008;Gradisca d'Isonzo;6413;49.4;13.1;28.4;28.8;3065;3348;2025
031009;Grado;7532;52.8;9.7;23.0;34.3;3643;3889;2025
056028;Gradoli;1228;52.0;8.4;25.4;32.4;603;625;2025
098028;Graffignana;2603;47.3;15.1;32.0;28.6;1333;1270;2025
056029;Graffignano;2073;49.8;12.7;26.5;30.6;1019;1054;2025
096028;Graglia;1441;51.6;11.5;25.0;32.6;693;748;2025
063035;Gragnano;27694;42.8;17.6;38.8;20.3;13540;14154;2025
033024;Gragnano Trebbiense;4547;44.5;16.7;34.4;21.1;2249;2298;2025
087018;Grammichele;12310;45.0;16.6;35.5;25.2;6018;6292;2025
005056;Grana Monferrato;516;53.1;11.2;23.1;34.1;238;278;2025
037030;Granarolo dell'Emilia;13000;45.1;16.1;32.8;21.4;6345;6655;2025
013110;Grandate;2824;47.8;14.7;31.2;27.9;1351;1473;2025
013111;Grandola ed Uniti;1279;47.6;12.9;29.2;24.9;637;642;2025
083034;Graniti;1469;46.2;15.4;33.7;25.7;748;721;2025
003077;Granozzo con Monticello;1317;47.3;13.5;29.2;25.1;655;662;2025
012081;Grantola;1230;45.1;16.7;33.4;20.9;606;624;2025
028042;Grantorto;4435;45.2;16.2;34.2;22.8;2238;2197;2025
028043;Granze;1874;45.6;14.8;31.9;21.1;914;960;2025
077011;Grassano;4578;47.6;13.5;31.8;28.4;2292;2286;2025
016117;Grassobbio;6542;43.9;16.1;36.1;20.9;3276;3266;2025
082041;Gratteri;837;52.0;11.0;23.2;35.1;420;417;2025
013249;Gravedona ed Uniti;4035;49.3;12.7;27.8;29.0;1972;2063;2025
018075;Gravellona Lomellina;2702;46.0;16.3;31.1;22.8;1343;1359;2025
103035;Gravellona Toce;7574;47.9;14.3;29.7;27.8;3659;3915;2025
001117;Gravere;681;53.3;7.6;20.9;34.2;356;325;2025
087019;Gravina di Catania;25318;45.8;15.7;32.8;24.7;12023;13295;2025
072023;Gravina in Puglia;42146;43.4;16.6;37.5;20.6;20874;21272;2025
061042;Grazzanise;6739;42.0;18.0;38.9;18.7;3381;3358;2025
005057;Grazzano Badoglio;546;50.8;11.9;26.2;31.7;277;269;2025
057031;Greccio;1459;50.7;12.7;27.2;32.6;725;734;2025
064037;Greci;590;54.0;10.5;20.2;39.8;295;295;2025
002065;Greggio;321;50.3;10.0;26.2;30.5;167;154;2025
006083;Gremiasco;272;55.5;8.5;19.9;43.4;139;133;2025
007031;Gressan;3324;46.2;15.2;32.3;23.3;1626;1698;2025
007032;Gressoney-La-Trinité;322;42.0;18.3;37.0;18.6;155;167;2025
007033;Gressoney-Saint-Jean;767;47.6;14.9;32.3;26.2;388;379;2025
048021;Greve in Chianti;13381;47.9;13.6;31.7;27.3;6595;6786;2025
015110;Grezzago;3207;42.8;17.3;36.0;18.8;1648;1559;2025
023038;Grezzana;10792;45.1;16.1;34.5;23.2;5437;5355;2025
013113;Griante;568;50.5;10.9;29.4;29.9;279;289;2025
061043;Gricignano di Aversa;13060;37.9;21.9;44.3;12.5;6548;6512;2025
003079;Grignasco;4297;50.2;11.7;27.0;30.7;2090;2207;2025
022095;Grigno;2010;49.0;13.1;29.2;28.8;998;1012;2025
030045;Grimacco;302;55.0;7.6;23.8;39.4;149;153;2025
078059;Grimaldi;1512;48.1;12.2;30.4;27.1;769;743;2025
004100;Grinzane Cavour;1935;45.1;16.8;33.6;23.3;955;980;2025
024046;Grisignano di Zocco;4328;46.1;14.8;32.6;23.5;2152;2176;2025
078060;Grisolia;2176;47.1;12.9;31.7;26.3;1069;1107;2025
037031;Grizzana Morandi;3913;49.2;12.3;27.7;27.5;2013;1900;2025
006084;Grognardo;228;57.4;5.3;14.5;38.6;128;100;2025
016118;Gromo;1142;49.3;13.4;29.0;31.3;603;539;2025
006085;Grondona;467;53.4;8.6;21.8;33.8;226;241;2025
016119;Grone;920;44.9;16.0;33.8;23.0;476;444;2025
019050;Grontardo;1485;46.3;16.7;32.6;26.3;737;748;2025
018076;Gropello Cairoli;4365;47.8;14.1;31.2;26.9;2129;2236;2025
033025;Gropparello;2170;52.1;9.7;24.6;34.8;1118;1052;2025
001118;Groscavallo;196;52.6;12.8;24.0;37.8;106;90;2025
014033;Grosio;4260;48.0;14.1;30.8;28.3;2042;2218;2025
014034;Grosotto;1650;47.2;14.1;32.6;26.2;819;831;2025
053011;Grosseto;81264;47.7;13.9;30.2;26.6;39213;42051;2025
001119;Grosso;993;47.2;14.9;30.6;25.5;483;510;2025
058046;Grottaferrata;20307;47.1;15.1;31.6;25.8;9539;10768;2025
073008;Grottaglie;30198;46.1;14.7;32.5;24.6;14608;15590;2025
064038;Grottaminarda;7623;45.4;15.2;33.4;22.6;3767;3856;2025
044023;Grottammare;15924;46.7;14.9;31.8;24.9;7645;8279;2025
109008;Grottazzolina;3241;46.5;14.1;33.2;24.9;1583;1658;2025
084018;Grotte;5081;46.9;15.0;31.7;27.1;2397;2684;2025
056030;Grotte di Castro;2379;51.1;9.5;26.2;32.2;1230;1149;2025
080040;Grotteria;2840;46.7;15.3;32.9;26.7;1400;1440;2025
077012;Grottole;1958;48.0;11.7;30.1;27.8;980;978;2025
064039;Grottolella;1797;45.7;13.4;34.3;22.9;913;884;2025
027018;Gruaro;2714;48.5;14.0;29.3;28.6;1310;1404;2025
001120;Grugliasco;36505;48.6;13.6;29.7;29.7;17503;19002;2025
019051;Grumello Cremonese ed Uniti;1701;48.4;13.1;30.3;26.9;870;831;2025
016120;Grumello del Monte;7655;44.2;17.9;36.0;21.9;3811;3844;2025
076037;Grumento Nova;1529;47.8;13.1;29.4;28.3;758;771;2025
072024;Grumo Appula;12075;45.0;15.1;35.0;22.5;6143;5932;2025
024047;Grumolo delle Abbadesse;3893;43.8;16.7;35.8;20.0;1980;1913;2025
063036;Grumo Nevano;17063;43.6;16.2;36.5;20.4;8589;8474;2025
075034;Guagnano;5306;50.2;12.7;27.3;31.9;2537;2769;2025
043021;Gualdo;712;54.2;11.2;22.5;42.6;342;370;2025
054022;Gualdo Cattaneo;5613;48.8;12.8;29.5;28.3;2872;2741;2025
054023;Gualdo Tadino;14224;49.0;13.3;28.8;29.0;6775;7449;2025
035023;Gualtieri;6355;46.1;14.7;33.2;24.4;3186;3169;2025
083035;Gualtieri Sicaminò;1541;48.4;13.8;30.0;30.0;726;815;2025
111032;Guamaggiore;882;49.4;12.4;27.6;28.7;438;444;2025
013114;Guanzate;5750;45.3;15.5;33.4;22.0;2846;2904;2025
060042;Guarcino;1489;49.2;11.9;27.9;29.3;767;722;2025
002066;Guardabosone;311;51.0;12.5;25.7;33.8;155;156;2025
098029;Guardamiglio;2685;45.7;15.5;32.9;23.9;1356;1329;2025
079061;Guardavalle;4069;46.2;15.0;33.8;26.0;1964;2105;2025
029028;Guarda Veneta;1094;48.4;12.5;28.4;25.8;538;556;2025
055015;Guardea;1735;49.8;12.3;27.5;31.5;862;873;2025
069043;Guardiagrele;8250;48.8;12.9;29.3;30.0;4075;4175;2025
070027;Guardialfiera;969;48.5;11.0;30.8;27.9;483;486;2025
064040;Guardia Lombardi;1455;50.5;11.1;28.7;30.9;701;754;2025
076038;Guardia Perticara;508;49.6;7.5;30.1;26.4;251;257;2025
078061;Guardia Piemontese;1760;47.2;11.6;30.7;25.1;864;896;2025
070028;Guardiaregia;680;49.8;10.7;27.4;29.7;352;328;2025
062037;Guardia Sanframondi;4489;48.9;11.4;29.9;28.5;2245;2244;2025
050015;Guardistallo;1185;50.0;11.9;27.4;30.7;575;610;2025
004101;Guarene;3532;45.5;15.1;33.2;21.9;1741;1791;2025
111033;Guasila;2435;49.4;11.7;26.4;28.1;1216;1219;2025
035024;Guastalla;14600;46.5;14.8;32.4;24.6;7163;7437;2025
006086;Guazzora;287;47.6;16.0;30.0;28.2;147;140;2025
054024;Gubbio;30308;48.4;13.3;29.8;27.8;14787;15521;2025
015112;Gudo Visconti;1630;45.0;15.8;34.6;21.8;785;845;2025
070029;Guglionesi;4891;47.2;12.9;32.0;26.2;2494;2397;2025
020028;Guidizzolo;6033;44.7;16.9;35.6;22.8;3016;3017;2025
058047;Guidonia Montecelio;89011;43.8;16.9;35.4;19.8;44129;44882;2025
036017;Guiglia;4229;47.2;13.9;30.8;24.5;2153;2076;2025
069044;Guilmi;441;48.0;15.9;35.1;29.0;231;210;2025
103036;Gurro;160;57.0;8.8;17.5;41.2;84;76;2025
111034;Guspini;10709;49.8;12.1;26.9;29.7;5293;5416;2025
017081;Gussago;16692;46.1;15.2;33.3;24.4;8235;8457;2025
019052;Gussola;2662;47.0;14.4;32.5;26.7;1324;1338;2025
007034;Hône;1158;47.2;14.2;32.3;27.0;551;607;2025
017082;Idro;1871;46.5;15.2;32.1;24.5;928;943;2025
111035;Iglesias;24653;50.3;10.8;25.4;29.9;11898;12755;2025
004102;Igliano;65;56.4;9.2;20.0;43.1;35;30;2025
091032;Ilbono;1974;47.8;13.8;31.2;27.5;974;1000;2025
023039;Illasi;5180;46.1;15.5;32.7;24.7;2615;2565;2025
090031;Illorai;723;50.9;10.5;26.0;32.8;334;389;2025
097039;Imbersago;2494;47.6;14.0;29.7;24.8;1241;1253;2025
022097;Imer;1176;45.4;15.9;35.8;24.8;607;569;2025
037032;Imola;69403;46.9;14.8;32.2;25.8;33581;35822;2025
008031;Imperia;42580;47.9;13.7;31.4;27.3;20885;21695;2025
048022;Impruneta;14250;48.7;13.4;30.1;29.3;6827;7423;2025
012082;Inarzo;1062;45.7;15.6;32.2;22.3;525;537;2025
005058;Incisa Scapaccino;2025;46.8;16.1;30.3;25.9;1037;988;2025
017083;Incudine;344;49.4;12.2;27.3;31.7;166;178;2025
012083;Induno Olona;10421;46.6;15.1;32.8;25.8;5115;5306;2025
001121;Ingria;44;55.7;9.1;13.6;45.5;26;18;2025
103037;Intragna;88;50.4;17.0;23.9;35.2;50;38;2025
097040;Introbio;1935;47.2;14.9;32.0;26.7;985;950;2025
007035;Introd;631;45.0;17.4;34.7;24.9;316;315;2025
066048;Introdacqua;1932;49.4;11.4;28.5;28.4;974;958;2025
013118;Inverigo;9196;46.3;15.3;31.6;24.1;4558;4638;2025
018077;Inverno e Monteleone;1494;46.1;16.8;31.6;23.9;760;734;2025
001122;Inverso Pinasca;681;51.0;10.1;25.3;29.8;349;332;2025
015113;Inveruno;8493;48.2;14.0;29.7;28.2;4170;4323;2025
003082;Invorio;4283;47.5;13.9;30.4;24.6;2110;2173;2025
015114;Inzago;11384;45.9;16.1;32.2;23.8;5635;5749;2025
102017;Ionadi;4669;38.7;22.6;42.6;13.6;2286;2383;2025
091033;Irgoli;2189;47.0;15.3;32.0;26.1;1100;1089;2025
017084;Irma;131;48.2;13.7;30.5;32.1;71;60;2025
077013;Irsina;4369;48.2;11.3;33.0;28.4;2266;2103;2025
004103;Isasca;67;46.6;16.4;28.4;23.9;39;28;2025
079063;Isca sullo Ionio;1475;45.9;16.0;33.9;25.2;744;731;2025
063037;Ischia;19492;45.6;14.8;34.1;23.2;9635;9857;2025
056031;Ischia di Castro;2116;49.9;11.8;26.3;30.2;1027;1089;2025
071025;Ischitella;4057;47.0;14.6;32.7;27.5;2026;2031;2025
017085;Iseo;8979;48.4;13.9;29.4;27.8;4324;4655;2025
022098;Isera;2846;44.9;18.6;35.2;24.4;1414;1432;2025
094023;Isernia;20529;46.9;14.3;31.8;26.2;9902;10627;2025
111036;Isili;2428;51.3;11.4;25.5;32.7;1200;1228;2025
082042;Isnello;1352;51.4;8.4;27.7;32.2;698;654;2025
001123;Isolabella;351;48.0;15.1;27.9;26.8;171;180;2025
008032;Isolabona;700;47.0;14.1;30.9;25.3;354;346;2025
005059;Isola d'Asti;1934;48.3;13.8;29.0;27.5;959;975;2025
010027;Isola del Cantone;1417;50.6;11.4;27.0;30.6;723;694;2025
053012;Isola del Giglio;1271;53.2;8.2;21.2;34.9;687;584;2025
067026;Isola del Gran Sasso d'Italia;4438;48.4;13.8;30.1;27.7;2185;2253;2025
023040;Isola della Scala;11806;45.6;15.7;33.7;23.7;5966;5840;2025
082043;Isola delle Femmine;6985;43.8;16.4;35.7;20.6;3415;3570;2025
060043;Isola del Liri;10601;49.2;12.7;28.8;29.4;5122;5479;2025
041021;Isola del Piano;526;49.8;12.0;28.1;29.7;272;254;2025
101013;Isola di Capo Rizzuto;18392;39.4;20.0;43.8;15.6;9707;8685;2025
016121;Isola di Fondra;168;54.3;7.1;22.6;35.7;85;83;2025
019053;Isola Dovarese;1066;50.8;12.2;26.9;31.3;542;524;2025
023041;Isola Rizza;3299;44.4;17.2;34.7;21.9;1663;1636;2025
006087;Isola Sant'Antonio;649;48.6;12.6;30.2;30.4;358;291;2025
024048;Isola Vicentina;10343;45.1;15.8;33.7;22.0;5140;5203;2025
071026;Isole Tremiti;486;48.9;8.4;24.1;24.1;276;210;2025
017086;Isorella;4102;44.5;16.3;34.9;21.3;2114;1988;2025
065059;Ispani;961;51.8;9.6;22.5;32.7;474;487;2025
088005;Ispica;16530;44.1;16.0;36.0;21.9;8493;8037;2025
012084;Ispra;5360;47.1;16.1;30.4;25.5;2569;2791;2025
001124;Issiglio;429;47.9;15.2;28.7;27.0;217;212;2025
007036;Issime;376;46.8;16.5;31.4;25.3;185;191;2025
016122;Isso;602;45.8;16.1;31.6;23.1;314;288;2025
007037;Issogne;1275;48.2;14.7;28.5;27.8;634;641;2025
026035;Istrana;9082;43.5;16.7;36.3;20.2;4684;4398;2025
083036;Itala;1509;46.5;13.9;32.7;25.0;721;788;2025
059010;Itri;10488;46.4;14.5;32.3;25.2;5349;5139;2025
090032;Ittireddu;470;50.8;9.6;25.3;31.3;241;229;2025
090033;Ittiri;7827;48.2;13.3;29.2;26.6;3855;3972;2025
001125;Ivrea;22532;49.6;12.8;28.9;30.2;10796;11736;2025
019054;Izano;1951;46.8;12.8;29.8;22.9;987;964;2025
079065;Jacurso;511;51.8;8.8;25.4;33.7;232;279;2025
070030;Jelsi;1556;48.7;12.6;29.9;28.6;793;763;2025
058048;Jenne;320;56.4;5.9;19.1;42.8;161;159;2025
012085;Jerago con Orago;5177;46.4;14.7;32.0;24.3;2576;2601;2025
091035;Jerzu;2943;47.3;15.4;31.3;26.8;1470;1473;2025
042021;Jesi;39391;47.5;14.3;31.3;26.8;19166;20225;2025
027019;Jesolo;26994;47.5;13.4;29.3;24.5;13124;13870;2025
038010;Jolanda di Savoia;2622;52.9;10.3;23.4;35.0;1317;1305;2025
102018;Joppolo;1705;50.1;10.7;28.8;31.3;862;843;2025
084019;Joppolo Giancaxio;1072;48.5;13.9;29.3;28.5;514;558;2025
007038;Jovençan;714;45.0;15.4;34.5;21.4;358;356;2025
058049;Labico;6385;42.6;18.0;36.3;17.5;3161;3224;2025
057032;Labro;346;49.5;12.4;28.6;30.1;179;167;2025
001126;La Cassa;1759;46.6;14.9;31.8;24.0;883;876;2025
015115;Lacchiarella;9135;45.5;15.8;33.5;23.0;4503;4632;2025
063038;Lacco Ameno;4471;45.7;14.8;32.8;22.8;2175;2296;2025
064041;Lacedonia;2027;49.1;11.0;31.5;28.5;1025;1002;2025
021037;Laces/Latsch;5293;42.8;18.7;37.6;19.3;2621;2672;2025
095082;Laconi;1614;52.9;9.2;22.8;36.7;798;816;2025
058116;Ladispoli;40794;45.5;14.6;32.4;20.7;19901;20893;2025
090034;Laerru;803;51.0;9.2;24.8;29.3;410;393;2025
080041;Laganadi;329;47.7;10.3;33.1;26.7;155;174;2025
024049;Laghi;125;48.7;13.6;25.6;24.8;64;61;2025
013119;Laglio;841;49.6;11.3;26.8;26.0;399;442;2025
004104;Lagnasco;1393;46.0;14.5;35.0;23.8;734;659;2025
078062;Lago;2372;49.2;9.9;29.8;29.3;1173;1199;2025
076039;Lagonegro;4958;47.9;13.0;30.6;27.5;2396;2562;2025
038011;Lagosanto;4636;49.7;12.5;26.3;29.9;2229;2407;2025
021038;Lagundo/Algund;5042;44.5;17.0;35.2;21.7;2414;2628;2025
009033;Laigueglia;1678;50.5;13.0;27.1;31.4;783;895;2025
015116;Lainate;26356;46.0;15.4;32.7;23.6;12966;13390;2025
013120;Laino;558;47.2;13.8;30.1;24.6;286;272;2025
078063;Laino Borgo;1683;50.1;11.2;28.6;30.6;830;853;2025
078064;Laino Castello;755;47.0;15.9;32.5;26.5;349;406;2025
021039;Laion/Lajen;2807;41.7;19.9;39.7;18.2;1412;1395;2025
021040;Laives/Leifers;18658;44.1;17.0;36.2;21.3;9314;9344;2025
050016;Lajatico;1272;51.3;11.9;26.9;34.0;638;634;2025
016123;Lallio;4230;44.8;15.1;34.7;21.0;2085;2145;2025
001127;La Loggia;8702;45.2;17.4;32.6;23.0;4323;4379;2025
090035;La Maddalena;10488;49.0;11.7;27.1;27.5;5246;5242;2025
069045;Lama dei Peligni;1021;52.5;7.8;24.3;33.1;502;519;2025
007039;La Magdeleine;107;49.4;10.3;24.3;27.1;61;46;2025
036018;Lama Mocogno;2645;50.0;12.4;27.0;30.4;1323;1322;2025
013121;Lambrugo;2539;45.8;16.1;32.0;23.9;1262;1277;2025
079160;Lamezia Terme;67269;44.5;16.3;35.0;22.3;33321;33948;2025
025026;Lamon;2600;52.3;11.6;25.0;35.9;1267;1333;2025
004105;La Morra;2658;46.3;15.1;32.3;24.1;1342;1316;2025
084020;Lampedusa e Linosa;6492;43.8;15.4;35.9;19.8;3398;3094;2025
047005;Lamporecchio;7342;47.8;14.1;29.8;26.3;3605;3737;2025
002067;Lamporo;481;46.2;14.1;32.2;27.2;237;244;2025
021041;Lana/Lana;12680;42.9;19.0;37.5;20.1;6239;6441;2025
069046;Lanciano;33917;47.5;14.2;30.7;26.9;16388;17529;2025
003083;Landiona;531;53.1;8.5;23.4;36.9;253;278;2025
018078;Landriano;6586;43.3;18.3;35.8;19.6;3305;3281;2025
034018;Langhirano;10916;44.1;17.1;35.8;21.2;5499;5417;2025
018079;Langosco;361;51.5;11.9;25.8;32.7;174;187;2025
091037;Lanusei;4968;49.6;12.4;27.9;29.3;2449;2519;2025
058050;Lanuvio;12937;44.9;16.3;32.9;21.9;6467;6470;2025
014036;Lanzada;1236;49.2;12.0;29.2;30.2;645;591;2025
001128;Lanzo Torinese;4995;48.6;13.2;29.7;29.0;2454;2541;2025
109009;Lapedona;1149;49.5;12.6;28.5;30.0;581;568;2025
064042;Lapio;1426;47.7;12.3;31.3;26.5;728;698;2025
078065;Lappano;869;47.8;12.2;30.5;25.8;447;422;2025
066049;L'Aquila;70425;46.5;14.3;32.0;25.5;34870;35555;2025
047006;Larciano;6300;48.3;13.5;29.4;27.3;3087;3213;2025
018080;Lardirago;1187;47.6;14.2;30.4;26.1;621;566;2025
058115;Lariano;13275;44.3;16.6;34.5;21.5;6524;6751;2025
070031;Larino;6281;47.6;13.1;30.8;27.0;3145;3136;2025
021042;Lasa/Laas;4180;41.9;20.6;40.0;18.9;2088;2092;2025
007040;La Salle;2043;46.3;15.3;32.5;23.7;1035;1008;2025
082044;Lascari;3732;45.9;15.1;31.8;23.7;1837;1895;2025
013123;Lasnigo;457;47.7;14.9;28.7;26.5;225;232;2025
011015;La Spezia;92706;47.4;14.0;31.7;26.4;45169;47537;2025
111037;Las Plassas;210;51.5;9.5;27.1;36.2;111;99;2025
024050;Lastebasse;177;50.8;10.2;27.1;26.0;86;91;2025
048024;Lastra a Signa;19869;46.3;14.5;32.9;24.4;9883;9986;2025
056032;Latera;778;54.3;7.3;21.7;37.3;417;361;2025
051042;Laterina Pergine Valdarno;6296;47.9;13.7;29.6;27.1;3146;3150;2025
073009;Laterza;14701;44.9;16.6;35.4;23.8;7234;7467;2025
007041;La Thuile;774;46.8;13.8;31.0;26.0;406;368;2025
074009;Latiano;13359;47.2;13.7;31.4;25.5;6480;6879;2025
059011;Latina;127796;45.7;15.2;33.0;22.9;62690;65106;2025
030046;Latisana;13219;47.9;14.1;29.6;26.3;6368;6851;2025
076040;Latronico;3986;51.1;10.5;26.6;32.9;2007;1979;2025
078066;Lattarico;3697;45.8;15.3;32.2;23.8;1827;1870;2025
030047;Lauco;639;52.6;10.6;21.6;34.4;321;318;2025
065060;Laureana Cilento;1267;45.6;15.4;32.2;22.8;643;624;2025
080042;Laureana di Borrello;4565;45.6;15.8;33.8;25.1;2212;2353;2025
021043;Lauregno/Laurein;315;42.4;14.3;41.3;17.5;179;136;2025
076041;Laurenzana;1554;50.6;10.2;26.3;30.8;766;788;2025
076042;Lauria;11706;48.0;12.4;30.3;26.9;5679;6027;2025
001129;Lauriano;1404;47.5;14.6;29.8;26.4;691;713;2025
065061;Laurino;1209;52.3;8.9;25.7;33.3;605;604;2025
065062;Laurito;666;51.4;8.4;26.9;33.5;329;337;2025
064043;Lauro;3259;46.1;15.1;32.7;24.6;1561;1698;2025
010028;Lavagna;12367;50.3;12.3;28.1;31.4;5752;6615;2025
023042;Lavagno;8687;43.7;16.7;34.9;19.3;4297;4390;2025
025027;La Valle Agordina;1059;49.4;11.6;27.7;29.2;539;520;2025
097092;La Valletta Brianza;4656;45.6;15.3;33.8;22.9;2347;2309;2025
021117;La Valle/Wengen;1416;40.3;23.2;42.9;16.6;729;687;2025
022102;Lavarone;1202;47.5;12.9;29.5;26.0;612;590;2025
076043;Lavello;12859;45.0;15.1;35.1;22.6;6573;6286;2025
012086;Lavena Ponte Tresa;5659;45.4;15.6;34.2;23.6;2695;2964;2025
012087;Laveno-Mombello;8319;51.3;11.0;26.6;33.1;3908;4411;2025
017087;Lavenone;506;49.6;12.1;28.3;31.0;253;253;2025
065063;Laviano;1281;45.8;16.6;31.5;26.6;627;654;2025
022103;Lavis;9194;43.8;17.8;37.4;21.9;4571;4623;2025
023043;Lazise;6850;47.1;13.9;30.9;24.0;3370;3480;2025
108025;Lazzate;7701;46.4;14.9;31.0;24.0;3806;3895;2025
075035;Lecce;94187;47.5;13.8;30.0;26.1;44921;49266;2025
066050;Lecce nei Marsi;1503;48.0;12.9;29.3;27.5;735;768;2025
097042;Lecco;47233;47.4;14.2;32.5;27.1;22793;24440;2025
022229;Ledro;5436;45.4;15.4;35.3;23.2;2673;2763;2025
016124;Leffe;4307;49.7;13.4;28.7;32.0;2141;2166;2025
012088;Leggiuno;3624;47.7;14.2;30.0;24.9;1738;1886;2025
023044;Legnago;25881;47.2;14.6;31.8;26.8;12647;13234;2025
015118;Legnano;60679;46.1;15.2;32.7;24.0;29358;31321;2025
028044;Legnaro;9551;44.8;16.5;33.1;21.6;4769;4782;2025
091038;Lei;445;53.6;7.9;24.0;36.9;228;217;2025
001130;Leini;16232;45.2;17.1;33.1;23.4;8022;8210;2025
010029;Leivi;2431;49.0;12.5;28.5;28.3;1214;1217;2025
001131;Lemie;158;58.3;5.1;15.8;39.9;92;66;2025
029029;Lendinara;11428;48.3;13.6;29.5;28.1;5688;5740;2025
083037;Leni;680;49.2;11.6;28.4;29.1;344;336;2025
016125;Lenna;561;50.6;13.2;25.8;32.1;267;294;2025
017088;Leno;14410;44.3;16.7;35.4;21.9;7243;7167;2025
059012;Lenola;4088;47.2;14.0;32.5;27.4;2050;2038;2025
002068;Lenta;770;50.1;11.7;26.4;28.6;388;382;2025
108054;Lentate sul Seveso;15990;46.8;15.5;31.6;25.8;8006;7984;2025
069047;Lentella;642;48.2;10.9;29.8;27.9;335;307;2025
089011;Lentini;21235;46.9;14.7;31.5;26.2;10308;10927;2025
057033;Leonessa;2051;52.4;8.9;23.3;34.2;1032;1019;2025
086011;Leonforte;12115;44.9;15.7;35.6;23.4;5878;6237;2025
073010;Leporano;8183;45.2;15.5;32.0;21.8;4136;4047;2025
075036;Lequile;8574;45.3;16.5;33.6;22.9;4180;4394;2025
004106;Lequio Berria;431;50.9;12.5;25.8;34.3;233;198;2025
004107;Lequio Tanaro;720;46.1;13.5;31.7;21.4;384;336;2025
082045;Lercara Friddi;6106;46.8;14.1;33.8;26.2;2881;3225;2025
011016;Lerici;9245;53.0;10.6;23.6;36.0;4433;4812;2025
006088;Lerma;804;53.7;9.7;21.3;34.5;386;418;2025
003084;Lesa;2179;50.2;12.4;27.8;30.6;1049;1130;2025
004108;Lesegno;836;45.1;13.5;37.3;25.5;434;402;2025
034019;Lesignano de' Bagni;5124;45.0;16.0;32.4;21.4;2601;2523;2025
071027;Lesina;6217;46.9;13.1;32.5;25.8;3147;3070;2025
108026;Lesmo;8297;46.2;14.8;32.1;23.9;4070;4227;2025
001132;Lessolo;1747;50.1;12.7;27.2;31.4;852;895;2025
096085;Lessona;2624;49.6;12.6;27.5;28.9;1266;1358;2025
030048;Lestizza;3562;49.4;12.9;27.5;29.8;1760;1802;2025
061044;Letino;619;49.0;11.0;29.2;28.3;291;328;2025
083038;Letojanni;2936;45.6;14.3;31.9;23.3;1415;1521;2025
063039;Lettere;6054;40.8;19.7;40.7;17.4;3033;3021;2025
068020;Lettomanoppello;2636;47.9;12.8;30.3;27.4;1304;1332;2025
069048;Lettopalena;307;53.1;11.1;21.8;39.4;169;138;2025
011017;Levanto;5050;51.2;12.0;25.9;32.2;2391;2659;2025
016126;Levate;3722;44.9;16.1;34.3;22.1;1867;1855;2025
075037;Leverano;13393;45.7;15.8;34.3;25.1;6501;6892;2025
004109;Levice;183;54.1;10.9;21.3;39.9;96;87;2025
022104;Levico Terme;8297;45.6;16.5;33.7;23.9;4066;4231;2025
001133;Levone;460;48.9;13.5;29.8;29.1;224;236;2025
013126;Lezzeno;1891;49.3;13.9;28.9;30.5;921;970;2025
061045;Liberi;1033;48.0;14.6;29.1;28.2;512;521;2025
083039;Librizzi;1554;48.7;13.4;29.5;29.9;750;804;2025
084021;Licata;34173;45.0;15.4;35.5;23.5;16946;17227;2025
045009;Licciana Nardi;4728;49.2;13.1;27.9;27.9;2329;2399;2025
058051;Licenza;950;46.9;13.4;32.6;25.9;509;441;2025
087020;Licodia Eubea;2783;45.4;15.5;35.2;24.5;1399;1384;2025
097043;Lierna;2122;47.5;13.2;30.8;25.5;1072;1050;2025
002070;Lignana;543;47.7;13.4;30.8;26.7;258;285;2025
030049;Lignano Sabbiadoro;6888;48.6;12.4;27.5;26.5;3400;3488;2025
007042;Lillianes;419;46.5;14.8;30.8;22.4;196;223;2025
025029;Limana;5418;46.1;16.0;31.9;24.3;2706;2712;2025
062038;Limatola;4202;44.0;15.1;36.2;21.3;2145;2057;2025
102019;Limbadi;3198;45.1;15.9;36.0;24.0;1591;1607;2025
108027;Limbiate;35484;44.7;16.8;35.0;22.3;17715;17769;2025
028045;Limena;8229;45.9;14.5;33.5;22.7;4068;4161;2025
013128;Limido Comasco;3938;42.2;18.7;36.1;16.8;1971;1967;2025
083040;Limina;721;52.9;10.4;26.1;37.4;334;387;2025
004110;Limone Piemonte;1343;50.2;10.7;26.5;29.2;674;669;2025
017089;Limone sul Garda;1103;46.0;16.3;33.5;23.6;545;558;2025
070032;Limosano;670;50.4;11.5;27.3;30.6;366;304;2025
018081;Linarolo;2769;45.4;15.2;31.5;21.1;1361;1408;2025
087021;Linguaglossa;5035;46.0;14.7;33.0;23.9;2441;2594;2025
064044;Lioni;5915;46.0;15.4;32.3;24.3;2886;3029;2025
083041;Lipari;12766;46.0;14.5;31.2;23.2;6527;6239;2025
013129;Lipomo;5879;47.4;14.1;31.4;27.3;2859;3020;2025
018082;Lirio;124;50.8;8.1;23.4;29.0;66;58;2025
015122;Liscate;4005;44.4;16.0;34.8;20.3;2051;1954;2025
069049;Liscia;640;49.4;12.3;33.1;30.5;332;308;2025
054025;Lisciano Niccone;596;48.4;14.1;27.7;30.2;299;297;2025
004111;Lisio;185;52.1;11.4;23.8;33.5;89;96;2025
108028;Lissone;46821;44.7;16.3;34.0;21.4;23048;23773;2025
063040;Liveri;1476;45.9;14.4;33.1;23.7;716;760;2025
014037;Livigno;6726;38.1;20.9;44.9;11.1;3482;3244;2025
025030;Livinallongo del Col di Lana;1247;47.4;14.2;31.0;25.7;600;647;2025
013130;Livo;157;51.7;8.9;23.6;30.6;89;68;2025
022106;Livo;772;46.0;15.2;34.7;25.8;395;377;2025
049009;Livorno;153154;48.3;13.7;29.6;27.7;73921;79233;2025
002071;Livorno Ferraris;4270;47.1;15.0;31.0;25.9;2059;2211;2025
098030;Livraga;2498;47.1;14.7;30.5;25.9;1232;1266;2025
075038;Lizzanello;11858;44.8;15.5;32.6;20.9;5847;6011;2025
073011;Lizzano;9485;46.3;14.0;32.6;25.5;4631;4854;2025
037033;Lizzano in Belvedere;2257;50.2;11.3;27.2;31.2;1110;1147;2025
009034;Loano;10688;50.7;12.1;27.6;32.2;5050;5638;2025
005060;Loazzolo;294;52.7;10.2;24.1;31.0;152;142;2025
001134;Locana;1288;53.8;9.2;22.9;37.3;620;668;2025
015125;Locate di Triulzi;10316;44.1;17.2;35.6;20.4;5102;5214;2025
016127;Locatello;817;45.4;16.4;34.3;24.7;420;397;2025
013131;Locate Varesino;4314;45.6;15.9;32.7;23.2;2158;2156;2025
091039;Loceri;1317;47.5;15.9;29.9;27.0;646;671;2025
072025;Locorotondo;13859;47.2;14.5;30.5;26.1;6752;7107;2025
080043;Locri;11870;45.7;15.9;32.9;24.7;5710;6160;2025
091040;Loculi;492;46.6;16.1;33.9;26.4;267;225;2025
091041;Lodè;1473;52.7;7.7;25.5;33.6;748;725;2025
098031;Lodi;45357;46.6;14.7;32.5;25.3;22142;23215;2025
091104;Lodine;295;50.2;11.5;23.7;27.5;150;145;2025
098032;Lodi Vecchio;7703;44.6;16.7;35.4;22.5;3767;3936;2025
017090;Lodrino;1630;46.7;13.5;32.3;25.0;854;776;2025
017091;Lograto;3834;43.8;17.4;36.4;20.3;1922;1912;2025
037034;Loiano;4517;49.1;13.0;27.0;28.3;2280;2237;2025
090084;Loiri Porto San Paolo;3800;46.2;14.4;28.0;22.3;1921;1879;2025
097044;Lomagna;5058;44.9;16.5;33.7;22.5;2506;2552;2025
013133;Lomazzo;10015;44.9;16.9;33.7;22.0;4905;5110;2025
001135;Lombardore;1729;46.2;14.4;31.7;23.9;875;854;2025
001136;Lombriasco;1057;47.8;13.3;29.9;27.0;541;516;2025
018083;Lomello;2005;50.2;11.0;27.1;30.6;964;1041;2025
022108;Lona-Lases;875;43.6;18.3;38.2;20.8;444;431;2025
012089;Lonate Ceppino;5170;44.7;16.6;34.0;20.8;2545;2625;2025
012090;Lonate Pozzolo;11330;46.3;15.2;32.8;24.1;5615;5715;2025
017092;Lonato del Garda;17062;44.4;15.9;34.4;20.2;8508;8554;2025
048025;Londa;1834;48.3;12.4;29.3;26.6;934;900;2025
094024;Longano;624;49.0;15.9;27.1;30.6;312;312;2025
024051;Longare;5438;47.2;13.8;31.6;25.2;2692;2746;2025
025071;Longarone;5018;49.2;11.8;29.0;28.6;2438;2580;2025
017093;Longhena;563;50.2;11.0;27.4;33.2;297;266;2025
083042;Longi;1275;48.1;12.0;30.9;27.4;612;663;2025
040018;Longiano;7247;44.7;16.9;34.2;21.5;3592;3655;2025
078067;Longobardi;3071;43.5;9.7;41.5;19.9;1628;1443;2025
078068;Longobucco;2490;50.9;11.9;27.4;33.3;1228;1262;2025
013134;Longone al Segrino;1967;45.1;16.7;33.2;22.1;954;1013;2025
057034;Longone Sabino;513;54.9;9.2;21.8;41.3;266;247;2025
024052;Lonigo;15998;44.3;16.7;35.4;22.0;8016;7982;2025
001137;Loranzè;1213;45.2;15.5;35.1;23.7;642;571;2025
028046;Loreggia;7719;42.7;18.4;36.5;18.9;3931;3788;2025
103038;Loreglia;205;57.1;8.3;21.0;42.4;102;103;2025
025032;Lorenzago di Cadore;524;50.4;13.9;26.1;35.5;262;262;2025
029030;Loreo;3206;50.1;10.4;26.2;28.9;1616;1590;2025
042022;Loreto;13066;46.8;14.7;31.8;24.6;6347;6719;2025
068021;Loreto Aprutino;7041;47.2;14.1;31.0;26.1;3450;3591;2025
026036;Loria;9347;42.6;18.0;37.3;19.1;4826;4521;2025
051020;Loro Ciuffenna;5914;47.7;13.6;30.0;26.2;2949;2965;2025
043022;Loro Piceno;2148;49.4;12.3;30.7;31.5;1080;1068;2025
010030;Lorsica;381;56.2;6.8;19.7;38.3;191;190;2025
017094;Losine;622;46.3;14.5;33.9;24.4;316;306;2025
091042;Lotzorai;2131;48.8;12.9;27.0;28.3;1029;1102;2025
016128;Lovere;5004;50.0;12.7;28.7;31.6;2360;2644;2025
014038;Lovero;622;47.1;14.6;32.6;25.6;311;311;2025
017095;Lozio;362;55.5;7.7;20.2;38.1;188;174;2025
012091;Lozza;1194;45.1;16.7;33.6;21.3;596;598;2025
028047;Lozzo Atestino;3078;48.3;13.4;29.1;26.9;1545;1533;2025
025033;Lozzo di Cadore;1229;50.0;10.2;28.4;29.4;609;620;2025
002072;Lozzolo;764;48.8;13.1;30.4;30.0;365;399;2025
056033;Lubriano;858;49.0;12.1;28.3;30.8;420;438;2025
046017;Lucca;89002;47.7;13.7;30.4;26.5;43014;45988;2025
084022;Lucca Sicula;1690;44.9;16.9;36.7;24.9;842;848;2025
071028;Lucera;30591;45.8;15.1;33.7;24.0;14949;15642;2025
051021;Lucignano;3442;48.4;13.9;29.1;28.3;1656;1786;2025
008033;Lucinasco;305;43.7;17.0;36.4;21.3;164;141;2025
070033;Lucito;636;51.4;11.2;27.4;35.1;315;321;2025
066051;Luco dei Marsi;5884;43.8;18.2;35.3;21.1;3032;2852;2025
066052;Lucoli;833;50.3;10.2;26.8;29.2;435;398;2025
006193;Lu e Cuccaro Monferrato;1279;51.3;11.4;23.7;31.7;643;636;2025
033026;Lugagnano Val d'Arda;3946;49.3;13.3;29.3;30.3;1981;1965;2025
055016;Lugnano in Teverina;1396;51.3;11.7;25.3;35.1;698;698;2025
039012;Lugo;32126;47.9;14.4;31.0;27.9;15683;16443;2025
024053;Lugo di Vicenza;3525;47.6;13.4;31.5;26.3;1785;1740;2025
012092;Luino;14125;47.5;14.4;31.3;27.3;6768;7357;2025
013135;Luisago;2816;45.2;15.4;33.7;21.3;1392;1424;2025
091043;Lula;1215;50.1;10.3;28.0;28.2;620;595;2025
010031;Lumarzo;1437;51.4;10.3;25.3;30.4;726;711;2025
017096;Lumezzane;21637;46.5;14.9;32.8;25.4;10867;10770;2025
111038;Lunamatrona;1588;52.2;10.5;24.1;34.5;769;819;2025
041022;Lunano;1427;43.6;18.4;37.4;21.0;761;666;2025
018084;Lungavilla;2418;48.0;14.1;28.7;27.3;1167;1251;2025
078069;Lungro;2066;51.4;10.9;25.0;33.6;1036;1030;2025
011020;Luni;8088;49.3;12.7;27.5;28.1;3999;4089;2025
064045;Luogosano;1062;46.2;12.6;34.3;22.2;553;509;2025
090036;Luogosanto;1815;48.3;13.8;28.8;26.6;928;887;2025
070034;Lupara;394;53.3;10.4;23.1;36.5;195;199;2025
013136;Lurago d'Erba;5538;45.6;16.8;32.3;23.3;2744;2794;2025
013137;Lurago Marinone;2594;45.3;15.8;32.5;22.1;1299;1295;2025
016129;Lurano;2894;42.5;19.3;37.1;18.6;1455;1439;2025
090037;Luras;2368;47.0;13.9;30.7;24.8;1150;1218;2025
013138;Lurate Caccivio;9730;46.3;14.8;33.2;24.5;4771;4959;2025
061046;Lusciano;16299;41.0;19.1;39.4;16.1;7989;8310;2025
022109;Luserna;266;47.4;18.0;31.2;30.8;132;134;2025
001139;Luserna San Giovanni;7148;49.7;12.8;28.7;30.6;3482;3666;2025
001140;Lusernetta;494;47.4;15.6;29.1;24.5;257;237;2025
030051;Lusevera;613;55.5;6.5;18.1;37.4;306;307;2025
029031;Lusia;3221;48.0;12.5;29.5;25.6;1604;1617;2025
024127;Lusiana Conco;4541;49.2;12.0;28.9;28.7;2305;2236;2025
001141;Lusigliè;554;47.2;13.5;31.2;25.1;258;296;2025
021044;Luson/Lüsen;1581;40.8;20.5;41.4;17.6;804;777;2025
065064;Lustra;1000;46.0;14.3;33.5;23.2;504;496;2025
012093;Luvinate;1338;48.5;13.3;30.0;29.1;662;676;2025
016130;Luzzana;905;46.0;14.9;32.9;23.9;466;439;2025
035026;Luzzara;8549;45.8;15.8;34.3;24.8;4345;4204;2025
078070;Luzzi;8749;45.1;15.9;33.8;23.5;4313;4436;2025
012142;Maccagno con Pino e Veddasca;2323;50.4;11.7;26.1;30.7;1153;1170;2025
098033;Maccastorna;68;44.7;17.6;35.3;23.5;41;27;2025
094025;Macchia d'Isernia;1029;45.5;18.1;32.4;24.6;528;501;2025
094026;Macchiagodena;1660;49.7;12.2;29.6;31.9;832;828;2025
070035;Macchia Valfortore;456;54.7;10.7;22.4;39.0;236;220;2025
001142;Macello;1178;46.4;15.9;32.5;26.0;587;591;2025
043023;Macerata;40585;47.5;14.5;31.9;27.6;19633;20952;2025
061047;Macerata Campania;10053;42.6;17.5;37.8;18.6;4963;5090;2025
041023;Macerata Feltria;1890;48.6;14.3;30.5;29.9;891;999;2025
108029;Macherio;7562;46.7;14.9;31.7;25.1;3766;3796;2025
017097;Maclodio;1462;42.4;18.5;37.4;18.1;729;733;2025
091044;Macomer;9069;50.2;10.9;27.1;30.2;4443;4626;2025
004112;Macra;42;55.1;9.5;16.7;40.5;21;21;2025
103039;Macugnaga;496;54.6;7.1;21.2;36.9;259;237;2025
061048;Maddaloni;36696;42.8;17.6;37.7;19.5;17824;18872;2025
014035;Madesimo;507;50.4;10.8;25.4;28.8;268;239;2025
019055;Madignano;2772;46.0;14.2;32.9;23.3;1401;1371;2025
016131;Madone;4182;43.0;17.4;37.5;19.0;2115;2067;2025
103040;Madonna del Sasso;351;51.0;8.0;25.4;26.5;182;169;2025
022243;Madruzzo;2977;44.7;16.8;35.8;22.7;1504;1473;2025
059013;Maenza;2952;45.9;15.7;32.0;24.0;1453;1499;2025
070036;Mafalda;1088;48.8;14.2;30.7;30.3;541;547;2025
017098;Magasa;102;64.2;0.0;8.8;49.0;60;42;2025
015130;Magenta;24752;46.6;15.1;32.7;25.8;12109;12643;2025
003088;Maggiora;1648;48.4;13.3;28.5;27.1;792;856;2025
018085;Magherno;1783;46.6;14.7;32.1;24.4;881;902;2025
054026;Magione;14680;47.2;14.9;31.0;25.9;7191;7489;2025
079068;Magisano;1055;47.4;14.9;33.0;27.7;522;533;2025
004113;Magliano Alfieri;2169;44.6;17.5;33.8;21.9;1056;1113;2025
004114;Magliano Alpi;2145;45.8;15.1;33.7;24.8;1080;1065;2025
066053;Magliano de' Marsi;3451;47.9;14.1;29.8;27.3;1694;1757;2025
109010;Magliano di Tenna;1385;45.5;15.5;34.1;24.2;699;686;2025
053013;Magliano in Toscana;3268;52.4;10.2;23.0;34.2;1582;1686;2025
058052;Magliano Romano;1363;46.5;13.5;31.5;23.8;702;661;2025
057035;Magliano Sabina;3452;48.7;13.0;29.3;28.7;1719;1733;2025
065065;Magliano Vetere;580;52.1;11.2;27.4;35.7;287;293;2025
075039;Maglie;13265;49.3;12.6;28.4;29.5;6240;7025;2025
009035;Magliolo;977;47.5;13.5;29.8;26.1;494;483;2025
001143;Maglione;415;49.6;11.8;28.0;31.1;202;213;2025
020029;Magnacavallo;1384;50.0;12.5;26.0;30.6;705;679;2025
015131;Magnago;9510;45.3;15.8;33.0;21.9;4738;4772;2025
096030;Magnano;339;52.5;8.0;19.8;29.8;180;159;2025
030052;Magnano in Riviera;2235;48.7;13.9;28.9;28.7;1112;1123;2025
095083;Magomadas;603;53.9;9.1;19.7;36.8;305;298;2025
013139;Magreglio;663;47.2;16.0;30.5;25.6;336;327;2025
021045;Magrè sulla strada del vino/Margreid an der Weinstraße;1320;42.8;18.2;37.4;20.4;653;667;2025
079069;Maida;4511;44.8;16.2;35.6;23.8;2216;2295;2025
078071;Maierà;1107;47.9;13.6;29.3;28.1;566;541;2025
102020;Maierato;2116;43.3;14.7;38.9;19.0;1027;1089;2025
042023;Maiolati Spontini;5931;47.9;14.4;29.9;27.5;2852;3079;2025
099022;Maiolo;797;48.3;11.5;29.2;26.2;410;387;2025
065066;Maiori;5225;47.4;13.8;31.5;26.5;2562;2663;2025
098034;Mairago;1384;44.5;17.5;34.4;21.6;704;680;2025
017099;Mairano;3484;42.6;18.7;36.3;18.6;1770;1714;2025
011018;Maissana;568;54.7;8.3;21.0;37.1;309;259;2025
030053;Majano;5714;49.5;12.8;27.8;29.6;2739;2975;2025
019056;Malagnino;1711;43.7;19.4;33.8;19.6;824;887;2025
037035;Malalbergo;9345;46.0;15.1;32.4;23.5;4608;4737;2025
030054;Malborghetto Valbruna;892;49.3;13.9;27.5;28.8;467;425;2025
023045;Malcesine;3526;48.1;14.2;29.7;26.6;1716;1810;2025
022110;Malé;2288;47.7;14.9;31.9;27.8;1113;1175;2025
017100;Malegno;1924;48.1;14.1;29.8;29.7;955;969;2025
098035;Maleo;3022;48.6;13.7;28.8;27.9;1480;1542;2025
103041;Malesco;1336;49.9;12.2;26.4;28.5;660;676;2025
087022;Maletto;3555;45.5;15.5;35.4;25.5;1726;1829;2025
083043;Malfa;981;45.7;14.6;31.5;23.1;502;479;2025
097045;Malgrate;4136;47.2;14.1;33.1;26.9;2006;2130;2025
078072;Malito;691;49.5;11.3;28.4;28.7;344;347;2025
009036;Mallare;1030;52.6;10.5;24.1;34.0;503;527;2025
021046;Malles Venosta/Mals;5260;42.1;19.1;39.7;18.5;2665;2595;2025
012096;Malnate;16612;45.9;15.6;33.5;24.0;8108;8504;2025
024055;Malo;14701;45.1;16.1;34.1;22.0;7325;7376;2025
017101;Malonno;2983;49.2;13.5;29.3;30.0;1470;1513;2025
044027;Maltignano;2187;48.3;12.7;30.3;27.5;1068;1119;2025
083044;Malvagna;597;51.4;9.9;26.1;31.7;279;318;2025
006090;Malvicino;78;60.4;5.1;7.7;39.7;33;45;2025
078073;Malvito;1608;47.6;11.1;30.3;25.6;806;802;2025
080044;Mammola;2376;46.8;13.8;33.1;26.5;1155;1221;2025
091046;Mamoiada;2367;45.9;17.2;33.2;25.6;1176;1191;2025
053014;Manciano;6916;50.7;12.0;25.4;31.6;3359;3557;2025
083045;Mandanici;485;49.7;11.8;30.1;32.2;227;258;2025
111039;Mandas;1954;50.6;12.6;25.9;31.6;996;958;2025
078074;Mandatoriccio;2410;47.5;13.5;30.1;26.8;1225;1185;2025
058053;Mandela;907;46.9;14.0;31.0;25.6;459;448;2025
097046;Mandello del Lario;9928;49.7;12.6;28.9;30.6;4867;5061;2025
003090;Mandello Vitta;206;53.2;9.2;22.3;35.9;104;102;2025
073012;Manduria;29665;47.6;13.7;30.3;27.0;14448;15217;2025
017102;Manerba del Garda;5412;46.3;14.5;30.7;21.6;2712;2700;2025
017103;Manerbio;13501;45.3;16.2;34.4;23.9;6677;6824;2025
071029;Manfredonia;53391;45.9;15.2;33.5;24.7;26556;26835;2025
004115;Mango;1259;49.1;12.8;29.2;27.6;644;615;2025
078075;Mangone;1909;43.9;18.2;34.5;21.8;963;946;2025
087057;Maniace;3746;41.2;20.0;41.0;20.2;1873;1873;2025
093025;Maniago;11498;46.6;15.3;32.6;26.4;5712;5786;2025
064046;Manocalzati;3052;45.5;13.4;33.4;21.5;1572;1480;2025
068022;Manoppello;6753;45.7;16.1;32.8;23.8;3326;3427;2025
026037;Mansuè;4988;43.9;17.8;35.3;20.7;2561;2427;2025
004116;Manta;3843;44.8;17.1;35.6;23.6;1891;1952;2025
014039;Mantello;750;45.3;17.1;34.0;24.4;370;380;2025
020030;Mantova;49607;47.4;13.7;31.5;26.4;23731;25876;2025
030055;Manzano;6322;49.3;13.0;28.0;29.3;3095;3227;2025
058054;Manziana;7746;47.9;13.5;29.8;26.8;3774;3972;2025
016132;Mapello;6981;43.8;17.1;35.4;20.3;3550;3431;2025
001316;Mappano;7270;45.3;15.6;33.8;22.7;3604;3666;2025
090038;Mara;529;53.3;9.8;22.5;39.3;255;274;2025
092037;Maracalagonis;7897;45.8;13.9;30.3;21.3;4037;3860;2025
036019;Maranello;17299;45.4;15.7;33.2;23.4;8631;8668;2025
063041;Marano di Napoli;57619;42.6;17.4;38.3;19.2;27918;29701;2025
023046;Marano di Valpolicella;3110;46.6;14.1;33.7;24.6;1545;1565;2025
058055;Marano Equo;768;48.9;14.2;28.6;30.2;390;378;2025
030056;Marano Lagunare;1674;52.0;10.5;25.1;33.2;824;850;2025
078076;Marano Marchesato;3353;43.1;18.0;35.1;18.8;1618;1735;2025
078077;Marano Principato;3042;43.4;17.9;35.2;19.5;1486;1556;2025
036020;Marano sul Panaro;5289;45.0;16.8;33.6;21.6;2619;2670;2025
003091;Marano Ticino;1605;46.9;14.7;29.8;24.9;781;824;2025
024056;Marano Vicentino;9224;45.7;15.3;33.8;22.6;4601;4623;2025
005061;Maranzana;213;55.1;7.0;21.6;39.0;118;95;2025
076044;Maratea;4601;49.6;11.8;27.2;30.0;2272;2329;2025
015134;Marcallo con Casone;6392;45.7;16.1;32.4;23.7;3176;3216;2025
020031;Marcaria;6382;48.5;13.7;29.4;28.5;3164;3218;2025
079071;Marcedusa;357;48.8;14.3;28.9;31.9;183;174;2025
058056;Marcellina;7033;43.7;16.8;34.7;19.5;3531;3502;2025
079072;Marcellinara;2198;44.4;18.0;34.3;22.7;1070;1128;2025
057036;Marcetelli;53;56.1;7.5;20.8;41.5;28;25;2025
017104;Marcheno;4183;45.6;16.4;33.7;24.0;2108;2075;2025
012097;Marchirolo;3624;44.0;17.7;34.9;20.6;1790;1834;2025
049010;Marciana;2058;51.7;10.4;24.6;31.7;999;1059;2025
049011;Marciana Marina;1872;51.7;10.2;24.1;31.8;919;953;2025
061049;Marcianise;38198;42.2;17.5;38.8;18.3;18631;19567;2025
051022;Marciano della Chiana;3472;45.3;15.4;33.7;23.0;1689;1783;2025
018086;Marcignago;2429;46.4;14.1;31.2;23.2;1226;1203;2025
027020;Marcon;17708;45.3;15.4;32.6;22.2;8865;8843;2025
021047;Marebbe/Enneberg;3200;41.6;20.2;40.8;19.4;1635;1565;2025
004117;Marene;3351;42.8;18.5;38.4;20.8;1701;1650;2025
026038;Mareno di Piave;9392;45.9;15.3;32.4;23.1;4721;4671;2025
001144;Marentino;1263;49.1;13.4;29.8;29.7;628;635;2025
005062;Maretto;386;47.1;12.7;31.9;23.1;204;182;2025
004118;Margarita;1403;46.4;14.5;33.9;25.1;700;703;2025
110005;Margherita di Savoia;11085;47.9;13.1;30.6;26.9;5403;5682;2025
097047;Margno;411;48.0;12.7;27.7;26.8;223;188;2025
020032;Mariana Mantovana;817;42.3;22.6;37.2;20.2;396;421;2025
013143;Mariano Comense;25430;45.3;15.7;33.5;22.6;12561;12869;2025
031010;Mariano del Friuli;1464;49.9;11.1;27.9;30.3;725;739;2025
085008;Marianopoli;1539;48.9;12.8;29.5;28.1;737;802;2025
063042;Mariglianella;7955;40.4;19.9;40.5;16.1;3938;4017;2025
063043;Marigliano;29351;43.3;17.1;36.6;20.0;14178;15173;2025
080045;Marina di Gioiosa Ionica;6308;44.1;17.5;35.8;22.5;3046;3262;2025
082046;Marineo;6025;45.7;15.9;33.9;24.9;2953;3072;2025
058057;Marino;46424;44.1;16.8;33.7;20.4;22530;23894;2025
021048;Marlengo/Marling;2880;43.3;17.8;37.6;19.9;1481;1399;2025
047007;Marliana;3277;49.4;12.1;26.6;29.2;1703;1574;2025
017105;Marmentino;657;48.4;11.6;28.5;26.9;343;314;2025
020033;Marmirolo;7667;47.2;14.7;31.3;25.9;3805;3862;2025
004119;Marmora;58;54.0;6.9;19.0;29.3;29;29;2025
012098;Marnate;8180;45.2;16.8;32.7;22.0;4059;4121;2025
017106;Marone;3097;47.1;15.0;30.6;26.0;1495;1602;2025
080046;Maropati;1293;48.6;13.5;31.1;31.2;627;666;2025
024057;Marostica;14052;46.7;14.8;32.3;25.1;6997;7055;2025
048026;Marradi;2840;51.6;12.3;25.8;34.7;1445;1395;2025
095025;Marrubiu;4520;48.9;12.0;27.3;28.3;2293;2227;2025
004120;Marsaglia;215;53.2;10.7;23.7;38.1;112;103;2025
081011;Marsala;79571;46.0;15.4;33.6;25.1;39403;40168;2025
054027;Marsciano;17931;46.8;15.1;31.9;25.7;8779;9152;2025
076045;Marsico Nuovo;3747;49.4;12.5;29.0;30.3;1829;1918;2025
076046;Marsicovetere;5678;43.1;17.7;36.6;20.5;2817;2861;2025
056034;Marta;3200;49.2;12.6;27.5;29.8;1521;1679;2025
075040;Martano;8478;48.5;13.5;29.7;28.5;4069;4409;2025
027021;Martellago;21242;47.5;14.4;31.3;26.5;10396;10846;2025
021049;Martello/Martell;839;43.6;17.4;36.6;19.7;454;385;2025
030057;Martignacco;6854;46.9;15.1;30.6;23.8;3312;3542;2025
019057;Martignana di Po;2053;42.7;18.8;36.5;18.8;1031;1022;2025
075041;Martignano;1539;47.9;14.4;29.3;26.9;764;775;2025
073013;Martina Franca;46754;47.2;14.0;30.6;25.9;22585;24169;2025
016133;Martinengo;11025;42.7;18.3;36.8;19.7;5625;5400;2025
004121;Martiniana Po;816;45.9;13.7;34.2;24.4;463;353;2025
067047;Martinsicuro;16378;45.9;15.1;32.9;23.8;8057;8321;2025
079073;Martirano;802;48.9;13.2;29.8;28.6;404;398;2025
079074;Martirano Lombardo;927;53.2;7.4;24.8;34.8;460;467;2025
090039;Martis;452;52.0;10.2;26.3;33.8;227;225;2025
080047;Martone;483;46.1;13.9;34.8;25.7;237;246;2025
098036;Marudo;1749;44.4;16.6;34.3;21.7;888;861;2025
073014;Maruggio;5158;49.5;11.7;27.7;30.0;2578;2580;2025
037036;Marzabotto;6906;46.9;14.3;31.3;25.4;3459;3447;2025
018087;Marzano;1771;43.2;16.4;36.0;17.1;933;838;2025
061050;Marzano Appio;1972;48.7;10.6;31.2;28.5;1024;948;2025
064047;Marzano di Nola;1633;43.2;16.3;37.7;20.1;803;830;2025
078078;Marzi;945;45.8;16.1;34.5;24.7;487;458;2025
012099;Marzio;313;48.0;13.1;29.7;28.4;166;147;2025
111040;Masainas;1189;53.0;8.9;20.7;35.8;567;622;2025
015136;Masate;3881;43.5;16.5;35.6;19.4;1934;1947;2025
087023;Mascali;14397;44.2;16.1;34.1;20.4;7078;7319;2025
087024;Mascalucia;32130;43.1;18.0;36.4;20.0;15619;16511;2025
076047;Maschito;1436;49.0;12.6;29.9;29.7;719;717;2025
012100;Masciago Primo;284;47.5;12.3;32.0;25.0;141;143;2025
026039;Maser;5138;45.9;16.8;33.4;25.8;2546;2592;2025
103042;Masera;1484;48.2;13.5;31.5;28.2;735;749;2025
026040;Maserada sul Piave;9182;45.7;15.7;33.3;22.2;4536;4646;2025
028048;Maserà di Padova;9304;45.9;14.9;32.0;21.9;4635;4669;2025
028049;Masi;1788;45.9;16.2;30.2;24.7;868;920;2025
006091;Masio;1293;50.8;13.7;26.7;32.4;653;640;2025
038012;Masi Torello;2269;50.6;13.3;25.5;32.3;1077;1192;2025
013144;Maslianico;3146;47.8;12.8;31.2;26.8;1567;1579;2025
010032;Masone;3316;49.9;12.3;28.4;30.3;1632;1684;2025
045010;Massa;65814;48.6;12.8;28.7;28.2;32011;33803;2025
066054;Massa d'Albe;1340;50.5;9.9;27.3;30.6;690;650;2025
063092;Massa di Somma;4965;44.1;15.7;35.8;21.4;2433;2532;2025
047008;Massa e Cozzile;7746;48.0;13.9;29.9;27.1;3688;4058;2025
109011;Massa Fermana;845;48.6;14.4;30.2;30.2;406;439;2025
073015;Massafra;31845;44.9;15.4;34.4;22.5;15891;15954;2025
098037;Massalengo;4467;43.4;17.1;34.6;19.3;2277;2190;2025
039013;Massa Lombarda;10856;44.9;17.0;34.9;23.2;5504;5352;2025
063044;Massa Lubrense;14186;44.2;17.0;36.0;21.9;6978;7208;2025
053015;Massa Marittima;8186;49.9;13.4;27.8;31.7;3943;4243;2025
054028;Massa Martana;3577;48.1;14.7;30.3;28.3;1808;1769;2025
028050;Massanzago;6080;43.1;17.3;35.6;17.8;3083;2997;2025
046018;Massarosa;21806;47.8;13.5;29.5;25.3;10754;11052;2025
096031;Massazza;565;45.4;14.3;35.8;23.0;302;263;2025
001145;Massello;55;58.3;5.5;10.9;41.8;31;24;2025
096032;Masserano;1877;51.0;11.0;24.9;30.3;935;942;2025
044029;Massignano;1581;48.4;12.6;29.7;28.5;821;760;2025
022112;Massimeno;134;45.9;12.7;35.1;21.6;70;64;2025
009037;Massimino;101;54.5;9.9;18.8;39.6;51;50;2025
003093;Massino Visconti;1109;51.9;11.3;24.4;32.5;544;565;2025
103043;Massiola;110;50.7;10.9;28.2;29.1;61;49;2025
095026;Masullas;992;51.2;10.0;25.7;33.3;513;479;2025
043024;Matelica;9072;48.9;13.3;29.4;29.8;4381;4691;2025
077014;Matera;59628;45.9;14.7;33.0;24.3;29280;30348;2025
001146;Mathi;3729;48.4;13.3;30.0;28.1;1857;1872;2025
075042;Matino;10817;46.8;14.8;31.9;26.6;5256;5561;2025
070037;Matrice;1021;46.9;14.2;33.5;25.0;508;513;2025
001147;Mattie;690;49.4;10.6;26.7;25.5;348;342;2025
071031;Mattinata;5876;46.0;15.1;34.0;25.6;2884;2992;2025
081012;Mazara del Vallo;50011;44.5;16.8;36.1;23.4;24807;25204;2025
017107;Mazzano;12707;44.6;16.2;34.2;21.3;6410;6297;2025
058058;Mazzano Romano;2910;47.7;13.9;28.8;25.8;1430;1480;2025
085009;Mazzarino;10681;45.8;14.5;34.2;23.9;5129;5552;2025
083046;Mazzarrà Sant'Andrea;1424;45.8;15.1;33.9;25.6;726;698;2025
087056;Mazzarrone;3967;42.1;18.5;40.0;19.6;1986;1981;2025
001148;Mazzè;4307;47.6;14.7;30.0;26.8;2120;2187;2025
022113;Mazzin;610;44.0;16.7;34.1;20.0;289;321;2025
014040;Mazzo di Valtellina;1017;45.1;15.6;35.3;22.5;498;519;2025
001149;Meana di Susa;794;51.5;10.1;23.8;31.2;414;380;2025
091047;Meana Sardo;1549;51.6;10.2;27.4;32.7;776;773;2025
108030;Meda;23608;46.6;14.8;32.2;24.8;11631;11977;2025
018088;Mede;6097;49.0;13.2;28.5;29.1;2932;3165;2025
031011;Medea;946;48.4;15.5;28.6;27.6;472;474;2025
034020;Medesano;10769;45.7;15.4;32.9;23.3;5383;5386;2025
037037;Medicina;16812;45.8;15.9;32.9;23.9;8314;8498;2025
015139;Mediglia;12312;44.2;16.9;35.3;20.7;6152;6160;2025
016250;Medolago;2367;44.4;15.7;34.5;21.0;1182;1185;2025
020034;Medole;4222;43.6;17.7;34.7;19.8;2136;2086;2025
036021;Medolla;6473;45.7;16.3;33.4;24.4;3196;3277;2025
026041;Meduna di Livenza;3014;44.9;16.5;35.2;21.7;1499;1515;2025
093026;Meduno;1503;49.9;11.7;27.9;30.0;754;749;2025
028052;Megliadino San Vitale;1792;48.4;13.3;29.1;27.7;898;894;2025
003095;Meina;2340;50.7;10.6;26.3;29.9;1089;1251;2025
029032;Melara;1700;49.0;12.8;28.1;29.5;837;863;2025
006092;Melazzo;1216;50.2;11.5;26.7;29.7;594;622;2025
040019;Meldola;9970;46.8;15.3;31.8;25.8;4944;5026;2025
010033;Mele;2521;48.7;13.9;27.8;27.3;1258;1263;2025
015140;Melegnano;18138;45.6;16.4;34.0;23.9;8721;9417;2025
075043;Melendugno;10055;47.4;12.8;29.8;26.1;4947;5108;2025
098038;Meleti;459;50.2;14.2;28.1;32.5;241;218;2025
076048;Melfi;16961;44.0;16.5;36.3;20.8;8388;8573;2025
080048;Melicuccà;801;48.9;12.5;30.3;28.6;382;419;2025
080049;Melicucco;4840;41.0;19.7;41.3;18.6;2386;2454;2025
089012;Melilli;13198;44.1;16.2;34.9;21.9;6679;6519;2025
101014;Melissa;3248;45.4;16.1;34.9;24.4;1591;1657;2025
075044;Melissano;6575;47.5;14.0;31.3;27.2;3183;3392;2025
063045;Melito di Napoli;36258;40.1;19.4;42.3;15.4;17739;18519;2025
080050;Melito di Porto Salvo;10387;46.5;14.2;31.7;25.2;5106;5281;2025
064048;Melito Irpino;1769;46.3;15.1;33.0;24.4;896;873;2025
062039;Melizzano;1658;48.3;12.4;28.2;26.2;838;820;2025
004122;Melle;295;49.8;13.2;28.5;34.2;163;132;2025
014041;Mello;953;44.9;15.6;37.7;23.2;487;466;2025
075045;Melpignano;2070;48.9;11.6;28.8;28.6;1015;1055;2025
021050;Meltina/Mölten;1730;41.3;20.6;41.2;16.7;884;846;2025
015142;Melzo;18330;46.8;15.0;32.4;25.7;8889;9441;2025
013145;Menaggio;3014;48.8;12.9;29.8;28.7;1489;1525;2025
018089;Menconico;331;58.4;6.3;15.1;43.5;171;160;2025
008034;Mendatica;160;55.8;5.6;20.0;38.8;93;67;2025
078079;Mendicino;8942;44.7;16.1;34.4;21.9;4484;4458;2025
084023;Menfi;11773;46.6;14.7;32.9;25.9;5695;6078;2025
058059;Mentana;22565;43.8;17.0;35.0;19.8;11078;11487;2025
027022;Meolo;6172;47.2;14.3;31.3;25.8;3117;3055;2025
006093;Merana;178;49.3;12.4;24.7;32.6;87;91;2025
021051;Merano/Meran;41498;45.0;17.1;35.1;23.3;20154;21344;2025
097048;Merate;14954;48.0;14.7;31.3;28.8;7175;7779;2025
012101;Mercallo;1792;47.8;13.8;30.0;26.8;897;895;2025
041025;Mercatello sul Metauro;1331;48.1;14.6;31.4;29.5;656;675;2025
041026;Mercatino Conca;1054;46.8;15.5;31.4;26.8;536;518;2025
065067;Mercato San Severino;21485;44.0;17.1;35.2;21.1;10475;11010;2025
040020;Mercato Saraceno;6832;46.4;15.7;31.5;25.4;3493;3339;2025
001150;Mercenasco;1334;45.3;15.2;34.0;22.6;704;630;2025
064049;Mercogliano;11477;46.0;14.2;33.4;23.8;5592;5885;2025
030058;Mereto di Tomba;2518;49.2;13.7;28.9;30.2;1262;1256;2025
042024;Mergo;971;48.0;12.8;29.7;25.0;480;491;2025
103044;Mergozzo;2139;48.2;13.5;29.3;26.6;1058;1081;2025
083047;Merì;2366;42.7;18.5;37.7;19.9;1163;1203;2025
028053;Merlara;2552;50.2;11.8;26.6;29.8;1253;1299;2025
098039;Merlino;1684;42.9;15.6;34.7;17.1;860;824;2025
013147;Merone;4043;45.3;15.2;33.9;21.7;2023;2020;2025
074010;Mesagne;25921;47.6;13.8;30.1;26.9;12466;13455;2025
014043;Mese;1867;43.9;17.2;35.6;21.5;917;950;2025
012102;Mesenzana;1776;41.5;19.9;38.3;16.8;885;891;2025
015144;Mesero;4175;46.6;14.6;30.6;24.3;2099;2076;2025
038014;Mesola;6389;51.9;10.7;23.3;33.5;3110;3279;2025
101015;Mesoraca;5716;44.6;17.9;36.0;24.0;2808;2908;2025
083048;Messina;217033;46.5;14.7;32.5;25.5;104306;112727;2025
028054;Mestrino;11856;43.8;16.6;35.2;19.4;5854;6002;2025
063046;Meta;7775;45.2;15.4;34.8;22.5;3741;4034;2025
108031;Mezzago;4475;44.6;16.2;34.5;21.7;2236;2239;2025
022114;Mezzana;870;45.4;14.7;33.9;24.4;428;442;2025
018090;Mezzana Bigli;1068;50.1;13.6;27.1;31.4;538;530;2025
096033;Mezzana Mortigliengo;483;55.2;8.7;19.9;41.6;241;242;2025
018091;Mezzana Rabattone;455;52.0;10.1;25.1;32.1;225;230;2025
023047;Mezzane di Sotto;2516;47.5;16.5;30.4;26.8;1231;1285;2025
010034;Mezzanego;1555;47.4;15.2;30.7;25.6;793;762;2025
018092;Mezzanino;1393;49.9;10.9;25.8;28.4;696;697;2025
022115;Mezzano;1576;45.9;16.4;34.1;24.8;796;780;2025
001152;Mezzenile;734;52.3;8.6;24.3;32.8;379;355;2025
022116;Mezzocorona;5496;45.2;17.2;34.8;24.2;2684;2812;2025
082047;Mezzojuso;2544;47.0;14.6;32.5;25.1;1248;1296;2025
016134;Mezzoldo;166;57.8;7.2;16.9;42.2;84;82;2025
022117;Mezzolombardo;7678;43.9;17.1;37.0;21.9;3798;3880;2025
003097;Mezzomerico;1214;45.1;16.8;31.5;21.2;605;609;2025
096034;Miagliano;541;50.6;14.0;26.1;30.7;260;281;2025
026042;Miane;3148;48.0;13.7;30.6;27.8;1577;1571;2025
003098;Miasino;810;53.2;12.3;24.0;36.5;379;431;2025
103045;Miazzina;393;51.7;9.2;23.2;30.3;205;188;2025
057037;Micigliano;120;54.1;3.3;22.5;33.3;68;52;2025
075046;Miggiano;3234;48.2;13.1;30.9;28.4;1502;1732;2025
069050;Miglianico;4595;47.2;14.3;30.2;26.1;2280;2315;2025
079077;Miglierina;694;45.1;16.6;35.9;25.8;324;370;2025
077015;Miglionico;2376;47.0;12.0;32.4;26.4;1261;1115;2025
010035;Mignanego;3570;48.4;13.1;29.6;27.5;1776;1794;2025
061051;Mignano Monte Lungo;2986;46.7;13.8;31.7;25.8;1482;1504;2025
015146;Milano;1365698;45.4;14.3;34.1;22.4;664849;700849;2025
083049;Milazzo;29830;47.5;13.8;30.2;26.4;14559;15271;2025
085010;Milena;2625;49.3;11.7;29.5;30.2;1281;1344;2025
102021;Mileto;6238;44.7;15.6;35.6;22.5;3144;3094;2025
095027;Milis;1404;49.5;13.3;27.4;30.7;712;692;2025
087025;Militello in Val di Catania;6660;47.1;13.8;31.7;26.4;3321;3339;2025
083050;Militello Rosmarino;1181;48.6;11.9;31.8;28.8;596;585;2025
009038;Millesimo;3335;47.5;15.8;31.9;27.9;1628;1707;2025
087026;Milo;1031;48.9;12.2;27.5;27.8;531;500;2025
017108;Milzano;1712;44.5;15.9;33.2;21.4;864;848;2025
087027;Mineo;4395;47.9;13.2;31.5;27.6;2155;2240;2025
023048;Minerbe;4636;46.1;15.6;33.4;24.5;2333;2303;2025
037038;Minerbio;8973;46.4;14.9;31.4;24.1;4429;4544;2025
075047;Minervino di Lecce;3419;49.6;12.7;28.2;31.7;1612;1807;2025
110006;Minervino Murge;7926;47.9;12.7;31.2;27.2;3905;4021;2025
065068;Minori;2557;48.9;12.1;29.1;29.8;1260;1297;2025
059014;Minturno;20452;45.9;14.9;33.0;24.5;10127;10325;2025
046019;Minucciano;1757;54.2;9.2;22.4;37.8;856;901;2025
009039;Mioglia;515;53.2;9.9;22.1;35.7;252;263;2025
027023;Mira;37596;47.8;13.8;30.3;25.8;18400;19196;2025
064050;Mirabella Eclano;6602;47.3;12.7;31.5;25.5;3277;3325;2025
087028;Mirabella Imbaccari;4170;48.7;13.7;30.4;30.5;1956;2214;2025
006094;Mirabello Monferrato;1201;51.7;11.7;24.0;33.1;599;602;2025
070038;Mirabello Sannitico;2040;45.1;15.9;33.4;22.7;1011;1029;2025
018093;Miradolo Terme;3861;45.5;15.3;33.5;22.6;1970;1891;2025
094027;Miranda;915;49.6;13.6;27.0;32.1;449;466;2025
036022;Mirandola;24623;45.6;15.4;33.8;23.5;12027;12596;2025
027024;Mirano;27011;48.5;13.5;29.3;28.2;13181;13830;2025
083051;Mirto;869;50.0;11.7;28.7;31.1;418;451;2025
099005;Misano Adriatico;14213;45.2;15.8;32.6;21.9;7042;7171;2025
016135;Misano di Gera d'Adda;3014;44.8;16.2;34.7;22.2;1497;1517;2025
081025;Misiliscemi;8461;46.8;14.5;31.4;26.1;4287;4174;2025
082048;Misilmeri;29095;42.3;18.9;38.5;19.5;14416;14679;2025
108032;Misinto;5748;45.2;16.0;32.4;21.6;2874;2874;2025
097049;Missaglia;8977;45.9;15.9;32.5;24.2;4469;4508;2025
076049;Missanello;462;47.7;12.3;30.7;25.8;224;238;2025
087029;Misterbianco;48713;41.5;19.7;39.6;18.7;23789;24924;2025
083052;Mistretta;4229;47.6;13.1;32.1;27.5;1994;2235;2025
005063;Moasca;516;48.2;14.9;28.7;29.1;273;243;2025
010036;Moconesi;2437;49.0;13.1;29.1;28.9;1258;1179;2025
036023;Modena;184074;46.1;14.9;33.5;24.7;89695;94379;2025
088006;Modica;53483;44.5;16.5;35.3;22.7;26013;27470;2025
040022;Modigliana;4319;49.5;13.0;28.4;30.6;2150;2169;2025
095084;Modolo;170;49.8;13.5;30.0;30.6;80;90;2025
072027;Modugno;36038;45.8;15.4;33.0;24.4;17546;18492;2025
022118;Moena;2571;48.0;13.1;30.7;27.0;1250;1321;2025
097050;Moggio;488;51.2;11.5;24.4;27.0;244;244;2025
030059;Moggio Udinese;1601;52.4;10.4;23.5;34.2;788;813;2025
020035;Moglia;5357;47.8;13.7;30.8;26.8;2685;2672;2025
043025;Mogliano;4274;48.4;14.1;30.8;29.3;2104;2170;2025
026043;Mogliano Veneto;28017;47.8;14.0;30.9;26.8;13782;14235;2025
095028;Mogorella;393;52.3;10.7;24.2;32.6;200;193;2025
095029;Mogoro;3818;50.7;10.4;25.7;31.6;1900;1918;2025
062040;Moiano;3998;44.0;17.1;36.1;21.5;2004;1994;2025
030060;Moimacco;1579;47.6;13.2;30.3;25.7;789;790;2025
083053;Moio Alcantara;687;48.4;12.7;29.7;27.9;335;352;2025
016136;Moio de' Calvi;204;50.3;9.3;27.9;33.3;98;106;2025
065069;Moio della Civitella;1824;48.5;12.4;31.0;28.1;879;945;2025
004123;Moiola;216;51.9;9.7;25.9;34.3;120;96;2025
072028;Mola di Bari;24245;47.7;13.4;30.2;26.8;11982;12263;2025
006095;Molare;2005;49.6;13.2;27.5;30.1;979;1026;2025
046020;Molazzana;976;52.6;9.7;23.0;33.1;484;492;2025
072029;Molfetta;57229;46.9;14.6;32.2;26.7;27757;29472;2025
066055;Molina Aterno;334;52.9;9.9;23.1;34.7;168;166;2025
062041;Molinara;1422;50.4;12.9;28.7;33.1;685;737;2025
037039;Molinella;15792;45.9;15.9;32.5;23.3;7740;8052;2025
008035;Molini di Triora;613;52.7;9.6;22.8;34.4;321;292;2025
006096;Molino dei Torti;565;51.1;10.8;25.1;31.5;307;258;2025
070039;Molise;145;52.0;9.7;29.0;31.7;80;65;2025
076050;Moliterno;3489;50.2;12.5;27.2;32.2;1659;1830;2025
002078;Mollia;101;52.0;4.0;27.7;28.7;53;48;2025
080051;Molochio;2171;48.3;12.5;30.4;27.3;1053;1118;2025
097051;Molteno;3517;45.2;16.4;33.4;21.1;1770;1747;2025
013152;Moltrasio;1508;50.8;12.0;25.5;31.8;696;812;2025
022120;Molveno;1107;47.1;13.2;31.7;23.8;527;580;2025
005064;Mombaldone;192;55.7;8.9;20.8;38.0;103;89;2025
004124;Mombarcaro;261;54.4;11.9;21.1;41.0;127;134;2025
041027;Mombaroccio;2120;46.5;14.0;31.5;22.8;1052;1068;2025
005065;Mombaruzzo;925;55.1;7.8;20.2;37.5;478;447;2025
004125;Mombasiglio;571;49.5;15.4;28.4;29.8;277;294;2025
001153;Mombello di Torino;399;46.9;12.8;34.6;29.1;201;198;2025
006097;Mombello Monferrato;895;50.2;11.6;25.9;29.6;426;469;2025
005066;Mombercelli;2037;50.1;11.8;27.4;31.1;999;1038;2025
003100;Momo;2402;48.7;13.1;29.2;28.1;1163;1239;2025
001154;Mompantero;609;48.9;12.2;29.2;27.6;294;315;2025
057038;Mompeo;519;53.1;9.2;23.7;35.1;263;256;2025
006098;Momperone;201;52.7;10.4;20.9;32.3;105;96;2025
070040;Monacilioni;444;52.1;11.7;24.5;33.3;208;236;2025
005067;Monale;988;45.0;15.9;35.5;23.5;483;505;2025
080052;Monasterace;3267;45.8;14.7;33.1;25.3;1643;1624;2025
005068;Monastero Bormida;828;51.1;12.6;26.3;33.8;388;440;2025
001155;Monastero di Lanzo;332;52.2;7.2;20.5;33.7;183;149;2025
004126;Monastero di Vasco;1257;46.4;15.6;32.4;24.8;615;642;2025
004127;Monasterolo Casotto;83;54.7;8.4;21.7;37.3;41;42;2025
016137;Monasterolo del Castello;1146;46.5;13.6;32.2;22.9;588;558;2025
004128;Monasterolo di Savigliano;1324;44.5;18.7;34.0;23.3;667;657;2025
026044;Monastier di Treviso;4473;45.2;16.9;33.6;23.8;2222;2251;2025
111041;Monastir;4800;47.4;11.9;30.4;26.1;2551;2249;2025
001156;Moncalieri;55439;47.4;14.7;31.1;26.7;26945;28494;2025
005069;Moncalvo;2773;50.2;11.0;27.8;31.1;1323;1450;2025
001157;Moncenisio;48;51.6;8.3;22.9;29.2;23;25;2025
006099;Moncestino;199;51.8;7.5;24.1;29.6;96;103;2025
004129;Monchiero;578;45.7;15.1;33.4;20.2;300;278;2025
034022;Monchio delle Corti;827;56.8;7.0;18.4;44.0;450;377;2025
002079;Moncrivello;1369;49.3;13.1;27.8;28.7;684;685;2025
005070;Moncucco Torinese;862;47.9;14.2;30.4;27.1;442;420;2025
099006;Mondaino;1345;47.9;13.0;29.6;26.5;675;670;2025
041028;Mondavio;3625;49.0;12.2;28.6;29.0;1779;1846;2025
041029;Mondolfo;14416;46.7;14.8;31.4;25.2;7186;7230;2025
004130;Mondovì;22114;46.1;15.8;34.3;25.8;10932;11182;2025
061052;Mondragone;28294;42.6;18.2;37.8;19.8;13901;14393;2025
010037;Moneglia;2486;52.7;10.7;24.3;34.5;1208;1278;2025
004131;Monesiglio;568;54.0;7.0;23.9;37.1;271;297;2025
031012;Monfalcone;30360;44.1;17.5;37.0;22.4;15752;14608;2025
004132;Monforte d'Alba;1874;47.7;13.9;30.4;25.1;940;934;2025
083054;Monforte San Giorgio;2438;48.8;12.8;28.5;29.0;1189;1249;2025
026045;Monfumo;1292;49.0;13.0;28.6;30.0;641;651;2025
005071;Mongardino;842;51.0;13.4;24.3;33.1;415;427;2025
037040;Monghidoro;3904;49.5;12.4;28.2;30.2;2051;1853;2025
102022;Mongiana;598;48.2;11.0;30.8;25.8;304;294;2025
006100;Mongiardino Ligure;155;58.2;5.2;12.9;43.9;86;69;2025
083055;Mongiuffi Melia;516;50.1;9.9;25.0;28.7;255;261;2025
096035;Mongrando;3572;50.5;11.5;26.9;31.4;1730;1842;2025
078080;Mongrassano;1446;48.7;13.3;29.5;29.4;713;733;2025
021052;Monguelfo-Tesido/Welsberg-Taisten;2918;42.9;18.4;39.1;20.3;1465;1453;2025
013153;Monguzzo;2358;44.4;17.2;34.8;20.4;1181;1177;2025
017109;Moniga del Garda;2650;46.6;14.1;28.5;23.0;1302;1348;2025
006101;Monleale;561;49.0;12.3;28.3;27.6;280;281;2025
017110;Monno;521;50.1;12.3;26.7;29.2;245;276;2025
072030;Monopoli;47757;46.9;14.0;31.0;25.2;23315;24442;2025
082049;Monreale;38759;43.0;18.4;36.8;20.1;19109;19650;2025
032002;Monrupino-Repentabor;840;50.0;13.2;29.3;32.0;442;398;2025
109012;Monsampietro Morico;594;49.9;13.5;27.1;33.2;292;302;2025
044031;Monsampolo del Tronto;4388;45.6;14.4;33.5;23.6;2200;2188;2025
042025;Monsano;3231;46.5;15.2;31.4;24.3;1565;1666;2025
028055;Monselice;17075;48.2;13.1;30.2;27.1;8345;8730;2025
092109;Monserrato;18719;49.9;11.1;25.8;28.8;8901;9818;2025
047009;Monsummano Terme;20797;47.1;14.4;30.7;25.5;10106;10691;2025
004133;Montà;4672;45.6;16.2;34.2;25.4;2260;2412;2025
005072;Montabone;300;55.0;8.7;18.3;36.0;163;137;2025
006102;Montacuto;229;57.7;7.4;15.7;42.4;120;109;2025
005073;Montafia;963;49.4;12.3;28.5;30.3;494;469;2025
070041;Montagano;968;52.2;9.3;25.0;34.0;483;485;2025
014044;Montagna in Valtellina;2940;49.6;13.7;27.4;30.5;1389;1551;2025
028056;Montagnana;9110;48.4;13.8;29.5;28.2;4446;4664;2025
083056;Montagnareale;1352;48.2;12.6;28.8;26.9;668;684;2025
021053;Montagna sulla Strada del Vino/Montan an der Weinstraße;1738;43.1;18.8;37.1;19.9;869;869;2025
064051;Montaguto;336;52.9;8.6;25.9;36.6;163;173;2025
048027;Montaione;3438;49.3;13.8;27.7;29.3;1683;1755;2025
083057;Montalbano Elicona;2094;49.1;10.0;31.8;29.3;1041;1053;2025
077016;Montalbano Jonico;6555;47.3;14.0;31.7;26.7;3180;3375;2025
052037;Montalcino;5569;48.5;14.0;28.9;28.2;2730;2839;2025
006103;Montaldeo;208;56.5;7.2;19.7;38.9;98;110;2025
006104;Montaldo Bormida;583;53.3;9.6;24.7;32.9;285;298;2025
004134;Montaldo di Mondovì;534;51.3;12.7;24.3;33.3;272;262;2025
004135;Montaldo Roero;895;47.0;14.2;31.3;24.5;446;449;2025
005074;Montaldo Scarampi;710;49.8;12.4;28.0;28.5;361;349;2025
001158;Montaldo Torinese;714;49.1;12.0;28.3;29.0;365;349;2025
047010;Montale;10515;48.2;14.0;29.7;28.2;5169;5346;2025
001159;Montalenghe;958;48.1;12.8;28.5;26.5;473;485;2025
084024;Montallegro;2344;46.3;15.0;33.1;25.9;1162;1182;2025
008068;Montalto Carpasio;497;53.6;10.1;23.1;40.2;257;240;2025
044032;Montalto delle Marche;1838;51.2;11.0;27.5;35.0;861;977;2025
056035;Montalto di Castro;8671;47.6;13.7;29.3;26.2;4318;4353;2025
001160;Montalto Dora;3296;48.9;12.3;29.6;28.5;1643;1653;2025
018094;Montalto Pavese;821;50.0;11.3;25.5;29.0;431;390;2025
078081;Montalto Uffugo;20034;41.7;20.0;36.8;17.7;9791;10243;2025
001161;Montanaro;5024;48.3;14.7;29.4;29.4;2465;2559;2025
098040;Montanaso Lombardo;2236;46.6;16.1;30.2;24.4;1109;1127;2025
004136;Montanera;694;44.3;14.4;37.0;19.7;363;331;2025
065070;Montano Antilia;1669;50.2;13.6;27.2;32.6;799;870;2025
013154;Montano Lucino;5472;44.9;16.8;34.1;22.3;2728;2744;2025
109013;Montappone;1538;48.5;13.3;30.6;28.8;764;774;2025
094028;Montaquila;2259;47.9;13.5;29.5;27.1;1156;1103;2025
057039;Montasola;396;50.1;13.1;28.0;31.1;203;193;2025
079080;Montauro;1885;47.7;12.1;28.5;24.9;905;980;2025
069051;Montazzoli;794;52.6;9.9;25.7;35.6;396;398;2025
053016;Monte Argentario;11696;50.2;12.0;27.7;30.9;5678;6018;2025
018095;Montebello della Battaglia;1451;51.3;9.2;25.5;31.4;731;720;2025
068023;Montebello di Bertona;821;52.8;10.2;23.9;36.3;415;406;2025
080053;Montebello Jonico;5513;47.2;14.6;30.8;27.3;2700;2813;2025
069009;Montebello sul Sangro;81;54.0;11.1;24.7;38.3;39;42;2025
024060;Montebello Vicentino;6358;45.1;16.3;34.2;22.4;3220;3138;2025
026046;Montebelluna;31142;45.8;15.6;33.8;23.9;15204;15938;2025
010038;Montebruno;201;55.2;10.4;19.9;40.8;99;102;2025
057040;Montebuono;837;51.1;10.3;25.1;31.5;419;418;2025
041030;Montecalvo in Foglia;2722;45.0;17.1;34.3;22.8;1346;1376;2025
064052;Montecalvo Irpino;3262;49.0;12.1;29.2;29.6;1585;1677;2025
018096;Montecalvo Versiggia;477;50.3;12.2;25.6;28.9;237;240;2025
046021;Montecarlo;4402;47.0;14.3;31.6;25.8;2130;2272;2025
042026;Montecarotto;1857;47.9;14.2;31.8;28.8;926;931;2025
043026;Montecassiano;6678;46.8;14.6;32.4;26.0;3303;3375;2025
006105;Montecastello;276;52.8;9.4;19.6;30.4;132;144;2025
054029;Monte Castello di Vibio;1418;52.1;11.7;25.0;36.0;722;696;2025
055017;Montecastrilli;4795;48.1;14.7;30.0;28.0;2342;2453;2025
047011;Montecatini-Terme;21367;47.2;14.3;31.8;26.4;10245;11122;2025
050019;Montecatini Val di Cecina;1680;50.5;13.2;25.4;31.5;833;847;2025
043027;Monte Cavallo;100;51.5;9.0;30.0;33.0;54;46;2025
023049;Montecchia di Crosara;4322;44.7;16.1;34.6;22.6;2239;2083;2025
055018;Montecchio;1475;52.9;9.2;24.6;33.6;745;730;2025
035027;Montecchio Emilia;10426;45.5;16.0;33.8;23.4;5058;5368;2025
024061;Montecchio Maggiore;23799;44.6;15.7;35.4;21.7;12228;11571;2025
024062;Montecchio Precalcino;4880;46.1;14.5;33.2;23.3;2428;2452;2025
041031;Monte Cerignone;572;51.6;11.4;24.7;33.4;266;306;2025
006106;Montechiaro d'Acqui;512;50.7;10.9;25.6;30.9;275;237;2025
005075;Montechiaro d'Asti;1227;49.9;11.3;28.0;29.7;610;617;2025
034023;Montechiarugolo;11356;46.0;15.9;32.7;23.8;5661;5695;2025
070042;Montecilfone;1201;50.2;10.5;27.1;31.3;615;586;2025
058060;Monte Compatri;11700;44.6;16.6;33.0;20.6;5780;5920;2025
099030;Montecopiolo;1042;50.6;13.4;25.9;31.9;521;521;2025
065071;Montecorice;2565;47.8;12.9;30.3;26.4;1293;1272;2025
065072;Montecorvino Pugliano;11102;41.5;18.9;37.9;16.7;5561;5541;2025
065073;Montecorvino Rovella;12294;43.6;16.7;35.9;20.2;6169;6125;2025
043028;Montecosaro;7394;43.9;18.2;35.0;21.3;3690;3704;2025
019058;Monte Cremasco;2241;45.2;17.1;33.4;23.8;1108;1133;2025
103046;Montecrestese;1262;49.2;14.7;27.7;29.3;617;645;2025
036024;Montecreto;966;49.7;14.0;26.8;32.6;517;449;2025
024063;Monte di Malo;2824;46.4;15.4;32.5;25.0;1443;1381;2025
044034;Montedinove;448;52.4;8.3;24.6;37.5;251;197;2025
063047;Monte di Procida;11847;45.9;15.5;33.2;24.8;5739;6108;2025
085011;Montedoro;1339;47.6;13.6;32.1;28.2;645;694;2025
064053;Montefalcione;3066;47.6;13.2;30.2;25.7;1507;1559;2025
054030;Montefalco;5251;49.2;12.2;28.2;29.2;2599;2652;2025
109014;Montefalcone Appennino;358;52.7;10.3;25.7;38.8;180;178;2025
062042;Montefalcone di Val Fortore;1293;51.8;10.5;25.7;32.1;595;698;2025
070043;Montefalcone nel Sannio;1342;50.9;9.7;28.3;31.4;681;661;2025
043029;Montefano;3284;46.8;15.0;33.3;25.7;1613;1671;2025
041034;Montefelcino;2452;48.0;13.5;29.9;26.9;1237;1215;2025
069052;Monteferrante;103;56.0;10.7;18.4;43.7;56;47;2025
056036;Montefiascone;12951;48.2;13.1;29.2;27.8;6350;6601;2025
067027;Montefino;919;49.6;12.1;28.0;31.0;465;454;2025
099008;Montefiore Conca;2309;44.9;15.5;32.4;20.6;1158;1151;2025
044036;Montefiore dell'Aso;1927;50.7;12.4;27.4;32.2;938;989;2025
036025;Montefiorino;2122;51.3;11.8;26.0;33.3;1079;1043;2025
058061;Monteflavio;1128;51.5;9.8;23.7;31.6;531;597;2025
065074;Monteforte Cilento;528;46.6;16.1;35.8;29.4;264;264;2025
023050;Monteforte d'Alpone;8994;43.1;18.7;37.0;20.5;4592;4402;2025
064054;Monteforte Irpino;11412;43.6;16.4;35.1;19.7;5792;5620;2025
109015;Montefortino;1019;51.5;9.9;25.5;33.5;512;507;2025
055019;Montefranco;1255;47.8;15.1;29.6;27.7;623;632;2025
064055;Montefredane;2146;46.0;14.1;33.6;23.9;1074;1072;2025
064056;Montefusco;1183;49.2;10.8;29.3;27.7;591;592;2025
055020;Montegabbione;1098;52.1;11.9;24.8;35.3;554;544;2025
024064;Montegalda;3414;46.0;15.5;32.7;23.1;1695;1719;2025
024065;Montegaldella;1780;45.2;14.8;33.2;21.9;882;898;2025
044038;Montegallo;391;56.3;5.9;18.7;42.5;217;174;2025
109016;Monte Giberto;728;49.0;12.6;29.4;29.1;363;365;2025
006107;Montegioco;266;50.1;11.3;27.8;33.8;141;125;2025
078082;Montegiordano;1533;53.7;8.7;23.6;37.0;737;796;2025
109017;Montegiorgio;6244;48.5;13.7;30.1;28.6;3082;3162;2025
109018;Montegranaro;12437;47.3;14.4;31.0;27.0;6227;6210;2025
099009;Montegridolfo;996;46.0;14.3;32.4;23.3;497;499;2025
041035;Monte Grimano Terme;1132;48.0;13.6;30.7;26.0;562;570;2025
012103;Montegrino Valtravaglia;1526;44.1;16.6;34.7;20.6;753;773;2025
005076;Montegrosso d'Asti;2340;46.6;14.4;32.3;23.6;1186;1154;2025
008037;Montegrosso Pian Latte;108;58.0;7.4;17.6;47.2;49;59;2025
028057;Montegrotto Terme;11543;48.5;12.9;29.0;27.5;5550;5993;2025
073016;Monteiasi;5209;46.0;15.0;31.3;24.3;2516;2693;2025
017111;Monte Isola;1587;49.4;11.6;30.3;29.4;796;791;2025
041036;Montelabbate;7055;42.6;17.3;37.6;18.1;3594;3461;2025
058062;Montelanico;2004;46.7;13.8;31.8;25.8;995;1009;2025
069053;Montelapiano;67;58.9;7.5;16.4;46.3;31;36;2025
109019;Monteleone di Fermo;344;54.6;7.3;19.5;37.2;182;162;2025
071032;Monteleone di Puglia;907;45.7;12.3;36.4;24.9;475;432;2025
054031;Monteleone di Spoleto;539;50.8;8.3;27.6;31.7;276;263;2025
055021;Monteleone d'Orvieto;1357;50.8;11.9;26.3;33.4;636;721;2025
090040;Monteleone Rocca Doria;103;51.3;9.7;28.2;26.2;51;52;2025
057041;Monteleone Sabino;1124;50.3;11.7;26.7;31.0;556;568;2025
082050;Montelepre;5679;45.5;15.8;35.2;24.8;2739;2940;2025
058063;Montelibretti;5103;46.5;15.2;31.4;25.0;2462;2641;2025
064057;Montella;7220;46.7;14.7;31.8;24.8;3518;3702;2025
016139;Montello;3220;42.0;18.1;39.0;17.3;1628;1592;2025
070044;Montelongo;279;51.4;11.1;29.0;34.8;146;133;2025
109020;Montelparo;685;52.3;9.1;25.5;36.9;350;335;2025
004137;Montelupo Albese;475;45.3;16.2;34.3;23.6;235;240;2025
048028;Montelupo Fiorentino;14323;46.0;15.7;32.5;22.9;6948;7375;2025
043030;Montelupone;3355;46.9;14.3;32.5;26.5;1681;1674;2025
082051;Montemaggiore Belsito;2829;50.7;11.9;28.3;33.2;1336;1493;2025
005077;Montemagno Monferrato;1036;52.7;10.1;23.7;34.3;498;538;2025
004138;Montemale di Cuneo;234;43.8;16.2;36.3;20.5;121;113;2025
064058;Montemarano;2551;49.6;12.9;27.9;29.4;1284;1267;2025
042027;Montemarciano;9811;47.4;13.7;30.5;26.1;4879;4932;2025
097052;Monte Marenzo;1783;46.4;13.2;32.9;24.5;887;896;2025
006108;Montemarzino;305;55.6;8.2;18.7;35.7;155;150;2025
073017;Montemesola;3478;48.7;13.6;29.2;29.8;1698;1780;2025
013155;Montemezzo;203;49.9;8.4;26.6;27.6;104;99;2025
051023;Montemignaio;496;54.8;7.9;21.4;36.3;258;238;2025
064059;Montemiletto;5052;46.8;13.6;32.2;25.0;2529;2523;2025
076051;Montemilone;1373;49.2;10.9;29.0;28.6;694;679;2025
070045;Montemitro;274;55.1;4.0;23.4;39.1;136;138;2025
044044;Montemonaco;526;50.9;12.2;25.7;33.5;263;263;2025
100003;Montemurlo;18992;46.3;15.4;32.1;25.0;9398;9594;2025
076052;Montemurro;1034;49.4;11.6;29.0;30.4;506;528;2025
030061;Montenars;498;51.5;10.2;23.9;32.7;258;240;2025
070046;Montenero di Bisaccia;6180;47.4;14.4;30.7;26.5;3098;3082;2025
069054;Montenerodomo;575;49.4;13.9;28.0;31.7;299;276;2025
057042;Montenero Sabino;265;54.0;9.4;23.0;37.7;135;130;2025
094029;Montenero Val Cocchiara;458;52.2;8.7;22.7;33.2;240;218;2025
069055;Monteodorisio;2333;45.8;15.3;33.1;24.3;1165;1168;2025
079081;Montepaone;5813;44.4;16.5;33.4;21.5;2878;2935;2025
073018;Monteparano;2261;47.0;15.3;30.9;26.9;1102;1159;2025
041038;Monte Porzio;2847;45.6;15.4;32.4;23.7;1441;1406;2025
058064;Monte Porzio Catone;8579;47.0;15.6;31.0;26.2;4151;4428;2025
044045;Monteprandone;13067;44.1;17.1;35.0;21.4;6530;6537;2025
052015;Montepulciano;13032;49.3;13.3;28.5;29.8;6279;6753;2025
051024;Monterchi;1721;49.8;12.4;27.1;31.6;860;861;2025
066056;Montereale;2178;50.6;12.0;27.5;33.1;1138;1040;2025
093027;Montereale Valcellina;4197;48.6;13.2;29.9;29.0;2043;2154;2025
037041;Monterenzio;6148;47.2;14.0;30.0;25.3;3099;3049;2025
052016;Monteriggioni;9950;45.7;16.0;32.5;23.5;4892;5058;2025
109021;Monte Rinaldo;308;52.9;9.4;24.4;36.0;157;151;2025
042029;Monte Roberto;2973;45.2;16.6;33.4;23.2;1480;1493;2025
094030;Monteroduni;2127;48.2;10.9;32.3;28.9;1102;1025;2025
056037;Monte Romano;1862;47.2;15.4;30.5;28.0;921;941;2025
052017;Monteroni d'Arbia;9029;44.6;17.9;34.5;23.0;4430;4599;2025
075048;Monteroni di Lecce;13208;46.6;14.1;32.2;24.9;6422;6786;2025
056038;Monterosi;4759;44.5;16.8;33.7;20.4;2373;2386;2025
011019;Monterosso al Mare;1324;50.3;12.8;26.9;31.8;611;713;2025
088007;Monterosso Almo;2734;48.9;11.4;29.8;28.9;1339;1395;2025
102023;Monterosso Calabro;1448;50.8;11.3;26.4;32.0;703;745;2025
004139;Monterosso Grana;536;45.9;13.1;33.6;23.7;305;231;2025
058065;Monterotondo;41148;44.4;16.4;34.0;20.1;19983;21165;2025
053027;Monterotondo Marittimo;1273;46.2;15.8;35.7;26.7;663;610;2025
109022;Monterubbiano;1978;49.7;13.6;28.5;31.6;990;988;2025
059015;Monte San Biagio;6011;46.2;15.5;32.0;25.1;3076;2935;2025
065075;Monte San Giacomo;1378;48.9;11.5;30.5;27.6;672;706;2025
060044;Monte San Giovanni Campano;11900;46.6;15.1;31.6;26.2;5922;5978;2025
057043;Monte San Giovanni in Sabina;664;51.0;11.6;26.1;31.5;350;314;2025
043031;Monte San Giusto;7413;46.0;15.9;33.6;25.5;3688;3725;2025
043032;Monte San Martino;672;49.4;12.1;29.5;30.1;345;327;2025
075049;Montesano Salentino;2613;45.2;15.7;34.6;24.7;1264;1349;2025
065076;Montesano sulla Marcellana;6230;46.5;14.6;32.6;25.8;3111;3119;2025
109023;Monte San Pietrangeli;2170;49.4;12.7;29.3;30.4;1056;1114;2025
037042;Monte San Pietro;10827;48.4;12.8;29.1;26.9;5319;5508;2025
051025;Monte San Savino;8540;47.0;14.4;31.1;25.5;4198;4342;2025
054032;Monte Santa Maria Tiberina;1060;49.5;13.0;26.3;29.1;530;530;2025
071033;Monte Sant'Angelo;11006;47.8;13.7;31.9;27.9;5390;5616;2025
042030;Monte San Vito;6675;46.2;14.7;31.4;22.8;3282;3393;2025
062043;Montesarchio;12939;43.7;15.9;36.9;20.5;6436;6503;2025
077017;Montescaglioso;9241;45.6;15.4;35.1;24.7;4596;4645;2025
018097;Montescano;429;46.8;13.8;32.4;24.7;206;223;2025
103047;Montescheno;363;53.5;9.1;24.5;34.7;181;182;2025
050020;Montescudaio;2192;46.9;14.9;29.3;24.7;1101;1091;2025
099029;Montescudo-Monte Colombo;6926;43.5;17.3;34.9;18.6;3513;3413;2025
036026;Montese;3370;49.8;12.2;27.7;30.3;1704;1666;2025
018098;Montesegale;244;54.4;7.8;21.7;33.6;125;119;2025
068024;Montesilvano;53602;45.2;15.9;33.3;22.0;25901;27701;2025
048030;Montespertoli;13170;47.3;14.0;30.7;25.3;6501;6669;2025
001162;Monteu da Po;839;47.5;14.2;29.1;24.6;427;412;2025
109024;Monte Urano;7807;47.0;15.0;31.7;26.4;3883;3924;2025
004140;Monteu Roero;1571;48.5;13.6;28.3;26.7;803;768;2025
084025;Montevago;2673;47.8;15.2;32.1;28.0;1296;1377;2025
051026;Montevarchi;24060;46.3;15.3;32.8;25.0;11909;12151;2025
097053;Montevecchia;2665;46.4;15.0;32.0;25.4;1342;1323;2025
064060;Monteverde;682;50.0;10.0;29.5;28.3;339;343;2025
050021;Monteverdi Marittimo;796;48.6;13.3;29.8;28.8;389;407;2025
024066;Monteviale;2772;46.6;14.4;30.8;22.5;1395;1377;2025
109025;Monte Vidon Combatte;404;50.0;11.9;29.0;29.7;195;209;2025
109026;Monte Vidon Corrado;675;49.2;13.9;28.4;28.7;344;331;2025
004141;Montezemolo;222;55.4;7.2;17.6;37.4;115;107;2025
090041;Monti;2383;47.5;14.7;28.8;26.5;1190;1193;2025
040028;Montiano;1691;47.8;13.5;30.9;26.0;835;856;2025
017112;Monticelli Brusati;4599;45.3;16.1;32.6;22.4;2320;2279;2025
033027;Monticelli d'Ongina;5187;47.4;15.4;31.0;26.4;2598;2589;2025
018099;Monticelli Pavese;644;49.5;11.8;27.8;30.3;308;336;2025
097054;Monticello Brianza;4136;48.8;13.9;30.1;29.1;2032;2104;2025
024067;Monticello Conte Otto;9070;47.2;14.7;31.5;25.9;4485;4585;2025
004142;Monticello d'Alba;2340;43.8;17.1;36.2;20.4;1162;1178;2025
017113;Montichiari;26271;43.0;17.3;36.8;18.8;13293;12978;2025
052018;Monticiano;1605;45.7;14.5;35.8;24.5;850;755;2025
053017;Montieri;1182;47.9;15.2;30.6;28.7;609;573;2025
005121;Montiglio Monferrato;1474;51.3;11.5;25.6;32.0;735;739;2025
045011;Montignoso;10071;48.4;13.1;28.9;27.0;4890;5181;2025
017114;Montirone;5114;42.9;17.6;36.9;18.3;2597;2517;2025
007043;Montjovet;1742;46.7;13.1;31.3;23.8;884;858;2025
019059;Montodine;2419;47.1;14.6;29.8;26.1;1208;1211;2025
010039;Montoggio;1988;50.7;10.2;25.9;29.0;1012;976;2025
054033;Montone;1537;49.0;13.2;28.4;28.9;752;785;2025
057044;Montopoli di Sabina;4098;46.7;14.4;31.8;25.0;2047;2051;2025
050022;Montopoli in Val d'Arno;11296;45.6;15.9;33.2;23.5;5591;5705;2025
013157;Montorfano;2521;48.7;13.6;28.8;27.7;1209;1312;2025
067028;Montorio al Vomano;7381;47.1;15.5;32.3;27.2;3683;3698;2025
070047;Montorio nei Frentani;347;53.4;5.8;26.5;37.2;169;178;2025
058066;Montorio Romano;1933;46.0;14.8;32.2;23.0;978;955;2025
064121;Montoro;19437;42.4;17.9;37.7;18.6;9701;9736;2025
024068;Montorso Vicentino;3008;45.6;15.2;34.9;23.5;1551;1457;2025
109027;Montottone;895;51.5;11.5;25.5;35.6;408;487;2025
095085;Montresta;435;52.4;13.1;24.6;34.9;219;216;2025
018100;Montù Beccaria;1621;48.0;11.8;29.0;26.0;814;807;2025
012104;Monvalle;1895;46.4;15.0;32.5;23.6;940;955;2025
108033;Monza;123032;46.5;15.0;32.7;25.1;59437;63595;2025
020036;Monzambano;4814;47.2;14.7;30.7;25.5;2394;2420;2025
037044;Monzuno;6404;47.9;13.2;29.1;25.5;3274;3130;2025
078083;Morano Calabro;3778;50.1;12.1;27.2;32.5;1848;1930;2025
006109;Morano sul Po;1281;51.5;10.3;24.9;31.7;623;658;2025
005122;Moransengo-Tonengo;408;54.8;8.6;18.6;35.8;204;204;2025
031013;Moraro;726;48.5;14.2;27.7;28.7;347;379;2025
012105;Morazzone;4313;47.1;14.3;31.7;25.3;2140;2173;2025
014045;Morbegno;12358;47.1;14.7;31.9;26.3;5997;6361;2025
006110;Morbello;403;54.6;5.7;20.3;34.7;226;177;2025
075050;Morciano di Leuca;3044;50.9;11.4;26.8;32.2;1424;1620;2025
099011;Morciano di Romagna;7225;45.9;15.9;33.2;24.5;3514;3711;2025
062044;Morcone;4469;49.2;12.4;29.4;30.4;2182;2287;2025
037045;Mordano;4582;46.0;16.0;32.8;24.0;2332;2250;2025
016140;Morengo;2479;44.6;16.6;34.5;21.9;1238;1241;2025
090042;Mores;1710;49.2;12.6;28.2;28.4;853;857;2025
109028;Moresco;525;51.8;12.0;27.6;35.6;254;271;2025
004143;Moretta;4099;46.9;14.5;32.3;26.8;2042;2057;2025
033028;Morfasso;849;58.0;8.0;17.7;47.2;439;410;2025
026047;Morgano;4484;45.1;17.1;33.2;22.7;2246;2238;2025
007044;Morgex;2057;46.5;14.9;32.0;23.9;994;1063;2025
095030;Morgongiori;621;53.8;7.2;22.4;33.5;313;308;2025
022123;Mori;10268;44.9;16.4;35.5;23.0;5125;5143;2025
026048;Moriago della Battaglia;2849;44.6;17.8;35.2;23.0;1439;1410;2025
058067;Moricone;2409;47.7;13.7;30.1;26.3;1209;1200;2025
065077;Morigerati;573;50.8;10.1;26.0;31.8;282;291;2025
015150;Morimondo;1000;49.3;13.6;28.9;29.6;504;496;2025
066057;Morino;1278;50.6;11.8;25.7;32.8;635;643;2025
001163;Moriondo Torinese;832;48.7;14.3;28.6;29.1;419;413;2025
058068;Morlupo;8480;46.5;14.8;31.1;24.0;4084;4396;2025
078084;Mormanno;2529;51.4;10.8;26.1;33.0;1249;1280;2025
012106;Mornago;4838;46.4;14.7;31.8;24.1;2405;2433;2025
006111;Mornese;663;51.6;9.8;24.1;30.8;331;332;2025
016141;Mornico al Serio;3004;43.5;18.1;35.7;21.2;1492;1512;2025
018101;Mornico Losana;592;51.9;9.8;25.5;31.6;293;299;2025
060045;Morolo;3148;47.2;14.7;29.8;26.2;1577;1571;2025
004144;Morozzo;2035;44.9;17.6;35.7;24.4;1037;998;2025
064063;Morra De Sanctis;1095;51.1;12.0;27.9;31.6;522;573;2025
042031;Morro d'Alba;1792;48.1;13.6;29.8;27.0;889;903;2025
067029;Morro d'Oro;3556;45.8;14.5;33.1;23.7;1750;1806;2025
070048;Morrone del Sannio;512;52.9;10.0;23.8;34.4;261;251;2025
057045;Morro Reatino;335;50.6;9.9;26.0;30.1;184;151;2025
043033;Morrovalle;9792;45.7;15.7;33.3;24.3;4915;4877;2025
093028;Morsano al Tagliamento;2728;47.8;14.8;30.8;28.0;1387;1341;2025
006112;Morsasco;602;51.6;12.5;23.9;34.9;286;316;2025
018102;Mortara;15603;46.6;14.7;32.5;25.0;7648;7955;2025
030062;Mortegliano;4808;48.1;12.7;29.6;26.2;2324;2484;2025
097055;Morterone;32;50.9;12.5;25.0;34.4;19;13;2025
030063;Moruzzo;2400;49.2;14.4;27.1;28.7;1186;1214;2025
019060;Moscazzano;700;48.9;13.7;29.7;29.6;358;342;2025
064064;Moschiano;1561;43.7;16.2;35.6;21.3;763;798;2025
067030;Mosciano Sant'Angelo;9245;45.5;14.8;34.2;23.0;4743;4502;2025
068025;Moscufo;3145;46.8;13.0;32.8;25.8;1633;1512;2025
021054;Moso in Passiria/Moos in Passeier;2031;40.5;21.2;43.1;17.6;1097;934;2025
031014;Mossa;1518;49.2;13.2;28.1;28.2;741;777;2025
019061;Motta Baluffi;787;49.4;12.5;28.8;28.3;409;378;2025
083058;Motta Camastra;769;49.4;13.0;27.0;30.9;393;376;2025
083059;Motta d'Affermo;646;52.8;7.6;26.3;36.8;320;326;2025
002082;Motta de' Conti;712;51.5;11.2;24.7;31.7;356;356;2025
026049;Motta di Livenza;10577;45.7;15.3;33.5;23.4;5190;5387;2025
078085;Mottafollone;1046;49.9;10.5;28.1;31.0;523;523;2025
096037;Mottalciata;1284;48.4;13.9;28.8;28.7;649;635;2025
071034;Motta Montecorvino;603;52.7;8.8;26.7;34.7;288;315;2025
080054;Motta San Giovanni;5466;48.6;12.8;29.4;29.1;2695;2771;2025
079083;Motta Santa Lucia;807;47.3;11.3;32.1;25.2;409;398;2025
087030;Motta Sant'Anastasia;12142;41.7;19.7;38.4;18.7;5992;6150;2025
015151;Motta Visconti;8238;45.5;15.7;33.6;23.1;4072;4166;2025
020037;Motteggiana;2401;45.2;14.7;32.7;20.9;1242;1159;2025
073019;Mottola;15125;47.1;13.9;31.3;26.4;7360;7765;2025
069056;Mozzagrogna;2439;44.9;16.5;33.0;21.5;1177;1262;2025
016142;Mozzanica;4411;44.8;16.6;34.0;22.1;2200;2211;2025
013159;Mozzate;8762;44.8;16.4;34.2;22.2;4319;4443;2025
023051;Mozzecane;8148;41.7;19.0;37.5;17.3;4196;3952;2025
016143;Mozzo;7227;47.2;14.4;32.4;26.5;3542;3685;2025
043034;Muccia;778;49.0;13.6;29.6;29.9;378;400;2025
032003;Muggia;12708;51.4;12.1;25.6;33.2;6163;6545;2025
108034;Muggiò;23487;46.2;15.6;32.9;24.1;11473;12014;2025
064065;Mugnano del Cardinale;5159;44.6;15.0;34.5;22.2;2638;2521;2025
063048;Mugnano di Napoli;35368;41.3;18.4;40.1;17.3;17174;18194;2025
098041;Mulazzano;5867;44.8;16.6;33.8;21.0;2948;2919;2025
045012;Mulazzo;2309;51.6;10.5;25.5;33.0;1168;1141;2025
017115;Mura;768;46.5;13.8;33.2;25.1;385;383;2025
111042;Muravera;5056;50.1;10.7;26.0;29.0;2471;2585;2025
004145;Murazzano;866;48.0;14.4;31.1;28.2;439;427;2025
004146;Murello;921;46.3;16.3;32.7;26.0;466;455;2025
009040;Murialdo;710;52.2;9.7;25.2;31.8;363;347;2025
006113;Murisengo;1270;52.2;10.2;24.7;34.6;635;635;2025
052019;Murlo;2479;45.7;15.1;33.4;22.9;1301;1178;2025
075051;Muro Leccese;4632;48.5;12.6;29.9;28.0;2240;2392;2025
076053;Muro Lucano;4847;49.5;11.6;27.6;29.6;2443;2404;2025
090043;Muros;821;45.5;15.1;30.8;21.4;404;417;2025
017116;Muscoline;2698;45.2;15.8;32.8;21.1;1372;1326;2025
111043;Musei;1509;48.1;12.9;27.4;27.0;772;737;2025
027025;Musile di Piave;11454;45.9;14.7;33.3;23.1;5744;5710;2025
013160;Musso;953;48.8;13.1;28.6;29.7;487;466;2025
024070;Mussolente;7574;44.7;16.2;34.6;21.5;3841;3733;2025
085012;Mussomeli;9846;46.8;14.3;31.8;25.5;4768;5078;2025
030064;Muzzana del Turgnano;2320;50.3;11.9;26.7;29.5;1134;1186;2025
096038;Muzzano;572;51.7;10.7;27.8;33.0;263;309;2025
022124;Nago-Torbole;2760;46.1;14.0;33.3;21.9;1379;1381;2025
021055;Nalles/Nals;2105;43.3;18.3;36.4;19.0;1057;1048;2025
024071;Nanto;3062;44.8;16.0;32.9;20.4;1548;1514;2025
063049;Napoli;909013;44.5;16.3;35.7;22.4;437191;471822;2025
095031;Narbolia;1624;49.2;11.8;28.3;28.2;816;808;2025
111044;Narcao;3002;50.6;10.8;25.6;31.1;1530;1472;2025
075052;Nardò;30752;47.0;13.6;31.3;25.4;14741;16011;2025
102024;Nardodipace;1029;46.1;15.8;34.3;25.5;509;520;2025
055022;Narni;17769;49.9;12.2;28.3;30.9;8587;9182;2025
084026;Naro;6777;47.3;14.1;33.1;28.2;3325;3452;2025
004147;Narzole;3527;44.8;17.0;36.4;23.6;1776;1751;2025
009041;Nasino;156;54.1;10.3;21.8;38.5;82;74;2025
083060;Naso;3385;50.2;11.2;26.4;31.8;1650;1735;2025
021056;Naturno/Naturns;6086;43.1;17.7;37.0;19.4;3045;3041;2025
017117;Nave;10567;47.8;13.1;30.7;26.2;5208;5359;2025
066058;Navelli;567;48.9;12.7;29.3;28.6;299;268;2025
021057;Naz-Sciaves/Natz-Schabs;3464;40.4;21.3;40.5;16.0;1735;1729;2025
058069;Nazzano;1305;48.3;13.3;28.8;26.5;660;645;2025
010040;Ne;2113;49.2;14.2;27.1;29.2;1096;1017;2025
003103;Nebbiuno;1835;49.8;11.7;25.4;27.1;898;937;2025
023052;Negrar di Valpolicella;16467;47.5;14.1;31.5;26.6;8139;8328;2025
010041;Neirone;889;54.1;8.4;21.4;37.0;475;414;2025
004148;Neive;3211;46.7;14.9;31.9;24.7;1575;1636;2025
016144;Nembro;11313;46.5;15.1;33.3;25.3;5623;5690;2025
058070;Nemi;1861;47.4;13.3;30.4;25.7;931;930;2025
076054;Nemoli;1392;48.5;13.4;29.2;30.1;677;715;2025
095032;Neoneli;591;52.7;9.1;27.7;37.4;285;306;2025
056039;Nepi;9535;45.9;14.6;31.6;22.8;4731;4804;2025
067031;Nereto;5405;45.1;17.0;34.6;22.7;2643;2762;2025
058071;Nerola;1939;46.6;13.6;30.4;23.0;959;980;2025
026050;Nervesa della Battaglia;6580;47.6;14.3;31.5;26.4;3282;3298;2025
015154;Nerviano;16989;47.1;14.4;31.9;26.3;8328;8661;2025
057046;Nespolo;205;49.1;13.7;25.9;26.8;122;83;2025
013161;Nesso;1107;50.6;11.9;26.1;32.0;553;554;2025
096039;Netro;908;53.7;8.5;23.0;35.2;460;448;2025
058072;Nettuno;48145;46.4;14.4;31.5;23.9;23826;24319;2025
075053;Neviano;4837;48.8;12.4;30.3;29.7;2336;2501;2025
034024;Neviano degli Arduini;3468;49.7;12.7;27.7;29.9;1756;1712;2025
004149;Neviglie;355;49.8;10.1;28.5;26.5;185;170;2025
017118;Niardo;1948;45.3;15.2;32.9;23.2;948;1000;2025
003104;Nibbiola;831;46.1;15.8;32.9;25.2;415;416;2025
097056;Nibionno;3551;45.6;16.2;33.7;23.8;1771;1780;2025
001164;Nichelino;45830;47.5;14.5;31.5;26.8;22122;23708;2025
087031;Nicolosi;7696;44.1;16.3;35.1;20.6;3825;3871;2025
018103;Nicorvo;275;53.3;8.7;19.3;32.7;134;141;2025
086012;Nicosia;12511;47.0;13.3;32.4;25.9;6084;6427;2025
102025;Nicotera;7167;44.4;12.2;38.8;21.9;3652;3515;2025
004150;Niella Belbo;320;54.6;5.3;20.3;34.7;163;157;2025
004151;Niella Tanaro;933;48.5;13.8;29.4;29.9;491;442;2025
030065;Nimis;2631;50.0;13.0;27.3;30.9;1301;1330;2025
085013;Niscemi;24770;43.6;17.1;37.9;21.8;12228;12542;2025
086013;Nissoria;2799;45.0;14.2;35.2;22.1;1405;1394;2025
083061;Nizza di Sicilia;3495;47.1;13.2;30.5;25.6;1738;1757;2025
005080;Nizza Monferrato;10142;47.3;14.8;30.9;26.2;4924;5218;2025
027026;Noale;16216;46.8;14.4;31.9;25.1;7872;8344;2025
001165;Noasca;99;58.3;4.0;18.2;44.4;51;48;2025
078086;Nocara;294;52.7;7.8;22.8;33.7;149;145;2025
068026;Nocciano;1699;46.3;13.7;31.8;23.1;864;835;2025
065078;Nocera Inferiore;43459;45.5;14.9;34.0;23.4;21128;22331;2025
065079;Nocera Superiore;23511;44.2;16.3;35.1;21.6;11512;11999;2025
079087;Nocera Terinese;4782;44.9;15.3;34.4;23.1;2445;2337;2025
054034;Nocera Umbra;5506;50.1;12.5;26.7;30.6;2762;2744;2025
034025;Noceto;13315;45.0;16.5;33.4;22.2;6518;6797;2025
072031;Noci;18122;48.1;12.9;29.7;27.2;8814;9308;2025
075054;Nociglia;2099;49.0;11.9;30.0;29.5;977;1122;2025
076055;Noepoli;729;53.5;10.0;23.3;35.5;346;383;2025
023053;Nogara;8390;45.6;15.9;33.5;23.6;4154;4236;2025
022127;Nogaredo;2069;45.6;17.1;32.5;24.3;1051;1018;2025
023054;Nogarole Rocca;3880;42.3;17.3;38.4;17.8;2056;1824;2025
024072;Nogarole Vicentino;1248;42.7;20.6;36.5;19.8;631;617;2025
072032;Noicattaro;25902;44.1;16.3;35.9;21.1;12863;13039;2025
063050;Nola;34111;43.5;16.9;36.1;20.4;16591;17520;2025
001166;Nole;6634;47.3;14.7;30.5;26.2;3254;3380;2025
009042;Noli;2425;52.2;9.5;24.2;33.8;1181;1244;2025
001167;Nomaglio;271;52.0;10.3;24.0;31.4;134;137;2025
022128;Nomi;1357;46.8;15.5;33.5;25.6;661;696;2025
036027;Nonantola;16155;45.2;15.8;34.0;22.2;8051;8104;2025
001168;None;7662;46.7;15.0;31.8;25.7;3774;3888;2025
103048;Nonio;830;48.3;13.1;29.2;27.8;407;423;2025
091050;Noragugume;266;50.7;8.6;30.1;27.4;129;137;2025
095033;Norbello;1127;48.4;12.2;29.1;29.5;592;535;2025
054035;Norcia;4457;47.2;14.2;32.3;26.6;2252;2205;2025
059016;Norma;3773;46.6;14.3;32.1;25.2;1828;1945;2025
015155;Nosate;635;50.6;11.8;25.5;27.1;305;330;2025
067032;Notaresco;6349;46.8;13.5;32.2;24.9;3177;3172;2025
089013;Noto;24612;44.0;16.3;36.2;21.7;12477;12135;2025
099023;Novafeltria;7002;48.1;13.6;30.3;28.2;3481;3521;2025
022129;Novaledo;1146;43.1;17.4;36.0;18.9;559;587;2025
001169;Novalesa;518;49.4;11.6;28.4;29.7;266;252;2025
021058;Nova Levante/Welschnofen;2087;43.7;17.3;37.0;21.1;1100;987;2025
108035;Nova Milanese;23142;45.9;15.6;33.4;24.2;11352;11790;2025
021059;Nova Ponente/Deutschnofen;4126;42.1;19.1;40.2;19.8;2113;2013;2025
003106;Novara;102231;46.3;14.7;33.4;25.1;49808;52423;2025
083062;Novara di Sicilia;1078;52.1;9.6;25.1;34.7;536;542;2025
077018;Nova Siri;6886;44.8;15.6;35.6;22.8;3475;3411;2025
014046;Novate Mezzola;1893;46.1;15.7;32.5;24.9;915;978;2025
015157;Novate Milanese;20296;47.6;14.7;31.7;27.7;9747;10549;2025
024073;Nove;4888;47.1;13.8;31.9;26.1;2433;2455;2025
013163;Novedrate;2880;46.2;15.1;32.4;25.5;1469;1411;2025
022253;Novella;3550;45.8;15.8;34.8;27.0;1813;1737;2025
035028;Novellara;13301;46.0;15.7;33.0;24.3;6566;6735;2025
004152;Novello;927;46.7;13.8;31.4;24.4;461;466;2025
027027;Noventa di Piave;7021;45.0;16.2;34.5;23.0;3475;3546;2025
028058;Noventa Padovana;11323;45.9;15.1;32.6;22.3;5580;5743;2025
024074;Noventa Vicentina;9183;45.9;15.3;32.8;23.8;4626;4557;2025
036028;Novi di Modena;10264;47.2;14.4;31.1;26.4;5153;5111;2025
015158;Noviglio;4559;43.7;17.6;34.8;19.5;2297;2262;2025
006114;Novi Ligure;27395;48.2;13.6;30.2;28.1;13232;14163;2025
065080;Novi Velia;2356;42.4;19.9;37.8;20.3;1199;1157;2025
075055;Novoli;7508;48.7;12.5;30.6;28.6;3612;3896;2025
004153;Nucetto;389;48.9;13.4;30.8;29.3;193;196;2025
090044;Nughedu San Nicolò;720;51.5;9.0;24.7;33.5;372;348;2025
095034;Nughedu Santa Vittoria;428;54.6;8.9;21.7;37.1;207;221;2025
090045;Nule;1273;47.7;12.3;32.4;29.7;647;626;2025
090046;Nulvi;2585;46.9;14.6;31.4;25.6;1298;1287;2025
042032;Numana;3762;49.4;10.5;26.5;25.9;1903;1859;2025
091051;Nuoro;33054;49.1;12.0;28.0;28.5;15883;17171;2025
095035;Nurachi;1664;48.4;12.7;27.0;25.3;816;848;2025
111045;Nuragus;810;52.7;10.6;24.4;36.8;401;409;2025
111046;Nurallao;1106;51.6;9.5;25.0;31.7;570;536;2025
111047;Nuraminis;2342;50.1;12.3;25.7;30.0;1172;1170;2025
095036;Nureci;301;53.6;10.6;23.6;37.2;152;149;2025
111048;Nurri;2021;49.0;13.9;29.7;29.1;1008;1013;2025
007045;Nus;2931;45.2;16.0;33.7;22.2;1455;1476;2025
064066;Nusco;3799;47.6;13.2;30.5;26.8;1863;1936;2025
017119;Nuvolento;3947;45.3;16.2;33.0;23.2;1944;2003;2025
017120;Nuvolera;4750;43.7;17.0;35.9;19.5;2345;2405;2025
111049;Nuxis;1401;52.0;9.6;23.4;33.6;675;726;2025
096040;Occhieppo Inferiore;3761;49.5;13.1;27.7;30.5;1799;1962;2025
096041;Occhieppo Superiore;2568;50.5;11.1;27.8;31.6;1232;1336;2025
029033;Occhiobello;12052;47.2;14.3;29.7;25.3;5893;6159;2025
006115;Occimiano;1208;47.4;15.0;32.0;25.9;579;629;2025
066059;Ocre;1084;49.0;13.0;26.9;30.3;555;529;2025
006116;Odalengo Grande;403;55.5;10.2;19.9;39.5;207;196;2025
006117;Odalengo Piccolo;225;51.6;14.2;25.8;35.6;119;106;2025
026051;Oderzo;20244;46.4;14.9;33.5;24.7;10001;10243;2025
017121;Odolo;1907;43.6;17.8;37.8;21.5;955;952;2025
066060;Ofena;440;52.3;8.4;27.0;34.1;236;204;2025
042033;Offagna;2120;45.0;16.6;33.7;23.4;1076;1044;2025
019062;Offanengo;5922;46.4;15.4;31.7;24.9;2947;2975;2025
044054;Offida;4581;50.8;11.9;26.9;32.0;2227;2354;2025
017122;Offlaga;4124;44.2;16.8;35.2;21.3;2099;2025;2025
103049;Oggebbio;810;48.5;12.1;29.8;28.0;394;416;2025
012107;Oggiona con Santo Stefano;4335;46.3;15.2;32.3;25.2;2162;2173;2025
097057;Oggiono;9210;46.1;16.2;33.2;25.1;4587;4623;2025
001170;Oglianico;1428;45.8;16.5;32.7;23.2;699;729;2025
065081;Ogliastro Cilento;2290;46.1;14.7;32.6;25.1;1162;1128;2025
090047;Olbia;61681;44.8;15.3;31.8;19.9;30493;31188;2025
002088;Olcenengo;772;46.8;15.9;30.7;25.1;383;389;2025
002089;Oldenico;232;47.6;16.4;31.0;28.0;119;113;2025
003108;Oleggio;14241;46.2;15.9;31.6;24.2;7037;7204;2025
003109;Oleggio Castello;2223;46.9;15.0;30.9;25.4;1119;1104;2025
018104;Olevano di Lomellina;715;48.6;13.4;28.0;26.4;354;361;2025
058073;Olevano Romano;6325;47.1;13.5;30.2;24.9;3167;3158;2025
065082;Olevano sul Tusciano;6589;43.6;16.6;36.3;21.0;3280;3309;2025
013165;Olgiate Comasco;12111;45.6;15.8;33.6;23.7;5999;6112;2025
097058;Olgiate Molgora;6332;45.9;15.7;33.2;24.5;3173;3159;2025
012108;Olgiate Olona;12744;45.8;16.2;32.9;23.8;6197;6547;2025
097059;Olginate;6935;46.7;14.8;32.5;25.9;3458;3477;2025
091055;Oliena;6475;48.4;12.2;30.1;28.2;3203;3272;2025
079088;Olivadi;481;51.8;8.5;24.9;33.9;239;242;2025
018105;Oliva Gessi;167;55.2;3.6;19.2;35.3;80;87;2025
083063;Oliveri;2197;47.9;12.5;32.5;28.8;1085;1112;2025
065083;Oliveto Citra;3609;44.8;15.9;34.4;23.1;1768;1841;2025
097060;Oliveto Lario;1152;50.7;10.1;25.6;28.6;587;565;2025
077019;Oliveto Lucano;349;57.7;7.4;16.3;44.4;171;178;2025
008038;Olivetta San Michele;202;51.9;13.4;24.8;36.6;98;104;2025
006118;Olivola;104;54.2;8.7;20.2;33.7;49;55;2025
095037;Ollastra;1088;48.4;11.5;29.7;27.7;542;546;2025
091056;Ollolai;1143;50.2;12.4;27.8;31.4;562;581;2025
007046;Ollomont;168;48.9;14.9;26.2;25.0;87;81;2025
090048;Olmedo;4222;46.2;14.0;30.0;22.8;2125;2097;2025
019063;Olmeneta;920;47.5;12.8;31.0;23.9;439;481;2025
016145;Olmo al Brembo;458;50.1;11.6;28.8;31.2;234;224;2025
005081;Olmo Gentile;68;57.1;8.8;14.7;45.6;34;34;2025
016146;Oltre il Colle;932;50.2;12.6;28.0;34.3;485;447;2025
016147;Oltressenda Alta;132;53.7;6.1;25.8;39.4;72;60;2025
013169;Oltrona di San Mamette;2365;45.4;15.5;33.0;22.4;1175;1190;2025
091057;Olzai;755;51.5;11.4;26.2;33.0;382;373;2025
017123;Ome;3128;46.3;15.3;31.5;23.6;1542;1586;2025
103050;Omegna;14185;49.6;12.6;28.3;29.8;6875;7310;2025
065084;Omignano;1630;44.7;16.9;34.3;23.6;820;810;2025
091058;Onanì;353;50.1;11.3;25.8;29.5;168;185;2025
056040;Onano;865;52.8;10.5;23.4;36.2;423;442;2025
004154;Oncino;81;52.2;3.7;24.7;29.6;45;36;2025
016148;Oneta;572;50.5;11.9;26.9;32.3;282;290;2025
091059;Onifai;705;49.3;13.5;29.4;29.1;336;369;2025
091060;Oniferi;834;44.7;15.9;34.7;23.7;424;410;2025
016149;Onore;939;47.9;12.0;29.6;25.1;456;483;2025
017124;Ono San Pietro;961;46.3;13.6;31.8;21.1;470;491;2025
009043;Onzo;211;53.8;12.3;26.5;37.0;102;109;2025
015159;Opera;14396;47.0;15.1;31.5;26.7;6884;7512;2025
066061;Opi;371;51.4;9.2;26.1;34.2;195;176;2025
023055;Oppeano;10376;42.7;18.0;36.0;18.9;5271;5105;2025
076056;Oppido Lucano;3512;47.6;13.0;31.9;26.9;1741;1771;2025
080055;Oppido Mamertina;4699;45.3;15.8;35.2;23.8;2305;2394;2025
021060;Ora/Auer;3882;43.0;18.5;37.8;20.2;1904;1978;2025
091061;Orani;2619;49.5;12.4;28.1;31.6;1305;1314;2025
070049;Oratino;1685;45.8;14.7;31.9;23.0;872;813;2025
001171;Orbassano;22811;47.5;14.9;30.9;27.6;10998;11813;2025
053018;Orbetello;14020;50.9;11.4;25.9;31.9;6685;7335;2025
050023;Orciano Pisano;638;49.8;12.1;26.5;28.7;302;336;2025
009044;Orco Feglino;911;50.5;10.9;25.7;29.3;470;441;2025
071063;Ordona;3375;37.1;28.9;49.1;16.1;1717;1658;2025
010042;Orero;493;52.1;11.2;22.7;33.5;248;245;2025
024075;Orgiano;3003;48.0;13.2;31.2;27.3;1478;1525;2025
091062;Orgosolo;3849;47.1;13.8;32.5;25.0;1922;1927;2025
074011;Oria;14377;46.5;14.4;31.9;24.7;6940;7437;2025
066062;Oricola;1282;45.5;16.9;30.7;22.7;648;634;2025
012109;Origgio;8035;45.3;16.2;32.6;22.6;4040;3995;2025
012110;Orino;838;46.9;14.9;31.6;24.1;427;411;2025
016150;Orio al Serio;1624;45.6;14.3;34.0;22.2;833;791;2025
001172;Orio Canavese;732;50.8;12.0;26.5;32.8;368;364;2025
098042;Orio Litta;2050;46.0;15.4;32.2;25.2;1022;1028;2025
078087;Oriolo;1805;54.2;8.8;22.7;37.5;844;961;2025
056041;Oriolo Romano;3696;47.4;13.2;29.7;25.6;1826;1870;2025
095038;Oristano;30067;50.2;10.7;25.7;29.7;14214;15853;2025
004155;Ormea;1454;56.0;7.2;19.6;39.8;761;693;2025
026052;Ormelle;4522;44.6;16.7;35.2;22.9;2261;2261;2025
108036;Ornago;5426;44.6;16.5;33.8;21.0;2684;2742;2025
103051;Ornavasso;3310;47.1;14.7;30.5;25.3;1670;1640;2025
016151;Ornica;128;57.6;2.3;18.8;43.8;71;57;2025
091063;Orosei;6847;46.0;14.0;32.1;23.2;3438;3409;2025
091064;Orotelli;1821;48.2;14.6;31.6;29.8;906;915;2025
065085;Orria;920;53.8;9.6;24.5;37.5;460;460;2025
111050;Orroli;1934;51.6;10.3;25.2;33.7;987;947;2025
026053;Orsago;3760;47.3;14.4;32.1;26.5;1835;1925;2025
006119;Orsara Bormida;384;52.0;12.8;23.7;33.9;196;188;2025
071035;Orsara di Puglia;2477;49.4;12.5;29.5;30.2;1258;1219;2025
013170;Orsenigo;2630;47.0;13.8;31.0;24.7;1304;1326;2025
069057;Orsogna;3602;47.4;14.1;31.7;26.4;1748;1854;2025
078088;Orsomarso;1074;50.8;11.5;26.9;32.3;541;533;2025
111051;Ortacesus;866;49.2;12.6;27.7;30.7;456;410;2025
061053;Orta di Atella;27452;37.4;23.4;44.7;11.3;13573;13879;2025
071036;Orta Nova;16597;43.3;16.9;37.0;20.3;8235;8362;2025
003112;Orta San Giulio;1102;51.2;7.4;27.0;31.2;552;550;2025
056042;Orte;9120;45.6;15.5;32.9;22.9;4578;4542;2025
075056;Ortelle;2175;50.1;10.7;28.6;30.3;1038;1137;2025
109029;Ortezzano;734;48.4;14.0;30.5;29.6;367;367;2025
051027;Ortignano Raggiolo;821;49.3;13.3;25.1;30.3;425;396;2025
021061;Ortisei/St. Ulrich;4724;44.1;17.3;38.6;22.5;2345;2379;2025
069058;Ortona;21984;47.9;13.7;29.6;27.6;10735;11249;2025
066063;Ortona dei Marsi;379;63.1;2.4;12.1;53.0;176;203;2025
009045;Ortovero;1702;43.0;18.8;36.7;19.3;845;857;2025
066064;Ortucchio;1718;47.1;15.3;30.6;27.5;868;850;2025
091066;Ortueri;978;53.1;8.3;23.7;35.4;495;483;2025
091067;Orune;2064;49.5;12.0;29.4;29.6;1034;1030;2025
055023;Orvieto;19196;49.6;13.0;27.9;30.1;9150;10046;2025
057047;Orvinio;387;52.8;7.8;22.7;34.9;204;183;2025
017125;Orzinuovi;12449;44.6;16.9;35.5;22.9;6233;6216;2025
017126;Orzivecchi;2501;44.9;16.0;35.2;22.5;1272;1229;2025
001173;Osasco;1158;46.5;15.6;30.7;24.6;574;584;2025
001174;Osasio;899;46.5;16.0;31.9;26.1;466;433;2025
090049;Oschiri;2917;51.1;10.9;26.9;32.4;1477;1440;2025
091068;Osidda;214;48.2;15.0;30.4;29.4;102;112;2025
009046;Osiglia;433;54.1;10.4;23.1;37.0;217;216;2025
090050;Osilo;2774;50.1;10.3;26.9;29.3;1348;1426;2025
042034;Osimo;34792;45.8;16.3;33.0;23.9;17157;17635;2025
091069;Osini;690;52.9;10.4;24.9;37.0;365;325;2025
016152;Osio Sopra;5223;43.6;16.5;35.8;19.1;2633;2590;2025
016153;Osio Sotto;12799;44.1;16.9;35.4;21.5;6474;6325;2025
097061;Osnago;4769;46.7;14.5;32.2;25.1;2299;2470;2025
030066;Osoppo;2789;48.1;12.8;29.5;26.5;1390;1399;2025
008039;Ospedaletti;3184;51.5;10.9;24.8;32.2;1515;1669;2025
022130;Ospedaletto;816;45.3;16.7;35.2;24.0;420;396;2025
064067;Ospedaletto d'Alpinolo;1981;45.3;16.0;32.6;21.9;971;1010;2025
028059;Ospedaletto Euganeo;5611;46.9;14.1;31.0;24.6;2782;2829;2025
098043;Ospedaletto Lodigiano;2018;43.9;16.3;36.1;21.5;1059;959;2025
025035;Ospitale di Cadore;261;51.2;8.4;28.0;31.4;132;129;2025
017127;Ospitaletto;14855;42.5;18.8;37.8;18.6;7571;7284;2025
098044;Ossago Lodigiano;1404;46.0;15.4;31.6;22.3;718;686;2025
022131;Ossana;820;47.8;14.1;31.6;26.8;398;422;2025
090051;Ossi;5401;47.8;12.5;29.1;26.0;2668;2733;2025
017128;Ossimo;1437;48.5;11.9;27.8;25.5;732;705;2025
015164;Ossona;4397;45.5;14.9;33.1;22.9;2219;2178;2025
004156;Ostana;87;46.5;13.8;29.9;28.7;48;39;2025
038017;Ostellato;5592;52.3;10.6;23.5;33.7;2768;2824;2025
019064;Ostiano;2777;47.6;15.7;31.3;28.2;1399;1378;2025
020038;Ostiglia;6739;47.8;14.3;31.4;27.7;3367;3372;2025
042035;Ostra;6251;47.1;15.1;32.1;26.2;3057;3194;2025
042036;Ostra Vetere;3066;49.5;12.2;29.7;30.1;1540;1526;2025
074012;Ostuni;29943;48.4;12.8;29.3;27.8;14413;15530;2025
075057;Otranto;5566;48.5;12.2;28.8;27.7;2672;2894;2025
055024;Otricoli;1697;50.5;12.0;27.2;32.0;826;871;2025
091070;Ottana;2167;47.6;13.1;30.2;27.1;1078;1089;2025
065086;Ottati;578;51.1;13.3;27.5;34.8;289;289;2025
063051;Ottaviano;23271;42.9;16.5;37.3;19.2;11592;11679;2025
006120;Ottiglio;543;51.6;10.3;24.3;30.4;280;263;2025
018106;Ottobiano;1099;47.6;13.8;30.3;24.9;541;558;2025
033030;Ottone;397;59.5;4.8;14.9;45.1;230;167;2025
001175;Oulx;3277;47.3;13.8;29.7;24.8;1681;1596;2025
006121;Ovada;10816;50.4;12.5;27.4;31.9;5231;5585;2025
030067;Ovaro;1708;52.8;9.3;23.4;35.5;859;849;2025
006122;Oviglio;1221;51.3;11.6;26.2;32.9;611;610;2025
066065;Ovindoli;1168;50.3;10.4;24.5;29.3;591;577;2025
091071;Ovodda;1453;47.5;14.7;31.7;28.1;736;717;2025
007047;Oyace;201;48.2;14.4;27.4;26.4;104;97;2025
001176;Ozegna;1175;46.8;14.6;31.9;24.8;580;595;2025
090052;Ozieri;9685;48.4;12.5;29.4;28.0;4829;4856;2025
037046;Ozzano dell'Emilia;14279;46.6;14.9;31.5;24.6;7073;7206;2025
006123;Ozzano Monferrato;1308;50.5;10.6;27.3;31.3;660;648;2025
015165;Ozzero;1389;46.2;15.7;31.6;23.7;692;697;2025
111052;Pabillonis;2433;49.5;10.9;25.8;27.4;1238;1195;2025
081013;Paceco;10587;46.1;15.0;33.6;24.8;5151;5436;2025
083064;Pace del Mela;5974;45.5;15.9;33.3;22.9;2925;3049;2025
066066;Pacentro;1058;49.4;11.9;26.8;30.3;540;518;2025
089014;Pachino;22117;42.6;17.3;38.1;19.5;11352;10765;2025
054036;Paciano;937;51.5;11.7;24.7;34.5;460;477;2025
017129;Padenghe sul Garda;4896;46.4;15.6;30.6;22.9;2353;2543;2025
006124;Paderna;202;52.6;8.4;23.8;32.2;101;101;2025
097062;Paderno d'Adda;3881;45.6;16.5;34.2;23.7;1907;1974;2025
015166;Paderno Dugnano;47594;46.2;15.4;32.9;24.7;23230;24364;2025
017130;Paderno Franciacorta;3677;45.3;16.0;33.5;22.4;1829;1848;2025
019065;Paderno Ponchielli;1276;49.7;12.8;28.4;30.5;657;619;2025
028060;Padova;207412;47.5;13.1;32.1;26.8;99961;107451;2025
090053;Padria;576;53.7;9.5;21.0;36.6;291;285;2025
090090;Padru;2103;47.4;13.7;30.1;25.8;1064;1039;2025
065087;Padula;4819;47.1;12.8;31.7;25.8;2349;2470;2025
062045;Paduli;3566;48.0;14.0;30.5;28.1;1764;1802;2025
004157;Paesana;2657;50.4;11.9;27.0;31.9;1329;1328;2025
026055;Paese;22174;44.9;16.3;34.5;22.1;10960;11214;2025
065088;Pagani;35161;43.0;17.2;37.9;19.8;17138;18023;2025
057048;Paganico Sabino;161;58.2;1.9;11.2;34.2;88;73;2025
016154;Pagazzano;2202;43.5;18.6;36.1;21.5;1148;1054;2025
083065;Pagliara;1117;46.7;15.2;31.8;25.6;540;577;2025
069059;Paglieta;4149;46.9;14.1;32.2;25.6;2065;2084;2025
030068;Pagnacco;5092;48.1;14.1;29.2;27.6;2486;2606;2025
004158;Pagno;584;48.3;12.3;28.9;25.9;286;298;2025
097063;Pagnona;310;56.1;6.1;18.4;37.7;159;151;2025
064068;Pago del Vallo di Lauro;1682;44.2;15.2;35.7;20.2;822;860;2025
062046;Pago Veiano;2180;47.9;13.0;30.0;27.1;1090;1090;2025
017131;Paisco Loveno;166;51.8;11.4;21.1;33.7;88;78;2025
017132;Paitone;2209;45.2;14.4;33.6;20.7;1140;1069;2025
016155;Paladina;3943;45.4;15.6;33.6;22.2;1956;1987;2025
036029;Palagano;2041;50.5;11.3;27.3;31.4;1014;1027;2025
073020;Palagianello;7502;45.2;15.6;34.0;23.6;3649;3853;2025
073021;Palagiano;15701;44.4;15.7;35.8;22.9;7898;7803;2025
087032;Palagonia;15516;41.6;19.5;40.2;19.0;7642;7874;2025
050024;Palaia;4595;47.6;14.3;29.9;26.4;2198;2397;2025
034026;Palanzano;1001;55.2;9.3;19.5;41.0;529;472;2025
070050;Palata;1469;51.6;11.6;25.2;33.2;723;746;2025
090054;Palau;4084;47.5;13.4;28.6;24.4;2078;2006;2025
016156;Palazzago;4593;43.9;17.9;33.9;20.2;2317;2276;2025
082052;Palazzo Adriano;1736;50.0;9.7;28.5;29.7;854;882;2025
001177;Palazzo Canavese;836;48.2;13.8;30.0;28.1;407;429;2025
089015;Palazzolo Acreide;7980;48.0;13.2;29.8;27.2;3880;4100;2025
030069;Palazzolo dello Stella;2864;49.9;11.1;27.6;29.7;1406;1458;2025
017133;Palazzolo sull'Oglio;20403;44.2;16.6;35.7;21.2;10328;10075;2025
002090;Palazzolo Vercellese;1088;51.0;10.4;25.2;30.1;542;546;2025
019066;Palazzo Pignano;3808;46.1;14.8;32.0;24.0;1923;1885;2025
076057;Palazzo San Gervasio;4280;46.7;13.1;32.5;24.3;2162;2118;2025
048031;Palazzuolo sul Senio;1093;52.6;11.7;24.3;35.7;566;527;2025
069060;Palena;1203;49.7;11.8;27.4;28.3;608;595;2025
079089;Palermiti;1041;51.5;12.3;24.9;35.5;512;529;2025
082053;Palermo;628693;44.9;16.5;34.7;23.5;300498;328195;2025
058074;Palestrina;22092;44.7;16.4;33.8;21.7;10832;11260;2025
018107;Palestro;1850;48.2;14.9;30.5;29.0;915;935;2025
060046;Paliano;7859;46.4;14.8;30.9;24.2;3925;3934;2025
080056;Palizzi;1878;52.0;10.4;25.2;35.5;916;962;2025
101016;Pallagorio;908;55.0;9.7;22.7;42.7;447;461;2025
103052;Pallanzeno;1081;49.6;12.7;29.5;29.8;546;535;2025
009047;Pallare;861;49.5;12.0;27.6;28.0;422;439;2025
063052;Palma Campania;16356;41.3;18.1;39.0;16.8;8543;7813;2025
084027;Palma di Montechiaro;21341;43.2;18.6;38.7;22.3;10243;11098;2025
030070;Palmanova;5311;48.8;13.8;28.4;28.8;2560;2751;2025
075058;Palmariggi;1359;50.3;11.8;26.3;30.5;663;696;2025
095039;Palmas Arborea;1480;46.4;14.5;30.6;23.7;725;755;2025
080057;Palmi;17972;44.2;16.6;36.1;22.6;8728;9244;2025
044056;Palmiano;153;54.1;3.9;22.2;34.0;68;85;2025
069061;Palmoli;841;49.1;10.8;29.3;28.2;451;390;2025
072033;Palo del Colle;20366;44.2;16.3;35.5;21.3;10043;10323;2025
058075;Palombara Sabina;13110;45.0;16.1;33.4;22.0;6537;6573;2025
069062;Palombaro;943;50.4;11.2;28.0;31.1;472;471;2025
065089;Palomonte;3766;44.8;16.5;35.7;24.1;1899;1867;2025
016157;Palosco;5704;44.1;17.0;35.6;21.0;2859;2845;2025
023056;Palù;1207;45.5;16.8;32.6;22.5;612;595;2025
022133;Palù del Fersina;162;53.0;5.6;22.8;30.2;84;78;2025
078089;Paludi;964;50.3;11.9;27.8;32.6;490;474;2025
030071;Paluzza;1923;51.9;11.5;25.8;34.5;952;971;2025
004159;Pamparato;263;59.9;5.3;12.5;44.9;146;117;2025
001178;Pancalieri;1958;47.5;15.4;32.1;28.3;953;1005;2025
018108;Pancarana;316;49.2;12.0;26.6;28.2;161;155;2025
022134;Panchià;817;46.4;14.2;32.4;23.7;401;416;2025
019067;Pandino;8894;46.4;15.8;32.7;25.1;4411;4483;2025
078090;Panettieri;307;50.5;11.1;24.1;31.6;154;153;2025
054037;Panicale;5312;48.9;13.2;30.0;29.4;2600;2712;2025
062047;Pannarano;1964;44.3;13.8;35.3;20.5;1026;938;2025
071037;Panni;672;51.9;10.6;27.5;34.1;318;354;2025
081014;Pantelleria;7199;46.2;14.4;32.3;24.1;3622;3577;2025
015167;Pantigliate;5801;45.9;16.0;32.8;23.7;2841;2960;2025
078091;Paola;15069;46.7;13.6;32.3;25.5;7327;7742;2025
062048;Paolisi;1943;43.6;17.3;36.0;19.4;980;963;2025
078092;Papasidero;591;54.4;6.1;21.5;35.2;300;291;2025
029034;Papozze;1418;51.7;11.0;24.9;33.3;700;718;2025
015168;Parabiago;28207;45.8;15.7;32.4;23.6;13879;14328;2025
075059;Parabita;8664;47.9;13.5;30.4;27.6;4116;4548;2025
017134;Paratico;5019;44.3;16.3;33.5;19.7;2517;2502;2025
021062;Parcines/Partschins;3955;43.4;18.3;37.1;20.4;1936;2019;2025
001179;Parella;413;51.0;13.8;26.4;35.8;194;219;2025
078093;Parenti;1955;47.7;12.6;31.5;25.5;979;976;2025
061054;Parete;12933;40.1;20.2;40.9;15.7;6447;6486;2025
006125;Pareto;513;55.6;8.0;20.9;38.8;271;242;2025
102026;Parghelia;1281;47.5;13.2;31.2;25.9;628;653;2025
097064;Parlasco;137;52.7;7.3;22.6;33.6;73;64;2025
034027;Parma;198693;45.2;15.1;34.5;22.6;96666;102027;2025
006126;Parodi Ligure;589;56.2;6.8;19.2;37.0;309;280;2025
004160;Paroldo;186;51.6;11.8;24.2;32.8;93;93;2025
064069;Parolise;620;47.6;12.6;29.5;26.0;305;315;2025
018109;Parona;1844;47.2;13.4;31.5;25.8;935;909;2025
055025;Parrano;490;55.0;9.2;19.4;37.3;246;244;2025
016158;Parre;2669;45.1;15.8;34.9;23.2;1328;1341;2025
081015;Partanna;9791;47.3;14.4;32.2;27.3;4804;4987;2025
082054;Partinico;30708;44.1;17.1;36.6;22.8;15223;15485;2025
003114;Paruzzaro;2161;46.7;14.9;30.9;24.2;1043;1118;2025
016159;Parzanica;329;54.2;7.6;19.1;33.4;176;153;2025
030072;Pasian di Prato;9251;48.2;13.7;30.3;27.7;4477;4774;2025
093029;Pasiano di Pordenone;7854;44.9;15.9;35.1;22.2;3942;3912;2025
017135;Paspardo;579;50.6;13.3;24.7;33.2;299;280;2025
005082;Passerano Marmorito;428;50.5;12.9;23.6;30.1;231;197;2025
054038;Passignano sul Trasimeno;5705;48.0;14.0;30.1;27.4;2746;2959;2025
017136;Passirano;6833;46.4;14.8;31.7;23.8;3368;3465;2025
060047;Pastena;1268;50.8;11.0;26.2;32.0;629;639;2025
061055;Pastorano;2872;43.8;15.6;36.1;20.4;1454;1418;2025
023057;Pastrengo;3057;45.1;16.1;32.7;20.7;1554;1503;2025
006127;Pasturana;1262;48.9;14.7;28.9;27.5;603;659;2025
097065;Pasturo;1970;46.2;15.7;32.5;22.6;1006;964;2025
076100;Paterno;2979;48.4;12.9;29.8;28.6;1439;1540;2025
087033;Paternò;44744;43.1;17.8;38.0;21.2;21824;22920;2025
078094;Paterno Calabro;1334;45.1;15.7;32.5;23.7;688;646;2025
064070;Paternopoli;2089;48.1;13.2;30.5;27.9;1046;1043;2025
060048;Patrica;3043;46.1;14.7;31.6;23.8;1541;1502;2025
090055;Pattada;2801;47.8;13.9;31.9;29.5;1425;1376;2025
083066;Patti;12679;46.9;14.2;31.0;25.8;6029;6650;2025
075060;Patù;1648;48.5;12.8;29.7;28.4;812;836;2025
095040;Pau;266;54.6;11.3;20.7;38.3;129;137;2025
030073;Paularo;2298;49.9;11.4;26.8;29.7;1160;1138;2025
111053;Pauli Arbarei;538;51.2;8.7;24.7;27.7;273;265;2025
095041;Paulilatino;2086;49.5;12.4;28.1;30.7;1058;1028;2025
015169;Paullo;11153;45.9;15.7;33.5;24.3;5527;5626;2025
062049;Paupisi;1414;46.2;15.0;34.4;24.9;708;706;2025
001180;Pavarolo;1170;46.3;15.7;32.4;24.7;578;592;2025
018110;Pavia;71610;47.0;12.8;33.1;25.9;34484;37126;2025
030074;Pavia di Udine;5476;48.9;13.3;28.5;29.1;2720;2756;2025
001181;Pavone Canavese;3618;50.1;13.0;27.9;30.9;1761;1857;2025
017137;Pavone del Mella;2732;45.3;15.6;33.8;23.8;1364;1368;2025
036030;Pavullo nel Frignano;18360;45.4;16.0;34.5;23.5;9149;9211;2025
080058;Pazzano;487;49.9;14.0;30.8;35.1;246;241;2025
050025;Peccioli;4647;48.9;13.8;29.1;28.2;2258;2389;2025
006128;Pecetto di Valenza;1144;51.0;12.2;25.3;32.8;568;576;2025
001183;Pecetto Torinese;4020;47.5;16.1;31.7;28.1;1971;2049;2025
087034;Pedara;15422;42.7;18.6;36.4;18.8;7688;7734;2025
109030;Pedaso;2865;46.3;14.6;31.6;23.8;1372;1493;2025
025036;Pedavena;4301;48.8;13.5;29.2;28.8;2094;2207;2025
024076;Pedemonte;674;51.9;11.4;26.0;34.1;333;341;2025
026056;Pederobba;7293;46.3;15.1;33.2;25.5;3667;3626;2025
014047;Pedesina;37;52.6;13.5;24.3;43.2;19;18;2025
078096;Pedivigliano;724;49.6;10.4;28.2;29.7;345;379;2025
016160;Pedrengo;5909;44.1;15.7;35.7;20.1;2950;2959;2025
041041;Peglio;631;47.5;12.7;28.5;24.7;314;317;2025
013178;Peglio;200;44.4;16.0;35.5;19.5;96;104;2025
020039;Pegognaga;6934;46.7;14.9;31.9;25.6;3429;3505;2025
016161;Peia;1696;47.1;15.1;31.7;26.1;809;887;2025
022136;Peio;1796;48.3;14.0;30.0;29.0;938;858;2025
048032;Pelago;7899;47.1;14.4;31.9;25.9;3927;3972;2025
003115;Pella;876;51.6;8.9;24.2;29.2;412;464;2025
034028;Pellegrino Parmense;961;52.0;10.9;24.5;34.1;494;467;2025
065090;Pellezzano;10884;44.5;17.2;33.7;22.7;5361;5523;2025
022137;Pellizzano;769;47.7;15.3;31.6;31.5;381;388;2025
022138;Pelugo;390;44.1;14.6;37.2;20.5;186;204;2025
005083;Penango;425;50.9;12.7;24.9;30.1;213;212;2025
099024;Pennabilli;2692;49.6;12.2;28.9;30.5;1343;1349;2025
069063;Pennadomo;204;56.9;5.9;19.6;44.1;98;106;2025
055026;Penna in Teverina;1022;51.1;10.9;24.9;32.3;502;520;2025
069064;Pennapiedimonte;384;54.4;8.3;22.4;38.0;190;194;2025
043035;Penna San Giovanni;915;53.6;9.9;22.3;36.9;447;468;2025
067033;Penna Sant'Andrea;1635;47.7;13.5;30.6;26.1;820;815;2025
068027;Penne;11005;48.0;12.6;30.6;27.0;5449;5556;2025
079092;Pentone;1817;48.7;12.3;29.6;28.1;881;936;2025
069065;Perano;1471;48.2;12.5;29.5;27.1;717;754;2025
025037;Perarolo di Cadore;358;46.9;14.2;32.7;26.3;181;177;2025
021063;Perca/Percha;1729;41.1;20.3;39.6;17.1;870;859;2025
058076;Percile;217;52.7;8.3;24.9;32.3;110;107;2025
091072;Perdasdefogu;1710;50.9;10.9;26.9;30.2;865;845;2025
111054;Perdaxius;1297;50.5;11.6;25.8;30.9;651;646;2025
065091;Perdifumo;1811;48.7;12.3;29.5;28.7;878;933;2025
066067;Pereto;638;50.2;10.7;24.9;31.3;336;302;2025
090056;Perfugas;2229;49.6;12.9;27.5;30.4;1117;1112;2025
022139;Pergine Valsugana;21577;44.6;17.0;35.3;22.2;10529;11048;2025
041043;Pergola;5720;50.7;11.7;26.9;32.0;2813;2907;2025
008040;Perinaldo;789;51.1;10.9;25.6;30.2;400;389;2025
065092;Perito;785;50.0;10.4;28.3;28.5;391;394;2025
097067;Perledo;850;52.5;10.9;23.9;33.1;416;434;2025
004161;Perletto;252;53.0;8.7;25.0;34.9;132;120;2025
004162;Perlo;104;51.8;10.6;24.0;31.7;60;44;2025
007048;Perloz;448;48.6;13.4;28.8;27.7;215;233;2025
028061;Pernumia;3756;47.2;14.4;30.6;25.9;1891;1865;2025
015170;Pero;11816;44.6;15.4;35.1;21.4;5904;5912;2025
001184;Perosa Argentina;3106;50.7;12.6;26.1;31.9;1456;1650;2025
001185;Perosa Canavese;499;49.2;12.4;29.1;28.5;241;258;2025
001186;Perrero;554;53.8;9.4;22.7;37.7;304;250;2025
019068;Persico Dosimo;3229;45.6;14.6;33.0;22.5;1609;1620;2025
002091;Pertengo;332;45.2;17.2;31.3;22.3;164;168;2025
017139;Pertica Alta;558;49.5;12.4;28.9;30.1;292;266;2025
017140;Pertica Bassa;553;50.3;12.3;27.1;30.9;277;276;2025
065093;Pertosa;653;46.4;12.6;34.6;24.7;328;325;2025
001187;Pertusio;734;47.0;14.9;30.8;26.0;358;376;2025
054039;Perugia;162050;46.8;14.4;32.4;25.7;78119;83931;2025
041044;Pesaro;95266;48.1;13.5;30.1;27.0;45972;49294;2025
046022;Pescaglia;3251;50.7;11.0;26.1;30.8;1625;1626;2025
023058;Pescantina;17547;43.7;17.0;35.8;19.4;8736;8811;2025
068028;Pescara;118313;47.7;14.2;30.7;27.0;56032;62281;2025
019069;Pescarolo ed Uniti;1537;47.0;14.6;30.5;26.2;772;765;2025
066068;Pescasseroli;2030;47.2;11.1;31.3;24.5;1042;988;2025
097068;Pescate;2146;46.1;15.2;33.2;23.9;1086;1060;2025
094031;Pesche;1477;46.3;14.8;31.6;24.2;754;723;2025
071038;Peschici;4276;44.9;15.9;34.6;21.7;2125;2151;2025
015171;Peschiera Borromeo;24300;45.5;16.0;33.0;23.2;11900;12400;2025
023059;Peschiera del Garda;10899;46.8;14.7;30.1;23.8;5244;5655;2025
047012;Pescia;19290;47.4;14.2;30.9;26.2;9394;9896;2025
066069;Pescina;3648;49.0;13.4;28.2;30.1;1827;1821;2025
066070;Pescocostanzo;1085;51.2;10.7;25.3;30.8;569;516;2025
094032;Pescolanciano;786;48.2;11.3;30.0;27.0;396;390;2025
076058;Pescopagano;1616;50.9;11.4;26.7;31.9;804;812;2025
094033;Pescopennataro;231;52.6;12.6;21.2;38.5;118;113;2025
057049;Pescorocchiano;1806;53.0;9.7;22.7;37.0;932;874;2025
062050;Pesco Sannita;1827;48.4;13.5;31.4;29.4;877;950;2025
068029;Pescosansonesco;438;51.6;8.7;27.2;31.5;211;227;2025
060049;Pescosolido;1387;48.4;12.6;29.6;27.8;701;686;2025
015172;Pessano con Bornago;9036;45.8;14.4;34.2;22.5;4461;4575;2025
019070;Pessina Cremonese;567;49.9;11.3;28.2;31.4;291;276;2025
001188;Pessinetto;599;48.9;10.5;30.6;27.5;317;282;2025
070051;Petacciato;3557;46.0;15.2;33.6;24.4;1794;1763;2025
101017;Petilia Policastro;8498;43.8;17.7;36.7;22.3;4261;4237;2025
065094;Petina;993;46.8;12.5;32.9;24.5;489;504;2025
082055;Petralia Soprana;2866;49.9;11.7;28.4;29.9;1411;1455;2025
082056;Petralia Sottana;2381;51.4;10.4;26.5;32.9;1113;1268;2025
057050;Petrella Salto;1026;53.0;8.8;22.5;35.9;562;464;2025
070052;Petrella Tifernina;1020;51.5;12.1;26.5;34.6;499;521;2025
041045;Petriano;2801;44.4;16.9;35.9;22.0;1397;1404;2025
043036;Petriolo;1815;48.2;15.3;29.5;28.9;912;903;2025
109031;Petritoli;2115;49.7;11.1;29.4;30.3;1045;1070;2025
079094;Petrizzi;992;50.5;10.5;28.1;32.1;494;498;2025
079095;Petronà;2341;46.8;15.8;32.2;27.4;1139;1202;2025
081024;Petrosino;7911;44.0;17.4;36.5;22.3;4071;3840;2025
064071;Petruro Irpino;304;48.7;14.1;30.3;30.3;157;147;2025
003116;Pettenasco;1308;48.5;12.7;29.5;28.2;646;662;2025
096042;Pettinengo;1432;50.6;10.3;27.4;31.1;718;714;2025
083067;Pettineo;1239;47.5;12.7;32.6;26.4;602;637;2025
094034;Pettoranello del Molise;452;46.3;13.5;34.5;22.3;249;203;2025
066071;Pettorano sul Gizio;1259;48.9;11.0;28.3;27.8;641;618;2025
029035;Pettorazza Grimani;1410;51.3;11.1;24.5;32.9;714;696;2025
004163;Peveragno;5508;45.7;16.4;34.1;24.4;2734;2774;2025
002093;Pezzana;1282;46.8;14.4;30.1;25.4;629;653;2025
017141;Pezzaze;1419;49.6;11.3;27.5;28.3;731;688;2025
004164;Pezzolo Valle Uzzone;297;53.3;10.8;22.2;34.0;141;156;2025
033032;Piacenza;103406;46.0;15.4;34.1;24.7;50210;53196;2025
028062;Piacenza d'Adige;1250;48.3;13.4;29.6;27.0;634;616;2025
019116;Piadena Drizzona;4052;47.3;14.7;31.2;26.6;2028;2024;2025
065095;Piaggine;1081;54.3;8.0;24.6;37.6;530;551;2025
009048;Piana Crixia;735;52.4;9.7;22.3;35.0;370;365;2025
082057;Piana degli Albanesi;5245;48.4;12.7;30.0;27.6;2552;2693;2025
061056;Piana di Monte Verna;2107;48.9;10.9;29.5;27.9;1061;1046;2025
017142;Pian Camuno;4789;43.1;17.4;35.9;19.2;2429;2360;2025
052020;Piancastagnaio;3849;49.1;12.8;29.0;29.8;1869;1980;2025
017206;Piancogno;4783;45.1;15.5;34.1;22.6;2419;2364;2025
041047;Piandimeleto;2053;45.2;17.2;34.3;23.9;1054;999;2025
078097;Piane Crati;1303;46.8;14.4;31.8;26.1;644;659;2025
068030;Pianella;8540;45.3;16.1;33.8;23.1;4283;4257;2025
013183;Pianello del Lario;1086;50.2;14.3;28.5;32.1;540;546;2025
033033;Pianello Val Tidone;2168;48.9;12.8;29.7;29.2;1065;1103;2025
019072;Pianengo;2546;45.1;15.6;33.7;23.0;1295;1251;2025
001189;Pianezza;15604;45.6;17.1;32.9;23.5;7581;8023;2025
024077;Pianezze;2204;46.2;15.3;33.0;24.5;1096;1108;2025
004165;Pianfei;2076;45.6;16.1;33.5;23.8;1047;1029;2025
016162;Pianico;1423;45.9;16.8;34.1;24.8;713;710;2025
027028;Pianiga;12251;45.7;15.0;32.3;21.8;6039;6212;2025
063053;Piano di Sorrento;12213;46.0;15.3;33.8;24.7;5883;6330;2025
079096;Pianopoli;2587;43.9;16.8;35.9;20.8;1295;1292;2025
037047;Pianoro;17866;47.9;14.1;30.6;27.3;8755;9111;2025
056043;Piansano;2016;50.0;11.6;25.9;31.1;1048;968;2025
014048;Piantedo;1426;44.0;17.6;35.8;21.8;708;718;2025
016163;Piario;1003;46.6;11.9;32.6;23.6;509;494;2025
004166;Piasco;2756;47.3;14.7;32.1;27.5;1389;1367;2025
014049;Piateda;2067;49.7;13.2;27.0;30.3;1006;1061;2025
096043;Piatto;466;51.8;10.5;25.3;32.4;232;234;2025
046023;Piazza al Serchio;2056;52.3;8.8;24.2;33.5;989;1067;2025
086014;Piazza Armerina;20554;45.8;14.2;34.1;24.6;10133;10421;2025
016164;Piazza Brembana;1188;48.3;13.2;30.6;28.9;575;613;2025
016165;Piazzatorre;391;55.1;7.7;20.2;36.1;191;200;2025
028063;Piazzola sul Brenta;11074;46.7;15.3;31.7;25.4;5522;5552;2025
016166;Piazzolo;88;51.7;12.5;25.0;33.0;42;46;2025
068031;Picciano;1286;46.1;16.6;33.8;26.0;646;640;2025
076059;Picerno;5603;47.3;14.0;30.9;26.8;2802;2801;2025
060050;Picinisco;1106;47.9;12.9;30.3;27.6;547;559;2025
060051;Pico;2588;49.1;12.9;29.0;29.8;1276;1312;2025
005084;Piea;499;52.5;8.6;23.6;32.7;240;259;2025
096044;Piedicavallo;168;55.2;6.0;16.7;35.1;88;80;2025
087035;Piedimonte Etneo;3879;46.1;15.0;32.0;24.0;1933;1946;2025
061057;Piedimonte Matese;10021;47.0;13.5;31.5;25.5;4821;5200;2025
060052;Piedimonte San Germano;6301;43.4;17.7;35.2;20.7;3133;3168;2025
103053;Piedimulera;1439;49.2;12.4;28.1;29.7;728;711;2025
054040;Piegaro;3347;49.1;13.3;28.4;29.6;1629;1718;2025
052021;Pienza;1928;50.8;12.0;27.1;31.5;913;1015;2025
019073;Pieranica;1102;45.6;14.9;33.8;23.4;558;544;2025
094035;Pietrabbondante;579;56.3;4.7;19.5;38.7;307;272;2025
008041;Pietrabruna;400;50.9;11.5;27.3;33.2;206;194;2025
067034;Pietracamela;199;58.2;4.5;14.6;42.2;116;83;2025
070053;Pietracatella;1207;47.4;14.8;32.5;27.8;607;600;2025
070054;Pietracupa;190;52.2;12.1;26.8;33.7;93;97;2025
064072;Pietradefusi;1920;48.2;10.0;31.6;27.0;985;935;2025
018111;Pietra de' Giorgi;765;49.4;11.5;26.3;26.3;386;379;2025
069103;Pietraferrazzana;128;53.0;12.5;23.4;38.3;61;67;2025
078098;Pietrafitta;1126;47.7;11.4;29.5;25.1;552;574;2025
076060;Pietragalla;3792;47.6;13.2;29.8;26.5;1905;1887;2025
009049;Pietra Ligure;8230;51.5;11.1;25.6;32.8;3902;4328;2025
054041;Pietralunga;2014;49.6;11.2;28.8;30.4;987;1027;2025
006129;Pietra Marazzi;863;51.1;10.7;26.2;29.9;419;444;2025
061058;Pietramelara;4445;45.2;15.3;34.0;22.8;2157;2288;2025
071039;Pietramontecorvino;2415;48.1;14.4;30.6;28.1;1166;1249;2025
068032;Pietranico;422;53.7;8.5;23.5;34.4;204;218;2025
078099;Pietrapaola;1003;47.6;13.3;31.1;25.9;483;520;2025
076061;Pietrapertosa;855;50.5;10.5;29.6;29.5;421;434;2025
086015;Pietraperzia;6257;46.6;15.4;33.9;26.4;2981;3276;2025
004167;Pietraporzio;67;56.2;6.0;23.9;43.3;34;33;2025
062051;Pietraroja;513;49.2;11.5;31.6;30.6;231;282;2025
041048;Pietrarubbia;601;49.5;11.3;28.8;29.0;320;281;2025
046024;Pietrasanta;22743;50.2;11.8;26.5;30.0;10749;11994;2025
064073;Pietrastornina;1436;47.3;13.3;31.8;25.8;730;706;2025
061059;Pietravairano;2812;45.8;14.8;33.4;23.6;1390;1422;2025
062052;Pietrelcina;2906;47.0;14.0;31.4;24.6;1472;1434;2025
018112;Pieve Albignola;812;49.7;10.6;26.4;27.8;407;405;2025
047013;Pieve a Nievole;9163;47.9;13.1;29.9;26.2;4459;4704;2025
018113;Pieve del Cairo;1783;51.1;11.5;26.2;32.8;871;912;2025
026096;Pieve del Grappa;6646;46.0;15.6;33.8;24.2;3248;3398;2025
022234;Pieve di Bono-Prezzo;1452;47.6;14.7;32.2;29.5;722;730;2025
025039;Pieve di Cadore;3602;49.8;11.3;28.7;30.0;1759;1843;2025
037048;Pieve di Cento;7377;46.5;15.7;32.7;26.9;3670;3707;2025
026057;Pieve di Soligo;11500;45.9;15.0;34.0;23.6;5666;5834;2025
008042;Pieve di Teco;1333;48.1;14.9;29.8;27.6;654;679;2025
019074;Pieve d'Olmi;1233;46.4;15.1;32.3;25.1;608;625;2025
015173;Pieve Emanuele;15739;44.5;15.5;35.8;22.6;7885;7854;2025
098045;Pieve Fissiraga;1749;43.3;16.3;36.6;18.6;873;876;2025
046025;Pieve Fosciana;2216;49.7;12.3;28.5;29.5;1106;1110;2025
010043;Pieve Ligure;2396;50.6;12.8;26.3;31.8;1188;1208;2025
036031;Pievepelago;2149;48.6;12.4;28.9;27.5;1077;1072;2025
018114;Pieve Porto Morone;2680;47.6;13.8;30.1;27.0;1373;1307;2025
019075;Pieve San Giacomo;1589;45.4;16.8;35.1;24.1;797;792;2025
051030;Pieve Santo Stefano;2979;49.5;12.9;28.9;31.1;1462;1517;2025
022142;Pieve Tesino;669;50.1;12.4;27.4;31.5;336;333;2025
043038;Pieve Torina;1216;48.8;12.5;30.9;29.0;609;607;2025
103054;Pieve Vergonte;2410;50.1;12.2;26.4;30.6;1179;1231;2025
060053;Piglio;4300;48.4;12.9;28.3;27.3;2125;2175;2025
008043;Pigna;756;52.9;10.1;23.5;35.7;383;373;2025
060054;Pignataro Interamna;2387;45.8;16.5;32.2;26.1;1181;1206;2025
061060;Pignataro Maggiore;5749;45.4;13.9;34.8;22.7;2861;2888;2025
076062;Pignola;6829;44.2;16.2;33.8;20.3;3403;3426;2025
011021;Pignone;525;51.6;10.5;25.7;33.0;262;263;2025
013184;Pigra;239;55.5;6.7;20.9;36.4;124;115;2025
002096;Pila;132;48.7;13.6;25.8;27.3;72;60;2025
111055;Pimentel;1087;49.1;12.5;27.8;29.2;555;532;2025
063054;Pimonte;5887;39.9;20.1;43.3;16.3;2951;2936;2025
018115;Pinarolo Po;1657;48.9;13.6;27.5;27.2;806;851;2025
001190;Pinasca;2781;50.5;12.4;26.5;31.1;1338;1443;2025
029036;Pincara;1063;49.3;11.6;27.1;28.7;547;516;2025
001191;Pinerolo;35439;47.9;13.9;30.9;27.6;16963;18476;2025
067035;Pineto;14803;46.2;15.3;32.2;24.3;7090;7713;2025
005085;Pino d'Asti;222;49.3;5.9;32.4;26.1;125;97;2025
001192;Pino Torinese;8357;48.9;14.3;30.1;29.5;4021;4336;2025
093030;Pinzano al Tagliamento;1493;49.6;13.9;28.9;32.3;741;752;2025
022143;Pinzolo;3088;47.4;13.7;30.9;26.7;1494;1594;2025
041049;Piobbico;1801;48.5;13.5;31.0;28.4;887;914;2025
004168;Piobesi d'Alba;1466;43.4;18.1;36.0;21.4;742;724;2025
001193;Piobesi Torinese;3762;46.2;15.8;32.3;24.6;1830;1932;2025
002097;Piode;187;49.0;10.7;27.3;28.3;94;93;2025
015175;Pioltello;37184;43.1;17.5;37.4;19.8;18927;18257;2025
049012;Piombino;32367;50.3;11.9;27.8;31.1;15836;16531;2025
028064;Piombino Dese;9552;44.8;16.5;35.1;22.1;4819;4733;2025
043039;Pioraco;943;51.1;11.5;25.9;31.9;476;467;2025
001194;Piossasco;18051;46.5;15.5;32.5;25.0;8835;9216;2025
005086;Piovà Massaia;573;51.5;11.5;25.1;32.3;271;302;2025
028065;Piove di Sacco;20236;46.8;14.7;31.1;24.7;9850;10386;2025
024078;Piovene Rocchette;8256;45.4;16.3;34.2;23.4;4124;4132;2025
033034;Piozzano;572;53.5;7.7;21.0;33.2;309;263;2025
004169;Piozzo;992;46.1;15.7;32.7;24.9;501;491;2025
083068;Piraino;3758;46.4;15.2;31.9;25.1;1862;1896;2025
050026;Pisa;89422;47.3;12.8;32.0;26.2;43326;46096;2025
003119;Pisano;791;48.3;13.0;28.7;24.3;384;407;2025
001195;Piscina;3276;47.1;14.9;31.5;26.8;1602;1674;2025
111056;Piscinas;759;49.6;12.1;26.2;30.3;370;389;2025
065096;Pisciotta;2410;50.4;10.9;26.8;30.2;1202;1208;2025
017143;Pisogne;7872;47.5;14.0;30.4;26.8;3872;4000;2025
058077;Pisoniano;717;49.4;12.6;26.4;28.9;368;349;2025
077020;Pisticci;16600;46.4;13.8;32.6;25.2;8350;8250;2025
047014;Pistoia;88889;48.3;13.7;29.8;27.9;42910;45979;2025
053019;Pitigliano;3533;51.4;11.0;25.5;32.6;1690;1843;2025
020041;Piubega;1734;45.7;15.8;33.2;24.5;880;854;2025
014050;Piuro;1911;45.6;14.5;34.7;23.9;953;958;2025
001196;Piverone;1227;49.9;12.6;28.4;30.0;593;634;2025
018116;Pizzale;685;49.5;12.1;26.4;27.2;343;342;2025
019076;Pizzighettone;6209;48.8;13.7;29.6;29.3;3044;3165;2025
102027;Pizzo;8744;46.4;14.3;32.0;24.9;4303;4441;2025
069066;Pizzoferrato;955;52.2;7.0;22.8;29.6;510;445;2025
066072;Pizzoli;4217;44.0;16.7;34.9;20.0;2168;2049;2025
094036;Pizzone;300;51.1;6.7;22.7;29.3;164;136;2025
102028;Pizzoni;944;48.5;13.3;31.6;30.5;468;476;2025
080059;Placanica;986;51.8;11.4;25.7;34.5;485;501;2025
078100;Plataci;641;52.0;10.1;27.3;32.6;325;316;2025
079099;Platania;1968;47.2;12.8;32.4;26.8;1006;962;2025
080060;Platì;3719;37.1;27.1;49.2;16.1;1882;1837;2025
021064;Plaus/Plaus;763;41.0;18.6;40.6;14.8;390;373;2025
013185;Plesio;807;49.3;11.6;27.9;27.9;417;390;2025
090057;Ploaghe;4222;47.7;14.4;29.5;27.9;2094;2128;2025
009050;Plodio;614;49.5;12.7;26.9;28.3;309;305;2025
004170;Pocapaglia;3317;44.7;17.1;35.5;23.1;1622;1695;2025
030075;Pocenia;2312;49.8;11.3;26.7;29.3;1153;1159;2025
045013;Podenzana;2100;48.1;12.9;29.0;26.0;1057;1043;2025
033035;Podenzano;9044;46.4;14.9;32.2;24.5;4463;4581;2025
060055;Pofi;3860;48.9;13.1;28.7;30.2;1917;1943;2025
075061;Poggiardo;5753;47.6;13.7;30.7;27.5;2763;2990;2025
052022;Poggibonsi;28062;47.3;14.3;31.9;26.0;13766;14296;2025
100004;Poggio a Caiano;9901;46.2;15.6;32.7;25.1;4832;5069;2025
057051;Poggio Bustone;1971;49.0;12.9;28.1;28.3;1000;971;2025
057052;Poggio Catino;1307;47.3;14.1;30.8;27.1;626;681;2025
054042;Poggiodomo;84;64.5;3.6;7.1;56.0;50;34;2025
069067;Poggiofiorito;772;50.4;13.3;26.6;32.4;372;400;2025
071040;Poggio Imperiale;2516;47.2;14.4;32.7;28.5;1297;1219;2025
063055;Poggiomarino;22618;39.7;20.1;42.2;15.0;11323;11295;2025
057053;Poggio Mirteto;6065;47.0;14.2;30.9;25.2;2968;3097;2025
057054;Poggio Moiano;2811;46.6;13.1;32.6;24.9;1443;1368;2025
057055;Poggio Nativo;2557;46.6;13.9;30.4;24.3;1345;1212;2025
066073;Poggio Picenze;1023;47.2;14.2;32.1;27.8;488;535;2025
081016;Poggioreale;1281;49.8;11.3;27.9;30.3;643;638;2025
038018;Poggio Renatico;9744;46.0;15.5;32.1;23.8;4809;4935;2025
072034;Poggiorsini;1275;46.0;14.0;35.8;24.2;654;621;2025
020042;Poggio Rusco;6535;46.8;14.6;31.4;25.2;3312;3223;2025
057056;Poggio San Lorenzo;553;49.9;12.8;25.7;32.5;290;263;2025
042037;Poggio San Marcello;695;46.9;11.9;33.2;25.0;360;335;2025
094037;Poggio Sannita;530;56.0;9.4;20.8;39.8;268;262;2025
043040;Poggio San Vicino;207;54.8;7.7;23.2;39.1;97;110;2025
099028;Poggio Torriana;5112;45.3;15.5;33.0;22.2;2570;2542;2025
014051;Poggiridenti;1806;48.1;15.4;29.2;28.0;879;927;2025
015176;Pogliano Milanese;8476;46.3;14.2;32.9;23.9;4200;4276;2025
013186;Pognana Lario;661;50.5;11.3;26.9;28.7;327;334;2025
016167;Pognano;1566;43.8;18.5;34.3;20.9;789;777;2025
003120;Pogno;1353;48.9;13.4;27.1;27.8;661;692;2025
001197;Poirino;10197;46.1;15.0;32.5;24.4;5115;5082;2025
024079;Pojana Maggiore;4241;45.4;15.4;34.2;23.4;2133;2108;2025
017144;Polaveno;2505;46.7;14.4;31.3;25.1;1282;1223;2025
093031;Polcenigo;3099;49.2;13.1;27.6;28.4;1517;1582;2025
029037;Polesella;3637;48.9;11.9;27.0;28.0;1846;1791;2025
034050;Polesine Zibello;3093;47.7;13.5;30.7;26.2;1534;1559;2025
058078;Poli;2220;46.1;15.9;32.1;24.5;1097;1123;2025
102029;Polia;784;52.4;9.9;23.6;34.9;377;407;2025
077021;Policoro;17682;44.1;16.2;34.8;20.9;8673;9009;2025
072035;Polignano a Mare;17353;46.3;14.3;31.9;24.0;8524;8829;2025
036032;Polinago;1577;51.5;12.2;25.2;34.0;812;765;2025
055027;Polino;220;51.6;12.3;26.8;34.1;118;102;2025
080061;Polistena;9860;43.4;17.1;36.7;20.3;4774;5086;2025
082058;Polizzi Generosa;2795;51.8;9.7;26.9;34.1;1366;1429;2025
065097;Polla;5095;45.5;16.0;34.2;24.6;2497;2598;2025
007049;Pollein;1452;46.2;15.7;31.3;24.1;736;716;2025
063056;Pollena Trocchia;12694;42.6;17.7;38.2;19.9;6074;6620;2025
043041;Pollenza;6199;47.2;14.8;31.9;26.2;3082;3117;2025
065098;Pollica;2105;50.1;11.9;26.9;30.3;1040;1065;2025
082059;Pollina;2827;48.5;12.9;29.5;28.3;1394;1433;2025
096046;Pollone;1958;50.5;12.1;27.9;31.6;956;1002;2025
069068;Pollutri;2046;48.6;12.8;29.7;28.3;1005;1041;2025
004171;Polonghera;1115;48.5;14.4;29.9;29.3;549;566;2025
017145;Polpenazze del Garda;2722;47.4;12.6;28.9;24.1;1352;1370;2025
028066;Polverara;3401;44.6;17.0;32.9;20.3;1660;1741;2025
042038;Polverigi;4578;44.4;17.3;33.6;21.2;2288;2290;2025
050027;Pomarance;5243;51.2;12.8;27.0;34.6;2570;2673;2025
001198;Pomaretto;944;52.8;12.2;24.3;35.5;439;505;2025
077022;Pomarico;3727;47.8;12.9;31.3;28.6;1845;1882;2025
022144;Pomarolo;2449;44.7;17.2;35.5;22.6;1250;1199;2025
006131;Pomaro Monferrato;323;50.7;6.5;27.9;28.5;179;144;2025
003121;Pombia;2117;45.7;14.5;31.8;21.6;1065;1052;2025
058079;Pomezia;64665;44.3;15.9;33.9;19.8;32309;32356;2025
063057;Pomigliano d'Arco;39784;43.7;17.4;36.3;21.7;19096;20688;2025
063058;Pompei;23647;43.9;16.9;36.8;22.0;11312;12335;2025
008044;Pompeiana;850;47.1;15.3;29.6;24.8;424;426;2025
017146;Pompiano;3745;45.2;16.9;33.6;24.0;1870;1875;2025
020043;Pomponesco;1700;47.2;13.9;32.0;24.5;827;873;2025
095042;Pompu;215;53.0;8.4;22.8;34.4;116;99;2025
017147;Poncarale;5200;45.0;15.3;34.1;21.1;2580;2620;2025
096047;Ponderano;3629;49.1;14.0;29.1;29.2;1745;1884;2025
013187;Ponna;233;54.5;9.0;20.2;37.3;119;114;2025
050028;Ponsacco;15642;45.4;16.4;33.1;22.9;7683;7959;2025
028067;Ponso;2434;46.3;14.5;32.1;23.7;1232;1202;2025
048033;Pontassieve;20127;48.4;14.4;30.2;29.4;9870;10257;2025
007050;Pontboset;176;49.5;10.2;31.2;27.3;97;79;2025
001199;Pont Canavese;3020;49.9;12.7;27.4;30.6;1460;1560;2025
062053;Ponte;2391;47.1;13.8;32.8;26.1;1178;1213;2025
030076;Pontebba;1291;51.1;11.5;25.9;31.9;641;650;2025
047016;Ponte Buggianese;8827;46.9;15.0;31.1;25.4;4331;4496;2025
065099;Pontecagnano Faiano;26512;44.2;16.0;35.0;20.9;13249;13263;2025
029038;Pontecchio Polesine;2202;45.4;16.5;31.9;22.5;1123;1079;2025
004172;Pontechianale;188;52.7;10.1;23.9;38.8;95;93;2025
060056;Pontecorvo;12119;46.0;15.0;32.9;25.2;5914;6205;2025
006132;Pontecurone;3499;49.0;13.5;29.7;29.3;1753;1746;2025
008045;Pontedassio;2347;46.8;14.7;31.4;24.5;1190;1157;2025
033036;Ponte dell'Olio;4670;49.2;12.8;28.6;29.2;2308;2362;2025
050029;Pontedera;29893;45.8;16.0;33.4;24.4;14837;15056;2025
017148;Ponte di Legno;1733;48.5;13.8;29.0;28.6;847;886;2025
026058;Ponte di Piave;8279;44.7;16.6;35.0;22.1;4195;4084;2025
021065;Ponte Gardena/Waidbruck;251;39.8;17.1;48.6;13.9;134;117;2025
014052;Ponte in Valtellina;2199;49.3;12.4;28.8;29.1;1094;1105;2025
013188;Ponte Lambro;4243;46.2;15.8;33.6;24.6;2088;2155;2025
062054;Pontelandolfo;1968;48.9;10.5;29.7;29.7;972;996;2025
061061;Pontelatone;1525;47.0;14.0;31.3;26.6;746;779;2025
028068;Pontelongo;3675;47.6;14.5;30.7;26.7;1844;1831;2025
025040;Ponte nelle Alpi;7910;47.8;13.4;30.1;26.8;3915;3995;2025
018117;Ponte Nizza;743;53.3;9.4;22.7;35.7;368;375;2025
016168;Ponte Nossa;1729;49.4;13.2;30.2;31.5;866;863;2025
033037;Pontenure;6687;44.9;16.7;35.0;23.1;3297;3390;2025
016169;Ponteranica;6762;47.5;13.9;32.0;27.3;3370;3392;2025
028069;Ponte San Nicolò;13133;47.7;13.3;30.6;25.8;6351;6782;2025
016170;Ponte San Pietro;11906;44.5;17.2;35.8;22.7;5936;5970;2025
006133;Pontestura;1327;49.7;12.9;27.7;31.0;649;678;2025
017149;Pontevico;7031;46.7;14.9;30.9;25.6;3330;3701;2025
007051;Pontey;778;46.7;13.9;31.6;23.4;392;386;2025
006134;Ponti;486;53.7;10.3;21.6;36.4;254;232;2025
016171;Pontida;3311;44.8;16.1;34.8;22.4;1707;1604;2025
059017;Pontinia;15111;43.9;17.5;35.2;21.7;7532;7579;2025
009051;Pontinvrea;813;53.7;9.2;21.4;35.8;409;404;2025
016172;Pontirolo Nuovo;4981;45.0;15.4;34.1;21.7;2540;2441;2025
020044;Ponti sul Mincio;2315;46.8;14.6;31.6;24.1;1132;1183;2025
017150;Pontoglio;6967;44.3;17.7;35.9;22.3;3489;3478;2025
045014;Pontremoli;6865;51.5;11.6;27.1;33.4;3287;3578;2025
007052;Pont-Saint-Martin;3526;47.4;14.7;31.4;27.1;1701;1825;2025
059018;Ponza;3294;47.2;13.8;30.1;27.1;1730;1564;2025
109032;Ponzano di Fermo;1604;46.4;14.0;32.9;25.9;823;781;2025
006135;Ponzano Monferrato;328;49.0;15.9;29.9;31.4;162;166;2025
058080;Ponzano Romano;1265;45.5;15.1;32.3;21.5;664;601;2025
026059;Ponzano Veneto;13017;44.8;16.4;33.8;21.3;6418;6599;2025
006136;Ponzone;1018;58.0;6.2;14.9;43.8;520;498;2025
068033;Popoli Terme;4620;50.0;11.9;27.1;30.9;2236;2384;2025
051031;Poppi;5744;48.5;13.5;29.2;28.0;2923;2821;2025
055028;Porano;1840;48.8;13.2;28.1;28.8;887;953;2025
046026;Porcari;8845;45.3;16.5;33.7;22.8;4373;4472;2025
093032;Porcia;14958;47.8;14.1;30.2;26.6;7272;7686;2025
093033;Pordenone;52314;47.3;14.2;31.7;26.5;25408;26906;2025
013189;Porlezza;4905;45.2;15.9;33.6;22.5;2403;2502;2025
008046;Pornassio;633;48.3;13.0;31.3;29.9;362;271;2025
030077;Porpetto;2453;50.4;11.6;26.5;30.6;1216;1237;2025
005087;Portacomaro;1907;49.3;14.2;28.4;30.2;941;966;2025
018118;Portalbera;1461;46.4;14.6;31.3;24.0;715;746;2025
001200;Porte;1123;46.2;16.3;32.0;23.2;569;554;2025
022244;Porte di Rendena;1820;44.1;17.6;36.4;20.8;913;907;2025
063059;Portici;51429;46.1;15.3;33.5;24.8;24184;27245;2025
061062;Portico di Caserta;7738;40.8;19.5;40.4;16.7;3790;3948;2025
040031;Portico e San Benedetto;742;49.1;13.6;31.3;31.1;386;356;2025
080062;Portigliola;1026;46.8;16.5;31.9;26.8;488;538;2025
049013;Porto Azzurro;3673;46.8;12.9;30.2;22.7;1894;1779;2025
026060;Portobuffolè;738;46.5;16.0;30.9;25.3;368;370;2025
070055;Portocannone;2322;46.0;14.9;33.2;24.9;1178;1144;2025
012113;Porto Ceresio;2820;48.6;13.4;29.3;28.7;1383;1437;2025
075097;Porto Cesareo;6486;45.1;14.9;33.5;22.4;3255;3231;2025
084028;Porto Empedocle;15529;45.0;15.8;34.7;23.1;7590;7939;2025
049014;Portoferraio;11779;48.1;13.6;29.7;26.5;5724;6055;2025
010044;Portofino;351;54.0;8.5;22.8;36.5;170;181;2025
027029;Portogruaro;24381;48.7;13.4;29.4;28.6;11753;12628;2025
038019;Portomaggiore;12162;48.1;14.3;30.1;28.3;6252;5910;2025
020045;Porto Mantovano;16691;46.7;15.3;31.3;25.4;8233;8458;2025
089020;Portopalo di Capo Passero;3877;44.4;16.0;35.1;22.1;1981;1896;2025
043042;Porto Recanati;12600;44.7;16.1;34.2;21.9;6484;6116;2025
109033;Porto San Giorgio;15547;48.8;13.3;28.9;29.3;7352;8195;2025
109034;Porto Sant'Elpidio;25760;46.2;15.0;32.4;24.0;12617;13143;2025
111057;Portoscuso;4751;50.6;11.6;24.7;31.3;2353;2398;2025
029039;Porto Tolle;8723;51.6;11.1;24.0;33.4;4275;4448;2025
090058;Porto Torres;20846;47.9;13.3;28.8;26.3;10188;10658;2025
012114;Porto Valtravaglia;2298;48.6;12.8;29.7;27.3;1081;1217;2025
011022;Portovenere;3201;53.6;8.7;23.2;35.9;1608;1593;2025
029052;Porto Viro;13739;48.9;12.3;27.3;27.4;6769;6970;2025
096048;Portula;1094;52.8;10.0;24.5;34.6;544;550;2025
091073;Posada;3052;47.0;14.1;30.5;24.9;1542;1510;2025
024080;Posina;572;49.6;11.9;27.4;29.4;296;276;2025
065100;Positano;3677;46.5;13.5;32.9;24.3;1795;1882;2025
026061;Possagno;2296;45.0;16.8;35.4;23.3;1191;1105;2025
057057;Posta;535;51.7;8.8;23.6;32.0;285;250;2025
060057;Posta Fibreno;1029;51.2;11.3;25.5;33.9;508;521;2025
021066;Postal/Burgstall;2033;42.8;18.2;37.7;18.8;1001;1032;2025
014053;Postalesio;653;46.5;13.8;30.2;21.6;330;323;2025
065101;Postiglione;2011;46.3;14.4;33.4;25.3;1028;983;2025
002102;Postua;533;51.4;11.3;25.3;32.8;267;266;2025
076063;Potenza;63864;47.6;13.6;30.1;26.2;30838;33026;2025
043043;Potenza Picena;15445;47.1;14.5;31.0;26.1;7516;7929;2025
024081;Pove del Grappa;3149;46.5;14.6;32.6;24.3;1537;1612;2025
026062;Povegliano;5132;44.5;17.1;34.1;21.0;2570;2562;2025
023060;Povegliano Veronese;7372;44.8;15.9;33.9;22.3;3642;3730;2025
035029;Poviglio;7177;45.4;16.3;34.0;23.5;3610;3567;2025
030078;Povoletto;5408;48.6;13.5;29.4;28.6;2676;2732;2025
057058;Pozzaglia Sabina;305;59.5;4.9;13.1;46.6;159;146;2025
019077;Pozzaglio ed Uniti;1414;45.1;14.9;32.9;21.6;716;698;2025
088008;Pozzallo;18949;43.9;17.2;35.9;22.6;9374;9575;2025
094038;Pozzilli;2180;46.4;15.2;31.6;25.7;1081;1099;2025
015177;Pozzo d'Adda;6733;42.3;17.9;36.2;17.5;3435;3298;2025
017151;Pozzolengo;3598;45.9;14.8;32.4;22.2;1787;1811;2025
024082;Pozzoleone;2746;45.3;15.2;34.0;22.7;1436;1310;2025
006137;Pozzol Groppo;293;54.5;7.8;17.7;36.5;151;142;2025
006138;Pozzolo Formigaro;4540;47.6;13.9;30.1;26.0;2280;2260;2025
090059;Pozzomaggiore;2304;51.2;10.9;25.7;31.8;1142;1162;2025
028070;Pozzonovo;3409;48.5;12.8;28.5;27.8;1667;1742;2025
063060;Pozzuoli;75375;44.8;15.5;35.0;22.2;36594;38781;2025
030079;Pozzuolo del Friuli;6846;47.4;14.8;31.0;26.4;3342;3504;2025
015178;Pozzuolo Martesana;8789;45.3;14.6;33.2;21.7;4315;4474;2025
016173;Pradalunga;4488;45.7;15.7;34.1;24.2;2246;2242;2025
030080;Pradamano;3510;48.0;14.1;29.5;26.9;1685;1825;2025
004173;Pradleves;252;50.4;11.1;28.6;33.3;130;122;2025
001201;Pragelato;705;45.5;16.2;29.5;20.3;381;324;2025
078101;Praia a Mare;6349;47.7;12.6;29.3;26.0;2996;3353;2025
065102;Praiano;1940;47.3;14.1;32.1;25.4;946;994;2025
017152;Pralboino;2827;45.5;15.8;34.3;24.6;1478;1349;2025
001202;Prali;256;48.3;11.7;30.9;29.3;135;121;2025
001203;Pralormo;1871;46.3;16.7;32.2;25.5;919;952;2025
096049;Pralungo;2265;50.7;10.4;26.2;30.8;1106;1159;2025
027030;Pramaggiore;4747;44.1;17.0;35.3;20.8;2367;2380;2025
001204;Pramollo;216;49.2;12.5;26.4;27.8;114;102;2025
002104;Prarolo;724;46.0;12.8;35.9;24.3;377;347;2025
001205;Prarostino;1259;48.4;13.7;29.3;27.5;637;622;2025
006139;Prasco;506;49.9;11.7;28.5;29.8;257;249;2025
001206;Prascorsano;695;49.8;12.5;26.6;31.1;360;335;2025
014054;Prata Camportaccio;2944;45.3;16.2;33.9;23.1;1478;1466;2025
066074;Prata d'Ansidonia;428;51.5;11.9;23.8;32.2;207;221;2025
093034;Prata di Pordenone;8364;44.7;16.9;35.2;22.2;4220;4144;2025
064074;Prata di Principato Ultra;2675;44.7;14.5;35.2;20.9;1351;1324;2025
061063;Prata Sannita;1339;48.0;13.9;30.2;28.8;651;688;2025
061064;Pratella;1353;48.4;11.2;30.6;26.3;660;693;2025
001207;Pratiglione;456;50.4;11.0;27.2;31.1;233;223;2025
100005;Prato;197057;45.5;15.1;32.8;22.5;97094;99963;2025
021067;Prato allo Stelvio/Prad am Stilfserjoch;3874;41.8;20.1;39.0;19.4;1940;1934;2025
030081;Prato Carnico;809;52.3;11.5;23.6;36.2;415;394;2025
066075;Pratola Peligna;6936;48.1;13.7;29.9;27.9;3398;3538;2025
064075;Pratola Serra;3553;44.9;15.0;33.7;21.8;1767;1786;2025
003122;Prato Sesia;1835;48.6;12.5;28.9;26.9;910;925;2025
051041;Pratovecchio Stia;5379;49.9;12.1;27.6;30.9;2648;2731;2025
093035;Pravisdomini;3507;42.9;17.8;37.7;20.1;1740;1767;2025
096050;Pray;1996;52.1;11.1;24.8;33.8;952;1044;2025
004174;Prazzo;175;54.5;8.6;20.0;38.9;90;85;2025
030082;Precenicco;1451;49.3;11.6;27.9;28.4;728;723;2025
054043;Preci;686;50.4;12.2;27.0;31.5;347;339;2025
022230;Predaia;6991;44.1;18.1;36.3;22.4;3517;3474;2025
040032;Predappio;6317;47.6;14.2;30.4;27.0;3218;3099;2025
022147;Predazzo;4498;47.2;12.7;32.5;25.3;2208;2290;2025
021068;Predoi/Prettau;516;47.8;13.4;32.2;27.5;262;254;2025
016174;Predore;1870;47.6;12.7;30.3;25.3;915;955;2025
006140;Predosa;1892;50.5;12.3;27.1;31.5;925;967;2025
026063;Preganziol;16759;46.9;14.2;31.3;25.3;8280;8479;2025
015179;Pregnana Milanese;7291;45.2;16.9;33.2;22.8;3639;3652;2025
008047;Prelà;485;52.8;8.7;23.9;31.5;254;231;2025
097069;Premana;2151;46.0;15.5;35.1;24.9;1098;1053;2025
030083;Premariacco;3944;48.2;13.6;29.0;27.3;1929;2015;2025
103055;Premeno;746;51.5;9.5;24.9;31.0;384;362;2025
103056;Premia;563;50.1;11.9;28.1;32.0;275;288;2025
040033;Premilcuore;680;53.6;8.7;22.1;37.6;343;337;2025
016175;Premolo;1065;49.9;11.1;28.0;30.3;556;509;2025
103057;Premosello-Chiovenda;1843;49.7;11.0;27.5;27.8;883;960;2025
030084;Preone;243;51.4;11.5;24.3;33.3;117;126;2025
030085;Prepotto;698;51.3;10.3;25.5;31.1;348;350;2025
007053;Pré-Saint-Didier;963;45.8;14.6;33.1;22.6;514;449;2025
017153;Preseglie;1465;46.6;14.8;33.2;26.5;758;707;2025
061065;Presenzano;1632;44.6;16.0;35.0;22.5;856;776;2025
016176;Presezzo;4774;46.2;14.9;33.3;24.7;2338;2436;2025
075098;Presicce-Acquarica;9180;48.8;13.2;30.2;29.7;4417;4763;2025
023061;Pressana;2511;45.7;16.7;33.0;23.8;1319;1192;2025
069069;Pretoro;865;49.7;11.1;29.4;30.4;422;443;2025
017155;Prevalle;6941;42.6;18.2;38.3;19.1;3490;3451;2025
066076;Prezza;823;51.6;10.6;25.5;33.9;401;422;2025
004175;Priero;486;45.3;15.8;34.4;25.1;248;238;2025
065103;Prignano Cilento;1083;44.5;17.5;34.1;22.9;537;546;2025
036033;Prignano sulla Secchia;3826;47.5;14.1;29.6;25.5;1950;1876;2025
097070;Primaluna;2287;44.6;16.9;34.8;22.1;1143;1144;2025
022245;Primiero San Martino di Castrozza;5114;46.9;14.7;32.7;26.1;2527;2587;2025
004176;Priocca;2069;46.3;15.9;32.2;25.4;1022;1047;2025
004177;Priola;619;51.4;10.3;27.0;33.8;304;315;2025
089021;Priolo Gargallo;11132;44.6;15.9;35.0;22.2;5458;5674;2025
059019;Priverno;13698;45.8;15.6;33.4;24.4;6796;6902;2025
082060;Prizzi;4082;49.3;12.0;29.3;28.3;1956;2126;2025
056044;Proceno;536;52.2;6.5;25.6;32.5;297;239;2025
063061;Procida;10004;47.2;13.9;31.5;26.9;4938;5066;2025
010045;Propata;113;55.1;3.5;15.0;34.5;66;47;2025
013192;Proserpio;963;46.0;15.8;34.2;25.0;477;486;2025
059020;Prossedi;1140;47.5;14.6;30.5;28.0;579;561;2025
017156;Provaglio d'Iseo;7090;45.5;15.6;33.0;21.8;3485;3605;2025
017157;Provaglio Val Sabbia;855;48.9;11.9;29.5;26.8;443;412;2025
021069;Proves/Proveis;248;44.7;14.9;37.5;23.0;143;105;2025
070056;Provvidenti;100;54.1;8.0;19.0;39.0;48;52;2025
004178;Prunetto;380;55.1;7.9;21.1;40.5;190;190;2025
017158;Puegnago del Garda;3469;46.7;13.2;31.9;24.0;1692;1777;2025
062055;Puglianello;1284;47.0;13.9;31.1;24.7;645;639;2025
092050;Pula;7112;49.2;12.1;25.9;27.9;3578;3534;2025
030086;Pulfero;836;52.5;11.0;23.9;34.6;428;408;2025
073022;Pulsano;11212;46.5;14.7;30.8;25.0;5562;5650;2025
016177;Pumenengo;1713;44.5;17.0;34.3;22.9;875;838;2025
013193;Pusiano;1292;47.2;13.2;29.9;24.1;630;662;2025
090060;Putifigari;662;47.0;12.7;31.6;22.5;336;326;2025
072036;Putignano;25718;48.1;13.4;29.6;27.3;12582;13136;2025
064076;Quadrelle;1861;43.7;16.5;34.6;20.5;905;956;2025
069070;Quadri;682;52.8;8.7;23.5;35.8;320;362;2025
001208;Quagliuzzo;315;51.4;8.6;23.8;32.4;165;150;2025
063062;Qualiano;24780;40.9;18.8;41.0;16.5;12291;12489;2025
005088;Quaranti;146;53.6;8.9;27.4;37.7;80;66;2025
096087;Quaregna Cerreto;2023;47.4;14.7;29.5;25.2;1002;1021;2025
006141;Quargnento;1359;48.0;15.3;28.9;28.0;646;713;2025
103058;Quarna Sopra;242;52.6;10.7;21.1;33.1;112;130;2025
103059;Quarna Sotto;386;50.8;11.7;26.7;31.1;193;193;2025
002107;Quarona;3719;50.0;12.1;27.9;29.9;1752;1967;2025
047017;Quarrata;26969;46.0;15.6;32.3;23.9;13250;13719;2025
007054;Quart;4167;44.7;16.8;33.4;21.7;2076;2091;2025
063063;Quarto;41536;41.4;19.4;39.2;18.3;20361;21175;2025
027031;Quarto d'Altino;8009;46.7;14.8;32.3;24.7;3903;4106;2025
092105;Quartucciu;12828;46.6;13.7;29.4;22.1;6282;6546;2025
092051;Quartu Sant'Elena;68237;48.2;12.2;27.7;25.7;33367;34870;2025
001209;Quassolo;328;49.8;12.8;28.0;33.5;156;172;2025
006142;Quattordio;1434;52.0;11.8;25.9;35.1;693;741;2025
035030;Quattro Castella;13235;46.6;15.3;32.3;24.9;6436;6799;2025
009052;Quiliano;6818;49.6;12.3;28.4;30.1;3330;3488;2025
001210;Quincinetto;976;50.5;12.8;25.8;32.1;476;500;2025
064077;Quindici;1762;46.0;14.8;32.5;25.8;873;889;2025
020046;Quingentole;1040;48.9;13.5;28.6;27.8;508;532;2025
019078;Quintano;933;44.2;14.4;34.7;19.9;469;464;2025
026064;Quinto di Treviso;10046;45.4;16.0;34.4;24.1;4950;5096;2025
002108;Quinto Vercellese;386;46.9;15.0;29.8;25.9;192;194;2025
024083;Quinto Vicentino;5824;45.0;15.4;33.6;21.7;2884;2940;2025
017159;Quinzano d'Oglio;6305;45.7;15.2;33.0;23.7;3184;3121;2025
020047;Quistello;5225;49.3;13.1;28.6;29.9;2590;2635;2025
022150;Rabbi;1365;47.6;14.6;31.6;27.0;701;664;2025
075063;Racale;10703;46.0;15.1;33.1;24.3;5188;5515;2025
084029;Racalmuto;7460;45.5;15.7;34.6;24.7;3666;3794;2025
004179;Racconigi;9628;46.1;15.0;33.7;24.9;4787;4841;2025
083069;Raccuja;830;53.0;7.8;23.0;34.0;407;423;2025
021070;Racines/Ratschings;4674;41.1;19.5;40.2;16.8;2412;2262;2025
052023;Radda in Chianti;1436;48.9;12.3;29.1;29.0;699;737;2025
087036;Raddusa;2762;44.7;16.6;36.6;23.3;1375;1387;2025
052024;Radicofani;1044;50.8;12.4;25.9;32.2;502;542;2025
052025;Radicondoli;950;49.7;11.5;28.5;30.8;500;450;2025
084030;Raffadali;11783;45.6;15.5;34.4;24.6;5706;6077;2025
087058;Ragalna;4316;43.8;17.0;35.1;21.2;2199;2117;2025
030087;Ragogna;2815;49.7;11.9;26.8;29.1;1386;1429;2025
088009;Ragusa;73878;45.6;15.5;33.6;24.2;36215;37663;2025
066077;Raiano;2621;48.7;13.8;28.7;29.5;1243;1378;2025
087037;Ramacca;10089;42.6;17.9;39.1;20.2;5061;5028;2025
012115;Rancio Valcuvia;897;46.9;13.6;30.9;25.5;446;451;2025
012116;Ranco;1220;48.6;14.5;29.8;26.3;620;600;2025
087038;Randazzo;10038;46.4;14.4;32.8;25.6;4814;5224;2025
016178;Ranica;5902;47.9;14.4;31.1;27.9;2849;3053;2025
016179;Ranzanico;1239;49.7;12.2;26.8;27.8;623;616;2025
008048;Ranzo;568;48.3;16.2;30.1;28.9;274;294;2025
109035;Rapagnano;1926;46.0;15.7;33.0;26.0;959;967;2025
010046;Rapallo;29496;48.9;12.9;29.4;29.0;14105;15391;2025
069071;Rapino;1151;50.5;10.0;27.0;29.5;569;582;2025
052026;Rapolano Terme;5115;47.7;14.7;30.4;27.2;2503;2612;2025
076064;Rapolla;4116;44.2;16.3;35.0;21.4;2099;2017;2025
076065;Rapone;819;52.0;8.2;27.4;31.7;386;433;2025
002110;Rassa;68;52.0;8.8;22.1;35.3;43;25;2025
021071;Rasun-Anterselva/Rasen-Antholz;2934;42.9;18.3;38.2;19.6;1485;1449;2025
014055;Rasura;285;51.6;11.2;24.2;34.4;149;136;2025
084031;Ravanusa;10229;45.3;16.4;35.5;24.4;4968;5261;2025
036034;Ravarino;6311;44.7;16.5;34.8;22.4;3110;3201;2025
030088;Ravascletto;505;53.3;10.7;23.2;37.4;265;240;2025
065104;Ravello;2338;46.6;13.9;31.8;24.5;1143;1195;2025
039014;Ravenna;156340;47.8;13.6;30.1;26.1;76323;80017;2025
030089;Raveo;443;50.7;12.0;25.1;33.2;221;222;2025
061066;Raviscanina;1145;48.7;12.4;28.6;28.2;562;583;2025
103060;Re;721;48.5;13.6;28.6;27.3;360;361;2025
018119;Rea;395;49.9;11.4;26.1;28.4;181;214;2025
084032;Realmonte;4349;45.6;15.4;34.5;24.8;2144;2205;2025
030090;Reana del Rojale;4692;49.1;12.7;27.6;28.8;2310;2382;2025
001211;Reano;1758;47.3;13.9;30.3;25.5;857;901;2025
061067;Recale;7658;42.7;16.9;37.1;18.9;3806;3852;2025
043044;Recanati;20599;47.1;14.7;31.6;26.5;10049;10550;2025
010047;Recco;9279;51.3;12.0;26.6;33.9;4351;4928;2025
003129;Recetto;1007;44.9;17.0;35.3;24.2;537;470;2025
024084;Recoaro Terme;5824;50.5;11.5;27.8;31.1;2904;2920;2025
018120;Redavalle;998;48.6;13.2;29.1;30.0;521;477;2025
020048;Redondesco;1193;48.8;13.2;28.2;29.0;594;599;2025
005089;Refrancore;1550;48.9;13.0;27.9;28.3;749;801;2025
026065;Refrontolo;1694;48.6;13.4;30.0;27.9;857;837;2025
086016;Regalbuto;6600;45.6;14.8;34.8;24.7;3300;3300;2025
048035;Reggello;16556;47.5;14.5;30.4;26.5;8181;8375;2025
080063;Reggio di Calabria;168779;46.2;15.4;32.4;24.8;80898;87881;2025
035032;Reggiolo;9275;44.6;16.6;34.7;22.2;4648;4627;2025
035033;Reggio nell'Emilia;172284;44.6;15.7;35.1;21.6;85620;86664;2025
062056;Reino;1076;49.1;13.1;30.8;29.3;529;547;2025
083070;Reitano;717;49.2;13.1;28.7;30.7;358;359;2025
030091;Remanzacco;5955;46.8;15.0;31.3;24.8;2890;3065;2025
017160;Remedello;3437;43.2;18.8;37.0;20.7;1734;1703;2025
108037;Renate;3996;46.6;15.3;32.2;25.3;2011;1985;2025
078102;Rende;36781;44.3;15.2;35.1;22.2;18117;18664;2025
021072;Renon/Ritten;8211;42.1;19.5;39.6;19.5;4116;4095;2025
026066;Resana;9435;43.4;17.3;36.0;18.9;4722;4713;2025
015181;Rescaldina;14321;45.9;15.0;32.5;23.3;7058;7263;2025
030092;Resia;919;53.6;9.4;22.6;38.2;474;445;2025
030093;Resiutta;269;52.2;12.6;25.3;39.0;134;135;2025
085014;Resuttano;1709;50.0;12.1;29.1;31.4;834;875;2025
018121;Retorbido;1524;46.3;15.9;32.3;24.1;712;812;2025
004180;Revello;4188;45.6;15.8;34.2;24.4;2144;2044;2025
005090;Revigliasco d'Asti;745;50.5;12.5;26.0;33.0;377;368;2025
026067;Revine Lago;2136;48.2;13.4;29.6;27.6;1072;1064;2025
013195;Rezzago;300;49.2;13.3;26.0;31.3;166;134;2025
017161;Rezzato;13540;46.0;15.4;33.3;24.5;6672;6868;2025
008049;Rezzo;306;52.4;10.8;23.2;32.0;154;152;2025
010048;Rezzoaglio;876;55.4;7.6;20.9;40.0;449;427;2025
007055;Rhêmes-Notre-Dame;76;54.2;1.3;25.0;31.6;41;35;2025
007056;Rhêmes-Saint-Georges;168;50.1;10.7;29.8;27.4;89;79;2025
015182;Rho;50879;46.5;14.8;32.4;25.2;24636;26243;2025
080064;Riace;1787;44.7;17.5;34.6;23.6;889;898;2025
009053;Rialto;536;49.5;12.9;27.1;30.4;275;261;2025
058081;Riano;10400;44.3;17.0;33.8;20.2;5197;5203;2025
061068;Riardo;2192;45.4;15.0;33.6;23.1;1077;1115;2025
084033;Ribera;17723;46.3;15.1;33.0;25.7;8586;9137;2025
001212;Ribordone;47;63.4;2.1;8.5;48.9;28;19;2025
102030;Ricadi;5044;45.6;15.6;34.1;23.7;2594;2450;2025
006143;Ricaldone;610;49.5;13.1;29.3;28.5;314;296;2025
070057;Riccia;4710;48.2;13.0;31.4;27.3;2327;2383;2025
099013;Riccione;34340;48.7;13.1;29.0;27.4;16200;18140;2025
011023;Riccò del Golfo di Spezia;3614;47.7;14.3;29.1;25.8;1793;1821;2025
019079;Ricengo;1740;42.8;17.1;36.3;16.3;896;844;2025
065105;Ricigliano;1064;51.3;10.3;26.6;33.1;537;527;2025
026068;Riese Pio X;10956;43.8;16.3;36.2;20.7;5514;5442;2025
085015;Riesi;10260;44.4;16.8;36.9;22.8;4914;5346;2025
057059;Rieti;45083;47.7;13.2;30.9;26.6;21810;23273;2025
021073;Rifiano/Riffian;1380;41.9;19.5;40.6;19.3;698;682;2025
004181;Rifreddo;1022;45.1;15.1;34.1;22.7;507;515;2025
058082;Rignano Flaminio;10115;44.8;16.2;32.9;21.5;4953;5162;2025
071041;Rignano Garganico;1748;49.5;11.7;29.7;29.8;861;887;2025
048036;Rignano sull'Arno;8517;46.9;15.0;31.5;25.9;4263;4254;2025
030094;Rigolato;367;57.4;6.3;18.8;44.4;191;176;2025
002113;Rimella;141;52.6;8.5;20.6;32.6;86;55;2025
099014;Rimini;150333;46.8;14.5;31.6;25.1;72529;77804;2025
049021;Rio;3409;51.3;10.6;24.5;31.3;1718;1691;2025
021074;Rio di Pusteria/Mühlbach;3269;42.0;20.0;39.7;19.6;1647;1622;2025
058083;Riofreddo;745;49.3;12.8;27.9;30.6;361;384;2025
095043;Riola Sardo;1997;50.9;10.3;24.6;30.5;1028;969;2025
039015;Riolo Terme;5812;46.7;14.5;32.4;25.3;2954;2858;2025
036035;Riolunato;646;52.1;11.0;26.3;35.1;333;313;2025
011024;Riomaggiore;1287;53.8;10.9;22.3;39.2;645;642;2025
076066;Rionero in Vulture;12382;46.3;14.0;32.8;23.8;6155;6227;2025
094039;Rionero Sannitico;948;50.8;9.1;25.5;30.1;503;445;2025
035034;Rio Saliceto;6104;44.9;15.9;34.5;22.0;3062;3042;2025
070058;Ripabottoni;419;54.9;7.9;24.1;35.6;220;199;2025
076067;Ripacandida;1541;47.0;14.1;33.0;25.2;792;749;2025
070059;Ripalimosani;2985;46.1;13.6;31.8;24.0;1550;1435;2025
019080;Ripalta Arpina;1075;45.1;16.7;33.3;24.5;556;519;2025
019081;Ripalta Cremasca;3472;46.2;14.9;31.5;24.3;1752;1720;2025
019082;Ripalta Guerina;537;45.5;14.3;32.6;21.8;285;252;2025
050030;Riparbella;1644;46.2;14.3;32.8;23.2;847;797;2025
069072;Ripa Teatina;3876;46.3;15.5;32.7;25.2;1960;1916;2025
044063;Ripatransone;4169;48.2;13.2;31.1;29.1;2089;2080;2025
043045;Ripe San Ginesio;809;47.1;14.6;31.5;24.1;401;408;2025
060058;Ripi;5027;47.1;14.3;32.3;27.3;2503;2524;2025
087039;Riposto;13947;46.5;14.7;31.7;25.4;6846;7101;2025
004182;Rittana;101;53.2;8.9;22.8;34.7;49;52;2025
022153;Riva del Garda;17782;45.7;16.1;33.8;23.5;8523;9259;2025
038029;Riva del Po;7424;52.4;11.1;24.1;35.5;3658;3766;2025
016180;Riva di Solto;854;51.6;10.8;25.2;32.7;423;431;2025
001213;Rivalba;1141;47.9;13.6;30.7;26.2;586;555;2025
008050;Riva Ligure;2753;49.1;13.0;28.4;29.6;1369;1384;2025
006144;Rivalta Bormida;1353;50.9;12.6;26.3;31.6;665;688;2025
001214;Rivalta di Torino;20057;46.2;15.7;32.6;24.7;9883;10174;2025
025043;Rivamonte Agordino;602;50.3;12.0;27.1;31.6;314;288;2025
018122;Rivanazzano Terme;5110;48.7;12.8;27.7;27.3;2458;2652;2025
001215;Riva presso Chieri;4746;44.4;17.8;34.1;22.4;2343;2403;2025
001216;Rivara;2456;47.5;14.9;31.2;27.6;1216;1240;2025
001217;Rivarolo Canavese;12326;46.8;15.1;32.3;26.1;6024;6302;2025
019083;Rivarolo del Re ed Uniti;1844;47.5;14.5;30.6;26.3;951;893;2025
020050;Rivarolo Mantovano;2339;49.4;13.4;28.3;30.0;1162;1177;2025
006145;Rivarone;396;50.3;6.8;23.2;27.3;230;166;2025
001218;Rivarossa;1543;46.9;13.0;31.6;23.6;776;767;2025
002115;Rive;439;50.3;11.8;26.0;30.1;213;226;2025
030095;Rive d'Arcano;2388;49.3;11.8;27.8;28.2;1173;1215;2025
076068;Rivello;2460;48.3;12.6;29.5;27.5;1209;1251;2025
033038;Rivergaro;7177;47.5;13.7;30.5;24.9;3540;3637;2025
030188;Rivignano Teor;6273;48.1;12.8;29.7;26.8;3183;3090;2025
066078;Rivisondoli;659;52.4;9.6;21.7;30.2;365;294;2025
057060;Rivodutri;1123;49.3;12.0;28.7;29.4;580;543;2025
001219;Rivoli;46560;49.4;13.0;28.7;30.7;22379;24181;2025
023062;Rivoli Veronese;2338;45.3;14.8;34.0;21.7;1195;1143;2025
019084;Rivolta d'Adda;8294;46.7;14.8;31.8;25.4;4092;4202;2025
080065;Rizziconi;7635;42.9;17.1;38.2;20.4;3928;3707;2025
024085;Roana;4138;47.5;14.0;30.4;26.4;2113;2025;2025
004183;Roaschia;90;63.8;0.0;7.8;46.7;44;46;2025
004184;Roascio;86;46.1;15.1;34.9;23.3;42;44;2025
002116;Roasio;2192;49.2;12.6;27.9;28.6;1057;1135;2025
005091;Roatto;354;50.2;13.8;26.6;30.2;177;177;2025
001220;Robassomero;3077;47.1;14.9;31.9;26.3;1487;1590;2025
097071;Robbiate;6383;45.3;16.6;34.2;23.3;3231;3152;2025
018123;Robbio;5915;48.6;13.5;29.6;29.1;2886;3029;2025
015183;Robecchetto con Induno;4812;47.1;14.6;31.3;25.7;2390;2422;2025
019085;Robecco d'Oglio;2248;47.7;16.0;32.0;29.0;1101;1147;2025
018124;Robecco Pavese;498;51.8;10.8;24.3;32.5;253;245;2025
015184;Robecco sul Naviglio;6745;46.5;14.4;31.4;24.3;3307;3438;2025
005092;Robella;446;50.9;9.2;27.1;33.6;243;203;2025
004185;Robilante;2120;47.1;16.0;32.6;27.1;1063;1057;2025
004186;Roburent;489;54.6;10.0;20.7;39.3;254;235;2025
064078;Roccabascerana;2351;45.8;13.7;33.9;24.3;1202;1149;2025
101018;Roccabernarda;3090;45.6;15.2;35.1;25.2;1523;1567;2025
034030;Roccabianca;2979;47.2;14.7;31.6;25.3;1488;1491;2025
004187;Roccabruna;1533;48.0;14.3;28.8;26.6;760;773;2025
001221;Rocca Canavese;1717;47.5;12.7;30.1;26.2;851;866;2025
058084;Rocca Canterano;170;54.6;8.2;17.6;39.4;94;76;2025
066079;Roccacasale;576;52.2;9.9;26.0;35.9;290;286;2025
004188;Rocca Cigliè;125;55.5;8.0;23.2;39.2;62;63;2025
005093;Rocca d'Arazzo;935;50.8;12.1;26.3;31.4;477;458;2025
060059;Rocca d'Arce;842;51.7;12.0;23.6;33.4;424;418;2025
065106;Roccadaspide;6881;46.4;15.3;32.4;25.4;3369;3512;2025
004189;Rocca de' Baldi;1596;46.5;15.5;33.5;25.4;804;792;2025
018125;Rocca de' Giorgi;45;40.1;28.9;37.8;8.9;22;23;2025
061069;Rocca d'Evandro;2982;47.1;14.9;31.1;26.7;1493;1489;2025
066080;Rocca di Botte;865;48.3;12.3;27.7;24.7;474;391;2025
066081;Rocca di Cambio;523;49.4;12.8;24.1;26.8;272;251;2025
058085;Rocca di Cave;371;48.1;15.6;28.8;26.4;187;184;2025
066082;Rocca di Mezzo;1332;53.1;8.7;23.3;33.7;689;643;2025
101019;Rocca di Neto;5294;43.2;18.5;37.7;21.2;2622;2672;2025
058086;Rocca di Papa;17853;43.7;16.0;35.6;19.8;9301;8552;2025
083071;Roccafiorita;160;50.9;6.9;25.0;32.5;77;83;2025
044064;Roccafluvione;1840;48.6;14.3;29.1;30.3;940;900;2025
080066;Roccaforte del Greco;300;58.1;3.0;17.3;38.0;152;148;2025
006146;Roccaforte Ligure;114;61.6;4.4;10.5;45.6;65;49;2025
004190;Roccaforte Mondovì;2149;47.7;13.9;30.9;27.5;1115;1034;2025
073023;Roccaforzata;1760;46.0;15.9;32.0;24.8;858;902;2025
017162;Roccafranca;4933;41.7;19.9;39.1;18.8;2511;2422;2025
058087;Roccagiovine;247;52.8;10.9;23.1;38.9;128;119;2025
065107;Roccagloriosa;1555;49.3;12.6;28.2;29.5;783;772;2025
059021;Roccagorga;4109;47.2;13.0;32.1;25.6;2046;2063;2025
006147;Rocca Grimalda;1369;50.5;11.6;25.3;29.5;694;675;2025
078103;Rocca Imperiale;3132;47.9;13.4;30.3;28.1;1542;1590;2025
053020;Roccalbegna;918;52.3;10.1;22.5;32.5;459;459;2025
083072;Roccalumera;4163;47.9;11.5;30.6;27.0;1995;2168;2025
094040;Roccamandolfi;801;51.6;9.1;26.5;32.7;395;406;2025
059022;Rocca Massima;1111;46.4;14.0;32.3;24.5;579;532;2025
082061;Roccamena;1300;47.5;13.9;32.7;28.3;630;670;2025
061070;Roccamonfina;3114;48.0;12.7;29.8;25.9;1526;1588;2025
069073;Roccamontepiano;1546;50.2;10.9;27.9;30.9;770;776;2025
068034;Roccamorice;851;51.2;10.0;24.2;33.4;415;436;2025
076069;Roccanova;1258;51.3;9.3;26.9;31.5;612;646;2025
057061;Roccantica;526;50.4;13.5;25.1;32.5;255;271;2025
082062;Roccapalumba;2170;48.6;12.8;30.1;28.2;1054;1116;2025
066083;Rocca Pia;169;51.0;11.8;24.9;34.3;91;78;2025
065108;Roccapiemonte;8718;44.1;16.5;35.2;21.6;4286;4432;2025
025044;Rocca Pietore;1126;51.1;10.6;24.6;31.8;559;567;2025
058088;Rocca Priora;12030;45.2;15.8;33.2;21.9;6004;6026;2025
063065;Roccarainola;6520;45.0;15.2;33.6;22.3;3177;3343;2025
066084;Roccaraso;1492;49.1;11.6;27.4;28.5;746;746;2025
061071;Roccaromana;832;47.2;13.1;32.2;26.0;390;442;2025
040036;Rocca San Casciano;1795;50.7;11.7;28.0;32.5;890;905;2025
064079;Rocca San Felice;766;50.2;12.0;26.1;30.3;382;384;2025
069074;Rocca San Giovanni;2302;47.2;13.4;30.5;25.5;1153;1149;2025
067036;Rocca Santa Maria;449;53.6;7.3;23.8;36.1;236;213;2025
058089;Rocca Santo Stefano;902;47.9;12.3;30.5;26.9;469;433;2025
069075;Roccascalegna;1027;52.8;9.1;24.4;36.0;524;503;2025
060060;Roccasecca;6729;48.1;13.5;29.8;27.6;3365;3364;2025
059023;Roccasecca dei Volsci;1035;47.5;12.1;32.5;26.2;524;511;2025
094041;Roccasicura;470;49.8;9.6;26.2;25.7;243;227;2025
057062;Rocca Sinibalda;801;52.9;8.1;22.5;34.5;424;377;2025
004191;Roccasparvera;744;43.7;19.9;36.3;20.2;373;371;2025
069076;Roccaspinalveti;1137;53.1;9.6;24.5;34.6;553;584;2025
053021;Roccastrada;8714;49.6;12.7;28.5;30.3;4313;4401;2025
018126;Rocca Susella;238;52.6;10.5;19.7;33.6;120;118;2025
083073;Roccavaldina;987;48.4;12.8;28.6;28.0;480;507;2025
005094;Roccaverano;366;53.9;11.2;21.9;37.7;193;173;2025
009054;Roccavignale;743;50.2;11.3;27.6;29.9;381;362;2025
004192;Roccavione;2606;47.3;14.5;30.5;27.3;1300;1306;2025
070060;Roccavivara;596;51.8;9.6;27.9;35.7;288;308;2025
080067;Roccella Ionica;6109;47.6;14.1;30.7;27.4;2900;3209;2025
083074;Roccella Valdemone;538;50.9;11.5;27.7;32.9;268;270;2025
094042;Rocchetta a Volturno;1087;49.5;12.1;26.9;30.8;555;532;2025
004193;Rocchetta Belbo;154;52.2;8.4;23.4;31.2;78;76;2025
011025;Rocchetta di Vara;649;52.5;10.9;23.9;34.1;344;305;2025
061072;Rocchetta e Croce;431;47.4;12.5;32.3;27.6;225;206;2025
006148;Rocchetta Ligure;216;51.6;10.2;21.3;30.6;124;92;2025
008051;Rocchetta Nervina;281;45.7;15.3;34.9;24.6;148;133;2025
005095;Rocchetta Palafea;331;52.5;10.9;22.1;35.3;170;161;2025
071042;Rocchetta Sant'Antonio;1616;48.6;12.6;30.6;27.7;789;827;2025
005096;Rocchetta Tanaro;1346;49.0;13.7;30.9;31.9;663;683;2025
015185;Rodano;4668;45.0;17.5;34.1;23.4;2312;2356;2025
004194;Roddi;1580;46.0;13.4;33.9;24.0;820;760;2025
004195;Roddino;402;46.5;15.7;31.8;24.4;208;194;2025
004196;Rodello;968;48.1;12.4;30.3;26.5;471;497;2025
021075;Rodengo/Rodeneck;1283;40.5;20.0;42.1;15.2;665;618;2025
017163;Rodengo Saiano;9897;43.8;16.3;35.3;19.6;4814;5083;2025
013197;Rodero;1291;43.7;16.7;35.2;20.6;658;633;2025
071043;Rodi Garganico;3323;47.3;13.3;30.5;25.9;1656;1667;2025
020051;Rodigo;5151;47.7;14.9;29.6;26.2;2549;2602;2025
083075;Rodì Milici;1948;47.0;12.6;32.1;26.2;963;985;2025
017164;Roè Volciano;4318;47.4;13.0;31.2;24.2;2096;2222;2025
065109;Rofrano;1258;50.0;12.3;28.8;33.0;651;607;2025
097072;Rogeno;3035;45.3;15.6;33.1;22.8;1550;1485;2025
078104;Roggiano Gravina;6760;45.3;15.3;34.0;24.2;3303;3457;2025
080068;Roghudi;925;43.9;16.8;37.0;21.3;446;479;2025
078105;Rogliano;5229;47.6;13.1;31.3;26.9;2644;2585;2025
018127;Rognano;706;40.7;18.3;37.5;12.7;346;360;2025
016182;Rogno;3840;45.3;16.4;33.2;22.8;1926;1914;2025
014056;Rogolo;573;44.0;18.7;34.7;19.4;286;287;2025
058090;Roiate;638;51.5;10.8;24.1;33.1;306;332;2025
069077;Roio del Sangro;100;56.9;7.0;21.0;43.0;53;47;2025
007057;Roisan;1007;45.5;15.6;33.6;21.9;512;495;2025
001222;Roletto;1974;48.1;14.6;28.9;27.7;978;996;2025
035035;Rolo;4005;44.6;17.0;35.0;22.9;2063;1942;2025
058091;Roma;2747290;46.5;14.8;31.7;24.0;1307642;1439648;2025
065110;Romagnano al Monte;377;47.1;10.9;33.2;24.7;182;195;2025
003130;Romagnano Sesia;3722;47.9;14.0;30.8;27.6;1809;1913;2025
018128;Romagnese;543;59.6;4.6;16.4;48.8;293;250;2025
090061;Romana;470;52.7;9.4;25.1;35.1;224;246;2025
019086;Romanengo;3227;44.6;15.6;35.0;21.5;1607;1620;2025
001223;Romano Canavese;2702;47.8;13.1;30.5;26.8;1336;1366;2025
024086;Romano d'Ezzelino;14077;46.2;14.9;33.4;24.3;6973;7104;2025
016183;Romano di Lombardia;20929;43.3;17.6;36.4;20.1;10695;10234;2025
031015;Romans d'Isonzo;3565;49.3;12.0;28.2;28.2;1770;1795;2025
102031;Rombiolo;4252;43.7;17.2;37.3;21.8;2141;2111;2025
022155;Romeno;1527;45.3;16.3;35.6;25.9;780;747;2025
003131;Romentino;5611;43.6;17.8;35.3;20.5;2779;2832;2025
083076;Rometta;6563;46.8;14.2;30.1;24.7;3219;3344;2025
023063;Roncà;3748;44.0;17.5;35.1;21.9;1923;1825;2025
026069;Roncade;14611;46.1;15.6;32.1;24.0;7266;7345;2025
017165;Roncadelle;9305;45.0;15.5;35.0;22.8;4602;4703;2025
018129;Roncaro;1568;42.2;17.9;37.2;17.3;793;775;2025
022156;Roncegno Terme;2965;45.1;17.0;34.2;23.7;1466;1499;2025
108055;Roncello;4773;41.8;20.0;36.4;17.1;2381;2392;2025
031016;Ronchi dei Legionari;11862;47.5;14.0;31.8;26.0;5830;6032;2025
030097;Ronchis;1951;48.8;12.6;28.1;28.2;970;981;2025
022157;Ronchi Valsugana;454;45.4;16.3;34.4;22.9;240;214;2025
056045;Ronciglione;8390;47.9;13.2;29.1;26.7;4196;4194;2025
023064;Ronco all'Adige;6117;45.4;15.7;35.1;23.0;3118;2999;2025
016184;Roncobello;423;51.4;12.1;27.0;35.5;223;200;2025
096053;Ronco Biellese;1412;48.6;13.0;30.9;27.8;715;697;2025
108038;Ronco Briantino;3710;44.8;14.6;34.2;20.7;1868;1842;2025
001224;Ronco Canavese;383;47.2;17.8;32.4;30.8;192;191;2025
020052;Roncoferraro;6854;48.2;14.1;29.5;27.4;3386;3468;2025
040037;Roncofreddo;3485;45.6;15.3;32.4;22.0;1764;1721;2025
016185;Roncola;909;46.2;13.4;32.6;21.9;484;425;2025
010049;Ronco Scrivia;4172;48.3;14.5;30.0;28.8;2111;2061;2025
010050;Rondanina;58;52.6;8.6;25.9;31.0;34;24;2025
001225;Rondissone;1921;46.3;15.2;32.8;24.8;979;942;2025
002118;Ronsecco;572;50.0;12.4;28.3;30.1;266;306;2025
022135;Ronzo-Chienis;1006;46.8;17.0;31.0;28.0;539;467;2025
022159;Ronzone;498;45.6;16.9;35.7;24.7;254;244;2025
096054;Roppolo;809;52.5;11.9;23.7;35.8;385;424;2025
001226;Rorà;221;49.3;10.4;29.4;28.1;126;95;2025
024087;Rosà;14599;44.4;16.8;35.5;21.4;7204;7395;2025
080069;Rosarno;14472;41.4;19.8;40.4;18.9;7266;7206;2025
018130;Rosasco;553;51.9;10.3;24.2;30.6;279;274;2025
015188;Rosate;5668;45.9;15.5;33.2;23.7;2791;2877;2025
096055;Rosazza;96;54.6;5.2;16.7;34.4;47;49;2025
068035;Rosciano;4102;43.7;18.1;34.8;21.1;2009;2093;2025
065111;Roscigno;576;53.3;8.2;23.1;35.8;286;290;2025
078106;Rose;4140;44.8;16.1;34.3;21.9;2064;2076;2025
069078;Rosello;168;60.4;5.4;16.1;50.0;82;86;2025
078107;Roseto Capo Spulico;1883;48.2;13.2;28.4;26.8;938;945;2025
067037;Roseto degli Abruzzi;25882;46.1;14.4;32.9;24.0;12759;13123;2025
071044;Roseto Valfortore;981;49.2;12.8;29.2;30.6;477;504;2025
049017;Rosignano Marittimo;30095;50.0;12.2;27.0;29.8;14607;15488;2025
006149;Rosignano Monferrato;1402;50.8;9.9;26.3;29.9;693;709;2025
029040;Rosolina;6171;49.3;11.9;26.3;27.5;3086;3085;2025
089016;Rosolini;20543;43.6;17.3;36.8;21.6;10209;10334;2025
042040;Rosora;1781;47.5;14.0;30.4;25.3;900;881;2025
002121;Rossa;170;52.1;7.6;21.2;31.8;96;74;2025
004197;Rossana;831;46.5;14.1;31.2;25.4;432;399;2025
024088;Rossano Veneto;8262;44.5;16.5;35.1;20.7;4113;4149;2025
010051;Rossiglione;2522;51.6;12.2;25.7;32.6;1211;1311;2025
001228;Rosta;5100;46.3;16.5;32.4;24.7;2500;2600;2025
016186;Rota d'Imagna;912;48.4;14.5;28.5;29.8;451;461;2025
078109;Rota Greca;951;49.4;13.6;27.9;30.2;484;467;2025
044065;Rotella;782;52.0;9.6;24.0;34.3;397;385;2025
070061;Rotello;1116;46.2;12.4;35.7;24.7;592;524;2025
076070;Rotonda;3141;49.1;11.6;28.9;28.9;1567;1574;2025
077023;Rotondella;2352;48.1;13.6;30.3;27.4;1121;1231;2025
064080;Rotondi;3365;44.9;14.9;34.9;22.1;1737;1628;2025
033039;Rottofreno;12328;44.4;16.4;34.7;21.5;6067;6261;2025
024089;Rotzo;636;46.5;18.1;33.5;28.9;313;323;2025
001227;Roure;752;53.1;10.5;23.4;36.4;360;392;2025
002122;Rovasenda;894;48.8;13.9;29.3;28.2;434;460;2025
017166;Rovato;19649;42.3;18.8;38.2;18.7;10047;9602;2025
010052;Rovegno;469;54.2;8.3;22.2;35.4;260;209;2025
013201;Rovellasca;8000;45.6;16.1;33.2;23.4;3945;4055;2025
013202;Rovello Porro;6320;45.0;16.3;33.6;22.4;3122;3198;2025
020053;Roverbella;8742;45.3;15.8;33.6;23.1;4353;4389;2025
023065;Roverchiara;2614;44.9;16.3;33.8;22.2;1372;1242;2025
022160;Roverè della Luna;1652;44.5;16.4;35.8;22.2;854;798;2025
023066;Roveredo di Guà;1630;42.2;18.6;37.5;19.1;814;816;2025
093036;Roveredo in Piano;5763;46.9;14.8;31.3;24.5;2802;2961;2025
022161;Rovereto;40263;45.9;16.1;34.5;25.2;19392;20871;2025
023067;Roverè Veronese;2150;45.7;16.2;33.3;24.0;1089;1061;2025
018131;Rovescala;816;50.0;14.0;27.3;31.5;415;401;2025
016187;Rovetta;4162;45.0;17.0;33.5;22.3;2061;2101;2025
058092;Roviano;1239;49.7;11.4;28.2;30.0;589;650;2025
029041;Rovigo;49922;48.7;12.5;28.7;27.9;24272;25650;2025
078110;Rovito;2930;45.2;16.3;33.7;22.6;1481;1449;2025
028071;Rovolon;4868;45.1;16.4;32.6;21.5;2434;2434;2025
015189;Rozzano;41559;45.1;16.4;34.9;21.7;20183;21376;2025
028072;Rubano;17038;46.1;15.7;32.2;23.6;8244;8794;2025
001229;Rubiana;2516;48.1;12.8;29.1;26.2;1298;1218;2025
035036;Rubiera;14627;45.3;15.4;33.6;21.6;7169;7458;2025
030098;Ruda;2799;49.7;12.7;27.2;29.4;1378;1421;2025
017167;Rudiano;5930;42.5;18.4;38.1;20.2;2994;2936;2025
001230;Rueglio;788;49.5;13.5;29.7;28.8;381;407;2025
075064;Ruffano;9267;46.0;15.0;34.0;24.9;4457;4810;2025
004198;Ruffia;363;44.5;18.5;36.1;24.0;191;172;2025
022162;Ruffrè-Mendola;406;50.5;10.3;27.3;31.8;223;183;2025
048037;Rufina;7070;48.6;13.2;29.0;27.9;3496;3574;2025
095044;Ruinas;577;53.3;10.4;23.2;37.1;282;295;2025
022163;Rumo;786;47.2;15.1;30.5;28.6;401;385;2025
076071;Ruoti;3199;46.6;14.7;31.9;25.4;1594;1605;2025
039016;Russi;12221;47.4;15.0;30.8;26.7;6064;6157;2025
072037;Rutigliano;18223;44.8;15.8;34.8;22.7;8927;9296;2025
065112;Rutino;752;47.6;13.0;30.2;26.5;388;364;2025
061073;Ruviano;1648;47.3;16.3;30.5;28.6;799;849;2025
076072;Ruvo del Monte;960;50.5;10.1;29.3;31.2;480;480;2025
072038;Ruvo di Puglia;24254;45.5;15.5;34.2;24.0;11852;12402;2025
059024;Sabaudia;19322;46.1;15.1;31.2;23.2;9795;9527;2025
017168;Sabbio Chiese;4091;43.1;18.9;37.6;19.9;2081;2010;2025
020054;Sabbioneta;4080;48.2;13.9;29.5;27.5;2042;2038;2025
065113;Sacco;408;55.6;8.8;22.8;40.7;207;201;2025
028073;Saccolongo;4922;47.1;14.8;31.1;25.6;2458;2464;2025
093037;Sacile;19951;46.5;14.8;32.8;25.0;9742;10209;2025
058093;Sacrofano;7444;47.0;13.8;30.1;23.5;3637;3807;2025
111058;Sadali;776;53.4;9.9;24.2;36.7;383;393;2025
095086;Sagama;191;46.4;18.3;31.4;27.7;99;92;2025
096056;Sagliano Micca;1541;48.8;11.9;28.7;28.1;740;801;2025
031017;Sagrado;2157;49.5;11.7;28.3;28.2;1058;1099;2025
022164;Sagron Mis;177;47.9;14.7;28.8;28.2;88;89;2025
007058;Saint-Christophe;3412;46.4;15.5;32.1;25.4;1722;1690;2025
007059;Saint-Denis;365;46.5;14.8;31.5;22.5;189;176;2025
007060;Saint-Marcel;1296;46.0;15.8;32.7;22.9;635;661;2025
007061;Saint-Nicolas;324;45.5;17.0;33.3;23.1;173;151;2025
007062;Saint-Oyen;191;48.8;13.1;27.7;30.4;85;106;2025
007063;Saint-Pierre;3238;45.4;16.4;33.6;22.7;1599;1639;2025
007064;Saint-Rhémy-en-Bosses;338;47.2;11.2;34.6;26.0;187;151;2025
007065;Saint-Vincent;4417;49.1;12.3;28.6;28.2;2162;2255;2025
034031;Sala Baganza;6048;45.0;16.1;33.8;22.0;3098;2950;2025
096057;Sala Biellese;522;51.1;12.1;23.8;30.3;263;259;2025
037050;Sala Bolognese;8454;45.4;16.0;32.7;22.5;4231;4223;2025
013203;Sala Comacina;453;53.2;11.9;25.4;36.9;223;230;2025
065114;Sala Consilina;12149;45.5;15.4;33.3;23.8;5971;6178;2025
006150;Sala Monferrato;335;54.2;7.2;22.4;37.9;161;174;2025
077024;Salandra;2450;47.8;12.8;31.0;28.3;1213;1237;2025
081017;Salaparuta;1566;45.6;16.0;33.5;25.2;770;796;2025
029042;Salara;1020;51.8;12.6;23.7;34.3;484;536;2025
002126;Salasco;201;45.3;17.9;32.3;22.4;111;90;2025
001231;Salassa;1845;46.3;13.1;34.2;23.4;910;935;2025
001232;Salbertrand;627;45.0;16.1;35.6;22.8;332;295;2025
024090;Salcedo;997;47.4;14.6;30.4;25.1;502;495;2025
070062;Salcito;648;49.9;10.2;26.9;29.3;345;303;2025
006151;Sale;3850;49.6;12.7;27.9;29.3;1890;1960;2025
004199;Sale delle Langhe;467;50.3;10.7;25.3;29.6;237;230;2025
017169;Sale Marasino;3228;48.9;13.0;29.1;28.9;1574;1654;2025
081018;Salemi;9752;47.8;12.9;31.6;27.4;4851;4901;2025
065115;Salento;1748;47.8;13.5;30.9;26.6;856;892;2025
001233;Salerano Canavese;462;48.9;12.6;27.9;29.9;229;233;2025
098046;Salerano sul Lambro;2663;46.4;14.7;31.7;23.8;1327;1336;2025
065116;Salerno;126000;47.9;13.6;30.4;27.2;59354;66646;2025
004200;Sale San Giovanni;144;52.5;9.0;25.7;34.0;73;71;2025
026070;Salgareda;6529;44.5;16.6;35.4;21.6;3297;3232;2025
075065;Salice Salentino;7619;48.4;13.1;29.8;29.0;3689;3930;2025
004201;Saliceto;1149;52.2;11.0;23.8;33.7;558;591;2025
057063;Salisano;474;49.7;13.5;27.0;31.6;229;245;2025
002127;Sali Vercellese;93;50.8;11.8;29.0;33.3;48;45;2025
023068;Salizzole;3795;45.6;16.2;33.2;24.2;1965;1830;2025
068036;Salle;262;50.5;13.7;25.6;32.8;133;129;2025
004202;Salmour;718;45.3;16.4;34.5;24.7;389;329;2025
017170;Salò;10326;49.6;12.7;28.5;29.5;4854;5472;2025
021076;Salorno sulla strada del vino/Salurn an der Weinstraße;3823;41.9;20.6;39.3;19.0;1945;1878;2025
034032;Salsomaggiore Terme;20511;46.7;14.3;32.6;25.0;10301;10210;2025
012117;Saltrio;3009;46.8;14.8;31.5;25.6;1451;1558;2025
099015;Saludecio;3202;46.2;14.6;30.4;22.5;1610;1592;2025
002128;Saluggia;3779;48.8;13.1;29.3;28.6;1857;1922;2025
096058;Salussola;1813;48.6;13.9;28.7;27.3;936;877;2025
004203;Saluzzo;17560;46.0;15.1;33.9;24.9;8670;8890;2025
075066;Salve;4541;49.9;12.2;28.4;31.4;2174;2367;2025
019087;Salvirola;1154;45.0;15.2;33.2;20.5;578;576;2025
065117;Salvitelle;468;52.2;9.6;24.6;34.6;230;238;2025
001234;Salza di Pinerolo;61;51.1;6.6;29.5;31.1;40;21;2025
064081;Salza Irpina;724;49.9;10.6;26.0;29.1;359;365;2025
027032;Salzano;12770;47.6;14.1;30.1;25.5;6329;6441;2025
012118;Samarate;16184;46.8;15.0;32.1;25.7;8029;8155;2025
111059;Samassi;4715;49.8;11.2;26.5;30.3;2307;2408;2025
111060;Samatzai;1509;49.7;11.4;26.7;27.8;752;757;2025
084034;Sambuca di Sicilia;5253;46.9;14.1;33.2;26.4;2609;2644;2025
047018;Sambuca Pistoiese;1404;50.8;11.1;25.1;31.1;735;669;2025
058094;Sambuci;822;47.5;13.5;28.6;27.0;411;411;2025
004204;Sambuco;82;51.5;12.2;23.2;34.1;41;41;2025
072039;Sammichele di Bari;5908;49.6;12.4;27.6;30.0;2871;3037;2025
080070;Samo;687;51.7;10.6;26.6;34.2;332;355;2025
014057;Samolaco;2903;44.7;16.3;34.6;22.1;1428;1475;2025
001235;Samone;1519;47.1;14.1;31.4;25.3;765;754;2025
022165;Samone;538;47.9;13.2;31.2;27.3;269;269;2025
004205;Sampeyre;978;50.4;12.5;26.5;32.3;495;483;2025
095045;Samugheo;2687;50.2;11.8;28.4;30.9;1331;1356;2025
075067;Sanarica;1467;47.5;15.7;29.3;28.6;705;762;2025
008052;San Bartolomeo al Mare;2948;50.0;11.8;27.4;30.6;1412;1536;2025
062057;San Bartolomeo in Galdo;4254;49.9;12.0;29.4;31.7;2114;2140;2025
013204;San Bartolomeo Val Cavargna;946;48.7;12.4;29.0;26.8;456;490;2025
078111;San Basile;915;53.9;9.7;22.3;39.2;423;492;2025
111061;San Basilio;1087;47.5;13.1;30.8;25.0;561;526;2025
019088;San Bassano;2051;47.9;14.3;30.3;27.8;990;1061;2025
029043;San Bellino;1061;47.2;13.6;30.6;28.0;544;517;2025
004206;San Benedetto Belbo;145;54.9;9.7;20.7;34.5;76;69;2025
066085;San Benedetto dei Marsi;3687;45.8;15.6;32.2;23.9;1865;1822;2025
044066;San Benedetto del Tronto;47021;48.2;13.1;29.7;27.3;22318;24703;2025
066086;San Benedetto in Perillis;100;64.0;3.0;10.0;52.0;58;42;2025
020055;San Benedetto Po;6729;49.0;12.7;27.5;28.4;3368;3361;2025
078112;San Benedetto Ullano;1361;47.4;14.6;29.6;27.3;678;683;2025
037051;San Benedetto Val di Sambro;4220;49.7;11.5;27.3;29.7;2179;2041;2025
001236;San Benigno Canavese;6079;45.0;17.1;33.8;23.7;3018;3061;2025
103061;San Bernardino Verbano;1236;49.2;11.6;27.3;25.7;625;611;2025
008053;San Biagio della Cima;1283;46.8;13.5;31.6;24.2;624;659;2025
026071;San Biagio di Callalta;12641;45.9;15.4;33.5;24.1;6354;6287;2025
084035;San Biagio Platani;2778;50.1;11.6;27.3;31.5;1314;1464;2025
060061;San Biagio Saracinisco;298;51.6;9.4;24.8;33.9;150;148;2025
070063;San Biase;124;57.7;10.5;21.0;47.6;64;60;2025
023069;San Bonifacio;21309;43.9;17.2;36.9;21.2;10717;10592;2025
069079;San Buono;851;49.8;12.1;28.2;32.0;438;413;2025
102032;San Calogero;3780;45.2;16.5;35.6;24.3;1881;1899;2025
021077;San Candido/Innichen;3300;45.0;17.9;35.2;23.8;1592;1708;2025
031018;San Canzian d'Isonzo;6023;48.0;13.8;30.1;26.0;2992;3031;2025
001237;San Carlo Canavese;4036;47.1;15.5;31.4;26.2;1992;2044;2025
052027;San Casciano dei Bagni;1421;53.2;9.7;23.0;38.0;710;711;2025
048038;San Casciano in Val di Pesa;16313;48.8;13.7;29.7;29.4;7860;8453;2025
075095;San Cassiano;1946;48.1;13.8;30.6;29.8;983;963;2025
085016;San Cataldo;20477;45.7;15.4;34.1;23.9;9860;10617;2025
058119;San Cesareo;16332;42.9;18.2;35.9;18.7;8164;8168;2025
075068;San Cesario di Lecce;7880;46.4;15.2;31.6;24.0;3763;4117;2025
036036;San Cesario sul Panaro;6613;45.4;15.9;32.9;23.1;3328;3285;2025
076073;San Chirico Nuovo;1108;52.3;9.4;25.6;31.9;559;549;2025
076074;San Chirico Raparo;874;52.2;9.3;26.7;33.1;451;423;2025
082063;San Cipirello;4854;44.1;16.8;36.6;22.0;2338;2516;2025
061074;San Cipriano d'Aversa;13406;42.1;16.6;39.3;17.9;6710;6696;2025
065118;San Cipriano Picentino;6682;43.4;17.1;35.9;20.4;3295;3387;2025
018133;San Cipriano Po;443;44.9;16.3;32.1;20.8;230;213;2025
099016;San Clemente;5794;42.8;18.2;35.3;17.6;2862;2932;2025
015191;San Colombano al Lambro;7476;47.6;13.7;30.8;26.4;3695;3781;2025
001238;San Colombano Belmonte;358;46.5;12.3;32.7;23.5;181;177;2025
010053;San Colombano Certenoli;2676;47.4;14.8;29.6;26.1;1354;1322;2025
087040;San Cono;2378;44.8;15.6;37.0;23.8;1189;1189;2025
078113;San Cosmo Albanese;550;46.4;17.3;32.9;25.6;249;301;2025
076075;San Costantino Albanese;592;54.4;7.4;22.0;35.0;287;305;2025
102033;San Costantino Calabro;2025;45.5;15.7;33.2;25.2;990;1035;2025
041051;San Costanzo;4583;46.3;15.3;31.9;24.9;2335;2248;2025
006152;San Cristoforo;523;51.2;12.0;26.4;29.1;254;269;2025
018134;San Damiano al Colle;612;51.5;10.3;23.5;32.5;320;292;2025
005097;San Damiano d'Asti;8071;45.4;16.5;34.1;24.0;3982;4089;2025
004207;San Damiano Macra;409;52.2;10.5;26.2;34.0;216;193;2025
030099;San Daniele del Friuli;7935;48.8;12.6;29.6;28.3;3830;4105;2025
019089;San Daniele Po;1271;49.4;13.5;28.2;30.3;655;616;2025
078114;San Demetrio Corone;2991;49.4;12.5;29.0;29.8;1437;1554;2025
066087;San Demetrio ne' Vestini;1981;44.9;15.2;34.5;22.4;1023;958;2025
001239;San Didero;497;50.1;13.1;26.0;30.6;250;247;2025
096059;Sandigliano;2601;49.7;11.8;27.8;28.8;1246;1355;2025
074013;San Donaci;6086;47.8;14.5;30.7;27.8;2955;3131;2025
027033;San Donà di Piave;41902;46.6;14.6;32.1;24.6;20173;21729;2025
075069;San Donato di Lecce;5372;48.0;13.5;29.4;27.2;2532;2840;2025
078115;San Donato di Ninea;1064;52.9;9.5;24.4;36.7;511;553;2025
015192;San Donato Milanese;32161;46.3;15.2;33.8;24.6;15566;16595;2025
060062;San Donato Val di Comino;1859;49.5;12.6;26.4;29.9;890;969;2025
032004;San Dorligo della Valle-Dolina;5671;49.8;13.2;26.8;29.7;2810;2861;2025
024091;Sandrigo;8303;45.7;15.4;34.0;23.7;4108;4195;2025
076076;San Fele;2534;52.3;9.0;25.3;33.2;1253;1281;2025
061075;San Felice a Cancello;16861;42.8;18.0;37.9;19.5;8344;8517;2025
059025;San Felice Circeo;10042;47.4;13.2;29.2;25.1;5232;4810;2025
017171;San Felice del Benaco;3433;47.4;13.8;29.9;25.0;1685;1748;2025
070064;San Felice del Molise;532;55.7;5.5;21.6;41.0;265;267;2025
036037;San Felice sul Panaro;10864;45.5;16.2;33.6;23.8;5414;5450;2025
080097;San Ferdinando;4428;44.1;15.2;36.6;22.0;2361;2067;2025
110007;San Ferdinando di Puglia;13898;42.5;19.0;39.6;20.2;6971;6927;2025
013206;San Fermo della Battaglia;7746;46.6;14.8;32.3;25.2;3744;4002;2025
078116;San Fili;2454;46.8;14.5;30.7;24.3;1233;1221;2025
083077;San Filippo del Mela;6642;45.7;15.5;32.6;23.9;3289;3353;2025
026072;San Fior;6856;45.6;15.5;33.2;22.8;3427;3429;2025
098047;San Fiorano;1874;46.5;14.5;31.6;26.0;944;930;2025
031019;San Floriano del Collio-Števerjan;735;50.1;12.9;27.1;32.4;362;373;2025
079108;San Floro;684;44.7;17.7;32.6;22.4;339;345;2025
001240;San Francesco al Campo;4808;45.9;15.7;32.7;24.7;2374;2434;2025
083078;San Fratello;3199;47.3;13.3;31.7;25.7;1585;1614;2025
004208;Sanfrè;3067;45.2;17.5;33.9;24.0;1505;1562;2025
004209;Sanfront;2242;49.3;12.1;28.1;28.3;1113;1129;2025
001241;Sangano;3676;49.4;14.1;29.0;30.8;1733;1943;2025
111062;San Gavino Monreale;7923;50.8;11.4;24.3;31.7;3856;4067;2025
055029;San Gemini;4628;48.9;13.2;28.7;28.0;2224;2404;2025
021079;San Genesio Atesino/Jenesien;3006;42.6;19.2;39.1;18.7;1529;1477;2025
018135;San Genesio ed Uniti;4005;47.0;14.5;30.4;25.6;1931;2074;2025
063066;San Gennaro Vesuviano;12092;40.2;19.4;40.8;15.2;6251;5841;2025
001242;San Germano Chisone;1709;49.2;13.9;29.2;28.7;860;849;2025
002131;San Germano Vercellese;1596;46.9;14.7;31.5;25.8;798;798;2025
017172;San Gervasio Bresciano;2665;41.3;20.3;37.4;16.3;1323;1342;2025
070065;San Giacomo degli Schiavoni;1376;44.6;15.8;32.9;20.3;680;696;2025
020056;San Giacomo delle Segnate;1487;49.8;12.0;26.9;29.9;748;739;2025
014058;San Giacomo Filippo;371;49.0;13.5;28.0;31.3;193;178;2025
002035;San Giacomo Vercellese;257;52.6;9.3;23.3;35.8;124;133;2025
012141;Sangiano;1422;46.6;15.4;31.6;24.6;732;690;2025
001243;San Gillio;3264;45.5;16.8;31.4;22.5;1586;1678;2025
052028;San Gimignano;7452;48.1;12.9;29.7;26.7;3823;3629;2025
043046;San Ginesio;3048;50.6;11.8;27.8;32.6;1522;1526;2025
078117;Sangineto;1200;50.6;10.0;26.2;30.7;613;587;2025
063067;San Giorgio a Cremano;41805;46.3;15.1;33.5;25.8;19696;22109;2025
078118;San Giorgio Albanese;1278;48.4;13.3;30.4;28.6;620;658;2025
060063;San Giorgio a Liri;2944;46.2;15.8;32.3;25.0;1456;1488;2025
020057;San Giorgio Bigarello;11891;46.1;14.5;31.7;22.3;5889;6002;2025
001244;San Giorgio Canavese;2505;47.6;13.7;30.8;26.4;1247;1258;2025
093038;San Giorgio della Richinvelda;4503;47.1;12.8;31.8;25.8;2369;2134;2025
028075;San Giorgio delle Pertiche;10093;44.3;16.7;34.4;20.9;5079;5014;2025
062058;San Giorgio del Sannio;9650;45.7;15.7;32.4;23.2;4644;5006;2025
018136;San Giorgio di Lomellina;973;51.7;9.8;23.8;31.7;505;468;2025
030100;San Giorgio di Nogaro;7314;49.0;13.4;29.3;29.1;3652;3662;2025
037052;San Giorgio di Piano;9638;45.0;16.6;34.4;21.9;4750;4888;2025
028076;San Giorgio in Bosco;6347;44.1;17.3;35.7;22.0;3202;3145;2025
073024;San Giorgio Ionico;13951;46.6;14.8;31.7;25.3;6705;7246;2025
062059;San Giorgio La Molara;2688;47.9;14.3;30.6;28.3;1360;1328;2025
077025;San Giorgio Lucano;1004;52.7;10.1;24.9;36.2;514;490;2025
006153;San Giorgio Monferrato;1214;48.4;14.4;28.3;28.2;591;623;2025
080071;San Giorgio Morgeto;2957;43.6;17.9;37.3;22.4;1434;1523;2025
033040;San Giorgio Piacentino;5543;46.9;14.9;31.9;24.4;2753;2790;2025
005098;San Giorgio Scarampi;95;53.3;10.5;22.1;37.9;47;48;2025
015194;San Giorgio su Legnano;6786;46.7;14.2;32.2;25.5;3332;3454;2025
001245;San Giorio di Susa;958;49.9;12.8;26.4;30.6;484;474;2025
030101;San Giovanni al Natisone;6012;47.9;13.4;30.1;26.4;3060;2952;2025
065119;San Giovanni a Piro;3577;48.2;13.0;29.9;27.8;1780;1797;2025
016188;San Giovanni Bianco;4575;48.2;12.5;30.9;27.5;2335;2240;2025
020058;San Giovanni del Dosso;1251;47.0;15.8;30.5;25.4;627;624;2025
022250;San Giovanni di Fassa-Sèn Jan;3622;43.2;17.5;36.9;18.6;1794;1828;2025
080072;San Giovanni di Gerace;401;50.1;10.7;27.9;31.7;193;208;2025
084036;San Giovanni Gemini;7434;46.7;14.9;32.3;26.0;3715;3719;2025
023070;San Giovanni Ilarione;4846;45.1;16.0;33.9;23.5;2454;2392;2025
060064;San Giovanni Incarico;3020;49.9;11.9;27.8;31.2;1492;1528;2025
019090;San Giovanni in Croce;1905;44.4;17.3;36.1;21.9;971;934;2025
078119;San Giovanni in Fiore;15487;46.9;14.1;32.3;26.2;7523;7964;2025
070066;San Giovanni in Galdo;495;52.8;9.7;24.4;36.6;244;251;2025
099017;San Giovanni in Marignano;9441;46.3;15.7;31.4;23.7;4643;4798;2025
037053;San Giovanni in Persiceto;28052;46.7;15.2;32.0;25.0;13681;14371;2025
087041;San Giovanni la Punta;24231;44.1;17.5;35.3;22.3;11673;12558;2025
069080;San Giovanni Lipioni;136;63.1;4.4;11.8;55.1;67;69;2025
023071;San Giovanni Lupatoto;25470;45.5;16.0;33.6;23.3;12475;12995;2025
071046;San Giovanni Rotondo;26249;44.7;15.3;35.8;22.8;13040;13209;2025
111063;San Giovanni Suergiu;5581;50.5;11.3;25.4;32.2;2795;2786;2025
069081;San Giovanni Teatino;14577;43.1;18.3;35.3;19.2;7147;7430;2025
051033;San Giovanni Valdarno;16503;48.0;13.9;31.6;27.5;7871;8632;2025
070067;San Giuliano del Sannio;987;48.6;12.1;30.8;28.2;507;480;2025
070068;San Giuliano di Puglia;980;47.9;12.0;31.2;28.1;471;509;2025
015195;San Giuliano Milanese;39910;43.5;17.7;36.3;20.3;19882;20028;2025
050031;San Giuliano Terme;30832;48.2;13.5;30.1;27.4;15140;15692;2025
082064;San Giuseppe Jato;7966;44.2;16.9;36.6;22.8;3888;4078;2025
063068;San Giuseppe Vesuviano;30498;40.9;18.5;39.7;16.2;15763;14735;2025
054044;San Giustino;11060;47.4;14.5;30.5;26.6;5441;5619;2025
001246;San Giusto Canavese;3270;47.8;14.9;30.2;27.5;1596;1674;2025
048039;San Godenzo;1127;49.8;10.4;30.3;29.2;592;535;2025
058095;San Gregorio da Sassola;1397;48.1;14.0;30.4;27.9;708;689;2025
087042;San Gregorio di Catania;11470;46.1;15.9;32.3;24.2;5492;5978;2025
102034;San Gregorio d'Ippona;2554;41.5;19.9;40.5;18.9;1300;1254;2025
065120;San Gregorio Magno;3868;48.1;14.0;30.8;29.0;1866;2002;2025
061076;San Gregorio Matese;862;49.7;10.8;28.8;30.6;428;434;2025
025045;San Gregorio nelle Alpi;1569;48.5;11.9;30.0;26.6;798;771;2025
023072;Sanguinetto;4234;45.2;17.5;33.3;23.7;2154;2080;2025
037054;San Lazzaro di Savena;32828;48.1;14.2;30.4;27.8;15767;17061;2025
099025;San Leo;2844;46.5;15.8;31.8;23.8;1454;1390;2025
030102;San Leonardo;1025;50.7;10.6;25.2;31.6;529;496;2025
021080;San Leonardo in Passiria/St. Leonhard in Passeier;3642;41.8;20.6;39.6;20.1;1856;1786;2025
062060;San Leucio del Sannio;2888;46.8;13.7;32.3;25.1;1436;1452;2025
062061;San Lorenzello;2095;48.2;13.4;30.7;28.7;1046;1049;2025
080073;San Lorenzo;2137;50.3;11.3;27.9;31.3;1048;1089;2025
008054;San Lorenzo al Mare;1222;51.0;12.1;26.1;32.7;587;635;2025
078120;San Lorenzo Bellizzi;509;53.0;8.6;26.5;36.1;254;255;2025
078121;San Lorenzo del Vallo;3055;44.4;16.3;33.8;21.8;1533;1522;2025
021081;San Lorenzo di Sebato/St. Lorenzen;3963;41.9;19.0;39.4;17.9;2003;1960;2025
022231;San Lorenzo Dorsino;1568;47.0;15.0;32.9;28.5;789;779;2025
041054;San Lorenzo in Campo;3171;49.1;13.0;29.4;28.9;1540;1631;2025
031020;San Lorenzo Isontino;1496;49.4;12.4;27.9;28.6;746;750;2025
062062;San Lorenzo Maggiore;1882;46.7;13.7;31.9;26.1;961;921;2025
056047;San Lorenzo Nuovo;2007;49.8;11.3;28.1;30.7;994;1013;2025
080074;San Luca;3321;42.2;21.8;40.5;21.9;1614;1707;2025
078122;San Lucido;7411;43.8;12.8;38.7;21.0;3690;3721;2025
062063;San Lupo;672;51.6;9.1;24.1;31.5;342;330;2025
111067;Sanluri;8044;48.8;11.8;27.9;26.9;3959;4085;2025
079110;San Mango d'Aquino;1384;47.4;13.9;31.6;26.8;670;714;2025
065121;San Mango Piemonte;2637;42.5;17.4;37.8;19.0;1302;1335;2025
064082;San Mango sul Calore;1101;48.3;10.7;30.9;26.3;590;511;2025
061077;San Marcellino;14758;39.6;20.6;41.9;14.6;7313;7445;2025
042041;San Marcello;2015;47.7;14.5;30.1;27.0;986;1029;2025
047024;San Marcello Piteglio;7493;53.2;9.8;24.3;35.6;3603;3890;2025
078123;San Marco Argentano;6799;46.2;14.9;31.8;24.3;3380;3419;2025
083079;San Marco d'Alunzio;1799;46.9;14.2;32.8;25.5;854;945;2025
062064;San Marco dei Cavoti;2948;49.2;11.8;29.7;29.0;1414;1534;2025
061104;San Marco Evangelista;6519;42.0;17.7;38.5;17.8;3220;3299;2025
071047;San Marco in Lamis;12313;45.6;15.3;35.2;25.0;6089;6224;2025
071048;San Marco la Catola;841;51.0;10.6;27.3;32.1;413;428;2025
005099;San Martino Alfieri;679;48.5;14.3;28.6;27.8;349;330;2025
093039;San Martino al Tagliamento;1470;47.6;13.2;30.5;25.4;743;727;2025
023073;San Martino Buon Albergo;16590;43.7;18.0;36.1;20.9;8236;8354;2025
001247;San Martino Canavese;822;48.0;13.7;30.8;28.3;414;408;2025
076077;San Martino d'Agri;640;52.3;9.7;25.3;34.8;327;313;2025
020059;San Martino dall'Argine;1585;50.8;11.4;24.9;32.4;800;785;2025
019091;San Martino del Lago;373;52.1;8.3;24.4;31.1;182;191;2025
078124;San Martino di Finita;948;49.2;11.2;28.8;27.3;471;477;2025
028077;San Martino di Lupari;13218;44.7;17.1;34.4;22.5;6595;6623;2025
029044;San Martino di Venezze;3733;48.4;13.2;28.3;27.0;1850;1883;2025
021082;San Martino in Badia/St. Martin in Thurn;1778;42.6;17.4;39.1;18.8;923;855;2025
021083;San Martino in Passiria/St. Martin in Passeier;3322;41.1;20.9;40.8;18.1;1681;1641;2025
070069;San Martino in Pensilis;4417;46.7;14.1;31.9;25.4;2172;2245;2025
035037;San Martino in Rio;8218;44.5;16.6;35.0;21.4;4089;4129;2025
098048;San Martino in Strada;3751;45.5;15.4;32.5;23.2;1876;1875;2025
062065;San Martino Sannita;1147;46.8;12.6;31.2;24.4;573;574;2025
018137;San Martino Siccomario;6593;46.4;13.4;32.7;24.2;3282;3311;2025
069082;San Martino sulla Marrucina;857;48.8;12.0;30.3;28.4;424;433;2025
064083;San Martino Valle Caudina;4761;45.6;14.8;34.0;23.6;2374;2387;2025
073025;San Marzano di San Giuseppe;8826;44.0;16.3;35.8;21.3;4406;4420;2025
005100;San Marzano Oliveto;960;48.7;12.7;29.1;27.4;488;472;2025
065122;San Marzano sul Sarno;10203;41.8;18.3;38.8;18.1;5092;5111;2025
070070;San Massimo;820;47.8;11.8;26.7;23.7;451;369;2025
001248;San Maurizio Canavese;10275;45.6;16.4;32.8;22.8;5080;5195;2025
003133;San Maurizio d'Opaglio;2999;46.8;14.4;31.8;24.1;1433;1566;2025
082065;San Mauro Castelverde;1295;50.8;12.4;28.6;33.1;651;644;2025
065123;San Mauro Cilento;838;50.5;11.0;26.5;30.3;420;418;2025
023074;San Mauro di Saline;592;46.6;15.4;31.6;23.1;313;279;2025
077026;San Mauro Forte;1208;50.1;10.9;27.3;30.9;627;581;2025
065124;San Mauro la Bruca;512;52.2;8.6;27.1;34.2;252;260;2025
101020;San Mauro Marchesato;1881;46.6;15.3;33.3;27.4;909;972;2025
040041;San Mauro Pascoli;12386;44.3;16.4;35.0;21.0;6106;6280;2025
001249;San Mauro Torinese;18411;48.6;13.9;29.6;28.9;8888;9523;2025
022167;San Michele all'Adige;4119;42.5;18.0;38.0;18.8;2063;2056;2025
027034;San Michele al Tagliamento;11423;49.8;12.3;27.5;29.9;5571;5852;2025
087043;San Michele di Ganzaria;2820;48.2;13.3;31.1;28.3;1369;1451;2025
064084;San Michele di Serino;2401;45.2;14.2;33.9;21.8;1206;1195;2025
004210;San Michele Mondovì;1884;46.8;17.0;33.2;29.5;941;943;2025
074014;San Michele Salentino;6027;46.3;14.7;33.2;24.8;2954;3073;2025
050032;San Miniato;27831;47.0;14.9;31.3;25.6;13617;14214;2025
062066;San Nazzaro;828;45.6;14.1;32.4;22.6;407;421;2025
018138;Sannazzaro de' Burgondi;5143;48.3;13.5;30.1;27.7;2582;2561;2025
003134;San Nazzaro Sesia;694;49.6;12.5;26.4;29.8;360;334;2025
013207;San Nazzaro Val Cavargna;261;52.5;10.7;21.5;36.4;139;122;2025
072040;Sannicandro di Bari;9555;44.5;16.0;34.8;22.1;4903;4652;2025
071049;San Nicandro Garganico;13485;48.4;14.0;31.3;29.6;6463;7022;2025
075070;Sannicola;5514;49.3;12.8;28.2;29.3;2647;2867;2025
078125;San Nicola Arcella;1993;45.3;14.4;32.2;20.7;994;999;2025
064085;San Nicola Baronia;750;45.3;15.9;34.3;24.5;369;381;2025
102035;San Nicola da Crissa;1196;49.4;13.8;29.4;31.4;615;581;2025
101021;San Nicola dell'Alto;668;55.0;8.2;24.1;41.2;338;330;2025
061078;San Nicola la Strada;21873;44.6;15.6;34.5;21.4;10770;11103;2025
062067;San Nicola Manfredi;3388;45.4;14.8;33.0;21.5;1661;1727;2025
095046;San Nicolò d'Arcidano;2423;49.3;11.5;28.1;28.6;1191;1232;2025
025046;San Nicolò di Comelico;374;46.6;15.5;31.0;24.9;189;185;2025
111064;San Nicolò Gerrei;721;49.4;12.1;28.6;31.3;375;346;2025
074015;San Pancrazio Salentino;9031;48.4;13.0;29.8;28.7;4362;4669;2025
021084;San Pancrazio/St. Pankraz;1549;44.7;16.8;37.2;23.5;810;739;2025
017138;San Paolo;4444;43.9;16.6;36.1;21.3;2221;2223;2025
076020;San Paolo Albanese;211;59.1;5.7;19.0;45.0;94;117;2025
063069;San Paolo Bel Sito;3387;44.1;16.0;36.1;21.2;1658;1729;2025
016189;San Paolo d'Argon;5887;42.2;18.2;37.3;17.2;2954;2933;2025
071050;San Paolo di Civitate;5344;45.0;15.5;35.7;22.8;2654;2690;2025
042042;San Paolo di Jesi;904;46.8;14.4;32.9;26.7;442;462;2025
005101;San Paolo Solbrito;1177;47.6;12.7;29.8;24.3;587;590;2025
016190;San Pellegrino Terme;4652;49.3;13.7;29.3;30.1;2241;2411;2025
031021;San Pier d'Isonzo;1919;49.3;13.8;26.9;28.1;988;931;2025
083080;San Pier Niceto;2551;48.9;12.4;30.7;29.9;1263;1288;2025
083081;San Piero Patti;2589;49.0;11.4;29.0;29.7;1231;1358;2025
030103;San Pietro al Natisone;2058;49.4;12.0;27.8;28.4;1025;1033;2025
065125;San Pietro al Tanagro;1677;44.8;16.7;34.6;24.1;815;862;2025
079114;San Pietro a Maida;3800;46.4;15.5;32.2;27.0;1876;1924;2025
079115;San Pietro Apostolo;1531;46.6;13.5;34.2;26.4;773;758;2025
094043;San Pietro Avellana;396;53.3;7.6;25.5;37.1;195;201;2025
087044;San Pietro Clarenza;8346;40.3;21.3;40.2;16.5;4135;4211;2025
025047;San Pietro di Cadore;1450;50.1;11.9;25.5;30.6;743;707;2025
080075;San Pietro di Caridà;948;52.8;10.4;25.3;37.4;442;506;2025
026073;San Pietro di Feletto;5125;48.6;13.8;30.0;28.4;2461;2664;2025
023075;San Pietro di Morubio;3102;45.1;17.5;33.0;23.6;1618;1484;2025
078126;San Pietro in Amantea;449;53.7;6.2;24.9;34.7;231;218;2025
023076;San Pietro in Cariano;12940;47.1;14.1;32.5;25.7;6210;6730;2025
037055;San Pietro in Casale;12991;45.2;16.3;33.1;22.7;6487;6504;2025
033041;San Pietro in Cerro;773;49.4;10.3;26.8;25.1;393;380;2025
061079;San Pietro Infine;792;48.2;12.4;30.1;28.4;393;399;2025
028078;San Pietro in Gu;4124;46.4;14.1;32.8;24.6;2042;2082;2025
078127;San Pietro in Guarano;3328;48.3;14.1;28.7;27.4;1658;1670;2025
075071;San Pietro in Lama;3348;47.5;15.3;30.4;28.0;1594;1754;2025
003135;San Pietro Mosezzo;1991;46.5;14.8;31.2;23.9;1017;974;2025
024094;San Pietro Mussolino;1526;43.1;18.6;38.5;20.1;799;727;2025
001250;San Pietro Val Lemina;1447;48.1;14.9;30.3;29.6;722;725;2025
074016;San Pietro Vernotico;12843;47.9;13.6;30.9;27.8;6180;6663;2025
028079;San Pietro Viminario;2981;45.9;14.8;30.6;21.7;1508;1473;2025
066088;San Pio delle Camere;658;44.9;16.9;34.5;22.6;332;326;2025
058096;San Polo dei Cavalieri;2779;46.9;13.9;30.0;24.8;1419;1360;2025
035038;San Polo d'Enza;6097;46.2;15.9;32.3;24.0;3007;3090;2025
026074;San Polo di Piave;4846;45.7;14.5;34.6;23.2;2509;2337;2025
070071;San Polo Matese;478;46.7;13.2;32.0;25.1;252;226;2025
001251;San Ponso;234;48.7;11.1;28.2;26.9;116;118;2025
036038;San Possidonio;3536;47.2;13.3;30.8;24.8;1771;1765;2025
061080;San Potito Sannitico;1946;45.6;15.0;33.0;23.7;958;988;2025
064086;San Potito Ultra;1481;47.1;12.3;30.5;23.8;712;769;2025
061081;San Prisco;12097;42.5;17.7;36.7;18.2;5761;6336;2025
080076;San Procopio;467;45.2;19.3;36.4;25.1;228;239;2025
036039;San Prospero;6142;43.5;17.7;35.6;19.9;3117;3025;2025
052030;San Quirico d'Orcia;2560;47.5;14.4;30.9;26.9;1245;1315;2025
093040;San Quirino;4315;47.4;14.9;30.9;26.3;2135;2180;2025
001252;San Raffaele Cimena;3159;46.7;15.2;32.1;24.9;1558;1601;2025
008055;Sanremo;53059;49.6;12.3;28.4;29.9;25513;27546;2025
080077;San Roberto;1487;48.0;13.2;31.0;29.1;748;739;2025
098049;San Rocco al Porto;3386;46.1;14.9;32.2;24.1;1662;1724;2025
046027;San Romano in Garfagnana;1309;49.3;13.2;28.4;27.3;643;666;2025
065126;San Rufo;1586;45.1;17.4;35.5;23.9;792;794;2025
083082;San Salvatore di Fitalia;1111;50.4;13.0;27.2;32.9;500;611;2025
006154;San Salvatore Monferrato;4064;49.6;12.0;28.2;29.7;2049;2015;2025
062068;San Salvatore Telesino;3887;46.2;14.1;33.0;24.4;1941;1946;2025
069083;San Salvo;19890;44.7;16.1;34.1;22.3;9927;9963;2025
063070;San Sebastiano al Vesuvio;8619;44.7;16.9;35.5;22.6;4095;4524;2025
006155;San Sebastiano Curone;543;49.8;13.3;25.8;29.1;257;286;2025
001253;San Sebastiano da Po;1883;47.2;13.3;30.8;24.6;948;935;2025
001254;San Secondo di Pinerolo;3630;48.0;14.8;30.5;27.7;1809;1821;2025
034033;San Secondo Parmense;5887;44.8;17.5;34.4;22.7;2932;2955;2025
051034;Sansepolcro;15151;48.4;13.6;30.1;29.1;7441;7710;2025
076078;San Severino Lucano;1345;52.0;9.3;25.6;33.9;668;677;2025
043047;San Severino Marche;11787;48.5;14.0;30.7;29.4;5773;6014;2025
071051;San Severo;49136;45.0;15.5;35.0;23.0;24216;24920;2025
013248;San Siro;1664;49.8;11.5;29.1;27.6;825;839;2025
064087;San Sossio Baronia;1470;47.2;13.9;31.6;28.0;720;750;2025
079116;San Sostene;1394;44.4;18.1;35.8;23.5;717;677;2025
078128;San Sosti;1865;48.0;14.2;30.4;29.3;970;895;2025
111065;San Sperate;8558;46.1;14.5;29.0;22.2;4283;4275;2025
027036;San Stino di Livenza;12764;46.6;15.0;32.4;25.5;6329;6435;2025
016191;Santa Brigida;512;48.4;12.3;29.9;27.1;253;259;2025
078129;Santa Caterina Albanese;1093;49.0;13.6;28.7;30.1;547;546;2025
079117;Santa Caterina dello Ionio;1916;47.4;12.8;32.5;26.4;947;969;2025
028108;Santa Caterina d'Este;2332;47.3;13.1;30.6;24.1;1187;1145;2025
085017;Santa Caterina Villarmosa;4516;49.0;13.3;29.8;29.5;2135;2381;2025
075072;Santa Cesarea Terme;2807;49.9;12.3;28.0;31.5;1312;1495;2025
080078;Santa Cristina d'Aspromonte;726;49.2;10.6;33.2;29.2;367;359;2025
018139;Santa Cristina e Bissone;1808;47.8;13.1;29.8;25.1;923;885;2025
082066;Santa Cristina Gela;986;45.6;13.5;32.8;21.1;502;484;2025
021085;Santa Cristina Valgardena/St. Christina in Gröden;2049;43.0;18.2;37.7;19.0;1015;1034;2025
088010;Santa Croce Camerina;11405;43.0;16.6;36.7;19.0;6087;5318;2025
062069;Santa Croce del Sannio;849;48.3;13.0;29.3;27.6;426;423;2025
070072;Santa Croce di Magliano;3876;48.5;12.1;29.1;27.2;1876;2000;2025
050033;Santa Croce sull'Arno;14941;43.6;18.1;37.1;21.3;7595;7346;2025
111068;Santadi;3054;51.2;10.6;24.8;33.6;1499;1555;2025
078130;Santa Domenica Talao;1137;49.3;12.0;27.6;29.9;562;575;2025
083083;Santa Domenica Vittoria;858;46.9;12.0;32.8;24.4;431;427;2025
084037;Santa Elisabetta;2180;46.1;13.9;34.3;25.0;1078;1102;2025
053022;Santa Fiora;2490;51.5;10.1;26.8;32.2;1230;1260;2025
082067;Santa Flavia;11047;44.8;16.5;34.9;22.8;5402;5645;2025
094044;Sant'Agapito;1357;46.3;16.8;32.1;27.3;688;669;2025
037056;Sant'Agata Bolognese;7414;44.8;15.5;35.1;21.6;3748;3666;2025
062070;Sant'Agata de' Goti;10096;45.7;14.9;33.6;23.0;5004;5092;2025
080079;Sant'Agata del Bianco;546;46.1;14.7;35.9;24.2;275;271;2025
078131;Sant'Agata di Esaro;1685;48.2;13.4;30.8;28.6;857;828;2025
083084;Sant'Agata di Militello;12059;47.3;13.0;31.4;25.8;5708;6351;2025
071052;Sant'Agata di Puglia;1769;48.4;14.2;30.4;29.1;875;894;2025
099026;Sant'Agata Feltria;1964;50.3;11.5;26.9;30.7;987;977;2025
006156;Sant'Agata Fossili;349;55.2;6.3;18.6;35.8;173;176;2025
087045;Sant'Agata li Battiati;9190;47.5;14.4;30.8;27.6;4265;4925;2025
039017;Sant'Agata sul Santerno;2818;45.3;15.8;33.2;22.0;1380;1438;2025
018140;Santa Giuletta;1570;48.1;15.1;30.4;28.9;755;815;2025
095047;Santa Giusta;4602;48.0;12.0;29.2;26.7;2304;2298;2025
025048;Santa Giustina;6602;47.9;13.7;30.4;26.6;3204;3398;2025
028080;Santa Giustina in Colle;7145;45.2;16.0;33.7;23.2;3600;3545;2025
063071;Sant'Agnello;8506;45.5;15.9;34.3;23.6;4117;4389;2025
004211;Sant'Albano Stura;2423;44.0;18.2;35.9;22.5;1266;1157;2025
018141;Sant'Alessio con Vialone;1049;41.2;19.6;35.7;16.4;537;512;2025
080080;Sant'Alessio in Aspromonte;307;45.4;13.4;35.5;23.5;160;147;2025
083085;Sant'Alessio Siculo;1548;48.3;12.1;27.8;27.3;743;805;2025
087046;Sant'Alfio;1516;46.5;14.5;32.5;24.7;733;783;2025
050034;Santa Luce;1588;51.1;9.8;23.3;30.3;779;809;2025
083086;Santa Lucia del Mela;4386;46.0;15.3;32.8;24.8;2192;2194;2025
026075;Santa Lucia di Piave;9053;44.9;16.4;33.8;21.3;4568;4485;2025
064088;Santa Lucia di Serino;1349;44.9;16.8;34.9;23.9;649;700;2025
084038;Santa Margherita di Belice;5978;45.7;14.6;34.7;24.5;2907;3071;2025
018142;Santa Margherita di Staffora;426;60.5;5.4;14.1;50.2;224;202;2025
010054;Santa Margherita Ligure;8323;52.0;11.3;25.5;34.1;3904;4419;2025
050035;Santa Maria a Monte;13396;45.0;16.0;32.9;22.1;6664;6732;2025
061082;Santa Maria a Vico;14367;42.3;17.9;38.3;18.4;6970;7397;2025
061083;Santa Maria Capua Vetere;32134;44.5;16.0;34.9;21.8;15422;16712;2025
090087;Santa Maria Coghinas;1328;49.6;11.2;26.0;30.1;700;628;2025
078132;Santa Maria del Cedro;5143;46.4;14.0;31.5;24.6;2532;2611;2025
018143;Santa Maria della Versa;2279;48.9;13.2;28.4;28.3;1136;1143;2025
094045;Santa Maria del Molise;645;49.7;10.7;27.0;28.4;332;313;2025
087047;Santa Maria di Licodia;7618;42.3;18.9;38.7;19.9;3739;3879;2025
027035;Santa Maria di Sala;17473;45.0;15.8;33.3;20.3;8699;8774;2025
097074;Santa Maria Hoè;2109;45.9;14.9;33.7;23.9;1077;1032;2025
069084;Santa Maria Imbaro;2002;43.1;16.6;36.8;17.8;998;1004;2025
063090;Santa Maria la Carità;11788;40.2;20.4;41.9;16.9;5861;5927;2025
061084;Santa Maria la Fossa;2542;43.0;15.9;38.1;18.2;1273;1269;2025
030104;Santa Maria la Longa;2296;49.0;13.4;27.5;28.4;1117;1179;2025
103062;Santa Maria Maggiore;1285;48.2;13.4;28.7;27.2;632;653;2025
042043;Santa Maria Nuova;3913;46.9;14.7;32.7;25.4;1958;1955;2025
065127;Santa Marina;3215;45.5;16.7;32.9;24.1;1586;1629;2025
083087;Santa Marina Salina;852;48.8;11.0;26.2;27.9;447;405;2025
058097;Santa Marinella;18431;48.9;12.7;27.3;27.2;8940;9491;2025
001255;Sant'Ambrogio di Torino;4518;46.5;15.0;32.3;24.4;2238;2280;2025
023077;Sant'Ambrogio di Valpolicella;11880;44.9;16.1;34.3;21.8;5858;6022;2025
060065;Sant'Ambrogio sul Garigliano;865;49.7;12.1;26.6;30.2;442;423;2025
061085;San Tammaro;5765;39.9;20.9;41.0;15.6;2880;2885;2025
063072;Sant'Anastasia;26192;43.5;17.3;36.8;20.9;12751;13441;2025
054045;Sant'Anatolia di Narco;486;51.8;10.5;25.1;34.2;261;225;2025
079118;Sant'Andrea Apostolo dello Ionio;1699;50.3;10.7;28.2;31.9;878;821;2025
060066;Sant'Andrea del Garigliano;1258;49.1;13.4;28.2;30.8;623;635;2025
064089;Sant'Andrea di Conza;1380;49.3;10.8;31.2;28.9;680;700;2025
111069;Sant'Andrea Frius;1662;48.8;13.2;29.2;28.8;858;804;2025
062071;Sant'Angelo a Cupolo;3996;47.0;13.7;31.0;25.0;1970;2026;2025
065128;Sant'Angelo a Fasanella;500;53.1;8.4;23.8;36.6;237;263;2025
064090;Sant'Angelo all'Esca;690;50.1;10.4;28.7;31.0;349;341;2025
064091;Sant'Angelo a Scala;674;46.4;9.8;34.6;21.4;386;288;2025
061086;Sant'Angelo d'Alife;2059;47.5;13.8;32.0;27.1;995;1064;2025
064092;Sant'Angelo dei Lombardi;3762;47.9;12.6;30.8;26.8;1913;1849;2025
094046;Sant'Angelo del Pesco;310;54.4;9.7;19.4;36.1;160;150;2025
083088;Sant'Angelo di Brolo;2683;49.2;12.4;29.8;30.1;1315;1368;2025
028082;Sant'Angelo di Piove di Sacco;7297;46.5;14.5;30.9;23.3;3623;3674;2025
043048;Sant'Angelo in Pontano;1236;50.9;12.2;25.5;32.1;595;641;2025
041057;Sant'Angelo in Vado;3884;46.3;15.3;32.5;26.0;1956;1928;2025
076079;Sant'Angelo Le Fratte;1315;46.5;13.5;31.7;24.2;665;650;2025
070073;Sant'Angelo Limosano;301;52.7;10.0;22.6;33.6;149;152;2025
098050;Sant'Angelo Lodigiano;13499;44.6;17.3;35.3;22.7;6789;6710;2025
018144;Sant'Angelo Lomellina;798;47.5;13.4;28.9;24.7;412;386;2025
084039;Sant'Angelo Muxaro;1146;51.4;11.9;27.9;34.5;543;603;2025
058098;Sant'Angelo Romano;4980;44.4;15.8;33.9;19.7;2494;2486;2025
081019;Santa Ninfa;4728;47.9;13.6;31.3;28.0;2288;2440;2025
111070;Sant'Anna Arresi;2631;50.9;10.8;23.5;32.0;1341;1290;2025
023078;Sant'Anna d'Alfaedo;2635;45.2;15.0;33.9;22.2;1425;1210;2025
063073;Sant'Antimo;32527;41.1;19.0;40.4;17.1;15919;16608;2025
111071;Sant'Antioco;10490;51.3;10.7;24.5;32.6;5153;5337;2025
001256;Sant'Antonino di Susa;4074;47.7;14.2;30.0;26.1;1960;2114;2025
063074;Sant'Antonio Abate;18931;41.7;17.9;40.1;18.1;9417;9514;2025
090085;Sant'Antonio di Gallura;1441;48.1;13.2;28.3;27.2;710;731;2025
064093;Santa Paolina;1137;48.0;11.9;30.3;28.0;559;578;2025
060067;Sant'Apollinare;1806;46.8;14.3;31.5;26.5;879;927;2025
076080;Sant'Arcangelo;5921;46.0;15.0;33.8;25.6;2978;2943;2025
099018;Santarcangelo di Romagna;22216;46.4;15.0;32.2;24.4;10849;11367;2025
062078;Sant'Arcangelo Trimonte;465;52.5;10.1;25.6;37.0;234;231;2025
061087;Sant'Arpino;15326;40.5;19.7;40.5;15.7;7609;7717;2025
065129;Sant'Arsenio;2641;46.3;15.4;33.0;25.3;1273;1368;2025
101022;Santa Severina;1857;46.4;15.5;33.4;26.2;919;938;2025
040043;Santa Sofia;4009;47.4;14.5;32.3;27.7;1980;2029;2025
078133;Santa Sofia d'Epiro;2122;49.0;12.3;30.0;28.3;1028;1094;2025
083089;Santa Teresa di Riva;9187;47.1;13.8;31.0;25.9;4412;4775;2025
090063;Santa Teresa Gallura;5078;49.4;11.4;26.1;28.2;2558;2520;2025
087048;Santa Venerina;8450;44.5;16.2;34.4;21.8;4131;4319;2025
004212;Santa Vittoria d'Alba;2903;44.4;16.8;34.7;22.0;1465;1438;2025
109036;Santa Vittoria in Matenano;1135;51.5;10.7;26.0;33.3;547;588;2025
067038;Sant'Egidio alla Vibrata;9876;45.2;16.3;34.1;23.6;4877;4999;2025
065130;Sant'Egidio del Monte Albino;7686;42.4;17.9;38.3;19.2;3766;3920;2025
028083;Sant'Elena;2531;44.3;16.4;34.0;20.2;1233;1298;2025
094047;Sant'Elena Sannita;280;50.5;8.6;28.9;31.1;164;116;2025
070074;Sant'Elia a Pianisi;1511;50.5;10.5;28.1;31.0;732;779;2025
060068;Sant'Elia Fiumerapido;5599;47.6;14.5;30.0;28.1;2802;2797;2025
109037;Sant'Elpidio a Mare;16398;47.2;14.4;31.0;26.0;8123;8275;2025
066089;Sante Marie;1059;54.4;8.5;21.0;37.4;539;520;2025
001257;Santena;10480;46.1;15.9;32.9;25.3;5180;5300;2025
090092;San Teodoro;5175;47.9;11.6;26.7;23.9;2603;2572;2025
083090;San Teodoro;1209;48.3;13.5;31.0;27.4;577;632;2025
072041;Santeramo in Colle;25648;44.9;15.6;35.1;23.1;12657;12991;2025
068037;Sant'Eufemia a Maiella;244;51.7;10.2;23.0;31.6;128;116;2025
080081;Sant'Eufemia d'Aspromonte;3669;43.6;18.2;37.8;22.4;1797;1872;2025
069085;Sant'Eusanio del Sangro;2250;48.5;13.8;29.3;28.4;1096;1154;2025
066090;Sant'Eusanio Forconese;362;48.5;14.9;28.7;32.9;183;179;2025
002133;Santhià;8023;49.1;13.1;29.0;29.9;3865;4158;2025
059026;Santi Cosma e Damiano;6883;45.4;15.7;34.4;23.9;3380;3503;2025
080082;Sant'Ilario dello Ionio;1292;45.0;18.3;35.3;25.2;641;651;2025
035039;Sant'Ilario d'Enza;11459;44.8;16.4;35.4;22.4;5669;5790;2025
041058;Sant'Ippolito;1474;45.5;15.5;33.9;24.4;740;734;2025
010055;Sant'Olcese;5535;49.6;13.0;27.8;29.6;2747;2788;2025
025049;San Tomaso Agordino;593;51.1;11.6;25.5;31.7;298;295;2025
065131;Santomenna;376;50.7;12.8;25.3;30.6;194;182;2025
067039;Sant'Omero;5151;47.6;14.3;30.6;26.8;2513;2638;2025
016252;Sant'Omobono Terme;3916;45.2;16.2;33.8;22.6;1970;1946;2025
102036;Sant'Onofrio;2742;45.9;15.3;34.2;25.4;1375;1367;2025
060069;Santopadre;1184;50.2;10.9;27.1;29.6;595;589;2025
058099;Sant'Oreste;3419;47.0;14.9;30.9;25.6;1720;1699;2025
024095;Santorso;5608;47.2;14.4;32.7;26.3;2772;2836;2025
022168;Sant'Orsola Terme;1138;44.3;16.2;35.9;21.4;578;560;2025
008056;Santo Stefano al Mare;1982;50.8;11.2;25.9;30.9;995;987;2025
004213;Santo Stefano Belbo;3730;49.2;12.8;29.0;29.7;1861;1869;2025
010056;Santo Stefano d'Aveto;983;54.2;7.8;21.6;36.8;508;475;2025
064095;Santo Stefano del Sole;2073;46.4;13.3;32.8;23.7;1030;1043;2025
025050;Santo Stefano di Cadore;2314;50.8;12.4;25.5;32.4;1108;1206;2025
083091;Santo Stefano di Camastra;4364;46.9;14.2;31.6;26.1;2089;2275;2025
011026;Santo Stefano di Magra;10034;46.0;14.8;32.0;23.5;5048;4986;2025
078134;Santo Stefano di Rogliano;1739;43.3;18.2;36.6;21.2;864;875;2025
066091;Santo Stefano di Sessanio;105;52.7;9.5;19.0;38.1;47;58;2025
080083;Santo Stefano in Aspromonte;1009;49.3;12.7;28.7;28.5;528;481;2025
098051;Santo Stefano Lodigiano;1839;48.0;14.7;28.2;26.4;932;907;2025
084040;Santo Stefano Quisquina;3934;50.1;10.2;28.8;30.0;1903;2031;2025
004214;Santo Stefano Roero;1334;46.9;14.0;32.7;25.4;680;654;2025
015200;Santo Stefano Ticino;5020;44.8;17.0;33.0;23.2;2475;2545;2025
095049;Santu Lussurgiu;2179;49.3;13.3;28.2;31.2;1100;1079;2025
028084;Sant'Urbano;1901;49.8;12.9;27.2;29.1;959;942;2025
068038;San Valentino in Abruzzo Citeriore;1803;47.9;13.7;30.7;27.8;869;934;2025
065132;San Valentino Torio;10938;40.3;19.9;40.7;15.5;5479;5459;2025
055030;San Venanzo;2151;50.8;9.5;26.5;30.5;1112;1039;2025
026076;San Vendemiano;9750;46.8;14.6;32.2;24.5;4786;4964;2025
095050;San Vero Milis;2394;50.6;10.4;25.0;30.3;1196;1198;2025
049018;San Vincenzo;6372;51.2;12.2;26.1;33.0;3012;3360;2025
078135;San Vincenzo La Costa;1943;46.6;14.6;31.5;24.2;959;984;2025
066092;San Vincenzo Valle Roveto;2056;52.9;9.7;23.0;35.2;1002;1054;2025
063075;San Vitaliano;6540;41.3;19.2;38.9;17.2;3198;3342;2025
111066;San Vito;3420;50.8;11.4;26.4;31.6;1710;1710;2025
093041;San Vito al Tagliamento;15282;46.3;15.5;32.3;24.6;7504;7778;2025
030105;San Vito al Torre;1222;49.0;13.2;29.2;28.8;616;606;2025
069086;San Vito Chietino;5142;47.2;13.8;30.5;26.0;2558;2584;2025
074017;San Vito dei Normanni;17833;48.4;12.8;29.0;28.3;8643;9190;2025
025051;San Vito di Cadore;1916;47.6;14.4;30.5;27.0;919;997;2025
030106;San Vito di Fagagna;1681;46.7;15.5;31.2;25.8;826;855;2025
024096;San Vito di Leguzzano;3507;46.6;13.9;32.5;23.9;1739;1768;2025
081020;San Vito Lo Capo;4862;45.9;13.1;33.2;23.4;2440;2422;2025
058100;San Vito Romano;3012;46.5;12.5;33.7;25.2;1564;1448;2025
079122;San Vito sullo Ionio;1553;48.7;14.5;29.4;30.5;746;807;2025
060070;San Vittore del Lazio;2316;46.7;13.5;31.7;24.3;1169;1147;2025
015201;San Vittore Olona;8373;46.3;14.9;32.6;23.8;4089;4284;2025
065133;Sanza;2341;47.5;12.1;32.3;27.3;1182;1159;2025
022169;Sanzeno;911;45.7;15.6;32.4;26.5;461;450;2025
023079;San Zeno di Montagna;1500;47.5;13.8;30.3;25.9;770;730;2025
017173;San Zeno Naviglio;4721;45.7;15.0;33.2;22.5;2325;2396;2025
015202;San Zenone al Lambro;4463;43.8;15.8;35.4;20.7;2284;2179;2025
018145;San Zenone al Po;575;48.1;12.7;29.4;26.4;292;283;2025
026077;San Zenone degli Ezzelini;7265;43.4;17.5;37.4;20.2;3752;3513;2025
028085;Saonara;10643;45.3;15.7;33.6;21.2;5278;5365;2025
083092;Saponara;3666;47.8;13.4;30.0;27.2;1806;1860;2025
030189;Sappada;1320;47.9;14.9;31.3;29.9;662;658;2025
065134;Sapri;6327;48.4;13.1;30.0;28.6;2995;3332;2025
078136;Saracena;3288;50.1;11.7;27.5;32.1;1635;1653;2025
058101;Saracinesco;182;49.0;13.7;27.5;25.8;101;81;2025
024097;Sarcedo;5294;46.0;15.7;33.0;24.6;2641;2653;2025
076081;Sarconi;1441;46.5;13.6;32.3;24.9;742;699;2025
111072;Sardara;3744;49.7;12.4;26.4;29.6;1850;1894;2025
006157;Sardigliano;377;51.0;10.6;26.5;31.3;176;201;2025
024098;Sarego;6820;42.9;18.1;37.2;19.4;3483;3337;2025
021086;Sarentino/Sarntal;7258;42.3;20.3;39.3;19.9;3662;3596;2025
006158;Sarezzano;1110;48.9;12.6;28.9;26.9;557;553;2025
017174;Sarezzo;13219;44.7;15.8;34.8;22.0;6578;6641;2025
033042;Sarmato;2967;44.6;16.8;35.1;22.8;1511;1456;2025
026078;Sarmede;2974;48.3;12.8;29.8;27.4;1486;1488;2025
043049;Sarnano;3036;48.9;13.5;29.9;29.9;1508;1528;2025
016193;Sarnico;6840;46.9;14.1;31.6;24.9;3323;3517;2025
065135;Sarno;30859;43.0;17.5;37.6;20.3;15286;15573;2025
022170;Sarnonico;788;45.4;16.6;35.0;24.4;396;392;2025
012119;Saronno;38732;47.3;14.7;31.7;26.7;18507;20225;2025
007066;Sarre;4775;46.7;14.9;31.0;23.9;2324;2451;2025
092066;Sarroch;4983;49.9;11.5;25.2;29.0;2495;2488;2025
040044;Sarsina;3310;49.7;12.5;29.0;30.5;1656;1654;2025
052031;Sarteano;4515;48.8;13.5;29.3;29.2;2201;2314;2025
018146;Sartirana Lomellina;1510;52.5;11.1;25.6;35.0;737;773;2025
091077;Sarule;1461;49.5;11.7;29.9;30.2;710;751;2025
011027;Sarzana;21768;48.7;12.9;28.7;27.0;10548;11220;2025
065136;Sassano;4661;46.1;14.5;32.8;24.6;2257;2404;2025
090064;Sassari;120510;48.3;12.3;28.7;26.7;58190;62320;2025
009055;Sassello;1688;53.2;8.5;22.9;34.2;862;826;2025
049019;Sassetta;514;46.3;15.2;31.1;24.1;246;268;2025
062072;Sassinoro;615;49.0;12.2;29.9;31.2;300;315;2025
041071;Sassocorvaro Auditore;4881;46.1;16.2;33.0;26.2;2488;2393;2025
076082;Sasso di Castalda;720;49.6;12.8;26.9;32.4;371;349;2025
099031;Sassofeltrio;1393;45.6;15.2;33.1;24.3;669;724;2025
042044;Sassoferrato;6814;49.0;13.5;29.0;29.4;3333;3481;2025
037057;Sasso Marconi;14907;48.6;13.5;29.7;28.0;7175;7732;2025
036040;Sassuolo;41116;45.5;15.6;34.6;23.5;20344;20772;2025
079123;Satriano;3367;45.8;14.5;32.6;23.6;1650;1717;2025
076083;Satriano di Lucania;2235;45.8;13.9;33.4;23.5;1158;1077;2025
030107;Sauris;390;50.6;11.3;26.4;27.7;191;199;2025
001258;Sauze di Cesana;226;49.3;9.3;23.5;26.5;129;97;2025
001259;Sauze d'Oulx;1004;46.9;11.6;30.1;21.3;526;478;2025
073026;Sava;15166;46.9;14.9;31.6;26.9;7388;7778;2025
101023;Savelli;1027;52.0;8.9;28.1;36.7;530;497;2025
063076;Saviano;15954;42.2;18.1;37.6;18.5;7839;8115;2025
004215;Savigliano;21792;45.8;15.4;34.6;24.9;10674;11118;2025
064096;Savignano Irpino;1021;48.9;12.3;29.2;30.4;525;496;2025
036041;Savignano sul Panaro;9608;45.4;16.0;34.4;23.4;4790;4818;2025
040045;Savignano sul Rubicone;18028;44.7;16.0;34.6;21.8;8947;9081;2025
010057;Savignone;3020;48.8;12.4;28.5;28.1;1486;1534;2025
017175;Saviore dell'Adamello;781;54.5;8.6;19.5;38.0;390;391;2025
083093;Savoca;1756;45.0;16.2;32.3;21.9;839;917;2025
030108;Savogna;353;58.3;5.4;15.6;45.0;184;169;2025
031022;Savogna d'Isonzo-Sovodnje ob Soci;1680;49.2;12.1;29.0;28.5;870;810;2025
076084;Savoia di Lucania;990;48.8;11.3;29.5;29.0;516;474;2025
009056;Savona;58581;49.2;13.0;29.4;29.3;27831;30750;2025
068039;Scafa;3429;47.6;13.8;30.6;27.2;1641;1788;2025
065137;Scafati;47667;43.0;17.2;37.5;19.8;23276;24391;2025
004216;Scagnello;168;50.2;13.7;25.0;32.1;71;97;2025
065138;Scala;1506;46.3;15.5;30.6;25.7;777;729;2025
078137;Scala Coeli;756;53.6;8.5;24.6;38.5;362;394;2025
018147;Scaldasole;873;47.8;14.1;29.4;26.7;432;441;2025
078138;Scalea;11537;45.5;15.2;32.1;23.5;5764;5773;2025
001260;Scalenghe;3195;46.7;14.6;31.2;25.2;1626;1569;2025
083094;Scaletta Zanclea;1846;48.8;11.6;29.1;28.8;878;968;2025
064097;Scampitella;995;53.5;7.9;24.1;37.7;486;509;2025
101024;Scandale;2841;45.5;15.9;34.7;24.9;1399;1442;2025
035040;Scandiano;25971;46.0;15.9;32.6;24.4;12615;13356;2025
048041;Scandicci;49212;48.4;13.6;30.6;28.1;23601;25611;2025
019092;Scandolara Ravara;1284;49.9;12.3;29.2;30.1;666;618;2025
019093;Scandolara Ripa d'Oglio;513;50.4;11.7;25.1;33.1;271;242;2025
057064;Scandriglia;3278;46.0;14.7;32.3;23.6;1760;1518;2025
066093;Scanno;1681;51.9;11.1;25.9;34.2;820;861;2025
095051;Scano di Montiferro;1367;50.0;12.4;27.1;31.5;674;693;2025
053023;Scansano;4286;49.7;11.8;28.0;30.4;2266;2020;2025
077031;Scanzano Jonico;7471;43.6;16.5;36.0;21.0;3758;3713;2025
016194;Scanzorosciate;10053;45.5;15.9;33.5;23.6;4919;5134;2025
094048;Scapoli;576;53.1;7.1;24.3;34.2;288;288;2025
053024;Scarlino;3709;48.1;12.9;28.0;25.9;1876;1833;2025
001261;Scarmagno;796;49.7;13.9;26.8;30.0;393;403;2025
004217;Scarnafigi;2109;45.4;16.0;35.2;24.5;1092;1017;2025
048053;Scarperia e San Piero;11952;47.1;14.1;31.7;25.9;5914;6038;2025
021087;Scena/Schenna;3072;43.2;17.7;37.2;19.5;1541;1531;2025
069087;Scerni;2936;49.1;12.9;28.4;29.8;1440;1496;2025
054046;Scheggia e Pascelupo;1246;51.4;11.8;25.2;32.0;625;621;2025
054047;Scheggino;426;50.4;10.6;26.5;30.8;222;204;2025
069088;Schiavi di Abruzzo;622;59.1;9.2;16.2;47.1;298;324;2025
024099;Schiavon;2582;45.2;14.7;34.4;21.9;1333;1249;2025
013211;Schignano;879;48.5;13.3;29.9;29.0;458;421;2025
016195;Schilpario;1121;51.8;10.8;25.8;33.6;560;561;2025
024100;Schio;38875;46.7;14.9;33.2;25.6;19173;19702;2025
020060;Schivenoglia;1101;50.1;11.5;27.2;29.2;578;523;2025
084041;Sciacca;38576;46.1;15.4;33.4;25.5;18708;19868;2025
082068;Sciara;2458;45.9;16.4;32.8;24.5;1208;1250;2025
088011;Scicli;26844;44.6;16.7;35.7;22.8;13302;13542;2025
080084;Scido;802;47.7;15.2;32.5;27.6;386;416;2025
078139;Scigliano;1120;50.8;11.2;27.5;32.4;546;574;2025
080085;Scilla;4450;47.6;14.2;31.1;28.0;2167;2283;2025
082081;Scillato;577;50.5;14.2;26.3;32.9;271;306;2025
001262;Sciolze;1432;48.9;12.6;29.5;28.9;707;725;2025
063077;Scisciano;6327;41.9;18.0;38.7;17.0;3137;3190;2025
082069;Sclafani Bagni;364;52.8;10.4;25.3;34.6;179;185;2025
066094;Scontrone;537;50.8;10.8;25.9;35.0;286;251;2025
002134;Scopa;379;51.1;12.4;24.3;32.5;191;188;2025
002135;Scopello;381;49.9;10.5;26.8;28.1;208;173;2025
066095;Scoppito;3826;43.8;18.4;34.6;21.3;1930;1896;2025
087049;Scordia;15959;45.1;15.5;34.7;23.5;7986;7973;2025
075073;Scorrano;6580;46.9;14.2;31.4;25.7;3194;3386;2025
027037;Scorzè;19010;46.4;14.8;32.7;24.8;9480;9530;2025
066096;Scurcola Marsicana;2686;48.1;13.0;28.5;26.5;1343;1343;2025
022171;Scurelle;1377;44.0;17.9;36.7;20.9;685;692;2025
005103;Scurzolengo;524;48.9;11.5;29.6;28.8;264;260;2025
008057;Seborga;284;51.9;12.0;23.2;34.5;138;146;2025
066097;Secinaro;299;53.2;7.0;24.1;34.1;159;140;2025
075074;Seclì;1813;47.9;12.2;31.7;26.9;859;954;2025
098052;Secugnago;1992;46.3;15.2;31.3;24.3;988;1004;2025
030109;Sedegliano;3693;48.1;14.7;29.8;28.3;1850;1843;2025
025053;Sedico;10129;45.5;15.3;33.9;23.4;4984;5145;2025
095052;Sedilo;1930;49.4;12.7;28.1;29.0;961;969;2025
090065;Sedini;1205;50.4;11.8;26.8;28.7;576;629;2025
015204;Sedriano;12998;44.0;17.2;35.8;20.8;6471;6527;2025
016196;Sedrina;2349;45.6;14.8;33.5;23.2;1170;1179;2025
043050;Sefro;433;49.3;14.3;30.0;30.7;235;198;2025
111073;Segariu;1083;50.1;10.2;27.9;28.9;534;549;2025
053025;Seggiano;997;49.5;12.3;26.9;29.9;515;482;2025
058102;Segni;8949;47.2;14.1;30.9;25.7;4417;4532;2025
022172;Segonzano;1385;46.7;12.6;33.3;23.0;691;694;2025
015205;Segrate;37078;46.0;16.2;33.3;24.6;17852;19226;2025
026079;Segusino;1798;48.3;13.3;30.6;28.6;916;882;2025
092068;Selargius;28377;47.8;12.5;28.4;25.5;13670;14707;2025
057065;Selci;1135;48.6;12.2;28.5;28.5;571;564;2025
111074;Selegas;1274;49.0;12.1;28.6;26.5;624;650;2025
022246;Sella Giudicarie;2971;45.0;17.7;36.2;24.9;1497;1474;2025
054048;Sellano;944;53.8;8.9;23.6;37.2;473;471;2025
017176;Sellero;1367;48.1;14.3;30.1;28.1;680;687;2025
079126;Sellia;469;47.2;14.5;32.6;27.1;225;244;2025
079127;Sellia Marina;7757;43.7;16.3;34.7;20.6;3963;3794;2025
021088;Selva dei Molini/Mühlwald;1368;43.1;17.3;39.4;20.5;710;658;2025
025054;Selva di Cadore;502;50.4;10.6;26.1;30.9;252;250;2025
023080;Selva di Progno;911;47.7;14.1;30.2;28.0;486;425;2025
021089;Selva di Val Gardena/Wolkenstein in Gröden;2619;44.1;16.4;36.6;19.8;1278;1341;2025
028086;Selvazzano Dentro;22932;47.7;14.3;30.8;26.4;11062;11870;2025
016197;Selvino;1988;48.5;12.0;29.7;26.8;1003;985;2025
090066;Semestene;121;57.3;4.1;19.8;44.6;57;64;2025
018148;Semiana;189;54.5;5.8;19.6;34.9;97;92;2025
080086;Seminara;2496;44.5;16.1;37.3;22.8;1233;1263;2025
053028;Semproniano;1020;53.1;10.7;24.4;36.9;499;521;2025
015206;Senago;21566;45.7;15.3;33.6;23.0;10609;10957;2025
021118;Senale-San Felice/Unsere Liebe Frau im Walde-St. Felix;799;40.6;21.2;43.6;17.3;414;385;2025
021091;Senales/Schnals;1236;43.7;19.1;36.8;22.6;634;602;2025
095053;Seneghe;1587;50.0;13.0;27.7;32.0;793;794;2025
064098;Senerchia;705;48.9;8.5;30.1;26.2;388;317;2025
017177;Seniga;1438;49.1;11.8;29.3;29.0;741;697;2025
042045;Senigallia;43863;48.6;13.3;29.1;27.9;21083;22780;2025
095054;Senis;376;57.0;6.1;19.1;43.6;174;202;2025
076085;Senise;6447;46.9;13.0;31.7;25.2;3251;3196;2025
013212;Senna Comasco;3162;44.9;16.2;34.3;21.1;1572;1590;2025
098053;Senna Lodigiana;1814;48.0;13.3;30.5;26.8;922;892;2025
095055;Sennariolo;154;52.6;10.4;22.7;35.7;79;75;2025
090067;Sennori;6730;47.9;12.6;28.9;25.3;3338;3392;2025
111075;Senorbì;4818;46.4;13.4;30.7;23.2;2408;2410;2025
070075;Sepino;1804;47.5;12.9;30.7;26.7;952;852;2025
093042;Sequals;2204;47.3;14.8;31.3;28.2;1092;1112;2025
046028;Seravezza;12381;49.7;12.0;27.1;29.1;5899;6482;2025
111076;Serdiana;2642;46.3;14.2;30.1;23.2;1323;1319;2025
108039;Seregno;44982;46.4;15.2;31.9;24.7;21700;23282;2025
025055;Seren del Grappa;2332;49.9;12.5;27.4;30.3;1194;1138;2025
019094;Sergnano;3449;45.5;14.5;33.4;22.2;1757;1692;2025
016198;Seriate;25595;44.9;15.5;34.2;21.7;12687;12908;2025
016199;Serina;2070;49.0;12.9;29.4;29.2;1068;1002;2025
064099;Serino;6642;45.5;14.6;33.8;23.7;3347;3295;2025
017178;Serle;3083;46.6;15.1;31.9;25.5;1528;1555;2025
020061;Sermide e Felonica;7018;49.9;13.2;27.5;31.6;3539;3479;2025
059027;Sermoneta;9937;43.0;18.6;35.4;19.0;5000;4937;2025
026080;Sernaglia della Battaglia;6105;45.9;15.8;33.8;24.5;3082;3023;2025
014059;Sernio;494;45.7;16.2;34.0;24.7;247;247;2025
005104;Serole;95;56.9;4.2;14.7;37.9;47;48;2025
071053;Serracapriola;3566;46.8;14.4;33.0;25.6;1762;1804;2025
078140;Serra d'Aiello;539;44.2;11.5;37.8;21.0;292;247;2025
042046;Serra de' Conti;3566;46.9;16.0;32.1;26.2;1756;1810;2025
085018;Serradifalco;5408;47.2;14.1;32.2;26.3;2556;2852;2025
004218;Serralunga d'Alba;497;46.3;15.1;32.4;23.5;254;243;2025
006159;Serralunga di Crea;506;52.2;9.1;22.5;31.2;261;245;2025
111077;Serramanna;8487;49.1;11.7;26.8;28.1;4195;4292;2025
036042;Serramazzoni;8884;45.8;14.4;31.9;22.6;4560;4324;2025
065139;Serramezzana;267;53.6;9.0;22.1;36.0;132;135;2025
068040;Serramonacesca;510;52.1;12.2;22.5;34.3;268;242;2025
043051;Serrapetrona;865;49.2;12.3;27.7;28.2;433;432;2025
063078;Serrara Fontana;3058;46.0;14.1;33.4;24.6;1503;1555;2025
010058;Serra Riccò;7559;48.5;14.2;29.4;28.5;3726;3833;2025
102037;Serra San Bruno;6270;43.8;16.9;36.9;22.2;3161;3109;2025
042047;Serra San Quirico;2503;49.3;12.7;28.0;29.3;1218;1285;2025
041061;Serra Sant'Abbondio;859;53.5;9.1;22.8;36.7;430;429;2025
079129;Serrastretta;2885;47.2;15.3;31.3;28.5;1432;1453;2025
080087;Serrata;794;47.6;12.6;31.2;25.8;388;406;2025
020062;Serravalle a Po;1470;49.2;13.6;29.3;29.7;725;745;2025
043052;Serravalle di Chienti;1029;49.9;12.1;27.0;32.0;546;483;2025
004219;Serravalle Langhe;319;52.1;9.4;24.1;34.8;166;153;2025
047020;Serravalle Pistoiese;11811;47.0;14.8;31.2;25.7;5846;5965;2025
006160;Serravalle Scrivia;5899;46.2;15.6;33.4;25.3;2977;2922;2025
002137;Serravalle Sesia;4702;48.1;13.4;30.2;26.9;2292;2410;2025
065140;Serre;3651;45.4;15.1;32.6;23.5;1868;1783;2025
111078;Serrenti;4470;49.8;12.2;26.2;30.2;2270;2200;2025
111079;Serri;599;51.9;8.3;25.5;31.1;296;303;2025
060071;Serrone;2925;47.7;14.3;28.5;26.7;1468;1457;2025
079130;Sersale;4145;46.7;14.1;32.7;25.5;2021;2124;2025
109038;Servigliano;2169;47.5;12.5;32.7;26.6;1107;1062;2025
061088;Sessa Aurunca;20093;47.4;13.3;30.9;26.7;9895;10198;2025
065141;Sessa Cilento;1131;48.7;13.1;27.9;26.3;552;579;2025
005105;Sessame;235;52.0;11.9;26.4;34.9;113;122;2025
094049;Sessano del Molise;674;55.8;6.4;18.2;39.6;310;364;2025
011028;Sesta Godano;1266;53.9;8.7;22.7;36.1;660;606;2025
051035;Sestino;1191;48.9;12.4;29.6;29.9;610;581;2025
093043;Sesto al Reghena;6302;46.6;15.6;30.8;23.8;3189;3113;2025
012120;Sesto Calende;10957;47.4;14.9;31.2;26.4;5260;5697;2025
094050;Sesto Campano;2123;49.1;13.0;29.5;28.9;1055;1068;2025
019095;Sesto ed Uniti;3257;45.5;16.2;32.8;24.1;1633;1624;2025
048043;Sesto Fiorentino;49103;47.6;14.7;31.4;27.2;23463;25640;2025
036043;Sestola;2428;51.7;10.9;24.1;32.7;1212;1216;2025
015209;Sesto San Giovanni;78792;46.8;14.2;32.2;25.2;38146;40646;2025
021092;Sesto/Sexten;1818;45.4;14.4;35.5;22.3;899;919;2025
001263;Sestriere;907;45.3;12.6;32.3;18.4;486;421;2025
010059;Sestri Levante;17240;50.3;12.6;27.5;31.6;8234;9006;2025
092074;Sestu;20751;44.5;14.6;31.5;17.6;10430;10321;2025
015210;Settala;7386;44.2;15.8;35.3;20.0;3756;3630;2025
060072;Settefrati;705;47.3;12.6;32.1;27.1;349;356;2025
025075;Setteville;5851;46.1;14.8;33.8;24.6;2976;2875;2025
005106;Settime;539;45.1;15.8;36.0;23.0;267;272;2025
015211;Settimo Milanese;19922;46.1;15.5;32.7;23.5;9653;10269;2025
001264;Settimo Rottaro;457;51.4;9.4;24.9;31.9;218;239;2025
092075;Settimo San Pietro;6971;45.1;15.7;30.2;21.4;3471;3500;2025
001265;Settimo Torinese;45586;47.6;13.7;31.3;26.6;22229;23357;2025
001266;Settimo Vittone;1521;48.2;13.9;30.0;29.0;771;750;2025
079131;Settingiano;3272;42.7;19.1;36.9;20.4;1673;1599;2025
111080;Setzu;129;51.0;11.6;27.1;34.9;66;63;2025
111081;Seui;1150;50.3;10.6;27.9;29.7;590;560;2025
111082;Seulo;765;52.0;11.1;25.6;32.3;405;360;2025
108040;Seveso;23902;44.8;16.7;34.1;22.1;11765;12137;2025
006161;Sezzadio;1179;50.2;11.6;27.4;31.6;590;589;2025
059028;Sezze;23698;45.0;15.2;33.8;21.7;11969;11729;2025
022173;Sfruz;375;45.0;18.9;34.7;26.1;183;192;2025
032005;Sgonico-Zgonik;1968;50.7;12.5;26.2;33.4;977;991;2025
060073;Sgurgola;2354;47.2;13.6;30.6;24.4;1152;1202;2025
095056;Siamaggiore;861;50.7;10.6;25.8;31.7;430;431;2025
095057;Siamanna;751;51.6;11.3;26.0;34.2;382;369;2025
065142;Siano;9282;44.5;16.1;35.0;22.5;4572;4710;2025
095076;Siapiccia;337;49.2;13.4;29.4;28.5;170;167;2025
065143;Sicignano degli Alburni;3183;46.2;14.0;34.3;24.9;1645;1538;2025
084042;Siculiana;4107;46.6;13.6;32.3;25.8;2041;2066;2025
111083;Siddi;548;56.2;5.5;17.9;40.3;275;273;2025
080088;Siderno;17570;43.9;17.1;35.5;20.8;8628;8942;2025
052032;Siena;52990;48.5;13.2;30.7;28.4;24732;28258;2025
054049;Sigillo;2299;50.1;12.3;28.0;31.2;1112;1187;2025
048044;Signa;19063;45.2;16.0;33.8;22.0;9356;9707;2025
021093;Silandro/Schlanders;6368;42.6;19.3;39.1;20.4;3204;3164;2025
091083;Silanus;1921;48.9;12.6;30.9;30.4;941;980;2025
026081;Silea;10542;47.0;14.4;31.9;25.5;5121;5421;2025
090068;Siligo;727;52.6;11.0;23.1;37.8;372;355;2025
111084;Siliqua;3489;50.0;11.3;26.3;30.4;1744;1745;2025
111085;Silius;1009;49.7;10.0;26.8;27.6;542;467;2025
046037;Sillano Giuncugnano;998;52.3;8.9;24.2;33.9;482;516;2025
003138;Sillavengo;574;46.3;15.2;31.9;24.9;294;280;2025
006162;Silvano d'Orba;1875;49.3;12.3;27.9;28.2;928;947;2025
018149;Silvano Pietra;625;50.3;11.7;25.9;31.8;316;309;2025
067040;Silvi;15482;46.6;14.3;31.2;24.6;7600;7882;2025
095058;Simala;290;55.3;6.2;20.3;39.7;145;145;2025
095059;Simaxis;2136;49.0;11.0;27.9;27.6;1074;1062;2025
102038;Simbario;941;46.7;13.2;32.8;25.1;474;467;2025
079133;Simeri Crichi;4694;44.2;15.7;34.3;20.3;2321;2373;2025
083095;Sinagra;2444;47.2;14.0;31.7;26.6;1202;1242;2025
052033;Sinalunga;12084;47.5;14.8;30.9;27.1;5891;6193;2025
091084;Sindia;1583;49.8;13.6;28.1;32.8;757;826;2025
095060;Sini;469;54.9;7.0;23.0;40.5;252;217;2025
004220;Sinio;468;47.4;14.1;31.0;25.4;239;229;2025
091085;Siniscola;11146;46.8;14.4;31.1;25.2;5605;5541;2025
092080;Sinnai;17360;45.9;14.1;30.3;21.9;8675;8685;2025
080089;Sinopoli;1812;43.0;17.8;39.5;20.5;906;906;2025
089017;Siracusa;115776;46.1;15.2;32.3;24.5;56913;58863;2025
064100;Sirignano;2921;42.0;17.9;37.2;18.0;1427;1494;2025
095061;Siris;228;50.2;11.0;24.6;32.0;128;100;2025
017179;Sirmione;8368;46.5;14.4;30.7;23.8;4005;4363;2025
042048;Sirolo;4060;48.0;13.7;29.3;26.7;1925;2135;2025
097075;Sirone;2356;45.2;16.5;33.3;22.4;1183;1173;2025
097076;Sirtori;2759;46.9;15.5;31.7;25.6;1394;1365;2025
034049;Sissa Trecasali;7967;45.3;16.3;33.7;22.5;3960;4007;2025
111086;Siurgus Donigala;1822;49.1;13.5;28.5;29.3;899;923;2025
018150;Siziano;6810;43.3;17.7;36.2;19.8;3392;3418;2025
003139;Sizzano;1339;49.6;13.6;26.8;31.0;657;682;2025
021094;Sluderno/Schluderns;1888;42.9;18.3;37.9;19.5;944;944;2025
109039;Smerillo;326;50.7;9.8;24.2;29.8;170;156;2025
023081;Soave;7150;45.8;16.1;32.6;24.4;3551;3599;2025
030110;Socchieve;848;51.5;9.7;25.1;32.0;435;413;2025
095078;Soddì;119;52.7;14.3;24.4;39.5;55;64;2025
040046;Sogliano al Rubicone;3142;46.2;16.4;32.5;25.2;1562;1580;2025
075075;Sogliano Cavour;3831;47.8;14.0;30.4;27.9;1915;1916;2025
005107;Soglio;129;53.5;5.4;22.5;30.2;61;68;2025
017180;Soiano del Lago;1941;46.8;14.3;29.6;23.6;993;948;2025
024101;Solagna;1812;46.1;14.5;32.8;23.3;909;903;2025
089018;Solarino;7524;43.7;17.2;36.3;21.5;3704;3820;2025
015213;Solaro;14110;44.9;16.1;33.9;21.8;7001;7109;2025
039018;Solarolo;4430;46.8;14.7;33.2;25.8;2201;2229;2025
019096;Solarolo Rainerio;915;47.4;14.3;33.0;27.2;459;456;2025
095062;Solarussa;2215;49.6;12.1;26.2;29.8;1110;1105;2025
012121;Solbiate Arno;4030;46.3;15.0;32.3;24.7;1956;2074;2025
013255;Solbiate con Cagno;4664;45.7;15.3;33.9;23.8;2298;2366;2025
012122;Solbiate Olona;5386;46.7;14.4;32.2;25.4;2670;2716;2025
008058;Soldano;979;46.0;15.5;30.2;23.3;500;479;2025
111087;Soleminis;1881;46.9;13.5;29.3;22.9;942;939;2025
006163;Solero;1583;50.4;12.2;25.9;30.8;788;795;2025
028087;Solesino;6733;48.2;13.2;29.4;27.2;3355;3378;2025
075076;Soleto;5106;48.2;12.6;30.3;27.3;2464;2642;2025
020063;Solferino;2606;46.8;14.9;30.7;24.6;1296;1310;2025
036044;Soliera;15549;46.1;14.6;32.5;23.6;7737;7812;2025
034035;Solignano;1658;49.3;12.1;27.7;28.4;867;791;2025
064101;Solofra;11957;43.8;16.0;35.0;20.3;5903;6054;2025
006164;Solonghello;193;53.6;8.8;24.9;32.1;97;96;2025
062073;Solopaca;3409;47.7;12.6;31.9;27.3;1621;1788;2025
016200;Solto Collina;1807;46.8;15.5;31.5;26.1;920;887;2025
016251;Solza;1983;43.8;17.3;34.4;19.7;1003;980;2025
098054;Somaglia;3855;44.6;17.6;33.7;22.2;1936;1919;2025
004221;Somano;320;50.5;7.8;27.2;29.1;163;157;2025
023082;Sommacampagna;14510;45.4;15.2;33.9;22.5;7236;7274;2025
012123;Somma Lombardo;17879;45.9;15.4;32.9;23.8;8826;9053;2025
004222;Sommariva del Bosco;6283;45.9;15.7;33.4;24.5;3121;3162;2025
004223;Sommariva Perno;2689;47.7;13.7;30.8;26.5;1298;1391;2025
085019;Sommatino;6277;46.7;14.8;32.8;27.5;2978;3299;2025
063079;Somma Vesuviana;33427;42.9;17.0;37.6;19.1;16299;17128;2025
018151;Sommo;1136;47.8;13.6;28.4;23.9;575;561;2025
023083;Sona;17583;44.9;15.8;33.7;22.0;8664;8919;2025
019097;Soncino;7540;47.9;14.0;29.7;27.6;3760;3780;2025
014060;Sondalo;3876;48.6;12.8;29.7;27.4;1913;1963;2025
014061;Sondrio;21331;48.2;13.7;31.1;28.7;10094;11237;2025
016201;Songavazzo;716;47.0;12.7;33.0;26.3;370;346;2025
017181;Sonico;1193;48.3;15.3;28.6;27.7;600;593;2025
059029;Sonnino;7426;45.1;16.3;34.0;23.5;3700;3726;2025
060074;Sora;24735;46.8;14.1;31.7;25.4;12235;12500;2025
022176;Soraga di Fassa;721;43.2;14.8;38.3;21.2;373;348;2025
034036;Soragna;4760;45.9;15.4;32.3;23.3;2395;2365;2025
053026;Sorano;3006;54.3;8.6;21.0;37.1;1477;1529;2025
034051;Sorbolo Mezzani;13036;45.2;15.9;34.0;22.1;6475;6561;2025
079134;Sorbo San Basile;720;47.3;12.4;30.7;23.6;358;362;2025
064102;Sorbo Serpico;528;47.2;10.6;31.1;22.9;271;257;2025
096063;Sordevolo;1251;48.9;14.0;28.5;27.8;611;640;2025
098055;Sordio;3429;43.5;16.7;35.3;18.9;1740;1689;2025
019098;Soresina;9200;45.5;18.1;34.2;25.3;4602;4598;2025
023084;Sorgà;2959;46.4;14.6;32.0;25.4;1542;1417;2025
091086;Sorgono;1443;50.2;10.7;27.8;32.3;730;713;2025
010060;Sori;3939;50.5;12.8;26.9;31.7;1908;2031;2025
102039;Sorianello;1076;42.7;18.3;40.3;21.6;557;519;2025
102040;Soriano Calabro;2410;41.9;17.9;40.1;18.7;1197;1213;2025
056048;Soriano nel Cimino;7853;48.4;12.7;29.2;27.4;3846;4007;2025
013216;Sorico;1254;46.7;14.2;31.2;25.2;639;615;2025
003140;Soriso;715;48.0;14.5;30.5;26.4;349;366;2025
016202;Sorisole;8808;46.3;14.4;33.2;24.5;4374;4434;2025
013217;Sormano;674;50.7;8.5;25.8;29.4;378;296;2025
095063;Sorradile;331;54.0;10.0;21.8;38.1;163;168;2025
063080;Sorrento;15152;46.9;14.3;32.5;25.8;7271;7881;2025
090069;Sorso;14474;47.0;13.2;30.0;24.1;7362;7112;2025
089019;Sortino;8044;47.3;14.3;30.7;27.1;3983;4061;2025
019099;Sospiro;3004;49.2;12.8;28.2;29.4;1548;1456;2025
025056;Sospirolo;3109;47.6;14.1;29.6;27.3;1548;1561;2025
024102;Sossano;4135;46.7;15.1;31.9;25.3;2115;2020;2025
096064;Sostegno;729;50.2;11.9;25.9;28.9;354;375;2025
016203;Sotto il Monte Giovanni XXIII;4409;44.3;15.9;34.4;20.0;2231;2178;2025
022177;Sover;792;49.6;12.1;29.9;29.8;409;383;2025
079137;Soverato;8496;50.2;11.7;27.0;31.4;3965;4531;2025
016204;Sovere;5339;45.9;16.0;34.6;24.6;2634;2705;2025
079138;Soveria Mannelli;2785;48.8;12.8;28.0;28.6;1333;1452;2025
079139;Soveria Simeri;1444;47.7;15.2;31.3;28.6;705;739;2025
025057;Soverzene;363;49.9;9.4;27.8;27.0;177;186;2025
052034;Sovicille;9852;46.5;15.0;31.5;24.8;4767;5085;2025
108041;Sovico;8312;46.5;15.1;31.8;24.8;4060;4252;2025
024128;Sovizzo;8216;44.8;16.8;33.6;21.4;4103;4113;2025
025058;Sovramonte;1302;52.6;10.9;23.0;35.9;648;654;2025
003141;Sozzago;1123;47.1;15.8;30.6;26.8;551;572;2025
083096;Spadafora;4652;48.1;13.2;29.2;27.7;2258;2394;2025
102041;Spadola;785;45.1;15.5;33.8;25.0;397;388;2025
061089;Sparanise;7257;43.7;16.7;36.1;21.2;3565;3692;2025
001267;Sparone;907;50.8;11.5;26.4;31.1;445;462;2025
075077;Specchia;4500;47.6;13.5;31.2;28.6;2174;2326;2025
054050;Spello;8210;49.2;13.5;28.0;29.2;3969;4241;2025
086017;Sperlinga;652;51.4;9.2;27.8;33.0;321;331;2025
059030;Sperlonga;3009;50.2;11.9;26.4;31.0;1496;1513;2025
064103;Sperone;3600;44.0;16.1;34.6;20.5;1763;1837;2025
018152;Spessa;560;47.3;14.5;30.2;27.0;268;292;2025
078142;Spezzano Albanese;6480;45.8;15.6;32.2;24.8;3226;3254;2025
078143;Spezzano della Sila;4263;46.8;12.4;33.0;24.6;2201;2062;2025
022179;Spiazzo;1279;47.5;14.7;32.1;26.7;636;643;2025
006165;Spigno Monferrato;898;54.2;9.4;21.6;38.6;455;443;2025
059031;Spigno Saturnia;2846;46.3;15.6;33.4;26.5;1368;1478;2025
036045;Spilamberto;12979;45.5;16.6;33.9;24.5;6501;6478;2025
093044;Spilimbergo;11773;47.3;14.5;31.3;27.0;5773;6000;2025
102042;Spilinga;1341;47.9;13.3;31.8;28.0;682;659;2025
019100;Spinadesco;1453;47.4;12.7;31.5;24.6;720;733;2025
110008;Spinazzola;5845;47.9;13.4;31.2;27.7;2880;2965;2025
027038;Spinea;27724;47.5;14.6;31.4;26.7;13341;14383;2025
019101;Spineda;598;48.2;15.1;29.1;29.8;297;301;2025
070076;Spinete;1141;49.9;12.0;28.9;30.5;568;573;2025
044071;Spinetoli;7176;45.6;14.9;32.9;22.6;3527;3649;2025
006166;Spineto Scrivia;356;50.1;12.4;24.2;29.2;182;174;2025
019102;Spino d'Adda;7009;44.8;16.6;34.4;22.1;3494;3515;2025
016205;Spinone al Lago;1002;46.7;14.5;31.5;24.6;502;500;2025
076086;Spinoso;1290;49.6;9.8;29.5;28.6;640;650;2025
016206;Spirano;5720;43.0;18.2;37.1;19.7;2898;2822;2025
054051;Spoleto;35983;49.1;13.2;29.0;29.6;17451;18532;2025
068041;Spoltore;18967;44.7;16.5;34.1;21.5;9261;9706;2025
075078;Spongano;3400;48.2;13.4;30.9;28.8;1636;1764;2025
022180;Spormaggiore;1273;45.3;16.0;34.5;25.1;689;584;2025
022181;Sporminore;720;46.7;14.2;33.1;25.4;366;354;2025
009057;Spotorno;3337;52.8;9.9;23.7;34.3;1609;1728;2025
026082;Spresiano;12399;44.7;16.0;34.8;21.2;6153;6246;2025
014062;Spriana;81;52.0;12.3;19.8;25.9;40;41;2025
079142;Squillace;3599;44.9;15.6;34.0;22.1;1792;1807;2025
075079;Squinzano;13320;48.7;12.9;29.5;29.0;6437;6883;2025
042049;Staffolo;2168;47.5;14.4;31.3;28.5;1072;1096;2025
019103;Stagno Lombardo;1407;48.1;14.8;30.1;28.1;720;687;2025
080090;Staiti;165;56.7;8.5;21.8;43.0;82;83;2025
079143;Stalettì;2386;48.6;11.8;28.0;27.6;1224;1162;2025
028088;Stanghella;4145;48.5;13.5;28.6;28.4;2055;2090;2025
031023;Staranzano;7120;47.9;14.3;30.8;26.9;3522;3598;2025
073029;Statte;12643;46.0;16.1;33.5;25.7;6140;6503;2025
006167;Stazzano;2234;48.6;12.9;28.3;27.6;1090;1144;2025
046030;Stazzema;2892;50.0;10.8;25.8;28.8;1459;1433;2025
013218;Stazzona;605;48.3;13.7;29.4;27.6;303;302;2025
102043;Stefanaconi;2280;44.2;17.6;35.0;22.7;1133;1147;2025
009058;Stella;2915;49.9;11.0;26.8;28.1;1478;1437;2025
065144;Stella Cilento;615;51.5;10.7;27.5;32.8;307;308;2025
009059;Stellanello;831;50.5;11.0;24.9;29.5;424;407;2025
021095;Stelvio/Stilfs;1150;44.7;16.7;35.5;22.8;588;562;2025
022182;Stenico;1174;46.1;15.2;33.3;26.1;623;551;2025
075080;Sternatia;2091;50.6;13.0;26.0;33.4;977;1114;2025
016207;Stezzano;13748;43.3;17.5;36.5;19.1;6765;6983;2025
029045;Stienta;3054;49.6;13.1;26.8;29.9;1514;1540;2025
077027;Stigliano;3449;53.7;8.2;23.4;37.5;1638;1811;2025
080091;Stignano;1154;48.1;14.1;29.5;28.9;599;555;2025
080092;Stilo;2306;44.8;14.5;35.5;22.0;1178;1128;2025
057066;Stimigliano;2211;45.3;14.7;32.9;22.2;1101;1110;2025
090089;Stintino;1537;50.5;9.3;24.5;28.6;792;745;2025
065145;Stio;760;50.4;11.7;30.3;32.4;369;391;2025
071054;Stornara;5770;40.5;19.2;41.6;16.7;2928;2842;2025
071055;Stornarella;5338;42.1;18.8;38.3;20.0;2639;2699;2025
022183;Storo;4516;46.0;16.7;34.4;24.6;2209;2307;2025
027039;Stra;7459;47.4;14.4;31.4;25.6;3658;3801;2025
018153;Stradella;11608;46.9;14.1;31.5;25.2;5660;5948;2025
001268;Strambinello;240;50.0;12.1;28.3;31.7;115;125;2025
001269;Strambino;6054;48.5;13.4;29.0;28.6;2928;3126;2025
060075;Strangolagalli;2265;46.1;14.3;32.6;24.7;1119;1146;2025
030111;Stregna;284;55.6;7.0;18.7;39.1;156;128;2025
022184;Strembo;582;45.3;16.3;33.7;23.2;297;285;2025
103064;Stresa;4634;51.0;11.4;26.4;31.1;2216;2418;2025
006168;Strevi;1937;47.4;14.2;30.0;25.9;971;966;2025
063081;Striano;9131;40.1;20.0;41.5;16.2;4597;4534;2025
096065;Strona;929;51.9;11.4;23.9;32.0;452;477;2025
055031;Stroncone;4613;47.9;14.2;29.6;27.0;2329;2284;2025
101025;Strongoli;6145;44.2;17.2;35.1;22.0;3000;3145;2025
002142;Stroppiana;1177;47.8;15.0;29.6;26.9;587;590;2025
004224;Stroppo;103;52.4;9.7;22.3;33.0;52;51;2025
016208;Strozza;1115;45.4;14.2;33.0;22.0;569;546;2025
064104;Sturno;2724;47.8;13.2;30.3;26.1;1343;1381;2025
018154;Suardi;576;51.5;10.9;24.7;31.6;290;286;2025
051037;Subbiano;6401;46.6;14.0;31.8;24.3;3270;3131;2025
058103;Subiaco;8499;48.5;12.7;28.3;28.2;4205;4294;2025
061090;Succivo;8806;41.0;19.3;39.8;16.7;4382;4424;2025
097077;Sueglio;156;50.0;14.1;26.9;36.5;80;76;2025
111088;Suelli;1054;49.3;12.8;26.8;28.4;532;522;2025
097078;Suello;1737;45.8;16.9;32.8;24.7;847;890;2025
016209;Suisio;3799;44.6;16.4;34.5;21.6;1952;1847;2025
108042;Sulbiate;4517;44.5;16.3;34.2;21.3;2288;2229;2025
066098;Sulmona;21759;50.1;12.0;27.1;31.3;10554;11205;2025
017182;Sulzano;1961;45.5;15.3;31.1;22.6;987;974;2025
012124;Sumirago;6022;47.3;14.7;30.9;25.7;2973;3049;2025
064105;Summonte;1478;46.6;13.4;31.3;24.3;740;738;2025
095087;Suni;985;51.4;9.8;26.6;32.3;472;513;2025
003143;Suno;2681;48.2;13.5;28.8;26.8;1319;1362;2025
075081;Supersano;4074;46.3;15.6;32.9;25.8;2021;2053;2025
060076;Supino;4592;46.5;14.7;31.4;25.3;2273;2319;2025
075082;Surano;1480;49.5;12.3;28.0;29.3;708;772;2025
075083;Surbo;14517;44.4;16.2;34.2;20.4;7054;7463;2025
001270;Susa;5840;49.4;13.7;29.2;30.0;2773;3067;2025
026083;Susegana;11719;45.7;15.5;33.6;23.7;5855;5864;2025
020064;Sustinente;2042;47.9;14.0;28.7;28.2;1015;1027;2025
085020;Sutera;1144;51.2;11.4;27.9;32.3;542;602;2025
056049;Sutri;6707;48.2;12.8;28.7;26.9;3363;3344;2025
030112;Sutrio;1197;48.4;13.8;29.3;29.0;587;610;2025
049020;Suvereto;2898;49.8;12.2;28.2;30.7;1440;1458;2025
020065;Suzzara;21195;44.9;17.1;34.9;23.3;10651;10544;2025
097079;Taceno;591;44.8;16.1;36.2;21.8;309;282;2025
095064;Tadasuni;127;55.6;7.9;19.7;39.4;66;61;2025
008059;Taggia;13859;47.4;15.2;32.0;27.1;6597;7262;2025
066099;Tagliacozzo;6416;49.0;12.5;28.1;28.6;3192;3224;2025
029046;Taglio di Po;7891;49.6;12.3;26.3;29.2;3919;3972;2025
006169;Tagliolo Monferrato;1488;50.4;12.3;25.6;30.2;741;747;2025
025059;Taibon Agordino;1722;47.1;15.2;31.2;26.0;871;851;2025
012125;Taino;3578;47.6;14.8;30.5;25.6;1792;1786;2025
030113;Taipana;547;54.7;6.9;20.1;35.3;286;261;2025
099027;Talamello;1075;48.4;13.1;28.8;27.5;523;552;2025
014063;Talamona;4586;46.5;14.8;32.6;24.0;2283;2303;2025
091088;Talana;936;46.0;17.6;34.4;25.1;442;494;2025
016210;Taleggio;537;51.6;10.2;25.0;33.9;296;241;2025
051038;Talla;956;52.4;10.4;22.2;35.3;502;454;2025
030114;Talmassons;3810;48.6;12.8;29.7;28.6;1893;1917;2025
025060;Tambre;1278;51.0;11.3;25.2;30.5;646;632;2025
083097;Taormina;10480;47.2;13.4;30.1;25.7;5134;5346;2025
057067;Tarano;1375;48.8;11.6;28.7;28.0;686;689;2025
069089;Taranta Peligna;297;54.6;9.1;20.2;38.4;155;142;2025
004225;Tarantasca;2200;41.9;19.8;38.1;19.7;1131;1069;2025
073027;Taranto;186011;47.2;14.3;31.7;26.7;89471;96540;2025
030116;Tarcento;8850;48.8;13.7;29.2;29.2;4283;4567;2025
056050;Tarquinia;15856;48.4;13.3;28.4;27.5;7735;8121;2025
078145;Tarsia;1833;46.2;14.3;34.4;25.1;939;894;2025
014064;Tartano;201;55.4;9.0;22.9;40.3;107;94;2025
030117;Tarvisio;3903;50.3;11.4;26.4;30.2;1977;1926;2025
026084;Tarzo;4151;49.5;13.0;28.7;29.5;2057;2094;2025
006170;Tassarolo;580;51.5;11.0;22.9;30.2;301;279;2025
064106;Taurano;1419;45.1;14.0;35.2;22.6;694;725;2025
064107;Taurasi;2097;48.2;11.6;30.8;27.5;1038;1059;2025
080093;Taurianova;14722;44.0;17.1;35.6;22.1;7200;7522;2025
075084;Taurisano;11187;44.4;16.1;36.3;22.5;5401;5786;2025
030118;Tavagnacco;14629;47.4;14.2;30.5;25.5;6984;7645;2025
001271;Tavagnasco;736;46.7;13.5;30.2;23.1;357;379;2025
098056;Tavazzano con Villavesco;6056;44.3;16.4;35.2;21.2;2999;3057;2025
070077;Tavenna;559;56.2;7.9;20.9;41.0;263;296;2025
079146;Taverna;2492;46.9;12.8;31.7;25.1;1256;1236;2025
013222;Tavernerio;5633;47.6;13.9;30.8;26.7;2775;2858;2025
016211;Tavernola Bergamasca;1925;50.3;12.5;26.9;31.6;965;960;2025
017183;Tavernole sul Mella;1214;48.6;13.6;30.8;28.5;627;587;2025
075085;Taviano;11378;47.2;14.4;32.5;26.5;5441;5937;2025
096066;Tavigliano;896;49.2;11.8;28.6;28.2;447;449;2025
041064;Tavoleto;821;47.5;12.9;30.9;25.6;402;419;2025
041065;Tavullia;7964;43.6;16.4;34.6;18.9;4018;3946;2025
076087;Teana;506;51.5;9.3;25.5;33.6;241;265;2025
061091;Teano;11057;46.9;13.8;31.8;25.7;5411;5646;2025
065146;Teggiano;7011;48.4;13.0;29.8;27.7;3347;3664;2025
014065;Teglio;4648;48.1;13.3;29.9;28.0;2310;2338;2025
027040;Teglio Veneto;2232;47.4;14.7;29.8;26.1;1129;1103;2025
062074;Telese Terme;7588;43.8;16.9;36.0;20.3;3603;3985;2025
016212;Telgate;5039;42.7;18.6;38.2;19.3;2647;2392;2025
090080;Telti;2248;47.1;15.3;29.0;25.5;1127;1121;2025
022188;Telve;1942;46.8;15.6;32.8;26.2;965;977;2025
022189;Telve di Sopra;623;47.3;13.6;32.1;26.5;328;295;2025
090070;Tempio Pausania;13036;49.1;11.9;27.4;27.1;6501;6535;2025
017184;Temù;1148;46.7;15.2;30.8;26.6;590;558;2025
022190;Tenna;1070;47.0;14.1;31.5;25.6;539;531;2025
022191;Tenno;2061;45.2;16.8;33.9;24.0;1003;1058;2025
028089;Teolo;8974;48.2;13.5;29.6;26.9;4421;4553;2025
064108;Teora;1429;49.9;12.4;27.6;31.3;713;716;2025
067041;Teramo;51600;47.3;14.0;31.2;26.1;25090;26510;2025
003144;Terdobbiate;456;46.9;14.5;29.4;22.1;234;222;2025
060077;Terelle;278;56.4;4.7;20.9;41.0;141;137;2025
021096;Terento/Terenten;1821;40.9;20.1;41.1;17.1;946;875;2025
034038;Terenzo;1152;51.1;12.3;23.9;30.8;586;566;2025
090086;Tergu;607;48.1;12.2;28.5;27.3;288;319;2025
021097;Terlano/Terlan;4969;42.0;19.2;39.0;18.5;2499;2470;2025
072043;Terlizzi;25982;44.8;15.3;34.7;22.5;12916;13066;2025
021098;Termeno sulla strada del vino/Tramin an der Weinstraße;3392;43.9;18.5;37.3;22.6;1688;1704;2025
083106;Terme Vigliatore;7295;44.5;17.1;34.5;22.7;3598;3697;2025
082070;Termini Imerese;24797;45.6;16.1;33.6;24.7;12111;12686;2025
070078;Termoli;31836;46.8;14.1;31.2;25.2;15433;16403;2025
012126;Ternate;2540;47.3;13.6;31.2;24.6;1249;1291;2025
096067;Ternengo;265;52.8;12.1;25.3;34.0;131;134;2025
055032;Terni;106310;48.5;13.2;29.6;28.0;50981;55329;2025
016213;Terno d'Isola;7970;41.9;17.9;38.0;16.0;4023;3947;2025
059032;Terracina;44774;46.8;14.0;30.6;24.7;22550;22224;2025
022193;Terragnolo;703;49.8;11.1;27.2;27.0;373;330;2025
095065;Terralba;9635;49.3;12.0;26.6;28.1;4890;4745;2025
078146;Terranova da Sibari;4473;47.2;14.1;30.9;26.4;2231;2242;2025
098057;Terranova dei Passerini;948;43.9;16.7;33.5;20.5;480;468;2025
076088;Terranova di Pollino;984;54.2;7.6;23.4;36.4;475;509;2025
080094;Terranova Sappo Minulio;415;48.1;12.8;29.4;28.2;209;206;2025
051039;Terranuova Bracciolini;12077;46.9;14.3;31.5;25.1;5974;6103;2025
082071;Terrasini;13111;43.4;17.7;36.2;21.5;6482;6629;2025
028090;Terrassa Padovana;2713;44.7;15.7;32.7;20.1;1388;1325;2025
078147;Terravecchia;564;53.6;9.2;24.1;38.1;270;294;2025
023085;Terrazzo;2167;47.1;15.7;31.9;27.3;1084;1083;2025
022251;Terre d'Adige;3124;43.6;17.1;38.5;20.6;1602;1522;2025
038028;Terre del Reno;10281;46.7;15.6;31.7;25.2;5086;5195;2025
041070;Terre Roveresche;5219;48.2;13.6;29.6;27.5;2648;2571;2025
050036;Terricciola;4349;47.2;14.8;30.6;26.2;2140;2209;2025
006171;Terruggia;868;48.6;15.2;29.4;28.6;410;458;2025
091089;Tertenia;3840;46.9;14.5;31.7;27.2;1921;1919;2025
063082;Terzigno;17260;41.4;18.1;39.5;16.8;8716;8544;2025
006172;Terzo;825;50.9;11.0;24.4;29.5;414;411;2025
030120;Terzo d'Aquileia;2686;48.3;14.3;29.2;27.0;1314;1372;2025
022195;Terzolas;645;46.7;16.6;31.0;26.4;314;331;2025
008060;Terzorio;216;51.8;11.6;23.1;31.9;111;105;2025
022196;Tesero;2978;45.4;16.0;35.0;23.4;1498;1480;2025
021099;Tesimo/Tisens;2050;43.4;17.9;37.3;20.7;1042;1008;2025
056051;Tessennano;291;53.3;7.9;21.0;34.4;149;142;2025
009060;Testico;167;54.5;4.2;17.4;34.7;83;84;2025
091090;Teti;568;49.8;11.1;27.6;30.8;303;265;2025
111089;Teulada;3194;53.3;8.7;21.3;34.8;1641;1553;2025
061092;Teverola;15027;39.5;20.4;42.0;13.6;7382;7645;2025
024104;Tezze sul Brenta;13069;43.0;17.7;36.7;19.5;6532;6537;2025
024105;Thiene;24009;45.2;16.2;34.6;22.4;11753;12256;2025
090071;Thiesi;2662;50.0;12.4;26.3;31.4;1344;1318;2025
091091;Tiana;426;53.4;8.2;24.9;32.2;213;213;2025
019104;Ticengo;452;44.4;14.2;35.8;21.2;226;226;2025
006173;Ticineto;1321;49.5;11.3;28.7;29.3;645;676;2025
075086;Tiggiano;2835;44.3;16.4;36.9;22.6;1439;1396;2025
010061;Tiglieto;462;57.0;5.0;20.1;40.0;244;218;2025
005108;Tigliole;1732;47.7;15.1;28.1;27.6;879;853;2025
017185;Tignale;1145;50.1;11.4;28.5;30.4;554;591;2025
095088;Tinnura;246;52.4;9.8;24.0;37.0;119;127;2025
066100;Tione degli Abruzzi;253;54.9;7.1;22.5;36.0;132;121;2025
022199;Tione di Trento;3674;45.2;17.0;35.4;24.9;1820;1854;2025
014066;Tirano;8869;47.6;14.3;31.4;26.7;4287;4582;2025
021100;Tires/Tiers;1029;42.6;20.0;38.9;21.3;486;543;2025
079147;Tiriolo;3490;47.6;13.8;31.2;26.9;1734;1756;2025
021101;Tirolo/Tirol;2493;44.5;17.1;35.5;21.5;1236;1257;2025
090072;Tissi;2347;45.1;15.3;32.4;20.1;1172;1175;2025
076089;Tito;7023;43.8;17.3;34.4;20.2;3471;3552;2025
058104;Tivoli;55115;45.5;15.4;33.0;22.7;27205;27910;2025
034039;Tizzano Val Parma;2198;47.4;14.5;31.2;27.1;1126;1072;2025
035041;Toano;4151;48.0;13.9;29.6;27.5;2136;2015;2025
062075;Tocco Caudio;1442;45.4;13.6;34.7;22.8;725;717;2025
068042;Tocco da Casauria;2346;48.2;14.2;30.1;29.1;1163;1183;2025
103065;Toceno;751;46.4;14.4;31.3;24.5;396;355;2025
054052;Todi;15481;49.9;12.7;28.3;30.3;7523;7958;2025
057068;Toffia;1070;46.7;13.2;31.9;24.0;542;528;2025
009061;Toirano;2718;46.4;15.7;30.7;22.7;1341;1377;2025
043053;Tolentino;17557;48.3;13.8;30.6;28.4;8538;9019;2025
058105;Tolfa;4662;48.1;13.0;29.0;27.5;2356;2306;2025
096068;Tollegno;2354;48.6;13.3;30.6;28.3;1136;1218;2025
069090;Tollo;3860;48.0;13.6;30.4;27.7;1924;1936;2025
030121;Tolmezzo;9702;48.7;12.7;29.3;28.4;4630;5072;2025
076090;Tolve;2879;48.4;11.8;30.6;27.0;1450;1429;2025
028091;Tombolo;8141;45.5;15.3;33.6;22.6;4012;4129;2025
022200;Ton;1291;45.7;15.6;33.7;22.6;679;612;2025
091093;Tonara;1768;49.8;10.7;28.7;31.1;901;867;2025
005109;Tonco;754;50.1;11.4;27.3;30.2;389;365;2025
024106;Tonezza del Cimone;516;50.2;12.6;26.2;33.1;256;260;2025
061093;Tora e Piccilli;736;50.3;10.2;27.3;29.3;361;375;2025
078148;Torano Castello;4255;46.2;14.8;32.3;25.1;2133;2122;2025
067042;Torano Nuovo;1448;48.9;14.4;28.9;30.5;716;732;2025
017186;Torbole Casaglia;6429;44.0;17.2;35.3;20.0;3230;3199;2025
022202;Torcegno;705;47.4;12.9;30.9;25.7;343;362;2025
065147;Torchiara;1906;45.5;15.8;32.6;23.3;938;968;2025
074018;Torchiarolo;5303;46.8;14.1;31.9;26.2;2635;2668;2025
064109;Torella dei Lombardi;1962;47.5;12.9;32.2;26.3;958;1004;2025
070079;Torella del Sannio;699;50.2;11.7;27.2;30.6;359;340;2025
054053;Torgiano;6585;46.4;15.8;32.1;24.5;3233;3352;2025
007067;Torgnon;565;47.0;14.7;32.6;26.4;306;259;2025
001272;Torino;853196;47.1;13.5;32.3;25.9;411630;441566;2025
069091;Torino di Sangro;2922;47.4;13.1;31.4;27.0;1478;1444;2025
072044;Toritto;7972;45.4;15.5;34.0;23.5;3906;4066;2025
019105;Torlino Vimercati;464;46.2;15.1;31.2;25.4;237;227;2025
003146;Tornaco;875;48.4;13.5;28.7;28.0;428;447;2025
069092;Tornareccio;1631;48.4;12.2;29.9;28.3;812;819;2025
019106;Tornata;413;47.5;12.8;32.0;24.5;230;183;2025
066101;Tornimparte;2721;49.0;13.3;27.6;30.3;1390;1331;2025
013223;Torno;1041;50.9;11.6;28.0;30.5;505;536;2025
034040;Tornolo;868;57.1;5.1;18.2;42.2;458;410;2025
070080;Toro;1229;50.8;10.1;27.3;31.5;607;622;2025
091094;Torpè;2741;46.8;14.9;31.0;24.4;1428;1313;2025
065148;Torraca;1228;47.7;14.0;31.5;27.9;612;616;2025
090073;Torralba;869;48.0;12.7;28.2;27.3;430;439;2025
018155;Torrazza Coste;1601;49.2;11.9;27.0;27.6;810;791;2025
001273;Torrazza Piemonte;3011;46.3;15.1;31.9;24.6;1474;1537;2025
096069;Torrazzo;189;50.9;13.8;25.4;33.9;101;88;2025
063083;Torre Annunziata;39719;43.3;18.6;38.4;22.6;19059;20660;2025
030122;Torreano;2015;50.0;12.2;26.4;30.8;987;1028;2025
024107;Torrebelvicino;5849;45.6;14.3;34.1;22.5;2999;2850;2025
018156;Torre Beretti e Castellaro;494;46.8;15.2;30.8;24.1;258;236;2025
016214;Torre Boldone;8712;46.7;15.2;32.9;25.8;4163;4549;2025
004226;Torre Bormida;189;52.4;14.8;24.3;39.2;92;97;2025
069093;Torrebruna;651;57.2;6.3;21.0;44.9;317;334;2025
060078;Torre Cajetani;1317;47.4;13.7;29.5;27.0;682;635;2025
001274;Torre Canavese;603;52.0;10.6;23.7;33.0;289;314;2025
062076;Torrecuso;3201;45.4;15.4;34.6;24.5;1596;1605;2025
018157;Torre d'Arese;948;42.3;17.0;36.9;14.8;507;441;2025
016215;Torre de' Busi;2280;43.1;17.8;36.1;19.6;1152;1128;2025
063084;Torre del Greco;79397;44.0;17.1;36.7;22.7;38305;41092;2025
018158;Torre de' Negri;336;50.4;11.0;26.5;29.2;160;176;2025
068043;Torre de' Passeri;2842;47.2;14.6;30.9;27.4;1380;1462;2025
019107;Torre de' Picenardi;2184;47.8;15.2;30.0;28.5;1125;1059;2025
016216;Torre de' Roveri;2568;43.7;17.3;35.7;20.9;1281;1287;2025
027041;Torre di Mosto;4792;46.5;15.1;31.8;23.3;2390;2402;2025
079148;Torre di Ruggiero;933;48.5;13.6;29.9;31.1;437;496;2025
014067;Torre di Santa Maria;723;50.2;12.0;27.0;31.7;367;356;2025
018159;Torre d'Isola;2484;45.7;15.7;31.0;20.7;1238;1246;2025
028092;Torreglia;6069;48.2;13.0;29.0;27.1;3008;3061;2025
083098;Torregrotta;7260;45.0;16.1;33.0;22.7;3417;3843;2025
064110;Torre Le Nocelle;1235;45.9;14.3;35.2;23.6;616;619;2025
071056;Torremaggiore;16371;44.1;16.2;36.8;21.7;8171;8200;2025
004227;Torre Mondovì;543;46.3;12.2;35.2;26.2;296;247;2025
083108;Torrenova;4501;45.2;14.9;33.1;22.1;2193;2308;2025
065149;Torre Orsaia;1943;49.4;13.5;28.6;30.6;955;988;2025
016217;Torre Pallavicina;1155;43.7;16.6;36.6;21.4;579;576;2025
001275;Torre Pellice;4584;49.9;13.0;28.2;32.2;2186;2398;2025
004228;Torre San Giorgio;703;46.5;15.1;33.4;25.7;339;364;2025
109040;Torre San Patrizio;1825;49.6;12.9;29.6;30.7;925;900;2025
074019;Torre Santa Susanna;10086;45.8;14.9;32.8;24.1;4963;5123;2025
004229;Torresina;48;55.2;14.6;25.0;47.9;21;27;2025
082072;Torretta;4431;41.6;19.7;39.2;19.0;2171;2260;2025
018160;Torrevecchia Pia;3550;43.3;17.6;35.6;18.5;1816;1734;2025
069094;Torrevecchia Teatina;4214;45.1;16.5;33.4;23.0;2091;2123;2025
060079;Torrice;4658;45.6;16.6;33.5;23.7;2298;2360;2025
073028;Torricella;4090;48.2;12.3;30.0;27.8;2037;2053;2025
019108;Torricella del Pizzo;588;47.6;14.8;31.5;27.9;301;287;2025
057069;Torricella in Sabina;1290;50.2;11.2;26.8;30.5;655;635;2025
069095;Torricella Peligna;1122;53.6;10.0;22.7;37.8;546;576;2025
067043;Torricella Sicura;2399;47.7;14.1;30.3;27.3;1199;1200;2025
018161;Torricella Verzate;799;50.5;11.6;26.3;29.4;390;409;2025
023086;Torri del Benaco;2888;48.8;13.1;28.0;28.2;1398;1490;2025
024108;Torri di Quartesolo;11799;45.2;15.3;34.5;21.7;5833;5966;2025
010062;Torriglia;2233;52.6;10.1;22.4;32.3;1103;1130;2025
057070;Torri in Sabina;1216;50.2;11.3;28.4;30.8;632;584;2025
034041;Torrile;7706;43.4;17.0;35.4;18.3;3897;3809;2025
064111;Torrioni;469;50.9;6.0;26.9;29.6;271;198;2025
052035;Torrita di Siena;6957;48.6;14.2;29.1;29.8;3428;3529;2025
058106;Torrita Tiberina;1096;48.2;14.1;29.3;26.6;550;546;2025
091095;Tortolì;10978;47.3;14.0;29.7;25.3;5422;5556;2025
006174;Tortona;26462;47.7;14.0;30.7;26.8;12768;13694;2025
078149;Tortora;5936;46.1;13.9;32.6;24.3;2868;3068;2025
065150;Tortorella;470;52.8;10.9;23.8;37.2;230;240;2025
067044;Tortoreto;12029;46.4;13.5;29.7;22.6;5809;6220;2025
083099;Tortorici;5531;47.0;15.1;31.2;26.4;2739;2792;2025
030123;Torviscosa;2571;51.8;11.2;26.2;33.3;1264;1307;2025
017187;Toscolano-Maderno;7651;49.6;12.3;28.3;29.2;3674;3977;2025
067045;Tossicia;1194;50.2;12.2;26.9;32.2;575;619;2025
014068;Tovo di Sant'Agata;611;45.7;15.7;33.2;23.6;318;293;2025
009062;Tovo San Giacomo;2518;48.3;14.0;28.5;27.5;1239;1279;2025
082073;Trabia;10728;44.5;16.2;35.2;22.3;5443;5285;2025
012127;Tradate;19056;46.0;15.3;33.1;24.2;9449;9607;2025
095066;Tramatza;897;50.6;11.0;24.3;31.4;452;445;2025
022203;Trambileno;1495;45.3;17.3;33.9;24.2;745;750;2025
065151;Tramonti;4186;43.8;16.6;37.0;21.3;2086;2100;2025
093045;Tramonti di Sopra;268;59.4;4.1;16.8;48.5;130;138;2025
093046;Tramonti di Sotto;336;55.6;6.2;20.2;39.6;169;167;2025
076091;Tramutola;2852;47.8;12.7;31.3;27.0;1400;1452;2025
001276;Trana;3755;47.1;14.4;30.6;25.5;1849;1906;2025
110009;Trani;54803;45.3;15.1;33.4;22.7;27080;27723;2025
014069;Traona;2892;42.9;18.0;35.9;18.8;1490;1402;2025
081021;Trapani;54949;46.3;14.7;33.0;24.9;26622;28327;2025
082074;Trappeto;3123;47.1;15.5;31.7;27.7;1537;1586;2025
103066;Trarego Viggiona;389;49.7;11.8;25.7;26.0;201;188;2025
066102;Trasacco;5784;45.8;16.6;32.8;25.5;2974;2810;2025
030124;Trasaghis;2091;50.5;12.2;25.5;30.9;1034;1057;2025
103067;Trasquera;178;53.9;6.2;19.7;32.6;91;87;2025
111090;Tratalias;982;51.3;9.7;23.9;31.7;503;479;2025
018162;Travacò Siccomario;4448;46.7;14.1;31.3;25.2;2170;2278;2025
017188;Travagliato;13944;44.1;16.2;35.3;20.7;6901;7043;2025
012128;Travedona-Monate;3859;46.8;15.3;31.0;24.4;1870;1989;2025
001278;Traversella;310;52.1;12.3;22.3;33.5;154;156;2025
034042;Traversetolo;9663;45.3;15.7;34.0;23.1;4783;4880;2025
001279;Traves;493;51.9;10.5;22.3;32.9;260;233;2025
093047;Travesio;1818;46.6;16.3;31.7;26.6;897;921;2025
033043;Travo;2229;51.7;9.9;24.3;31.9;1123;1106;2025
028093;Trebaseleghe;12984;44.4;16.3;35.2;20.7;6535;6449;2025
078150;Trebisacce;8653;47.1;15.2;31.1;27.2;4177;4476;2025
063091;Trecase;8580;44.1;17.1;36.2;22.6;4209;4371;2025
087050;Trecastagni;11370;43.6;17.6;35.5;20.6;5611;5759;2025
042050;Trecastelli;7586;45.6;15.8;32.4;22.9;3802;3784;2025
003149;Trecate;21084;43.5;18.0;36.7;20.5;10601;10483;2025
076092;Trecchina;2127;50.1;10.7;27.5;30.9;1003;1124;2025
029047;Trecenta;2595;50.7;12.6;26.9;32.4;1272;1323;2025
040049;Tredozio;1099;51.5;11.1;25.1;33.8;557;542;2025
069096;Treglio;1714;44.6;16.4;33.9;21.4;839;875;2025
023087;Tregnago;5092;45.6;16.9;34.1;25.5;2525;2567;2025
043054;Treia;9080;47.4;14.4;31.5;26.9;4547;4533;2025
004230;Treiso;741;48.2;13.1;30.5;27.1;386;355;2025
087051;Tremestieri Etneo;19275;46.0;15.0;32.8;24.1;9161;10114;2025
013252;Tremezzina;4979;48.7;14.1;29.1;28.0;2449;2530;2025
017189;Tremosine sul Garda;2094;46.0;15.7;32.4;23.9;1051;1043;2025
065152;Trentinara;1563;46.7;15.0;31.5;26.5;773;790;2025
022205;Trento;118640;45.6;15.4;35.0;24.6;57961;60679;2025
061094;Trentola Ducenta;20741;39.7;20.4;41.5;14.6;10169;10572;2025
017190;Trenzano;5526;43.2;18.5;36.3;20.2;2796;2730;2025
030126;Treppo Grande;1717;50.3;11.9;26.2;31.9;821;896;2025
030191;Treppo Ligosullo;661;50.3;12.7;27.2;32.2;341;320;2025
075087;Trepuzzi;13727;47.5;14.1;30.8;26.9;6540;7187;2025
052036;Trequanda;1137;52.0;10.1;24.8;32.9;570;567;2025
045015;Tresana;1892;51.3;12.1;24.7;32.9;944;948;2025
016218;Trescore Balneario;9883;43.7;17.4;36.8;20.6;4986;4897;2025
019109;Trescore Cremasco;2897;44.3;16.4;34.4;21.2;1433;1464;2025
038030;Tresignana;6963;50.8;12.1;26.1;31.8;3370;3593;2025
014070;Tresivio;2046;47.9;13.7;29.8;26.0;1029;1017;2025
095067;Tresnuraghes;1024;52.4;9.3;23.2;35.1;494;530;2025
023088;Trevenzuolo;2764;43.9;17.7;36.6;22.4;1449;1315;2025
054054;Trevi;7927;48.0;14.5;30.3;27.8;3882;4045;2025
064112;Trevico;807;51.7;11.2;26.5;33.1;390;417;2025
016219;Treviglio;31417;45.2;16.4;34.3;23.1;15504;15913;2025
026085;Trevignano;10696;44.6;16.7;34.8;22.3;5395;5301;2025
058107;Trevignano Romano;5766;49.1;12.8;27.7;29.0;2788;2978;2025
006175;Treville;265;51.8;9.8;23.8;30.2;132;133;2025
022247;Tre Ville;1369;46.7;16.0;32.0;25.8;671;698;2025
060080;Trevi nel Lazio;1701;50.7;9.5;26.6;31.1;888;813;2025
016220;Treviolo;10870;45.1;16.1;34.5;21.9;5301;5569;2025
026086;Treviso;85652;47.5;14.0;32.0;26.8;41490;44162;2025
017191;Treviso Bresciano;532;48.8;11.5;31.2;27.6;255;277;2025
015219;Trezzano Rosa;5423;44.1;16.4;34.5;19.8;2711;2712;2025
015220;Trezzano sul Naviglio;21738;44.7;16.8;34.6;22.8;10649;11089;2025
013226;Trezzone;233;46.0;18.5;29.2;28.8;118;115;2025
015221;Trezzo sull'Adda;12220;46.8;14.7;32.0;25.3;6010;6210;2025
004231;Trezzo Tinella;288;52.7;10.1;26.7;31.2;151;137;2025
028094;Tribano;4226;46.8;13.7;30.8;23.9;2131;2095;2025
015222;Tribiano;3871;42.5;17.3;36.2;16.2;1947;1924;2025
010063;Tribogna;589;49.4;11.9;27.8;28.4;301;288;2025
077028;Tricarico;4693;49.4;11.2;29.9;30.2;2314;2379;2025
075088;Tricase;16977;46.3;14.5;33.3;24.9;8221;8756;2025
002147;Tricerro;659;48.9;13.1;28.7;27.0;337;322;2025
030127;Tricesimo;7573;48.5;13.9;29.4;28.0;3632;3941;2025
091097;Triei;1059;48.8;14.2;27.5;27.3;540;519;2025
032006;Trieste;198388;48.6;13.0;30.2;28.4;95744;102644;2025
072046;Triggiano;25764;46.2;14.7;32.3;24.3;12403;13361;2025
019110;Trigolo;1640;49.0;13.5;29.8;29.8;775;865;2025
004232;Trinità;2255;44.0;18.8;36.8;22.2;1110;1145;2025
090074;Trinità d'Agultu e Vignola;2511;47.7;9.2;31.3;26.4;1380;1131;2025
110010;Trinitapoli;13684;43.8;17.3;37.2;22.0;6695;6989;2025
002148;Trino;6688;48.4;14.7;30.8;29.4;3319;3369;2025
008061;Triora;389;50.8;10.5;25.4;32.1;213;176;2025
083100;Tripi;718;50.3;11.3;27.0;31.3;331;387;2025
006176;Trisobbio;636;53.1;9.7;23.6;34.6;318;318;2025
024110;Trissino;8651;45.7;15.4;33.3;23.3;4347;4304;2025
108043;Triuggio;8754;46.1;15.9;31.8;24.0;4389;4365;2025
070081;Trivento;4338;47.9;13.1;31.5;28.1;2164;2174;2025
060081;Trivigliano;1611;46.6;14.7;30.8;25.3;793;818;2025
030128;Trivignano Udinese;1520;50.5;12.6;25.4;32.6;750;770;2025
076093;Trivigno;601;49.4;9.0;30.8;26.8;282;319;2025
018163;Trivolzio;2441;44.1;16.6;32.6;19.4;1239;1202;2025
021102;Trodena nel parco naturale/Truden im Naturpark;1053;42.3;21.9;36.9;20.6;525;528;2025
001280;Trofarello;10497;48.0;13.8;30.7;27.4;5115;5382;2025
071058;Troia;6574;46.3;15.3;33.2;25.2;3176;3398;2025
086018;Troina;8310;48.0;13.7;31.3;28.4;4023;4287;2025
018164;Tromello;3714;46.4;15.1;31.6;23.8;1834;1880;2025
103068;Trontano;1665;49.0;12.1;30.1;29.0;840;825;2025
012129;Tronzano Lago Maggiore;223;50.5;9.9;24.7;30.0;110;113;2025
002150;Tronzano Vercellese;3255;47.6;14.3;31.2;27.2;1593;1662;2025
102044;Tropea;5706;48.1;12.2;29.6;27.2;2745;2961;2025
018165;Trovo;1004;43.7;16.0;35.3;17.6;526;478;2025
015224;Truccazzano;5832;44.9;14.8;33.2;21.0;3016;2816;2025
021103;Tubre/Taufers im Münstertal;951;42.9;19.0;37.9;20.1;454;497;2025
070082;Tufara;757;53.3;6.3;26.7;36.7;376;381;2025
069097;Tufillo;327;54.6;9.5;20.5;38.8;157;170;2025
063085;Tufino;3370;42.1;17.9;38.1;17.2;1684;1686;2025
064113;Tufo;756;50.7;9.9;27.1;29.5;382;374;2025
075089;Tuglie;5031;47.2;15.0;31.1;26.7;2457;2574;2025
111091;Tuili;903;54.9;9.3;21.6;38.8;441;462;2025
090075;Tula;1435;48.1;13.9;30.4;28.2;735;700;2025
054055;Tuoro sul Trasimeno;3779;48.8;12.4;28.8;28.0;1863;1916;2025
057071;Turania;238;52.7;8.8;21.8;32.4;137;101;2025
098058;Turano Lodigiano;1541;45.8;15.7;32.3;24.2;779;762;2025
013227;Turate;9774;44.5;16.8;34.5;21.9;4905;4869;2025
015226;Turbigo;7175;46.7;15.1;32.7;25.7;3543;3632;2025
072047;Turi;12968;46.4;14.9;31.5;24.1;6284;6684;2025
111092;Turri;372;54.2;10.5;20.7;40.6;189;183;2025
031024;Turriaco;2779;48.0;12.1;29.2;24.5;1368;1411;2025
068044;Turrivalignani;800;47.5;12.4;32.2;28.6;406;394;2025
077029;Tursi;4709;47.0;14.0;32.5;26.8;2354;2355;2025
083101;Tusa;2481;50.7;10.3;27.5;30.4;1250;1231;2025
056052;Tuscania;8205;47.6;13.6;30.0;26.7;3946;4259;2025
016221;Ubiale Clanezzo;1308;45.9;14.6;33.4;23.6;668;640;2025
012130;Uboldo;10964;45.1;15.9;33.6;22.7;5559;5405;2025
083102;Ucria;865;50.9;11.3;26.8;32.4;414;451;2025
030129;Udine;98279;47.9;13.2;30.9;27.1;46530;51749;2025
075090;Ugento;11891;47.1;13.7;31.3;26.3;5771;6120;2025
075091;Uggiano la Chiesa;4310;47.9;14.2;31.1;27.7;2055;2255;2025
013256;Uggiate con Ronago;6862;45.3;16.0;33.1;22.3;3392;3470;2025
091098;Ulassai;1363;48.5;13.1;31.7;30.2;660;703;2025
095068;Ulà Tirso;445;51.6;10.1;26.7;32.8;212;233;2025
021104;Ultimo/Ulten;2932;42.6;20.4;39.1;21.3;1473;1459;2025
054056;Umbertide;16232;46.3;16.2;32.5;25.4;7953;8279;2025
101026;Umbriatico;710;48.4;14.4;30.8;31.3;347;363;2025
017192;Urago d'Oglio;3789;43.2;17.9;36.9;21.1;1966;1823;2025
095069;Uras;2633;49.6;12.4;26.4;29.5;1295;1338;2025
028095;Urbana;2027;47.6;13.7;30.4;26.4;1026;1001;2025
041066;Urbania;6924;46.0;16.0;33.4;24.6;3402;3522;2025
009063;Urbe;644;56.4;6.4;16.8;37.9;338;306;2025
041067;Urbino;13827;48.4;12.6;30.6;28.5;6897;6930;2025
043055;Urbisaglia;2372;50.2;11.2;27.2;29.6;1177;1195;2025
016222;Urgnano;10163;43.4;17.3;36.9;20.9;5168;4995;2025
090076;Uri;2836;46.5;14.0;32.1;23.8;1457;1379;2025
070083;Ururi;2359;47.9;13.9;30.8;27.0;1136;1223;2025
091099;Urzulei;1043;50.5;10.5;26.8;29.1;524;519;2025
010064;Uscio;2130;49.6;13.1;27.5;29.1;1040;1090;2025
095070;Usellus;682;55.4;7.9;19.4;36.5;346;336;2025
090077;Usini;4152;46.2;14.4;31.6;22.5;2095;2057;2025
108044;Usmate Velate;10695;45.1;16.1;33.6;22.9;5297;5398;2025
111093;Ussana;3980;47.5;13.1;28.3;25.5;1974;2006;2025
111094;Ussaramanna;466;54.9;8.2;22.7;36.9;235;231;2025
091100;Ussassai;439;55.8;7.3;20.5;41.7;225;214;2025
001281;Usseaux;174;50.7;12.6;24.7;32.8;88;86;2025
001282;Usseglio;191;52.8;5.8;25.1;34.0;105;86;2025
043056;Ussita;350;51.7;7.7;22.9;29.4;173;177;2025
082075;Ustica;1319;48.9;13.0;28.6;29.3;669;650;2025
092090;Uta;8933;44.7;15.5;31.2;19.9;4576;4357;2025
047021;Uzzano;5658;45.8;15.1;32.2;22.3;2756;2902;2025
078152;Vaccarizzo Albanese;1025;48.4;13.0;31.4;28.2;498;527;2025
057072;Vacone;223;56.4;4.5;17.5;39.0;110;113;2025
069098;Vacri;1485;48.3;12.8;30.2;28.6;741;744;2025
021105;Vadena/Pfatten;1104;41.2;21.4;39.7;17.3;594;510;2025
009064;Vado Ligure;7950;49.9;12.8;27.7;29.9;3859;4091;2025
048046;Vaglia;5302;48.1;12.7;30.4;27.3;2659;2643;2025
076094;Vaglio Basilicata;1794;49.4;12.7;27.7;29.9;859;935;2025
005111;Vaglio Serra;265;48.2;13.2;29.4;25.3;133;132;2025
046031;Vagli Sotto;783;55.3;6.6;20.3;38.3;417;366;2025
100006;Vaiano;9911;48.8;13.4;28.6;28.9;4811;5100;2025
019111;Vaiano Cremasco;3564;47.3;13.5;31.4;26.5;1799;1765;2025
001283;Vaie;1347;48.3;14.1;30.1;27.9;665;682;2025
019112;Vailate;4669;45.4;15.0;33.0;22.6;2346;2323;2025
061095;Vairano Patenora;6368;45.0;14.8;35.1;22.4;3056;3312;2025
093052;Vajont;1617;43.6;17.9;35.9;20.0;818;799;2025
016223;Valbondione;941;51.2;11.4;24.8;31.1;477;464;2025
016253;Val Brembilla;4116;47.1;14.8;31.2;26.2;2086;2030;2025
016224;Valbrembo;4329;44.8;16.6;33.5;22.4;2130;2199;2025
024125;Valbrenta;4828;48.9;12.9;29.3;29.0;2483;2345;2025
010065;Valbrevenna;742;52.9;7.7;20.6;32.5;413;329;2025
013229;Valbrona;2630;46.8;13.8;31.6;23.4;1319;1311;2025
001318;Valchiusa;1026;51.5;10.0;25.0;31.7;496;530;2025
024111;Valdagno;25835;48.0;14.1;31.7;28.2;12642;13193;2025
022232;Valdaone;1160;49.7;13.2;28.4;34.2;600;560;2025
021106;Valdaora/Olang;3262;43.3;19.3;37.6;21.1;1660;1602;2025
024112;Valdastico;1179;50.7;12.7;28.3;34.6;568;611;2025
001284;Val della Torre;3978;46.9;14.8;29.4;24.6;2030;1948;2025
096071;Valdengo;2369;49.6;12.6;28.1;29.8;1151;1218;2025
081022;Valderice;11278;47.0;13.7;31.3;25.7;5612;5666;2025
001317;Val di Chy;1223;50.5;11.2;26.7;30.3;637;586;2025
014071;Valdidentro;4163;43.8;18.1;36.8;22.0;2118;2045;2025
004233;Valdieri;922;49.1;14.1;29.0;29.9;462;460;2025
096088;Valdilana;9911;51.7;11.2;25.8;33.6;4834;5077;2025
083103;Valdina;1240;47.2;13.0;29.4;24.5;618;622;2025
018166;Val di Nizza;575;54.2;9.7;19.7;37.6;292;283;2025
014072;Valdisotto;3547;44.3;16.4;36.3;21.1;1789;1758;2025
021107;Val di Vizze/Pfitsch;3113;41.9;20.0;39.0;20.1;1577;1536;2025
025073;Val di Zoldo;2735;52.8;10.4;23.3;35.2;1364;1371;2025
026087;Valdobbiadene;9918;47.8;14.4;31.8;27.4;4857;5061;2025
002152;Valduggia;1832;52.0;10.6;25.8;34.2;910;922;2025
018167;Valeggio;195;51.3;12.3;23.1;30.3;106;89;2025
023089;Valeggio sul Mincio;16059;43.6;17.7;34.7;19.2;7904;8155;2025
056053;Valentano;2848;48.9;11.0;28.2;28.8;1457;1391;2025
006177;Valenza;18218;49.4;11.8;29.1;28.9;8708;9510;2025
072048;Valenzano;17220;46.7;14.1;32.0;25.0;8369;8851;2025
098059;Valera Fratta;1721;43.3;17.7;36.0;19.6;878;843;2025
054057;Valfabbrica;3224;48.7;13.8;29.0;28.8;1562;1662;2025
005112;Valfenera;2437;46.4;16.2;32.7;25.6;1229;1208;2025
022209;Valfloriana;471;48.7;11.9;29.1;27.6;240;231;2025
043058;Valfornace;872;50.2;12.8;26.7;31.1;441;431;2025
014073;Valfurva;2432;48.3;13.0;29.7;27.7;1205;1227;2025
012131;Valganna;1586;46.5;14.4;31.0;23.4;802;784;2025
001285;Valgioie;983;47.4;13.2;29.5;23.8;546;437;2025
016225;Valgoglio;561;47.3;15.7;30.1;28.2;281;280;2025
004234;Valgrana;774;46.9;14.5;31.4;24.9;393;381;2025
097082;Valgreghentino;3338;46.3;14.6;32.9;24.4;1681;1657;2025
007068;Valgrisenche;188;48.7;11.2;29.8;30.3;106;82;2025
086019;Valguarnera Caropepe;6799;46.5;15.3;33.6;26.3;3203;3596;2025
025062;Vallada Agordina;461;50.2;12.8;27.5;31.7;213;248;2025
096072;Vallanzengo;196;51.1;11.7;25.5;31.6;93;103;2025
022210;Vallarsa;1377;49.0;13.3;29.3;28.8;697;680;2025
064114;Vallata;2447;47.8;13.9;31.3;27.1;1196;1251;2025
061096;Valle Agricola;729;56.2;6.4;20.3;38.5;352;377;2025
021108;Valle Aurina/Ahrntal;5990;42.2;19.3;39.4;18.8;3063;2927;2025
008062;Vallebona;1238;48.5;13.9;27.5;27.1;628;610;2025
103079;Valle Cannobina;435;53.1;7.1;22.5;34.7;233;202;2025
067046;Valle Castellana;834;53.9;7.8;22.1;37.8;446;388;2025
060082;Vallecorsa;2359;51.0;12.9;26.8;34.8;1166;1193;2025
008063;Vallecrosia;6794;48.6;14.1;30.1;29.3;3261;3533;2025
065153;Valle dell'Angelo;229;54.3;4.4;27.1;34.9;115;114;2025
025063;Valle di Cadore;1813;50.4;11.6;26.0;30.9;873;940;2025
021109;Valle di Casies/Gsies;2350;41.1;21.7;42.0;19.9;1195;1155;2025
061097;Valle di Maddaloni;2610;44.2;16.3;34.7;20.7;1276;1334;2025
082076;Valledolmo;3082;48.7;13.4;30.2;29.0;1470;1612;2025
090079;Valledoria;4293;49.8;11.3;25.8;28.7;2152;2141;2025
079151;Vallefiorita;1444;48.6;14.4;29.9;30.4;667;777;2025
041068;Vallefoglia;15019;43.8;16.7;35.9;20.1;7682;7337;2025
022248;Vallelaghi;5231;45.1;16.5;34.8;22.5;2650;2581;2025
018168;Valle Lomellina;2183;47.5;13.3;30.7;27.3;1123;1060;2025
102045;Vallelonga;836;43.3;14.2;41.3;22.6;475;361;2025
085021;Vallelunga Pratameno;3037;46.7;15.0;34.6;27.3;1465;1572;2025
060083;Vallemaio;891;47.5;14.5;31.1;28.4;436;455;2025
058108;Vallepietra;228;55.8;5.7;18.9;38.6;104;124;2025
056054;Vallerano;2376;48.7;13.0;28.5;28.1;1169;1207;2025
111095;Vallermosa;1782;49.2;12.1;27.8;30.9;903;879;2025
060084;Vallerotonda;1381;52.6;9.2;23.0;35.6;700;681;2025
064115;Vallesaccarda;1223;47.2;13.7;32.1;26.8;597;626;2025
018169;Valle Salimbene;1452;49.0;12.0;28.0;26.8;726;726;2025
096074;Valle San Nicolao;834;52.1;8.5;23.3;31.7;418;416;2025
016226;Valleve;125;48.4;14.4;28.0;27.2;69;56;2025
024113;Valli del Pasubio;3030;48.6;12.9;30.6;28.1;1535;1495;2025
058109;Vallinfreda;266;54.6;5.6;19.5;35.7;129;137;2025
024123;Val Liona;3063;46.0;15.5;31.8;24.2;1560;1503;2025
017193;Vallio Terme;1435;45.1;16.4;32.5;22.2;697;738;2025
065154;Vallo della Lucania;7838;47.0;14.0;31.7;25.7;3703;4135;2025
054058;Vallo di Nera;334;50.2;12.9;26.9;29.3;159;175;2025
004235;Valloriate;93;56.4;3.2;23.7;45.2;51;42;2025
001286;Vallo Torinese;785;47.9;14.0;28.3;26.2;396;389;2025
006178;Valmacca;948;50.0;12.2;26.1;30.2;451;497;2025
097083;Valmadrera;11269;46.5;15.1;33.0;25.4;5552;5717;2025
014074;Val Masino;820;50.5;10.7;26.3;29.6;429;391;2025
058110;Valmontone;15620;43.9;16.8;34.4;20.3;7716;7904;2025
013232;Valmorea;2598;46.7;13.9;32.8;23.9;1277;1321;2025
034044;Valmozzola;528;55.4;7.2;20.8;40.0;272;256;2025
016227;Valnegra;199;52.6;11.6;26.1;37.7;104;95;2025
007069;Valpelline;592;47.5;13.5;31.4;24.3;314;278;2025
001287;Valperga;2978;47.3;15.3;31.0;27.3;1429;1549;2025
001288;Valprato Soana;86;51.7;9.3;20.9;30.2;42;44;2025
013233;Val Rezzo;171;44.9;19.9;31.0;24.6;85;86;2025
037061;Valsamoggia;32080;45.9;16.0;32.8;23.8;15929;16151;2025
007070;Valsavarenche;152;52.8;7.9;22.4;34.9;79;73;2025
077030;Valsinni;1309;50.4;10.6;28.0;30.7;639;670;2025
013234;Valsolda;1440;48.8;13.1;29.0;29.3;712;728;2025
103069;Valstrona;1134;48.8;13.3;28.7;26.0;567;567;2025
054059;Valtopina;1288;49.2;13.3;29.0;30.7;637;651;2025
016229;Valtorta;235;53.2;7.2;23.4;34.0;129;106;2025
007071;Valtournenche;2189;45.1;14.1;34.0;21.0;1161;1028;2025
065155;Valva;1534;46.7;15.1;31.3;25.4;768;766;2025
097093;Valvarrone;512;51.3;11.5;25.6;32.8;261;251;2025
093053;Valvasone Arzene;3933;46.8;13.8;31.7;25.0;1943;1990;2025
087052;Valverde;7804;44.1;17.1;35.0;21.6;3861;3943;2025
017194;Valvestino;167;55.3;6.0;18.6;38.9;80;87;2025
021110;Vandoies/Vintl;3360;41.6;20.1;40.7;18.4;1689;1671;2025
015249;Vanzaghello;5375;46.3;15.8;32.8;25.3;2628;2747;2025
015229;Vanzago;9367;44.8;16.5;33.8;21.2;4568;4799;2025
103070;Vanzone con San Carlo;379;50.3;11.1;25.3;30.1;188;191;2025
015230;Vaprio d'Adda;9727;43.3;18.2;35.5;20.1;4925;4802;2025
003153;Vaprio d'Agogna;951;49.6;10.2;26.8;28.2;475;476;2025
002156;Varallo;6844;50.3;13.0;26.9;32.1;3282;3562;2025
003154;Varallo Pombia;4962;46.5;14.7;32.1;24.6;2430;2532;2025
012132;Varano Borghi;2512;47.5;15.1;30.1;26.1;1235;1277;2025
034045;Varano de' Melegari;2588;46.9;14.9;30.9;23.9;1292;1296;2025
080095;Varapodio;2043;44.7;15.4;37.1;23.3;1004;1039;2025
009065;Varazze;12447;50.6;12.2;26.6;31.9;6065;6382;2025
057073;Varco Sabino;151;52.2;6.0;23.2;33.1;92;59;2025
108045;Varedo;13914;46.2;15.7;32.6;25.2;6799;7115;2025
097084;Varenna;666;53.2;10.8;22.4;35.4;334;332;2025
012133;Varese;78992;47.6;13.9;32.1;27.4;37737;41255;2025
011029;Varese Ligure;1746;53.9;10.0;21.8;37.3;879;867;2025
001289;Varisella;844;48.4;12.4;28.9;26.2;423;421;2025
030130;Varmo;2618;50.0;11.1;26.2;30.0;1333;1285;2025
021111;Varna/Vahrn;5052;41.5;20.5;39.7;17.5;2557;2495;2025
034046;Varsi;1136;54.2;10.4;20.3;37.8;571;565;2025
018171;Varzi;3059;52.3;10.5;26.1;34.6;1498;1561;2025
103071;Varzo;1918;50.4;12.1;27.0;31.8;959;959;2025
056055;Vasanello;3961;46.3;14.8;31.0;25.5;1960;2001;2025
008064;Vasia;348;54.2;9.5;22.1;35.6;168;180;2025
069099;Vasto;40861;46.5;14.6;31.9;24.5;20029;20832;2025
094051;Vastogirardi;589;53.1;7.8;23.3;33.6;302;287;2025
001290;Vauda Canavese;1427;47.6;14.0;30.7;26.6;721;706;2025
102046;Vazzano;922;49.6;14.8;29.3;32.8;440;482;2025
026088;Vazzola;6697;45.3;15.8;34.8;23.0;3351;3346;2025
050037;Vecchiano;11876;48.5;13.3;28.8;27.8;5769;6107;2025
108046;Vedano al Lambro;7409;48.8;13.4;30.4;28.8;3530;3879;2025
012134;Vedano Olona;7462;46.3;15.9;33.2;25.4;3601;3861;2025
026089;Vedelago;16554;44.2;17.2;35.5;21.6;8325;8229;2025
016230;Vedeseta;198;57.2;10.1;15.2;47.5;102;96;2025
108047;Veduggio con Colzano;4180;47.6;14.2;30.6;26.6;2096;2084;2025
028096;Veggiano;4832;43.0;17.4;35.4;16.9;2436;2396;2025
075092;Veglie;13142;46.6;14.5;32.6;25.7;6362;6780;2025
096075;Veglio;433;52.0;12.0;24.5;31.6;221;212;2025
056056;Vejano;2156;49.1;13.1;27.7;29.3;1071;1085;2025
013236;Veleso;193;52.1;7.3;24.9;33.2;99;94;2025
018172;Velezzo Lomellina;85;53.4;9.4;22.4;37.6;43;42;2025
058111;Velletri;52877;45.7;15.5;32.7;23.6;25953;26924;2025
018173;Vellezzo Bellini;3517;43.0;17.5;36.7;18.6;1786;1731;2025
024115;Velo d'Astico;2253;47.0;13.5;31.0;24.3;1127;1126;2025
023090;Velo Veronese;769;45.4;15.5;34.3;23.7;415;354;2025
021116;Velturno/Feldthurns;3107;39.2;23.7;44.0;16.1;1575;1532;2025
094052;Venafro;10719;45.9;14.4;32.7;24.0;5244;5475;2025
001292;Venaria Reale;32035;48.5;13.5;30.2;28.8;15470;16565;2025
044073;Venarotta;1879;49.8;13.0;28.7;31.6;935;944;2025
004237;Venasca;1359;47.8;14.0;29.2;26.6;668;691;2025
001291;Venaus;852;51.3;10.0;25.9;31.6;437;415;2025
009066;Vendone;336;54.0;6.8;21.1;35.4;176;160;2025
012136;Venegono Inferiore;5917;47.1;14.6;31.6;26.1;2885;3032;2025
012137;Venegono Superiore;7486;45.7;15.9;33.1;23.7;3741;3745;2025
083104;Venetico;3936;46.3;14.6;30.8;25.2;1858;2078;2025
027042;Venezia;249490;48.6;13.2;30.3;28.5;120784;128706;2025
013238;Veniano;3125;44.6;16.5;33.4;21.2;1530;1595;2025
076095;Venosa;10674;47.4;12.8;31.4;25.3;5321;5353;2025
035046;Ventasso;3846;53.2;10.0;22.8;36.7;1936;1910;2025
064116;Venticano;2301;46.7;14.6;32.6;25.2;1139;1162;2025
008065;Ventimiglia;23024;47.6;14.2;30.7;27.1;11275;11749;2025
082077;Ventimiglia di Sicilia;1728;47.2;14.2;32.8;26.3;838;890;2025
059033;Ventotene;687;48.7;10.0;27.8;25.5;381;306;2025
030131;Venzone;1935;50.4;10.0;27.5;30.6;976;959;2025
108048;Verano Brianza;9120;46.3;15.5;32.1;24.2;4517;4603;2025
021112;Verano/Vöran;1010;40.0;22.4;43.0;17.2;530;480;2025
103072;Verbania;29953;48.8;12.5;29.7;28.3;14268;15685;2025
078153;Verbicaro;2542;50.3;11.8;27.3;31.5;1264;1278;2025
013239;Vercana;727;47.8;12.8;30.5;24.8;368;359;2025
014075;Verceia;1080;46.7;13.9;31.3;24.9;528;552;2025
002158;Vercelli;45951;47.3;14.2;32.0;26.6;22379;23572;2025
097086;Vercurago;2658;49.6;13.0;29.4;31.3;1267;1391;2025
016232;Verdellino;7713;42.7;18.5;37.6;19.4;4040;3673;2025
016233;Verdello;8150;44.2;16.8;35.3;20.6;4195;3955;2025
097091;Verderio;5490;45.3;15.1;33.5;21.9;2745;2745;2025
004238;Verduno;564;47.1;15.6;29.3;28.0;274;290;2025
037059;Vergato;7845;47.3;15.2;30.8;26.9;3950;3895;2025
040050;Verghereto;1731;50.3;13.0;26.1;33.2;900;831;2025
012138;Vergiate;8646;47.9;14.6;29.7;27.6;4257;4389;2025
015251;Vermezzo con Zelo;5994;43.1;17.6;36.0;19.4;2952;3042;2025
022213;Vermiglio;1777;45.5;14.7;34.2;22.7;887;890;2025
004239;Vernante;1084;49.9;12.1;26.9;30.5;524;560;2025
033044;Vernasca;2017;51.7;10.6;24.2;33.5;1027;990;2025
015236;Vernate;3411;44.6;16.0;33.2;20.4;1729;1682;2025
011030;Vernazza;697;56.5;7.0;20.5;42.3;339;358;2025
100007;Vernio;6146;49.2;12.3;27.7;28.5;3083;3063;2025
075093;Vernole;6559;49.1;13.1;28.1;30.0;3135;3424;2025
017195;Verolanuova;8118;46.4;14.8;31.9;25.1;4068;4050;2025
017196;Verolavecchia;3866;46.9;14.7;31.0;26.2;1992;1874;2025
001293;Verolengo;4777;46.9;15.3;30.8;25.8;2311;2466;2025
060085;Veroli;19511;46.1;15.1;32.7;24.7;9624;9887;2025
023091;Verona;255039;47.2;14.0;32.1;26.2;122189;132850;2025
023092;Veronella;5119;42.0;19.5;37.6;18.0;2604;2515;2025
007072;Verrayes;1253;47.3;14.6;30.9;27.1;631;622;2025
007073;Verrès;2548;47.5;14.7;31.5;26.6;1258;1290;2025
018174;Verretto;372;46.8;16.1;32.3;25.8;190;182;2025
096076;Verrone;1155;47.5;13.9;31.4;26.1;570;585;2025
018175;Verrua Po;1189;51.4;9.5;25.1;30.8;585;604;2025
001294;Verrua Savoia;1326;51.0;11.0;25.6;31.6;676;650;2025
013242;Vertemate con Minoprio;4192;45.7;15.2;33.1;22.9;2066;2126;2025
016234;Vertova;4380;47.5;14.2;31.3;27.8;2145;2235;2025
099020;Verucchio;10077;45.8;15.8;33.0;24.3;5103;4974;2025
014076;Vervio;205;47.0;15.6;29.8;25.4;109;96;2025
030132;Verzegnis;835;50.7;10.9;26.3;32.8;427;408;2025
101027;Verzino;1541;49.3;13.1;29.3;31.0;740;801;2025
004240;Verzuolo;6444;45.6;15.5;34.3;24.1;3241;3203;2025
028097;Vescovana;1659;47.8;13.0;29.4;25.8;830;829;2025
019113;Vescovato;3977;45.6;16.0;34.6;23.7;2005;1972;2025
005113;Vesime;592;51.0;10.8;27.5;32.4;317;275;2025
003158;Vespolate;2047;47.7;13.8;29.8;26.1;1013;1034;2025
008066;Vessalico;288;44.0;13.9;37.5;19.1;157;131;2025
023093;Vestenanova;2520;45.1;15.8;33.3;23.2;1310;1210;2025
001295;Vestignè;754;50.9;10.7;25.9;31.8;371;383;2025
017197;Vestone;4147;45.8;16.2;35.4;24.3;2070;2077;2025
056057;Vetralla;13358;47.2;14.1;30.0;25.6;6570;6788;2025
035042;Vetto;1797;51.3;12.4;25.9;33.2;925;872;2025
004241;Vezza d'Alba;2373;45.9;15.6;32.7;23.3;1204;1169;2025
017198;Vezza d'Oglio;1469;46.3;15.0;32.0;25.0;730;739;2025
011031;Vezzano Ligure;7225;49.0;13.0;28.6;28.1;3533;3692;2025
035043;Vezzano sul Crostolo;4395;46.5;14.8;31.7;23.9;2150;2245;2025
009067;Vezzi Portio;780;50.6;10.1;23.3;28.5;386;394;2025
020066;Viadana;19739;44.8;16.1;34.4;21.9;9934;9805;2025
016235;Viadanica;1121;43.4;16.6;37.0;19.6;566;555;2025
087053;Viagrande;8938;43.9;17.8;34.9;20.9;4366;4572;2025
005114;Viale;227;50.8;12.3;22.0;27.3;116;111;2025
001296;Vialfrè;253;47.6;18.6;28.5;26.1;127;126;2025
035044;Viano;3432;46.8;14.2;30.1;23.5;1724;1708;2025
046033;Viareggio;60618;48.7;12.9;28.9;27.8;29117;31501;2025
005115;Viarigi;813;52.5;8.7;23.0;30.9;408;405;2025
065156;Vibonati;3228;48.5;12.4;28.7;28.0;1629;1599;2025
102047;Vibo Valentia;30906;46.1;15.2;33.4;25.2;14962;15944;2025
060086;Vicalvi;725;48.1;14.6;30.1;29.0;342;383;2025
082078;Vicari;2368;48.7;14.0;30.0;29.9;1142;1226;2025
048049;Vicchio;8073;47.3;14.1;31.8;26.1;4067;4006;2025
024116;Vicenza;110468;46.9;14.1;32.8;25.2;53326;57142;2025
071059;Vico del Gargano;7207;46.2;15.1;32.9;25.7;3519;3688;2025
063086;Vico Equense;20198;44.3;16.7;36.2;22.2;9879;10319;2025
004242;Vicoforte;3199;48.4;13.8;29.9;28.2;1585;1614;2025
068045;Vicoli;370;51.5;10.3;25.9;32.7;178;192;2025
003159;Vicolungo;860;47.8;13.5;29.5;26.0;416;444;2025
060087;Vico nel Lazio;2046;46.1;15.4;31.5;24.8;1019;1027;2025
050038;Vicopisano;8557;47.1;14.7;30.6;25.1;4169;4388;2025
058112;Vicovaro;3528;46.8;14.6;30.6;25.1;1751;1777;2025
090082;Viddalba;1578;48.9;12.3;27.5;27.6;779;799;2025
018176;Vidigulfo;6789;43.0;17.6;35.5;17.8;3393;3396;2025
026090;Vidor;3587;46.0;15.9;34.0;24.2;1769;1818;2025
001298;Vidracco;454;50.6;12.8;24.4;28.6;216;238;2025
071060;Vieste;13279;45.2;15.2;33.6;22.8;6545;6734;2025
076096;Vietri di Potenza;2612;48.2;12.7;29.8;26.8;1290;1322;2025
065157;Vietri sul Mare;6962;47.9;12.7;30.0;27.5;3449;3513;2025
097090;Viganò;2065;46.9;14.4;30.6;25.0;1037;1028;2025
016236;Vigano San Martino;1362;44.0;17.0;36.3;20.5;691;671;2025
038022;Vigarano Mainarda;7677;47.6;14.9;29.7;25.9;3793;3884;2025
023094;Vigasio;10346;43.1;17.5;35.8;19.1;5226;5120;2025
018177;Vigevano;62771;46.4;15.7;32.5;25.0;30597;32174;2025
076097;Viggianello;2614;51.5;10.4;25.3;33.1;1313;1301;2025
076098;Viggiano;3220;43.2;17.8;36.6;20.6;1632;1588;2025
012139;Viggiù;5204;46.6;14.2;31.8;23.7;2492;2712;2025
096077;Vigliano Biellese;7526;50.1;12.5;26.7;30.6;3597;3929;2025
005116;Vigliano d'Asti;790;49.5;11.9;28.0;30.6;408;382;2025
006179;Vignale Monferrato;932;51.0;11.2;25.8;32.8;444;488;2025
056058;Vignanello;4252;48.3;13.6;28.2;27.8;2120;2132;2025
015237;Vignate;9360;44.4;17.1;35.1;22.4;4608;4752;2025
036046;Vignola;26170;44.7;17.0;35.4;22.8;12821;13349;2025
022216;Vignola-Falesina;209;39.6;21.1;42.1;17.7;116;93;2025
006180;Vignole Borbera;2072;48.2;13.0;30.0;27.7;1030;1042;2025
004243;Vignolo;2668;44.2;18.0;35.7;22.1;1326;1342;2025
103074;Vignone;1180;47.1;15.0;31.3;24.5;582;598;2025
028099;Vigodarzere;13211;46.5;14.1;32.0;23.8;6491;6720;2025
025065;Vigo di Cadore;1334;51.2;10.3;25.3;35.1;653;681;2025
016237;Vigolo;570;45.1;17.9;34.0;24.4;289;281;2025
033045;Vigolzone;4237;46.4;14.8;31.2;24.1;2132;2105;2025
001299;Vigone;5055;47.4;15.1;30.6;26.7;2499;2556;2025
027043;Vigonovo;9845;46.1;14.8;31.1;22.6;4840;5005;2025
028100;Vigonza;23258;45.8;15.3;32.6;22.7;11445;11813;2025
006181;Viguzzolo;3067;47.7;15.0;29.1;27.1;1537;1530;2025
023095;Villa Bartolomea;5893;46.6;16.0;31.5;25.9;2940;2953;2025
046034;Villa Basilica;1477;48.7;13.9;29.3;29.0;734;743;2025
021113;Villabassa/Niederdorf;1622;43.3;17.2;38.8;19.2;823;799;2025
082079;Villabate;19487;40.8;20.7;41.0;17.7;9496;9991;2025
018178;Villa Biscossi;62;49.7;14.5;25.8;29.0;33;29;2025
017199;Villa Carcina;10728;45.6;16.5;33.9;24.9;5323;5405;2025
074020;Villa Castelli;8948;44.2;16.1;35.2;22.4;4476;4472;2025
068046;Villa Celiera;535;53.4;10.1;22.4;35.7;256;279;2025
017200;Villachiara;1355;46.3;13.9;31.8;24.8;697;658;2025
111096;Villacidro;12997;47.8;13.7;28.8;26.7;6453;6544;2025
046035;Villa Collemandina;1168;50.8;11.6;25.9;31.2;589;579;2025
015248;Villa Cortese;6290;47.0;14.7;31.7;25.5;3081;3209;2025
016238;Villa d'Adda;4608;46.7;15.2;31.0;25.1;2259;2349;2025
016239;Villa d'Almè;6404;46.9;14.3;33.1;26.0;3173;3231;2025
006182;Villadeati;462;52.0;11.5;24.0;32.0;236;226;2025
096078;Villa del Bosco;310;51.8;6.1;23.9;27.4;147;163;2025
028101;Villa del Conte;5650;44.9;16.9;34.4;22.9;2875;2775;2025
061098;Villa di Briano;7453;40.2;19.3;41.0;15.1;3737;3716;2025
014077;Villa di Chiavenna;971;44.8;16.4;36.1;22.9;508;463;2025
016240;Villa di Serio;6532;46.0;15.0;32.9;23.1;3235;3297;2025
014078;Villa di Tirano;3006;46.5;15.3;33.4;25.1;1502;1504;2025
016241;Villa d'Ogna;1799;46.9;14.6;32.1;25.6;870;929;2025
029048;Villadose;4673;50.3;11.6;25.3;30.1;2320;2353;2025
103075;Villadossola;6265;49.9;12.6;28.4;30.9;3032;3233;2025
028102;Villa Estense;2036;49.8;10.9;27.7;28.0;1036;1000;2025
004244;Villafalletto;2871;45.2;16.6;34.9;24.0;1446;1425;2025
008067;Villa Faraldi;435;49.9;13.1;25.7;28.3;217;218;2025
005117;Villafranca d'Asti;2907;48.1;13.6;30.7;27.9;1465;1442;2025
023096;Villafranca di Verona;32836;45.4;15.5;34.0;22.7;16111;16725;2025
045016;Villafranca in Lunigiana;4729;48.7;12.4;29.7;28.7;2420;2309;2025
028103;Villafranca Padovana;10598;44.8;16.4;34.6;20.9;5202;5396;2025
001300;Villafranca Piemonte;4591;46.8;14.7;32.7;25.9;2290;2301;2025
084043;Villafranca Sicula;1316;46.0;16.2;34.5;26.8;646;670;2025
083105;Villafranca Tirrena;7793;48.2;13.0;29.8;27.4;3653;4140;2025
082080;Villafrati;3088;46.5;15.9;32.8;26.9;1507;1581;2025
024117;Villaga;1903;46.3;15.0;32.1;24.2;965;938;2025
091101;Villagrande Strisaili;2885;49.8;12.0;28.2;29.5;1447;1438;2025
013245;Villa Guardia;7802;46.2;15.3;33.0;24.2;3813;3989;2025
022222;Villa Lagarina;3885;44.5;17.4;36.4;22.4;1960;1925;2025
066103;Villalago;488;58.3;3.7;17.4;42.2;257;231;2025
060088;Villa Latina;1113;49.1;13.8;27.7;29.7;560;553;2025
085022;Villalba;1374;49.4;13.8;29.2;30.9;668;706;2025
069100;Villalfonsina;869;49.6;12.8;28.0;32.0;433;436;2025
061099;Villa Literno;12846;40.5;17.8;40.9;15.3;6737;6109;2025
006183;Villalvernia;843;49.8;12.0;26.6;30.1;437;406;2025
069101;Villamagna;2145;50.1;12.4;27.8;31.0;1069;1076;2025
064117;Villamaina;889;46.4;13.9;33.9;25.6;423;466;2025
111097;Villamar;2408;48.5;12.8;29.2;27.5;1215;1193;2025
029049;Villamarzana;1116;48.6;12.5;27.3;27.3;563;553;2025
111098;Villamassargia;3298;49.9;10.9;25.8;30.0;1654;1644;2025
035045;Villa Minozzo;3520;51.4;11.5;25.1;33.1;1805;1715;2025
006184;Villamiroglio;286;54.9;8.0;18.2;36.4;149;137;2025
021114;Villandro/Villanders;1895;43.0;17.7;39.2;19.4;974;921;2025
096079;Villanova Biellese;174;49.9;12.6;26.4;30.5;87;87;2025
001301;Villanova Canavese;1207;47.0;14.8;30.4;24.2;581;626;2025
009068;Villanova d'Albenga;2831;45.7;15.3;32.9;22.7;1406;1425;2025
018179;Villanova d'Ardenghi;754;47.8;14.3;29.6;26.5;376;378;2025
005118;Villanova d'Asti;5542;45.5;15.8;34.1;23.7;2732;2810;2025
064118;Villanova del Battista;1454;49.2;11.4;29.6;29.5;709;745;2025
029050;Villanova del Ghebbo;1953;47.9;12.9;28.8;26.3;990;963;2025
098060;Villanova del Sillaro;1852;42.1;17.5;38.3;17.4;969;883;2025
028104;Villanova di Camposampiero;6141;44.9;16.4;33.9;21.1;3067;3074;2025
111100;Villanovaforru;695;47.7;5.2;36.4;25.0;432;263;2025
111101;Villanovafranca;1148;52.1;9.7;23.7;32.6;578;570;2025
029051;Villanova Marchesana;901;47.0;14.9;32.7;26.9;467;434;2025
004245;Villanova Mondovì;6021;44.9;16.5;35.2;24.2;2977;3044;2025
006185;Villanova Monferrato;1703;47.7;14.6;29.8;25.2;817;886;2025
090078;Villanova Monteleone;2058;49.4;12.0;29.4;29.4;1023;1035;2025
004246;Villanova Solaro;740;46.8;14.9;29.9;24.5;390;350;2025
033046;Villanova sull'Arda;1684;49.1;12.8;29.3;29.0;849;835;2025
095071;Villanova Truschedu;292;51.2;12.3;23.3;35.6;137;155;2025
111099;Villanova Tulo;1003;49.9;13.1;28.0;30.8;517;486;2025
018180;Villanterio;3363;45.7;15.4;33.1;23.0;1708;1655;2025
017201;Villanuova sul Clisi;5889;46.3;15.1;32.8;24.6;2901;2988;2025
111102;Villaperuccio;1015;49.5;12.5;26.3;30.0;496;519;2025
078154;Villapiana;5529;46.2;15.4;31.9;25.2;2717;2812;2025
111103;Villaputzu;4368;50.7;10.3;25.1;31.3;2149;2219;2025
001302;Villarbasse;3504;47.5;15.7;30.4;26.7;1725;1779;2025
002163;Villarboit;371;52.8;10.5;22.6;36.4;190;181;2025
001303;Villar Dora;2784;48.0;13.7;30.2;27.5;1372;1412;2025
001304;Villareggia;990;49.0;13.7;29.3;29.5;487;503;2025
001305;Villar Focchiardo;1936;50.0;11.9;25.8;29.9;942;994;2025
063087;Villaricca;31434;40.8;20.2;40.5;17.3;15248;16186;2025
006186;Villaromagnano;650;52.4;11.8;24.8;34.3;316;334;2025
086020;Villarosa;4305;46.8;14.1;34.1;27.7;2057;2248;2025
001306;Villar Pellice;1055;49.6;12.9;29.1;30.4;519;536;2025
001307;Villar Perosa;3902;49.5;12.1;28.5;28.2;1937;1965;2025
004247;Villar San Costanzo;1542;45.3;16.1;34.0;22.1;792;750;2025
111104;Villasalto;903;54.3;8.7;24.3;38.3;460;443;2025
080096;Villa San Giovanni;12700;45.9;15.2;32.6;24.5;6214;6486;2025
056046;Villa San Giovanni in Tuscia;1217;49.7;12.1;27.7;29.7;610;607;2025
092099;Villa San Pietro;2101;46.6;14.9;28.5;24.4;1057;1044;2025
005119;Villa San Secondo;378;51.1;12.7;23.3;32.8;183;195;2025
108049;Villasanta;14270;47.3;14.7;31.3;26.5;6885;7385;2025
060089;Villa Santa Lucia;2455;46.4;14.6;31.4;25.5;1235;1220;2025
066104;Villa Santa Lucia degli Abruzzi;83;64.7;8.4;9.6;59.0;42;41;2025
069102;Villa Santa Maria;1099;51.5;10.8;24.9;32.2;555;544;2025
066105;Villa Sant'Angelo;503;47.4;15.9;28.8;26.6;227;276;2025
095048;Villa Sant'Antonio;318;56.6;5.0;21.4;42.5;162;156;2025
030133;Villa Santina;2148;48.2;13.5;29.4;27.3;1008;1140;2025
060090;Villa Santo Stefano;1576;46.7;13.1;32.1;26.0;782;794;2025
111105;Villasimius;3735;48.2;11.5;26.9;24.5;1896;1839;2025
111106;Villasor;6534;48.9;12.2;27.6;28.2;3276;3258;2025
111107;Villaspeciosa;2628;44.0;16.6;33.2;19.1;1322;1306;2025
001308;Villastellone;4310;47.5;14.2;31.6;26.6;2108;2202;2025
002164;Villata;1527;49.1;13.9;27.8;31.0;765;762;2025
095072;Villaurbana;1447;51.9;10.6;24.7;33.4;720;727;2025
066106;Villavallelonga;826;48.5;13.0;29.2;28.9;399;427;2025
095073;Villa Verde;258;55.2;7.4;21.3;39.9;121;137;2025
024118;Villaverla;6013;45.0;16.0;34.2;21.7;3071;2942;2025
022249;Ville d'Anaunia;4659;47.3;13.8;32.8;27.2;2349;2310;2025
022254;Ville di Fiemme;2647;45.8;15.8;33.6;24.2;1320;1327;2025
007074;Villeneuve;1272;44.9;14.2;35.1;21.3;692;580;2025
031025;Villesse;1632;49.1;12.1;28.4;28.0;812;820;2025
066107;Villetta Barrea;596;51.1;8.6;26.5;30.5;308;288;2025
103076;Villette;275;47.9;13.5;28.7;28.7;136;139;2025
020068;Villimpenta;2140;46.6;16.6;32.1;25.5;1079;1061;2025
016242;Villongo;8200;43.1;17.5;37.4;19.3;4192;4008;2025
026091;Villorba;17526;47.8;13.6;31.3;26.3;8531;8995;2025
016243;Vilminore di Scalve;1432;46.8;14.9;31.5;26.7;717;715;2025
108050;Vimercate;26140;47.9;14.6;30.8;28.3;12693;13447;2025
015242;Vimodrone;16938;45.6;15.9;33.1;23.8;8168;8770;2025
004248;Vinadio;574;52.3;10.3;24.9;34.1;297;277;2025
070084;Vinchiaturo;3303;45.4;15.6;32.5;22.8;1640;1663;2025
005120;Vinchio;533;51.7;10.3;25.9;32.1;279;254;2025
048050;Vinci;14587;47.7;13.3;30.8;26.2;7179;7408;2025
001309;Vinovo;15334;45.6;17.0;33.5;24.7;7498;7836;2025
003164;Vinzaglio;547;48.0;11.2;28.9;25.6;295;252;2025
004249;Viola;379;55.1;8.4;19.8;37.2;207;172;2025
017202;Vione;619;51.3;12.1;25.0;36.3;300;319;2025
021115;Vipiteno/Sterzing;7032;43.2;18.0;37.7;21.1;3503;3529;2025
001310;Virle Piemonte;1180;46.3;15.8;32.3;24.5;593;587;2025
017203;Visano;1990;43.9;17.2;37.3;22.6;1025;965;2025
001311;Vische;1195;50.4;11.1;26.9;30.1;593;602;2025
063088;Visciano;4143;45.3;15.2;33.3;23.1;2024;2119;2025
030135;Visco;836;44.7;17.8;32.9;22.1;407;429;2025
006187;Visone;1183;49.5;13.1;28.2;29.9;594;589;2025
043057;Visso;926;51.2;11.2;25.2;32.1;446;480;2025
018181;Vistarino;1581;44.3;16.7;33.7;19.2;809;772;2025
001312;Vistrorio;524;48.8;14.7;27.9;28.2;253;271;2025
081023;Vita;1731;50.3;11.0;27.8;31.6;847;884;2025
056059;Viterbo;66393;46.6;14.2;31.5;24.6;32439;33954;2025
060091;Viticuso;286;51.1;8.7;25.2;32.2;142;144;2025
093049;Vito d'Asio;701;53.1;10.1;21.7;35.2;356;345;2025
056060;Vitorchiano;5250;43.7;17.3;33.9;18.9;2602;2648;2025
088012;Vittoria;65873;41.6;18.5;40.1;18.5;34066;31807;2025
026092;Vittorio Veneto;27259;49.2;13.0;29.4;29.6;13226;14033;2025
066108;Vittorito;808;49.9;13.7;27.4;31.3;378;430;2025
015243;Vittuone;9267;45.4;15.7;33.6;23.1;4589;4678;2025
062077;Vitulano;2685;46.1;14.6;33.9;24.1;1389;1296;2025
061100;Vitulazio;7710;41.1;19.4;39.2;16.8;3746;3964;2025
001313;Viù;1100;49.3;13.4;29.0;31.2;551;549;2025
093050;Vivaro;1346;45.0;16.6;35.4;24.4;709;637;2025
058113;Vivaro Romano;156;53.1;5.1;23.7;33.3;87;69;2025
096080;Viverone;1329;50.2;12.8;26.5;31.0;651;678;2025
087054;Vizzini;5638;46.8;14.0;32.3;26.8;2700;2938;2025
012140;Vizzola Ticino;585;46.3;13.7;30.4;22.1;309;276;2025
015244;Vizzolo Predabissi;3850;46.8;15.1;31.8;27.7;1907;1943;2025
028105;Vo';3251;48.0;14.3;29.5;26.7;1637;1614;2025
017204;Vobarno;8489;44.4;17.5;36.2;22.9;4348;4141;2025
010066;Vobbia;364;55.4;5.5;18.1;35.2;201;163;2025
002166;Vocca;159;44.8;16.4;32.1;20.8;85;74;2025
025066;Vodo Cadore;832;49.5;12.3;27.3;29.6;407;425;2025
018182;Voghera;39515;47.9;13.7;30.6;27.2;19253;20262;2025
038023;Voghiera;3633;51.6;11.2;25.2;32.0;1772;1861;2025
103077;Vogogna;1679;50.0;10.2;28.4;28.6;850;829;2025
022224;Volano;3158;45.9;15.3;33.8;23.6;1581;1577;2025
063089;Volla;25936;39.4;21.2;43.0;16.2;12723;13213;2025
019114;Volongo;459;52.0;9.4;21.6;31.6;244;215;2025
026093;Volpago del Montello;10020;46.1;15.8;32.5;23.9;4935;5085;2025
018183;Volpara;124;54.1;5.6;18.5;28.2;71;53;2025
006188;Volpedo;1138;49.7;12.1;27.9;29.3;565;573;2025
006189;Volpeglino;125;55.7;7.2;19.2;29.6;64;61;2025
001314;Volpiano;15011;46.0;15.7;32.7;24.7;7407;7604;2025
006190;Voltaggio;658;53.0;10.9;21.9;35.9;318;340;2025
025067;Voltago Agordino;791;51.3;10.0;26.5;31.5;374;417;2025
020070;Volta Mantovana;7207;47.0;13.4;30.8;23.9;3539;3668;2025
050039;Volterra;9409;51.2;11.2;26.2;32.2;4579;4830;2025
019115;Voltido;329;50.9;8.5;24.6;30.7;166;163;2025
071061;Volturara Appula;353;56.0;7.4;19.5;38.8;162;191;2025
064119;Volturara Irpina;2901;48.2;13.2;30.4;27.5;1386;1515;2025
071062;Volturino;1503;48.3;14.3;31.3;29.3;726;777;2025
001315;Volvera;8420;45.0;16.4;34.3;22.8;4154;4266;2025
004250;Vottignasco;504;48.6;11.7;31.2;27.6;251;253;2025
102048;Zaccanopoli;639;49.3;11.6;29.3;30.0;314;325;2025
087055;Zafferana Etnea;9362;43.8;16.9;35.9;21.5;4714;4648;2025
079157;Zagarise;1366;49.6;12.4;28.6;30.0;664;702;2025
058114;Zagarolo;18876;43.3;17.4;36.2;19.0;9584;9292;2025
102049;Zambrone;1760;44.5;17.8;36.2;23.8;860;900;2025
016244;Zandobbio;2717;44.4;16.3;35.0;21.1;1382;1335;2025
024119;Zanè;6514;46.4;15.0;32.3;24.6;3185;3329;2025
016245;Zanica;8736;43.9;17.0;34.8;20.4;4391;4345;2025
071064;Zapponeta;3237;42.9;16.6;38.7;19.6;1671;1566;2025
018184;Zavattarello;884;54.1;9.2;21.2;36.5;428;456;2025
018185;Zeccone;1686;44.9;16.2;33.5;20.2;831;855;2025
095074;Zeddiani;1120;48.3;14.0;27.0;28.9;550;570;2025
013246;Zelbio;184;46.0;12.5;29.9;21.2;102;82;2025
098061;Zelo Buon Persico;7437;43.2;17.5;35.8;19.6;3626;3811;2025
018186;Zeme;972;50.4;10.6;26.2;30.6;514;458;2025
018187;Zenevredo;493;48.1;13.6;29.6;24.7;244;249;2025
026094;Zenson di Piave;1733;45.1;16.2;34.6;22.3;830;903;2025
033047;Zerba;69;58.2;7.2;20.3;44.9;38;31;2025
018188;Zerbo;385;51.2;10.1;26.8;33.2;188;197;2025
018189;Zerbolò;1667;46.0;16.1;30.6;23.7;844;823;2025
095075;Zerfaliu;985;48.4;12.6;28.1;26.4;474;511;2025
045017;Zeri;892;58.9;7.0;16.7;46.4;445;447;2025
024120;Zermeghedo;1335;43.3;16.6;36.0;19.6;687;648;2025
026095;Zero Branco;11672;43.8;17.2;35.4;19.9;5818;5854;2025
023097;Zevio;15809;43.6;17.1;36.1;19.7;7893;7916;2025
022226;Ziano di Fiemme;1760;45.4;15.4;34.4;22.0;849;911;2025
033048;Ziano Piacentino;2539;48.7;12.1;30.2;27.5;1334;1205;2025
015247;Zibido San Giacomo;6675;44.0;16.6;35.0;18.9;3346;3329;2025
011032;Zignago;472;53.1;13.1;21.4;36.7;238;234;2025
023098;Zimella;4889;43.7;18.1;35.9;20.8;2505;2384;2025
096081;Zimone;378;51.3;12.2;24.3;32.0;192;186;2025
018190;Zinasco;3159;46.7;14.3;30.5;23.7;1561;1598;2025
010067;Zoagli;2332;52.2;10.3;24.3;34.4;1160;1172;2025
036047;Zocca;4819;48.7;13.3;28.4;28.1;2468;2351;2025
016246;Zogno;8601;47.6;13.9;31.6;26.9;4255;4346;2025
037060;Zola Predosa;19466;46.6;15.0;31.8;24.7;9512;9954;2025
075094;Zollino;1825;49.5;11.6;27.6;30.2;872;953;2025
017205;Zone;1032;50.9;10.0;25.7;30.3;524;508;2025
025069;Zoppè di Cadore;180;56.4;4.4;18.3;42.2;91;89;2025
093051;Zoppola;8368;46.8;15.3;32.3;26.0;4211;4157;2025
024121;Zovencedo;823;45.9;14.7;32.0;22.6;437;386;2025
096082;Zubiena;1125;51.5;10.0;25.5;33.1;572;553;2025
009069;Zuccarello;279;47.9;12.9;29.0;25.4;131;148;2025
024122;Zugliano;6901;45.6;15.5;33.8;22.9;3371;3530;2025
030136;Zuglio;538;50.2;10.2;26.2;30.9;268;270;2025
096083;Zumaglia;961;49.8;11.8;28.8;30.2;464;497;2025
078155;Zumpano;2603;41.5;19.4;37.8;16.3;1276;1327;2025
064120;Zungoli;904;50.9;8.8;26.8;30.4;430;474;2025
102050;Zungri;1817;44.1;15.8;37.8;22.0;919;898;2025
