{"type":"FeatureCollection","features":[{"type":"Feature","id":6,"geometry":{"type":"Polygon","coordinates":[[[11.923162383204703,45.437259737284364],[11.922969974478958,45.437284737558151],[11.92278811950475,45.437316038153398],[11.922588604341522,45.437369303599496],[11.922433525978228,45.437414049929032],[11.922240199509385,45.437488129175364],[11.922067864259727,45.437572562189018],[11.921887936927035,45.437648638124209],[11.921750758897909,45.437705797043179],[11.921550395859789,45.437807058928769],[11.921270551531549,45.43796616235273],[11.921064591131572,45.438097720757924],[11.920777780911932,45.438282924776658],[11.920416724225428,45.438523405083167],[11.920043804118835,45.438806583528567],[11.919663130695172,45.439088248835098],[11.919378104695975,45.439290866042235],[11.919337896979002,45.439319438198154],[11.919247544459969,45.439382237356696],[11.919100216406065,45.439480698264489],[11.918998131832947,45.439546587649041],[11.918918238368356,45.439596517345109],[11.918846036834381,45.439639409349027],[11.918796333005723,45.439667324029358],[11.918623230882897,45.439759422453939],[11.918432905480362,45.439859702052715],[11.918337943337621,45.439910016628858],[11.91827256495854,45.439943912608449],[11.918221028979818,45.439968543425707],[11.918129171334476,45.440007166870409],[11.918068355384827,45.440032844983051],[11.918004430523048,45.440060222764039],[11.917935253778795,45.440089895066023],[11.917875475599404,45.440113386250545],[11.917835673862671,45.440127545530217],[11.917760226425989,45.440152157315936],[11.917678006539553,45.440176852159198],[11.917672088414122,45.440178623661104],[11.917607028607444,45.440196398917145],[11.91740258333447,45.440246090769271],[11.917342970336586,45.440260396200102],[11.917253153791735,45.440281594398932],[11.917162469024989,45.440300834446802],[11.917101662829243,45.440311839792749],[11.916984712664465,45.440330040735205],[11.91688581867025,45.440343819586566],[11.916766586317724,45.440359918332668],[11.916678388593384,45.440370363250118],[11.916608790339573,45.440377002375271],[11.916583576474975,45.440378996845411],[11.91652023311557,45.440382955743125],[11.91629098287981,45.440390523589627],[11.916265567148894,45.440391082950804],[11.915972874530325,45.440393250132288],[11.91582184548934,45.440392787839549],[11.915677177974306,45.440391712781647],[11.915326570921954,45.440389056841127],[11.915012546384247,45.440371783684185],[11.914865309100032,45.440367982844386],[11.914785925700345,45.440365869518622],[11.914507173378757,45.440343283617253],[11.914174517865941,45.440306861208349],[11.914113085811303,45.440305729282201],[11.913966423727381,45.440290751074528],[11.913656247559119,45.440253843270234],[11.913204915129022,45.440184712570861],[11.912710635355191,45.44012576729326],[11.91229532105622,45.440058324203456],[11.911393755018535,45.43991642171757],[11.91136267554314,45.439911273653941],[11.910906530086084,45.439845407045667],[11.910850302525409,45.439838559870154],[11.910656016500809,45.439817410911999],[11.910506222366788,45.43980115793633],[11.910324642951904,45.439780944573172],[11.91021806839805,45.439769710039954],[11.910092335272976,45.439758873858985],[11.910086045932797,45.439758404124532],[11.90988091089606,45.439744725128165],[11.90968672471292,45.439299120015583],[11.909663720506058,45.439215901415537],[11.909616707884037,45.439105729466839],[11.909578304457053,45.439023180635267],[11.909504088001626,45.438853998751952],[11.909456305918855,45.43874757285468],[11.909442487667215,45.438720115790574],[11.909346438338082,45.438528818925221],[11.909320478071772,45.438477157391176],[11.909229037707927,45.438342324664362],[11.909084985950322,45.438133699524762],[11.90905027956417,45.438087659775356],[11.909029330410661,45.438060586929289],[11.908891373624041,45.437883064766055],[11.908773207089721,45.437731300080223],[11.90868517961654,45.437593689463306],[11.908679355801196,45.437584936558679],[11.908644318534161,45.437530533071552],[11.908621272830734,45.437494182001082],[11.908617629997091,45.437488706670621],[11.908611258396006,45.437480464589399],[11.908583313506865,45.437444415680204],[11.908568426825815,45.437425208355208],[11.908548830256004,45.437400262146838],[11.908496655756323,45.437332483821073],[11.908393294877847,45.437290923360294],[11.908316672862542,45.437304980585843],[11.907866690990108,45.437399860630002],[11.907773313440348,45.437386882506985],[11.907715694768024,45.437326919665324],[11.907619415317974,45.437045256633311],[11.907281171785678,45.436193845559217],[11.907205175942535,45.435988453189672],[11.907178662783247,45.435896982889759],[11.907208581387303,45.435842469100436],[11.907389813929619,45.435761065166197],[11.907495784466207,45.435700774145737],[11.9075253085943,45.435638592269839],[11.907462525804592,45.435463396553132],[11.907419679006429,45.435365794868808],[11.907406794141664,45.435337630577976],[11.907289709653464,45.434980375529342],[11.907162659660242,45.434630386128134],[11.907139057103876,45.4345617561073],[11.907044046887146,45.434433326855036],[11.906856066650894,45.434228669205545],[11.906725054736381,45.434084070408325],[11.906557597730984,45.433944841641164],[11.906500425107348,45.433988858049183],[11.906334050632404,45.434116762483903],[11.906197489848056,45.434214554550266],[11.906097575824468,45.434264247842357],[11.905895137707084,45.434327611970502],[11.905752850716452,45.434360533381422],[11.90558349635246,45.434402185353562],[11.905479305403693,45.434415813723447],[11.905273857707304,45.434404383804825],[11.905234800946021,45.434397929412299],[11.904980842412149,45.43435557140878],[11.904899376143188,45.434341403853793],[11.904812879233514,45.434324724206618],[11.904472194652152,45.434259014973712],[11.904426799969913,45.434250554985461],[11.904232597718353,45.43422017838104],[11.904134403810522,45.434216888134372],[11.903921411204934,45.434214270027255],[11.903645067530306,45.434292669316889],[11.903368499872874,45.434382588908697],[11.903333665085476,45.434393902017895],[11.903160539454081,45.434452040258961],[11.902829210735653,45.434569184909783],[11.902736727512155,45.434561786781252],[11.902725822460196,45.434560998364496],[11.902671052593787,45.434556574618775],[11.902548538667958,45.434470992930628],[11.902491331128793,45.434306403755194],[11.902438259390292,45.4341541175787],[11.902417707393711,45.434101124259882],[11.902248881639295,45.433679485092085],[11.902222416133355,45.433614584046119],[11.902094470729205,45.43328960274809],[11.901983769894247,45.433132387109424],[11.901854653014603,45.433085640039558],[11.901695173159,45.433050836151388],[11.901465232338557,45.433012483659148],[11.901385342447321,45.432981307994218],[11.901384791480709,45.432979364231159],[11.901384120996948,45.432977009449417],[11.901383194806758,45.432973781747073],[11.901382461745724,45.432971154018375],[11.901381590725533,45.432968079734856],[11.901380695589092,45.432964934054468],[11.901343252525171,45.432836439086984],[11.901294831400113,45.432662712014292],[11.901128199593195,45.431947714617849],[11.901091508590751,45.431768931238985],[11.901042544746776,45.431557502654556],[11.901033524240514,45.431515138078218],[11.900965854475746,45.431329655686049],[11.900857985222132,45.431019905819575],[11.900801751251693,45.430824432946956],[11.900717746447071,45.430347991009455],[11.900698598217721,45.430229373269682],[11.900661566445033,45.430018525166311],[11.900583863598541,45.429570553165128],[11.900534018564366,45.429277154421655],[11.900411237177437,45.429031146316923],[11.900248741464807,45.42876831304924],[11.90005560137385,45.428422636645564],[11.899941947071421,45.428240554242294],[11.899711390066374,45.427888491864508],[11.899844072822471,45.427531200358395],[11.899907474221338,45.427367624851478],[11.90008606536078,45.426837558000173],[11.900157224400726,45.426535032000551],[11.900246899774984,45.426158112757314],[11.900291381242992,45.425983862512489],[11.900311942565914,45.425905562117713],[11.900408412364023,45.425533848309492],[11.900415872720915,45.425505443439874],[11.900420602308527,45.425487158748815],[11.900422644584921,45.425479343280728],[11.900426123663481,45.425465990642572],[11.900608903813554,45.424537747202116],[11.900621364015908,45.424470023840598],[11.900648541352179,45.42433115239065],[11.900719848394434,45.423965077891658],[11.900782699205122,45.423663603241934],[11.900798981990151,45.423587045196371],[11.900821816675574,45.423484268330789],[11.90082693055794,45.423461266200057],[11.900849046713619,45.423361405989347],[11.900873278383502,45.423252594276214],[11.901077558592705,45.422480801309234],[11.901231089134995,45.421704392156975],[11.901284281425342,45.421482374516053],[11.901392044294136,45.421030638641206],[11.901532299320992,45.420190550408428],[11.898665436605906,45.419639326262811],[11.896266693232295,45.419180201568935],[11.895613151173833,45.419054782156628],[11.895096914051328,45.418908736228822],[11.894363808559564,45.418701089513839],[11.892487212613579,45.418169792325081],[11.889656536545925,45.417478131000578],[11.888027134119588,45.417401454167461],[11.885150409035935,45.417256595460387],[11.885220791291276,45.416831688283132],[11.885262374085071,45.416623892819246],[11.885040042951424,45.416169768422613],[11.884898509522003,45.415878525071903],[11.884643599046754,45.415586567148644],[11.884275071279093,45.415453994440114],[11.884169029683417,45.415181433716022],[11.88513090359837,45.41491067280645],[11.886257819159615,45.414501317455063],[11.889024644982502,45.413506951538942],[11.894118279454361,45.411630941901926],[11.896576082533496,45.410720550688026],[11.898907254172661,45.409861164256839],[11.899325809680937,45.409706191464238],[11.900444574038525,45.409294303761008],[11.901156203525481,45.409028087326277],[11.902079792952751,45.408739435258326],[11.901949264040704,45.408329217102398],[11.90153256450963,45.407728643086465],[11.901452905307069,45.407539060891771],[11.901280199090984,45.406594716890162],[11.901099390390206,45.405704407827905],[11.901477505322497,45.405711427245549],[11.903566421638489,45.405772334405114],[11.905326216195283,45.405815937661309],[11.906725022239206,45.405921732176843],[11.908115765694108,45.406074419816854],[11.909687317596344,45.406378217623441],[11.910763215457909,45.406533240601455],[11.913180978355438,45.406515161511379],[11.915582413758486,45.40656377492234],[11.917998283148812,45.40655522651987],[11.919230896408211,45.406541437021104],[11.920455786872845,45.406623617872874],[11.920847549502213,45.406649848364111],[11.921603793245605,45.406675749607679],[11.923921855631722,45.406722767644624],[11.926834200760997,45.406763961954773],[11.932499542722411,45.406843135685456],[11.932501663260107,45.406985069001024],[11.932804918495027,45.406995279594902],[11.933149545756446,45.407009826942861],[11.933294754833332,45.40701806685329],[11.933340092244295,45.407022482460391],[11.933421864775902,45.407022271113519],[11.933551752469464,45.407028294103853],[11.933594776064121,45.407029978686829],[11.933605150276824,45.407030432143543],[11.933690049033292,45.40702149903467],[11.933764986127104,45.407022543287688],[11.933869255469409,45.40702985449839],[11.933944975935404,45.407038619586757],[11.934085548109945,45.407041216872564],[11.934248115084285,45.407046579006476],[11.93443135413724,45.40705383977474],[11.934546231605763,45.407058717326848],[11.934667258854354,45.407056505663796],[11.934743051051317,45.407051856488351],[11.934811854103339,45.407045496710232],[11.934873282478728,45.407047247637671],[11.934932363505542,45.407053019450437],[11.935023893622612,45.407056156550581],[11.935091476380546,45.407050908135773],[11.935123423289102,45.407043515667425],[11.935187152404673,45.407040346575059],[11.935282052162236,45.407037564890629],[11.935290533637302,45.407116809061833],[11.93529367328172,45.407140401652505],[11.935294504451653,45.407153972191331],[11.935295851132789,45.407167232430609],[11.935298598209624,45.407194296104322],[11.935332880078061,45.407531938625667],[11.935365687688527,45.407777819615269],[11.93550338273997,45.408188336549451],[11.935530530763598,45.40828557209764],[11.935558057303657,45.408384265109291],[11.935568044973198,45.408420076302363],[11.935723504327862,45.40897352620587],[11.93576928338002,45.409144182863479],[11.935876977691448,45.409513255008825],[11.935902813195826,45.409597472379581],[11.93594405833081,45.409732420544735],[11.93598789740332,45.409875493118371],[11.935996370849354,45.409903359096731],[11.936004212629573,45.409928900994373],[11.936034051903665,45.410026247198182],[11.936038050605637,45.410039286181906],[11.936047283406499,45.410069472951072],[11.936074373497219,45.410158158636328],[11.936079438042396,45.410174500668106],[11.936045794002681,45.410205880420705],[11.936033430701386,45.410216369883095],[11.936114452615675,45.410480092981857],[11.936243757433807,45.410856709932204],[11.936292319101135,45.411009148208073],[11.93633018452201,45.411002190027894],[11.936521228207978,45.411576783495363],[11.936613689794514,45.411898360028196],[11.936819521292763,45.412062467757018],[11.936897148223858,45.412085673859885],[11.937019925231796,45.412116989390768],[11.937092923862268,45.412134733675643],[11.937131985594142,45.412136338850715],[11.937215112806058,45.412142390809315],[11.937226436902661,45.412104474114919],[11.937235587135282,45.412139824229001],[11.937243378906135,45.412169927360935],[11.937340691856472,45.412382913229109],[11.937531281709745,45.412723656616805],[11.937558772586206,45.412785507846827],[11.937567771361886,45.412821011250365],[11.93754937041953,45.412880173065489],[11.937514375229243,45.412902766778892],[11.937461993157399,45.412920317190007],[11.937400032926853,45.412933073373651],[11.937335354651298,45.412952560406765],[11.937384034550691,45.413070574313856],[11.937569319959758,45.413456820477307],[11.937572463640633,45.413463220474867],[11.937637013573216,45.41359396765251],[11.937985895509472,45.414300497776736],[11.938255821351014,45.414847306772899],[11.938271097021881,45.414878147893617],[11.938271986417433,45.414897747742351],[11.937755164952392,45.414969559562358],[11.937574083775377,45.414989612418189],[11.937414495078299,45.415005151303703],[11.937242174525517,45.415036409766699],[11.936763446439723,45.415081313139638],[11.936481100089086,45.415107930347972],[11.936428062931922,45.415112895368807],[11.936031935814402,45.415234971620947],[11.935919726276479,45.415269542457992],[11.935909221404145,45.415303567392044],[11.935909876454188,45.415306340932425],[11.935941536917221,45.415438745155498],[11.935959836487122,45.415515595240805],[11.935996063974686,45.415667054646079],[11.93594499318262,45.415677909689606],[11.935865490392695,45.415692556480479],[11.935738387946673,45.41571598860633],[11.934967544449737,45.41585814016949],[11.934823179625878,45.415588034087371],[11.934808133017601,45.415613354467915],[11.934802534876653,45.415621239495202],[11.934787440631613,45.41564071028013],[11.934759443187943,45.415670144185547],[11.934655723785552,45.415752652198911],[11.934633891679209,45.415767885589041],[11.934610297776649,45.415781183996444],[11.934588153455403,45.415790394562606],[11.934558506534515,45.415800338098812],[11.934527476070221,45.41580824690989],[11.934489733949315,45.415814888070244],[11.934465065660588,45.415817322548584],[11.934433316791107,45.415818768898752],[11.934401583733221,45.415818054531712],[11.934364582143067,45.41581432516567],[11.934334370425375,45.415808440950634],[11.934304685076864,45.415800382893487],[11.934265356141269,45.415786271869337],[11.934195468841557,45.415749723177214],[11.934180461721906,45.415741287742748],[11.934131074650299,45.415713123242568],[11.934107556887541,45.415700766004143],[11.934078121280589,45.41568766076351],[11.934061822005528,45.41568141883225],[11.934045049458712,45.415675909165422],[11.934042733372129,45.415675608653366],[11.934028444627119,45.41567363563756],[11.934006844302647,45.415676081163369],[11.934013934389025,45.415726575985659],[11.934028463053483,45.41582935692108],[11.934045450510412,45.415949987148835],[11.934054130142378,45.416011422639336],[11.934062015062116,45.416067387791088],[11.934063609189872,45.416078418357976],[11.934103631304842,45.416362369319494],[11.934149273077095,45.416685691307009],[11.934158099249284,45.416747483066963],[11.934159579760065,45.416758786590066],[11.93416521760701,45.416798517221608],[11.934235581974994,45.416799858751162],[11.934357501229712,45.416802125131248],[11.934451912932326,45.41680383842656],[11.934949441472051,45.416813098976185],[11.935264793154133,45.416818941428815],[11.935266552469313,45.41683068783037],[11.935268174824994,45.416842257728959],[11.935271156735768,45.416862793920096],[11.935239590816742,45.416897360413152],[11.935201524922974,45.416944605800744],[11.935218807447793,45.4169451514908],[11.935616538045506,45.416834018394084],[11.935612428106005,45.416823772657388],[11.935825284377714,45.41676321007192],[11.935899965258072,45.416744276728991],[11.936089823222055,45.416696186882959],[11.936279455300934,45.416646212267182],[11.93666786344655,45.416542696352764],[11.936906839478786,45.416483079919701],[11.93697515879918,45.416474570996328],[11.937010642072256,45.416473657930915],[11.937025459809185,45.416483358041518],[11.937041441726034,45.416517961674899],[11.937056028974347,45.416552781219778],[11.937363033801134,45.417301796375114],[11.937347659385043,45.417303542231004],[11.937503249378048,45.417661568474593],[11.937512343629736,45.417676726565254],[11.937536189418159,45.417830844433595],[11.937530870491299,45.417831791439838],[11.937536518480941,45.417847038224608],[11.937543749895383,45.417882947144136],[11.937938380580459,45.41803220205054],[11.938067637212413,45.418064969874521],[11.938487188998467,45.418164884573315],[11.939685067120221,45.418394264756486],[11.939877419348779,45.418431076217807],[11.940618674795608,45.418525936761661],[11.940989754779926,45.418573443584201],[11.941060867127147,45.418613737060895],[11.941247353059337,45.418719646985295],[11.941318735067798,45.418760203389112],[11.941362854451747,45.418785260066635],[11.941386482634543,45.418814445305557],[11.941483725967597,45.418934536316087],[11.941532338449953,45.418994402001246],[11.941384052163341,45.419183844722895],[11.941274093633057,45.419330233091891],[11.941284451813708,45.419367231355757],[11.941311720325242,45.419464012228609],[11.941328012673859,45.419521740472916],[11.941331941774481,45.419535861200245],[11.94141004940577,45.419814057349328],[11.94142210614979,45.419856682614615],[11.941437318384612,45.419910838174779],[11.941457233507727,45.419981704876733],[11.94148325261032,45.420074107286098],[11.941495646587832,45.42006910722057],[11.94155686180758,45.420268167518316],[11.941534510180762,45.420396381338186],[11.94161204427607,45.420491326592099],[11.941597567353108,45.420493139901907],[11.94159813399547,45.420494205448364],[11.941602780766981,45.420502456854003],[11.941635152531342,45.420559680623789],[11.941655850572799,45.420596412359053],[11.941679632490622,45.42063837534775],[11.941680619448601,45.420640150161113],[11.941682499932343,45.42064190194526],[11.941815527350261,45.420766741153884],[11.941837942412842,45.420794697384707],[11.94186132110546,45.420823978961423],[11.941910667379446,45.420885625809014],[11.942028469976288,45.421007706751894],[11.94203505792038,45.421011497489232],[11.942052586341319,45.421021667145041],[11.94214115945133,45.421073211484796],[11.942188083121378,45.421100535875169],[11.942429029331295,45.421312154860168],[11.942533529004635,45.421389751987967],[11.942566747786673,45.421409148392314],[11.942599465344991,45.421428737734288],[11.942978104665244,45.421731858764183],[11.943051991243665,45.421759027637741],[11.943117020148188,45.421783004391536],[11.943294548090638,45.421831893961638],[11.943475625084885,45.421931818837024],[11.943608527451982,45.422031995732375],[11.944027813909585,45.421866809090197],[11.944087135038881,45.421915534737117],[11.944897523972474,45.422581160947743],[11.944869774319391,45.42259291336255],[11.944798787965871,45.422633810310863],[11.945114861468332,45.422910814578898],[11.945120886421211,45.422916059864406],[11.945232746158243,45.423024428890862],[11.945387219715869,45.423180394892398],[11.945412447213103,45.423205847498295],[11.94585409696543,45.422938543845142],[11.946312580034698,45.42264109980556],[11.94640255926949,45.422665510762947],[11.946409743830262,45.422668475732749],[11.946407857148699,45.422669064512156],[11.94680208616389,45.422932254868385],[11.947339309724754,45.423314888503185],[11.947473388766273,45.423408009518901],[11.947477363448428,45.423410697263577],[11.947516817083081,45.423382854672511],[11.947567361436542,45.42334707458771],[11.947814721762898,45.423138878205705],[11.948196546610838,45.422847186949902],[11.948278803826746,45.422801856168718],[11.948459622744556,45.422732196214952],[11.948593457421701,45.422680762138945],[11.948805101444275,45.422599233755903],[11.948864595997538,45.42257825394416],[11.948931126503588,45.422554932013426],[11.949045853705654,45.422517042896523],[11.949324345000251,45.422447738268033],[11.949360814198844,45.42243869475616],[11.94941456996985,45.422425333989629],[11.949549339888211,45.422401688487412],[11.949593802926637,45.422393968533342],[11.949698089068592,45.422378941725754],[11.949936813526943,45.422370701662764],[11.950107212937313,45.42239303114355],[11.950136232790177,45.422400472194141],[11.950307109279301,45.422444212023727],[11.950339396530152,45.422450578425696],[11.95041719166939,45.422469270325422],[11.950505211759554,45.422490398224923],[11.95059212992563,45.422512454668052],[11.950654245297358,45.422527051125293],[11.950704637907851,45.422537449986613],[11.950969527773729,45.422587309488222],[11.951192880005804,45.422627440910908],[11.95140170496472,45.422665967277077],[11.951415125870872,45.422668410617661],[11.951509482233455,45.422688473767643],[11.951624577825559,45.422711601012807],[11.951707374045748,45.422723231736626],[11.951900488910706,45.422752172082326],[11.95196728890962,45.422758545538507],[11.952149894041694,45.422777135803933],[11.952207483005212,45.422776006288096],[11.952267506694715,45.422774993790938],[11.952308307842731,45.422773038285577],[11.952402474558458,45.422762501346206],[11.952515609510064,45.422750483514314],[11.952687924001953,45.42274332550258],[11.952865193337022,45.422735588978419],[11.953311919794082,45.422737802533113],[11.953552399814486,45.42273869074576],[11.953790430025428,45.422741622126345],[11.954049680997285,45.422749494541613],[11.954092953321631,45.422750804901426],[11.954100165447294,45.422756739086161],[11.95395254255385,45.423670496304716],[11.953887080802447,45.423871028129028],[11.953564097350908,45.424709301873939],[11.953499777685918,45.424897472180959],[11.953389443984946,45.425181256219709],[11.953378728689204,45.42520862724799],[11.95336716570325,45.425239350671951],[11.953359394160294,45.425259444526958],[11.953321998877124,45.425356095427674],[11.953289110293388,45.425438677767957],[11.953259040441951,45.425518936851269],[11.953248608483966,45.425546840609556],[11.95320372566173,45.425661687702714],[11.953203616768107,45.425662050570203],[11.953089145300721,45.425952332236157],[11.952902413371397,45.426425678416308],[11.952829069168953,45.426477712884633],[11.951744507523658,45.427386088471685],[11.95157523676813,45.427481288529187],[11.951334095815715,45.427708324763636],[11.950919545813983,45.428095925581097],[11.9505504657213,45.428453455433285],[11.950275749086549,45.42873545483473],[11.950039494085345,45.428926447024786],[11.949611263486988,45.429250577785751],[11.949337882532781,45.429459299055218],[11.949237525462841,45.429496001592447],[11.94919252444952,45.429541067053648],[11.948564226082254,45.429995390512993],[11.947768513229663,45.430507411714466],[11.947057642231734,45.430964849470847],[11.946641499697256,45.431232039034079],[11.946431693398873,45.431366713173432],[11.946198454781701,45.431495780924294],[11.945132185213236,45.432300106395239],[11.945054808240471,45.432358450722667],[11.944180918738722,45.432978588414329],[11.943462513972202,45.433488945135807],[11.942775207231254,45.433997685384035],[11.942403943332177,45.43424362947011],[11.941897912381728,45.434629504788418],[11.941367750886064,45.434949750593113],[11.940866669420167,45.435271224913166],[11.940284362302874,45.435648616869209],[11.939685223346464,45.435935976931376],[11.939330767580209,45.436117119190406],[11.938990397154653,45.436261802701964],[11.938260435666832,45.436546402936841],[11.937876015181507,45.436697257773197],[11.937505181277396,45.436816797395515],[11.937313389037721,45.436873220338569],[11.936983700725433,45.43697018643261],[11.936488177883085,45.437118764686126],[11.935841499960004,45.43727419927189],[11.935375100177858,45.437356013933517],[11.935235991323321,45.437380414864442],[11.935168644751093,45.43738844762624],[11.934751719968617,45.437437963779907],[11.934375412645661,45.437466991519941],[11.934111402118161,45.43746720774984],[11.933893902431798,45.437459476904614],[11.933582875300852,45.437435696998989],[11.93322157547083,45.437379363571793],[11.932753623736538,45.437285623944099],[11.932109490302818,45.437137630427578],[11.93166604878768,45.437018413283617],[11.93096367864309,45.436829603300787],[11.930688938842865,45.436773199328506],[11.929883944679871,45.43670358364264],[11.929359828616883,45.436712625654053],[11.928897882323209,45.436734651936305],[11.92843832844836,45.436751034199126],[11.92764197243544,45.436796396820249],[11.927438124626399,45.436820167844985],[11.927161835881488,45.436852367222144],[11.92714914628222,45.436853848412646],[11.926780449037985,45.436896892252769],[11.925771349102636,45.437083345403103],[11.925583521049925,45.437117773979601],[11.925357371816864,45.437170196744681],[11.925305030565093,45.437181619608062],[11.92524952968572,45.437193753511281],[11.925145977648027,45.437216210094],[11.924999432057392,45.437230587115728],[11.924932322882983,45.437235817360381],[11.924884060078465,45.437239574481119],[11.924786327300714,45.437248469779398],[11.924690096395329,45.437254266091244],[11.924604126588964,45.437255748846027],[11.924489951906722,45.437253273569809],[11.924357295293872,45.437251901792848],[11.924332939804099,45.437253155889074],[11.924014104625092,45.437234050528112],[11.923731136021585,45.437233558211219],[11.923536960393418,45.437236731711032],[11.923341380180432,45.437239940854305],[11.923162383204703,45.437259737284364]]]},"properties":{"OBJECTID":6,"CONSULTE_2018":"3A","ZONA":"STANGA - SAN LAZZARO - MORTISE - TORRE - PONTE DI BRENTA"}},{"type":"Feature","id":7,"geometry":{"type":"Polygon","coordinates":[[[11.972660271479251,45.406176807748402],[11.972593119460354,45.406185307693811],[11.972488898616851,45.406198463549295],[11.972454623083491,45.406202776701001],[11.97217102260467,45.406238426359856],[11.971799955522298,45.406285084034522],[11.971399182467433,45.406335484302758],[11.971033955800488,45.406381447352302],[11.970668856093752,45.406427405925641],[11.970485415075212,45.406450452973488],[11.970224899399687,45.406309882137869],[11.970052231200825,45.406216711741479],[11.969757545682127,45.405675482221952],[11.969752872622831,45.405666782567174],[11.969745666908704,45.405653648175111],[11.969615856239598,45.405415161548667],[11.969520895575632,45.405422132910658],[11.969513002668361,45.405422698318922],[11.969433057426105,45.405428468822024],[11.969389031231129,45.405436905284276],[11.969344815428759,45.405449037184631],[11.969337130245636,45.405451127392951],[11.96907522861026,45.405522840005617],[11.968814782584039,45.405590643604469],[11.968546186952379,45.405663879312264],[11.968464093061511,45.405684737146316],[11.968400290906589,45.405698638271687],[11.96835095694308,45.405705772173633],[11.968281985588153,45.405711256462105],[11.967058812881165,45.405759533410617],[11.966634672148096,45.405783430561101],[11.966462349850762,45.405794300447205],[11.966266242924936,45.40581460947103],[11.966141188047139,45.405825240548886],[11.965998311033561,45.405832284062996],[11.964388950169777,45.405867974386553],[11.96420359545291,45.405883769993729],[11.9638452262766,45.405914319748156],[11.963830168201756,45.405914710777623],[11.963678056106355,45.405918660726947],[11.963391167416486,45.405815844327705],[11.963305118593624,45.405805116649354],[11.963299957726946,45.405804170490278],[11.963232085094052,45.405779378918545],[11.963194223886655,45.40575668854752],[11.96314576945217,45.405722031455177],[11.963114869826926,45.405700510511572],[11.963032858045787,45.405669244929925],[11.962982281099642,45.405655075759327],[11.962564621962422,45.405541520081464],[11.962051182436912,45.405392373260554],[11.961400510107765,45.405191967194199],[11.961114409910646,45.405101636368101],[11.960629193611808,45.404952020940996],[11.960601471765406,45.404944818920278],[11.960590659363275,45.404940868791797],[11.960576771432271,45.404917195638788],[11.960433763810613,45.404628363706657],[11.960383787684647,45.404540097315383],[11.960378152412773,45.40453007204249],[11.960374348408113,45.404528190429531],[11.960359216221722,45.404524712375107],[11.960202786365313,45.404563334570305],[11.9601851091537,45.40456739355816],[11.959698519013729,45.404687217912397],[11.959451437542896,45.404746822431548],[11.959444801115099,45.404734752779568],[11.959433356278641,45.404713806533294],[11.959318769859706,45.404494356170389],[11.959307836298564,45.40448563838649],[11.959294959696919,45.404464189172614],[11.958966711615131,45.403909399871289],[11.95872577769112,45.403502037354734],[11.958590137569178,45.403532557331609],[11.958155573278457,45.403664888448844],[11.958132431737665,45.403671969152299],[11.957851493539948,45.403748740012752],[11.957774385823983,45.403764780265583],[11.957445475715609,45.403803817783107],[11.957287114794445,45.403810351467243],[11.957282908462926,45.40381055046857],[11.956942845812376,45.403831782941658],[11.956788584212743,45.403845860811991],[11.956675667363564,45.403871109167326],[11.956510829571943,45.403920025531946],[11.956392238878269,45.403976114923964],[11.95635370442786,45.403994305499332],[11.956125991326218,45.40408715589821],[11.956082089667982,45.4041004446809],[11.955850523057077,45.404170891149249],[11.95546388458502,45.4042913492842],[11.955265269648608,45.404332137209956],[11.954900977530839,45.404373973778206],[11.954645277662378,45.404417858746832],[11.954523422620014,45.404428574264053],[11.954474581375433,45.404430468664359],[11.954472892634465,45.404422591258594],[11.954464743056972,45.404403539492932],[11.95419544481277,45.404448855608706],[11.954123855998404,45.404462950284739],[11.954003478426175,45.404477497551852],[11.953908342853323,45.404493371687586],[11.953754683266457,45.404519041508223],[11.953656625570868,45.404537691438762],[11.953527515101818,45.404571006820838],[11.953447238117025,45.404587576218184],[11.953376683853952,45.40460191369138],[11.953046602082431,45.404652940509962],[11.952936072057183,45.404670112265833],[11.952410072150291,45.404745108618016],[11.952035901196492,45.404798533165582],[11.95203784593539,45.404803973642011],[11.952041145322593,45.404813339640924],[11.951906272861478,45.4048342004332],[11.951771655512882,45.40485505446788],[11.951459835125798,45.40490101375552],[11.951009146700841,45.404989268245728],[11.950967170016545,45.404995394278309],[11.950929053179664,45.40499466954585],[11.950873903295783,45.404993215014173],[11.950836275789442,45.404987166848819],[11.950770450941253,45.404952503524605],[11.950740122874405,45.404922233215302],[11.950673322623388,45.404812434428806],[11.950605111868052,45.404687819966576],[11.950534619630604,45.404531669974361],[11.950518751592362,45.404526319368784],[11.950509518067275,45.40452322759522],[11.950489210640358,45.404520962168576],[11.950115853759693,45.404590021580766],[11.9499503359146,45.404621123501258],[11.94983114025935,45.404641216599146],[11.949713574272678,45.40465334633523],[11.949642383228026,45.404662837264866],[11.949575027544569,45.40466745835883],[11.949554032967868,45.404659359696417],[11.949498776835345,45.404520907878926],[11.949372910745284,45.404157718660556],[11.949352018100544,45.404097589968941],[11.949316567769612,45.403973838402585],[11.949299544613673,45.403907038780389],[11.949278454576014,45.403779315611786],[11.949265341995682,45.403699273073066],[11.949256434379425,45.403631273594584],[11.949240149374297,45.403441227450536],[11.949233158737252,45.403405132955164],[11.949222718047075,45.403369037595311],[11.949200083210625,45.403287710881607],[11.949190994980496,45.403240779042513],[11.949193798560668,45.403201371031955],[11.949202719334972,45.403149383196855],[11.949206834186848,45.403105710703834],[11.949195695622256,45.403029217652005],[11.949194335772916,45.403008009782852],[11.949182212680141,45.402981319215314],[11.949156246807901,45.402926812345932],[11.949141206071106,45.402912798947547],[11.949113727726608,45.402905317801114],[11.949081913009206,45.402902899394896],[11.949038422858264,45.40290447317534],[11.94894839845478,45.40291787077819],[11.94889811433328,45.402933752044277],[11.948855486824653,45.4029396240784],[11.948623576766789,45.402942195130542],[11.948476283076307,45.403016480283533],[11.94857272833911,45.403227048900078],[11.948579272701126,45.403257034099447],[11.948569350216779,45.403279973648452],[11.948551048141207,45.403294128400923],[11.948484389959466,45.40331457307461],[11.947804307459011,45.403537098858408],[11.947638659045252,45.403612307037506],[11.947378755874624,45.403715422618447],[11.947328175329279,45.40373545142954],[11.947139190814379,45.403814051884709],[11.947005054389662,45.403863781958307],[11.946906235737071,45.403897297827903],[11.946901461459765,45.403898861300902],[11.946657597478245,45.40397383718652],[11.946384635372995,45.404054424405473],[11.946360598821659,45.404061525820801],[11.94600822962348,45.404153343277152],[11.945914414067506,45.404179888179257],[11.945686608361131,45.404244276066315],[11.94564749835194,45.404253926662875],[11.945552119792719,45.404277451172135],[11.945484624903214,45.404294135145506],[11.945428228694389,45.40430801230486],[11.94529588579584,45.404340681671819],[11.945249458444293,45.404352141186855],[11.945085592976413,45.40439048442996],[11.944706863185999,45.404479197512735],[11.944665065098533,45.404486306755508],[11.94454527745604,45.404515099423271],[11.944620121754733,45.404659030518637],[11.944637408701977,45.40469413954763],[11.944645179736293,45.40470843110554],[11.944673272278008,45.404700685332799],[11.944726959244949,45.404787062601805],[11.944738132318413,45.404802886608273],[11.944782558147827,45.404885632244408],[11.94478383284129,45.404888029699549],[11.944790976648562,45.404900087112317],[11.944835619055942,45.404984537380486],[11.944853588742927,45.40500819714515],[11.944859230704125,45.40501840303628],[11.944755621661301,45.405050780454346],[11.944615282848568,45.405094366837936],[11.944526558722638,45.405123029554389],[11.944511110239192,45.405128198776133],[11.944365532863717,45.405174260328579],[11.944355601111726,45.40517739694603],[11.944231781054732,45.40521920652845],[11.94401216176972,45.405296161681903],[11.943801406070889,45.405369107265805],[11.943811594256648,45.405356152697514],[11.943774292383853,45.405312108438288],[11.94372668557282,45.405278771421905],[11.943624711631703,45.405207410996127],[11.943563623724259,45.405184174474144],[11.943495977874251,45.405206320430374],[11.943260221475192,45.405253085980164],[11.943102855685286,45.405298549783076],[11.942983271700063,45.405328457110492],[11.942901350111287,45.405352802571137],[11.942847560269829,45.40536031035689],[11.942777736336117,45.405364180957285],[11.942714820453578,45.405363282758913],[11.942645442907711,45.405356070206125],[11.942617178280555,45.405350678059143],[11.942578200430745,45.405343221777997],[11.942506424528265,45.405324279308999],[11.94225252358196,45.405233341045928],[11.942154626307495,45.405205980441693],[11.942073222268608,45.405188636081711],[11.942020643043209,45.40518009000899],[11.942005955225222,45.405177768228604],[11.941852376038135,45.40516822494665],[11.941747398292277,45.405164449796487],[11.941394418132399,45.405183268400229],[11.941230331193744,45.405190377388379],[11.941202877554804,45.405188294461837],[11.941061379524719,45.405177628674338],[11.94097557785531,45.405164177382773],[11.940868388949326,45.405137505158031],[11.940796858301827,45.405106043526217],[11.940739168966378,45.405070444690381],[11.94059098401102,45.40496543726475],[11.94040588549155,45.404791800808319],[11.940296193666029,45.404684901186506],[11.94023704154886,45.404629455069866],[11.939921083577996,45.404459437242707],[11.939885926436688,45.4044435689515],[11.939684351460389,45.404349611907705],[11.939626779991464,45.40432364083096],[11.939532723861886,45.404274215938578],[11.939432342549358,45.404206321234078],[11.939341818706769,45.404133851970336],[11.939229090580678,45.404034860614885],[11.939222876440363,45.404023751949609],[11.939215900052565,45.404014255238344],[11.939196252758492,45.403986015631546],[11.939130583649888,45.403894727172045],[11.939063272171513,45.403806627810589],[11.939038316751397,45.403773875706413],[11.938928183725757,45.40364853350934],[11.938883661445391,45.403568668474307],[11.938819913308397,45.403536915191516],[11.938760567907396,45.403501357989747],[11.938740252248696,45.403491529612126],[11.938697660188312,45.40347102320289],[11.938593763106052,45.403426441559375],[11.938574564625617,45.403420904999535],[11.938561981430066,45.403417268410493],[11.938491410679088,45.403396852178098],[11.938361045221804,45.403369154054971],[11.938302767785872,45.403361563077858],[11.93828573529821,45.403360831395204],[11.937658849884542,45.403422334517053],[11.937400590798667,45.403454004918963],[11.937401603655731,45.403478462312883],[11.9373788177032,45.403480128884148],[11.937178799427919,45.403484196200289],[11.937154832816903,45.403484951576843],[11.937022653347775,45.403489114501568],[11.937028335658567,45.403598693788609],[11.937016195938439,45.403596215782486],[11.936955651177378,45.403586792193622],[11.936910563971034,45.403579761217948],[11.936828396838125,45.403577194831612],[11.936766069643818,45.403575288061766],[11.936740090511449,45.403574516311075],[11.936675737481909,45.403573806578898],[11.936627601391942,45.40358353149513],[11.936613218896973,45.403584621647134],[11.936599096279519,45.403585795123675],[11.936399951457702,45.403596859591168],[11.936147422337955,45.403610917266128],[11.935957833984185,45.403621465081393],[11.935361858934826,45.403660647394524],[11.93512024493854,45.403821232817677],[11.934769928890436,45.404054102643165],[11.934707828532627,45.404063980579963],[11.93456166765008,45.404086551292636],[11.934486493239085,45.404098115447347],[11.933451224222646,45.404258576899252],[11.932898282813353,45.404344257006571],[11.932699019132661,45.404375300876751],[11.932585315478153,45.404392984494166],[11.93251851132127,45.404403342145734],[11.932532793254667,45.404469404574144],[11.932546898352212,45.404591279421197],[11.932568837908502,45.404780552509443],[11.932644397421072,45.405373595031058],[11.932681105799508,45.405618566511876],[11.932709894391753,45.405784620315885],[11.932726599830447,45.406055399305529],[11.932736932698667,45.406447409087718],[11.932756921955843,45.406618729671813],[11.932760044618197,45.406644483073798],[11.932769307286279,45.406727753431248],[11.932742690436788,45.406726390469231],[11.932639725841213,45.406719584779324],[11.932559271771757,45.406720571803305],[11.932497674250945,45.406718013860122],[11.932499542722411,45.406843135685456],[11.926834200760997,45.406763961954773],[11.923921855631722,45.406722767644624],[11.921603793245605,45.406675749607679],[11.920847549502213,45.406649848364111],[11.920455786872845,45.406623617872874],[11.919230896408211,45.406541437021104],[11.917998283148812,45.40655522651987],[11.915582413758486,45.40656377492234],[11.913180978355438,45.406515161511379],[11.910763215457909,45.406533240601455],[11.909687317596344,45.406378217623441],[11.908115765694108,45.406074419816854],[11.906725022239206,45.405921732176843],[11.905326216195283,45.405815937661309],[11.903566421638489,45.405772334405114],[11.901477505322497,45.405711427245549],[11.901099390390206,45.405704407827905],[11.901009695067074,45.405252991402342],[11.90076175808553,45.404656922688439],[11.900477761958761,45.40397643951399],[11.900268578869499,45.40346598061771],[11.900113706733329,45.403091634824591],[11.899914745390902,45.403122234715347],[11.898543563220686,45.403332930009803],[11.897805329271707,45.403459405838902],[11.897179283656389,45.403683640928115],[11.897171964396293,45.403686262455757],[11.896713669577133,45.403892590022643],[11.896319032698511,45.404040470006613],[11.896028280802849,45.404075951353157],[11.895666816896869,45.404028914655498],[11.895364401778437,45.403966327953391],[11.895108471966978,45.403902560465973],[11.894649976193724,45.40377835468766],[11.894015960490698,45.403602390035438],[11.893196679511103,45.403314018828311],[11.892642549045803,45.403009554651142],[11.892079074101041,45.402720484480128],[11.891255864448532,45.402405088824203],[11.889823716480883,45.40189112806496],[11.889224853186185,45.401682990714662],[11.889724604816422,45.401096403942184],[11.890616115657243,45.400154893406963],[11.891173276357094,45.399633118081866],[11.891307897120752,45.399411219235695],[11.891741376612172,45.398789756102772],[11.891922954982334,45.398643407159],[11.892582453500674,45.397833144184787],[11.892858197475126,45.397473466008037],[11.893383600748333,45.396856166406018],[11.893639286170158,45.396593985311107],[11.894083703991004,45.396106586046329],[11.894173170667758,45.396020553420563],[11.894744767189328,45.395450572266228],[11.895180267509179,45.395033932414755],[11.895814613085751,45.394590203777931],[11.896078152861904,45.394482118659674],[11.896374063141845,45.394395254728636],[11.896846472150791,45.394211329732855],[11.897599244622697,45.394126092908444],[11.898241442052143,45.393836452187003],[11.899957062639416,45.393369646921826],[11.901261121517496,45.392930913315922],[11.906285318626161,45.391339429031412],[11.908110559460587,45.390816806166917],[11.908343943265239,45.390731504184998],[11.908399042460932,45.390342141220174],[11.908226928877914,45.389914481365587],[11.908071227578928,45.389318875635688],[11.908016268527671,45.389223286159933],[11.907793270069984,45.388779287623414],[11.907723853546413,45.388401913792556],[11.907898251276455,45.38828268272659],[11.908219508492165,45.388063046460829],[11.907927772314492,45.38766791318973],[11.907377547066423,45.387121245452086],[11.906011148239683,45.386174844254306],[11.904636723892546,45.385070939016622],[11.903730840228883,45.384375611310922],[11.903180688085437,45.383828922157271],[11.905161838053944,45.38367338363431],[11.907218366971513,45.383533412581841],[11.911863856475067,45.383262560890735],[11.911926909165722,45.383259152000889],[11.912541262442172,45.383226013983219],[11.913380637668668,45.383177137634334],[11.914122233310374,45.383144433620551],[11.914435186130568,45.383131690184165],[11.915183130585863,45.383101229494699],[11.915601887101527,45.383104665149169],[11.915717998165189,45.383107983733105],[11.915819804111283,45.383109234601918],[11.915945222249722,45.383111916429321],[11.916333710592745,45.38308812865823],[11.91679288146671,45.383042910436927],[11.917317010329432,45.383008991914714],[11.917731157523214,45.382992374658016],[11.917823194303226,45.382988761637286],[11.917988645183081,45.382967159345718],[11.918043304091817,45.382957030668592],[11.917911502678292,45.382841143039045],[11.917776397252226,45.382722349489804],[11.917946985528472,45.38269317005345],[11.91811421070126,45.382664566016722],[11.918380826459533,45.382898533745852],[11.91848724443113,45.382881500591878],[11.918672831393364,45.382836699155334],[11.918860257955561,45.382785459451597],[11.91902322482974,45.382730524378232],[11.919212046585814,45.382659265538081],[11.919336743701859,45.382605308823472],[11.919372598234558,45.382591079722154],[11.919544029805948,45.382523045637015],[11.91975053988185,45.382423249398641],[11.920252384460451,45.382175116520301],[11.920411034382019,45.382088515334964],[11.920569744028503,45.382003082567515],[11.920698260249385,45.38192166269134],[11.920961978671862,45.381784485112178],[11.92106202286522,45.381728096977369],[11.92116137034146,45.381682978206022],[11.921486403321673,45.381513715720494],[11.921545220395211,45.381472784503956],[11.921609710282798,45.38143287821395],[11.921711817334209,45.381376886765324],[11.921775708444473,45.381340236175419],[11.921861976715279,45.381286720349301],[11.921997972073139,45.381191875624658],[11.922037329337085,45.381159993576652],[11.922061239622915,45.381140658736456],[11.922163694127903,45.381024529320953],[11.922206983517851,45.380967342908825],[11.922245581163251,45.380905865968778],[11.922332869482606,45.380785444027026],[11.922391962577391,45.380712730721555],[11.922442494549156,45.380654818695355],[11.922487817897137,45.380585068290088],[11.922530975270513,45.380507992263745],[11.9225748336002,45.380414785948375],[11.922639386554398,45.380257230490564],[11.922672559137691,45.380182210345154],[11.922700971454615,45.38007679768662],[11.92275457670395,45.379806016124682],[11.922784668461775,45.37968363799159],[11.922813464147598,45.379610440130001],[11.922865627706374,45.379482636045623],[11.922895334986874,45.379399873439461],[11.922945066717952,45.379299225502194],[11.922989244901382,45.37923454493869],[11.923031045957229,45.379165874651761],[11.923120604665151,45.378990486004362],[11.923155598796729,45.378916139157127],[11.923197754437806,45.378841968931688],[11.923255328053123,45.378759662683741],[11.923293127923351,45.378690194645372],[11.923345399328852,45.378619005739324],[11.923410688123163,45.378545143048584],[11.923485696656455,45.378459149639546],[11.92355319998542,45.378381179556499],[11.923741192184636,45.378200118540292],[11.92403850801181,45.377979351148987],[11.924164255144543,45.377894037680392],[11.924288111930426,45.377799321139037],[11.924315389774737,45.377778459326244],[11.924600672070136,45.377534955439124],[11.924755281206165,45.377419917554789],[11.92494463924349,45.37729021695796],[11.92511534852971,45.377167924989386],[11.92528072327603,45.377075923848928],[11.925431663619685,45.377011116321981],[11.925627939388328,45.376931374522414],[11.925853326063788,45.376848995852612],[11.926105186877232,45.376774759289106],[11.926375198857354,45.376718149396908],[11.926721074657612,45.37667390560528],[11.927210382849182,45.376639664219837],[11.927622430789985,45.376615503705686],[11.927941287399513,45.376567448612754],[11.928257949388746,45.376474442417788],[11.928591803369111,45.376335987694617],[11.928891660264988,45.376157538503243],[11.929322326890601,45.375868435745993],[11.929850073666946,45.375503118639301],[11.93046157429823,45.374991627790699],[11.930680998860494,45.374826310574299],[11.931415420246369,45.374140903411785],[11.931755950623703,45.373647886450193],[11.931855602513682,45.373426324858428],[11.931856861369388,45.373423502115983],[11.931896358820671,45.373256233364131],[11.931905531026571,45.373105135837861],[11.931892882758095,45.372979082394373],[11.931866678247797,45.372734109854207],[11.931797885372308,45.372310115115738],[11.931782890099036,45.372217696815625],[11.931782172256847,45.372206283593464],[11.931939044786002,45.372202253866845],[11.931935253496814,45.372183268485983],[11.931920760633915,45.372105509428948],[11.931910139869316,45.372023600312751],[11.931903895497532,45.371967052476165],[11.931894170169917,45.371887640721226],[11.931890543446219,45.371807622237384],[11.931899336401122,45.371725754490946],[11.931891698154173,45.37168670499706],[11.931876066648687,45.371626437718575],[11.931850352483535,45.371563819059936],[11.931836111498725,45.371495864942823],[11.931833624012597,45.371420587882682],[11.931828580247188,45.371357618267204],[11.931803840084303,45.37129407444521],[11.931784138053333,45.371243993178979],[11.931997960067772,45.371249752116064],[11.932051177933301,45.371251535441544],[11.932266024918531,45.37125735755756],[11.932333828437988,45.371259666154046],[11.932494977334601,45.371261826707517],[11.932641496735705,45.371265083040349],[11.932840330635758,45.371277346402188],[11.933010122822822,45.371286125119447],[11.933177893067132,45.371295315598964],[11.933287979673604,45.371305268236583],[11.93339832279268,45.371325115615591],[11.933742392634592,45.371486126723191],[11.934026613125782,45.371623291656149],[11.934271835297096,45.371769379647944],[11.934496884028595,45.371898253213445],[11.934733635249314,45.372043477847214],[11.934861076537754,45.372127153504579],[11.934961282121032,45.372192896682613],[11.935087813363479,45.372293517947185],[11.935195713372163,45.372384536749031],[11.935238852526274,45.372428433865707],[11.935274954861553,45.372464680799766],[11.935295796346585,45.372499699967186],[11.935307440951316,45.372547017410895],[11.935313619873416,45.372607167265436],[11.935326532573875,45.372730783186121],[11.935352913368533,45.37294433584222],[11.935407981013451,45.373127356363938],[11.935531107037718,45.373218883371017],[11.935546643628959,45.373230365493043],[11.935496083071616,45.373302146149122],[11.935309635856344,45.37361316585298],[11.935273759562708,45.373692309877228],[11.935293859813338,45.373703134587068],[11.935493167460539,45.373810704976734],[11.935664370151164,45.373893434204234],[11.935723258136631,45.373933145500018],[11.93590190089084,45.374053488485465],[11.936000448447476,45.374119183372919],[11.936077650920112,45.37416481428491],[11.936187685036149,45.374208160317927],[11.936286284995882,45.374230467312316],[11.93639850956581,45.374232260765829],[11.936522778030184,45.374229873672711],[11.936626335014406,45.374212267059981],[11.936783915919552,45.374189759761791],[11.936932531463533,45.374166762841547],[11.93706963495271,45.37416314474445],[11.937168690950328,45.374169596940391],[11.937288738752898,45.37418928081609],[11.937415026511516,45.374228336805167],[11.937562459649428,45.374271259058126],[11.937699846857548,45.374312549419749],[11.938527618236865,45.374486555143996],[11.938526077791064,45.374487068273623],[11.938671524252232,45.374510407491343],[11.938894053445241,45.374385770410619],[11.938908386473607,45.374376231708865],[11.939059234849196,45.374275841594446],[11.939292487279337,45.374094489401351],[11.939508443163918,45.37387514661809],[11.939741863811271,45.373556699248368],[11.939791576321136,45.373480977975241],[11.939846719117909,45.373394225224061],[11.939885973921513,45.373331105068708],[11.939926448108052,45.373266873332604],[11.939964147266892,45.373205773508282],[11.940056291513089,45.373061719336114],[11.940130919702799,45.372932068337889],[11.940207625854015,45.372795702789446],[11.940276918744768,45.372661688479752],[11.940357635262247,45.372496775374898],[11.94041577703587,45.372366918817967],[11.940461289963318,45.372254580092232],[11.940485155943737,45.372168092731208],[11.940500064943295,45.372076345331166],[11.940497985156545,45.371982065191666],[11.940496884665096,45.371933756512483],[11.940476636139287,45.371794487849989],[11.940405690785571,45.371359752100318],[11.94044772798042,45.371355248593517],[11.940464334277404,45.371350410117408],[11.940477831356164,45.371381656984084],[11.940499201085414,45.371387407338901],[11.940531890883536,45.371382424519815],[11.940701514119919,45.371363292065915],[11.941079021435861,45.371309278320133],[11.941183534194918,45.371292993121202],[11.941441371539225,45.371253583654131],[11.941459831530683,45.371252477809641],[11.941478806326122,45.371251448707568],[11.94157103009753,45.371635858146341],[11.941633447571224,45.371952805787878],[11.941729694899774,45.372441796587623],[11.941843612544629,45.373020254887123],[11.941884955079264,45.373189403993912],[11.941896212619778,45.373273456077619],[11.941908507309213,45.373296272531014],[11.941941423401635,45.373300554823679],[11.942065830819336,45.37329842813994],[11.942093010818409,45.373297997544284],[11.942233623523963,45.373298063320256],[11.942258499957472,45.373302462761885],[11.942271591204307,45.373320938013663],[11.942279241611182,45.373352695435052],[11.942368860202958,45.373748242897094],[11.94244140184998,45.374161693062796],[11.942470028894613,45.3743121769905],[11.942479510241046,45.374347217674604],[11.942494751440316,45.374357896346382],[11.942522148123999,45.374359170310655],[11.94268820664773,45.374342557167694],[11.943323621285296,45.374259742905075],[11.943495393677397,45.374237580448437],[11.943523588233314,45.374239463686237],[11.943538392494899,45.374246642977582],[11.94354379613543,45.374269546961713],[11.9436497842651,45.374603822364001],[11.943737297914682,45.374887266705187],[11.943816572491553,45.375105483982978],[11.943830629589952,45.375159759338196],[11.943849669921642,45.375191942971597],[11.943867365587144,45.375203788629101],[11.943867796924023,45.375204077246998],[11.943913583583456,45.375197945532214],[11.944081111793126,45.375153028352223],[11.944517344123831,45.375019447093173],[11.94481571092823,45.374933887846929],[11.945022168937735,45.374876263124804],[11.945154807987082,45.374843226210523],[11.945250691151756,45.374810687582723],[11.945298010744812,45.374799655047298],[11.945336581227352,45.3747898384172],[11.945344177146042,45.374773800095682],[11.945332629079463,45.374755555415312],[11.94523589611479,45.374575055109837],[11.945118654693804,45.374361148997707],[11.945033180687691,45.374171176648638],[11.944993986704086,45.374087845733641],[11.944939583227157,45.373972322517702],[11.944806317880371,45.373764590365269],[11.944804930419087,45.373762465850021],[11.944677530396504,45.373574205059064],[11.944513111056787,45.37334936373184],[11.944447309186415,45.373260238131273],[11.94443055093126,45.373227725677111],[11.944353829126584,45.37306849150297],[11.944279324430468,45.372922432003506],[11.944165208044367,45.372670188689327],[11.943978321911903,45.372342141019502],[11.943808079921912,45.372005022475577],[11.943751705882546,45.371898190747856],[11.943653126114574,45.37171143575425],[11.943553704067591,45.371528122891952],[11.943505681870594,45.371481294403971],[11.943405043318071,45.371385235479678],[11.943340287807182,45.371343249101919],[11.943176459198746,45.371225506151028],[11.942969670772598,45.371079706462169],[11.942817534753519,45.370982994599707],[11.942813299688897,45.370980133364384],[11.942701517790315,45.370903083860725],[11.942717383310287,45.370721568419171],[11.942770932047917,45.370722348061932],[11.942842106952183,45.370718262559606],[11.94292661539837,45.37070780232883],[11.943054048349987,45.370685343597629],[11.943277487721003,45.370635295278078],[11.943579446853796,45.370565218836596],[11.943874673933834,45.370495855315006],[11.944243875436745,45.370407480268064],[11.944617110108078,45.370318099836346],[11.944969107987628,45.370235387047138],[11.945381229519946,45.37013500924764],[11.945799827091765,45.370031492373663],[11.946210647253702,45.369938076168452],[11.946442122618038,45.369883043497168],[11.946828135429239,45.369786574946225],[11.947296126733582,45.369653153067539],[11.947709256674969,45.369533027917136],[11.948049578175286,45.369424863405676],[11.948463146084421,45.369300943651332],[11.948480827374956,45.369297156391063],[11.948494961187855,45.369293910839197],[11.948517687592112,45.369288913080176],[11.948570658847601,45.369275541348152],[11.948844997513715,45.369213268326632],[11.948916776102672,45.369200920926488],[11.949003637823587,45.369181754119282],[11.949244889523206,45.369169939483314],[11.949431496593588,45.369177989179335],[11.949710101540115,45.36921651575009],[11.95011123555574,45.369268526985209],[11.950419694569971,45.369321222324771],[11.950791310322552,45.369390016572225],[11.951172800642443,45.369454683711673],[11.95170876734222,45.369508693611159],[11.95208706766714,45.369541485526526],[11.952165829923203,45.369548269561705],[11.952364531583534,45.369562932623765],[11.95261837793241,45.36957715889524],[11.952803539292761,45.369589291060265],[11.952973487412969,45.369620719300052],[11.953183309815289,45.369672358641324],[11.953485989778356,45.369761110452814],[11.953757354560173,45.369819887414117],[11.954229365895159,45.369879141138071],[11.954719057645175,45.369927223623968],[11.95524850541797,45.369966263430875],[11.956011509144339,45.369990340631588],[11.957028970937383,45.370018261808802],[11.957100928263849,45.37002431860882],[11.957176673068856,45.370031987478811],[11.95725098024977,45.370056165952029],[11.957323123140672,45.37009516261061],[11.957399409873256,45.370154844881512],[11.957463539041399,45.370238515590543],[11.957639597103267,45.370531446714935],[11.957856084428238,45.370923694429543],[11.958056958355257,45.371293213010055],[11.958188834481128,45.371524909252457],[11.958217227360509,45.37157467069207],[11.958241039191886,45.371610058751003],[11.958285416170929,45.371660215990424],[11.958322574109216,45.371689497262317],[11.958370977490645,45.371709125669568],[11.958341819867673,45.371771990499504],[11.958330748497543,45.371821694673137],[11.958335909023905,45.371891231061241],[11.958364258226569,45.372008683455149],[11.958398867074639,45.372123723257268],[11.958455810400402,45.372272749143505],[11.958482500109461,45.37238286344391],[11.958502125441518,45.372423670738925],[11.958591823972936,45.372632606320806],[11.958601295234072,45.372669716239884],[11.958615961789906,45.372708491743836],[11.958646823128191,45.372766380272594],[11.958688561190147,45.372841809425928],[11.958715947843459,45.3728820554294],[11.958769198082587,45.373033697250428],[11.958795176102406,45.373103234009186],[11.958847808441723,45.373240579725334],[11.958947736304687,45.373488855575239],[11.959031912643452,45.373721607394003],[11.959066182603179,45.373800740531827],[11.959114854086927,45.373935578425296],[11.959165686440306,45.374038405622862],[11.959227588522566,45.374135544994559],[11.959329748223725,45.374279707487332],[11.95947911939882,45.374457300725503],[11.959583572131148,45.374571969247995],[11.959687053910635,45.374668030144001],[11.959782026973308,45.37475522028037],[11.959848980201594,45.374812082481043],[11.959923879505684,45.374867028318569],[11.959998399631001,45.374912262527793],[11.959935296710221,45.375061250487391],[11.95983830997525,45.375265755075873],[11.959743957813176,45.37540331154046],[11.959580557437583,45.375610258264679],[11.959427466340605,45.375767610268525],[11.959290421049108,45.375858026360589],[11.959152994472271,45.375916677559239],[11.958871537708289,45.376017588251614],[11.958566460478826,45.376106418703181],[11.958256753819679,45.376179976094988],[11.957915995750222,45.376255687589712],[11.957558158839374,45.37633454102815],[11.95700002496628,45.376461699171074],[11.95661093750906,45.376551170704872],[11.956274961347809,45.376635394661875],[11.955973540025138,45.376706300876755],[11.95572026542901,45.376750215700142],[11.955458047933176,45.37678051572852],[11.95541622170092,45.376785543182329],[11.955218699546926,45.376813611099578],[11.955062966100439,45.376849508001193],[11.954924984840776,45.376885395146857],[11.954741361950738,45.376952258056193],[11.954567847613012,45.377019489078762],[11.954543685503642,45.377028845830537],[11.954225073989042,45.377164551742929],[11.953916071304443,45.377295957483831],[11.953926792869133,45.377310532146517],[11.953941509788699,45.377330553606214],[11.954073604688054,45.377510251832881],[11.954159524314697,45.377627205228279],[11.954179324700309,45.377654236713006],[11.954242696583611,45.377740449123067],[11.954587639555498,45.378190766521691],[11.954647813034352,45.378269500404258],[11.954668091290376,45.378295889339803],[11.954672817908266,45.3783008077069],[11.955225557370319,45.378880673041031],[11.955532013152027,45.378626821995837],[11.955576566763755,45.378589663031306],[11.955649398623667,45.378528998443642],[11.955744941225003,45.378450733196701],[11.955791091775987,45.37841236262107],[11.955811826064705,45.378491577194112],[11.955948114129246,45.37896691684621],[11.956082041370518,45.379433676203618],[11.956083126432496,45.37943733863402],[11.956112053588065,45.379538934212164],[11.95613395183187,45.379615958255869],[11.95613442824637,45.379617746176748],[11.956144561491172,45.3796528588339],[11.956145042594247,45.379654736646302],[11.956258384806688,45.380052448865506],[11.956269787119053,45.380092299328169],[11.956334321223522,45.380335373131977],[11.956358001043585,45.380424502734293],[11.956485463065601,45.380904300861339],[11.95650945478029,45.380994502502702],[11.956524997227845,45.381054948679811],[11.956616426597085,45.381412002154143],[11.956690036200952,45.381699217023368],[11.956814889754366,45.382099510794802],[11.956869320975347,45.382276146342015],[11.9568931132829,45.382360052144172],[11.956939641078876,45.382524740656351],[11.956957207611342,45.382582343920653],[11.957006090027896,45.382743190852118],[11.957104467995615,45.382971345267073],[11.957110854474159,45.382986031939772],[11.957232501918165,45.383224384894945],[11.957297465576199,45.383328646916191],[11.957311682183279,45.383351411884192],[11.957761404745987,45.383250555301927],[11.957778880895019,45.383274585935254],[11.957803428470584,45.383314185578357],[11.957901109988756,45.383482408696494],[11.958123068718043,45.383909888581641],[11.958384772048381,45.384393946117768],[11.958503030982875,45.384606371763248],[11.958669398077333,45.384866787271825],[11.958827510887804,45.385106083445976],[11.958905248223305,45.385229816228509],[11.95896349484474,45.385332541169845],[11.958976411844692,45.385359750253066],[11.958976416615707,45.38538675401675],[11.958968503342328,45.38539911092321],[11.958966163235957,45.385403222175093],[11.958954032223627,45.385425319814509],[11.958940332024856,45.385449168380532],[11.958919217246839,45.385477799830554],[11.958908806012591,45.385513264809752],[11.95891888973116,45.385549818686492],[11.959013547713676,45.38568445434796],[11.959203966225841,45.385952796712836],[11.959393844025698,45.38623276444202],[11.959518187407355,45.386429458982576],[11.959548314493006,45.386478004863314],[11.959555976077837,45.386497519027571],[11.959551557935271,45.386513205833033],[11.959248550689582,45.386772378778851],[11.959055965597223,45.386912751445614],[11.958902866512878,45.387019155377629],[11.958706782886885,45.387134144486943],[11.958563886056947,45.387205988553895],[11.958371174022096,45.387312300648937],[11.958354666110257,45.387321407586505],[11.958317970722591,45.387342791670306],[11.958303302631467,45.387362794684869],[11.958308569467549,45.387392722489359],[11.958351208187553,45.387438694056669],[11.958504670019806,45.387554523402848],[11.958616799765482,45.387617596248489],[11.958648969656943,45.387607400973565],[11.95888172250724,45.387727385227279],[11.958835829609971,45.387743877183595],[11.958859137077615,45.387757224951706],[11.959099192990362,45.38784335459426],[11.959310329940179,45.387899179102831],[11.959574541469584,45.387953716971055],[11.959552527940911,45.388251330459219],[11.959528527163664,45.388430178404477],[11.959501034870888,45.38855195867157],[11.959504897346138,45.388601455636021],[11.959592196540481,45.388678223250245],[11.959654764528601,45.388716836552071],[11.959734247457058,45.388741779277531],[11.959729083226909,45.388770087241738],[11.959727383994938,45.38877913259865],[11.95962256672953,45.389347761902172],[11.959582689331972,45.389344925414655],[11.959499220816413,45.38933907865681],[11.959468707972713,45.389336989445674],[11.959437647967212,45.389613054308512],[11.95943332551955,45.389652592042424],[11.959431918110587,45.389664780278743],[11.959426421767754,45.389696517327792],[11.959425725921944,45.389700315912954],[11.959408573874958,45.389799954881774],[11.959405709425956,45.389845395660352],[11.959390735607743,45.39004300219753],[11.959390646192828,45.390055966374184],[11.959387402481704,45.390399899766898],[11.959378651888965,45.390525874683291],[11.959629810060049,45.390555277225204],[11.959947806118386,45.390592487214214],[11.959926132922186,45.390764523858223],[11.959821804227976,45.391325399419109],[11.959785333027922,45.391478286979627],[11.959770759781389,45.391524571475664],[11.959740813801417,45.391548031296885],[11.959690249477617,45.3915509627695],[11.959421677513308,45.391513550683378],[11.959252398482015,45.391506058185918],[11.959203295509681,45.391505171011168],[11.959172137835298,45.391520110874914],[11.959119480451832,45.391703122132945],[11.959104228673766,45.391755995074682],[11.958914394069264,45.392397037735769],[11.959613686272121,45.392442905534935],[11.96009303520837,45.392477461143962],[11.959982147461599,45.393081532990031],[11.959906859472635,45.393491603856589],[11.959848452166344,45.3937186007863],[11.960327804798945,45.393716340052748],[11.960480790035996,45.393688158439595],[11.96100134753844,45.393574740325796],[11.960953255862263,45.393830364328352],[11.960863243347729,45.394247028675345],[11.960757717012358,45.394691999360674],[11.960707322870539,45.395052727943501],[11.960677362124143,45.395379081606784],[11.961021468076996,45.395345761320662],[11.961370960783718,45.395295737863378],[11.961654252084488,45.395237979869925],[11.96181800634656,45.395205556456702],[11.961931007466834,45.396020480646179],[11.961990815697984,45.396392211744988],[11.961994358471584,45.396413542857061],[11.96200585589277,45.396462391481364],[11.962016508589542,45.396507301462137],[11.962112653516758,45.396826242060754],[11.962147689816067,45.396956301419252],[11.962189023812778,45.39710906057379],[11.962299149271367,45.397563377477205],[11.962341625782932,45.397740410372258],[11.962388170130529,45.397887723448463],[11.962408643413733,45.397949390908266],[11.962493979381799,45.398205692726357],[11.962556656375677,45.398384861972083],[11.963184719028398,45.398277144228665],[11.963594393199081,45.398195127173153],[11.96379917511713,45.398155514723506],[11.964131073174389,45.398091267632324],[11.964400035939251,45.398040265871835],[11.964763368578604,45.397971239913034],[11.965142060105942,45.39789542286627],[11.965189223972368,45.397886006388319],[11.965391021839997,45.397845568471688],[11.96595060229482,45.397730213798987],[11.966467234400495,45.397636495589872],[11.968029321825052,45.397378503209822],[11.968792223445625,45.3972618075762],[11.969176089563305,45.397206905508035],[11.969655663266042,45.397140060593578],[11.970738818753603,45.397010338014965],[11.972130307269891,45.396854663684401],[11.972677079698755,45.396792717049046],[11.972686483633673,45.396825572537061],[11.972726048124546,45.396963816202657],[11.972802094602015,45.397232144000462],[11.972811023197494,45.397261075596298],[11.972941845046899,45.397682078511146],[11.973068957890348,45.398120010269565],[11.973074839363559,45.398142000216481],[11.973134811930032,45.398364479876037],[11.973171667328485,45.398528693321303],[11.973198962683862,45.398695766166298],[11.973254388599608,45.398938707086138],[11.973276161224966,45.399149039913802],[11.973336302516007,45.399413641039814],[11.973404672717793,45.399786313151772],[11.973481748066984,45.400169019871413],[11.973536830401217,45.40037128377552],[11.973641246709267,45.40094131476139],[11.973711353304964,45.401410255062146],[11.973774570993077,45.401419409452522],[11.973911602078841,45.40143510170784],[11.974006124525065,45.401439389694502],[11.974056493143747,45.401439877462565],[11.974080911855717,45.401440141288269],[11.97419292992987,45.401439382563872],[11.974337268434541,45.401438501555049],[11.974554933859604,45.401439759898317],[11.974815416566289,45.401429100286762],[11.975020313761958,45.401406207059274],[11.975247933341434,45.401373179775042],[11.975354257329501,45.401354025708926],[11.975493152385502,45.401327361458144],[11.975624516414808,45.401602436229808],[11.975843025569306,45.402079387686072],[11.975972607189522,45.402342356780636],[11.976110704651132,45.402660371506819],[11.976392049104469,45.403379707966785],[11.976425035180609,45.403455448605349],[11.976479963347343,45.403581564231366],[11.976489301627074,45.403601213518243],[11.976499637017955,45.403625247425886],[11.976505057536205,45.403638427951826],[11.976519315391176,45.403671450851533],[11.976314055322625,45.40373378181679],[11.976142581598138,45.403797121666848],[11.976081165126704,45.403827167188133],[11.97601696954991,45.403860255562577],[11.975976380794302,45.403892728362749],[11.975936996959689,45.403931110572998],[11.975865969729458,45.404031166460726],[11.975820724588118,45.404091754581913],[11.97579750439284,45.404114323120282],[11.975767365063934,45.404138962323401],[11.975695748588793,45.404181605325697],[11.975598615508833,45.404227433895365],[11.975349053228081,45.404314861518785],[11.975216751781325,45.404374748428665],[11.975096719468628,45.404427384383851],[11.97503825143178,45.404445470799224],[11.974737877080397,45.404519189428541],[11.974438660234592,45.404585766091259],[11.974359405802094,45.404609524600382],[11.974084148659918,45.404691948260044],[11.973623412186225,45.404833931636404],[11.973433514400117,45.40489207661134],[11.973135885163195,45.404976791060328],[11.972959678143786,45.405035298704028],[11.972805179509519,45.405078928615659],[11.972467320503965,45.405195743561471],[11.972242035732945,45.405295493913179],[11.972660271479251,45.406176807748402]]]},"properties":{"OBJECTID":7,"CONSULTE_2018":"3B","ZONA":"FORCELLINI - TERRANEGRA - CAMIN - GRANZE"}},{"type":"Feature","id":8,"geometry":{"type":"Polygon","coordinates":[[[11.910825627218367,45.38202112142622],[11.910865981589581,45.382065728820528],[11.91094016537618,45.382187064574524],[11.910960233452547,45.382219677517682],[11.910966792175277,45.382230491821076],[11.910997670667237,45.382282091814268],[11.911047329112241,45.382361116828797],[11.911054897438197,45.38236920498867],[11.911099994002159,45.382419092124579],[11.911185849664314,45.382511505900524],[11.91119361023434,45.38252084932882],[11.911514606344873,45.382876583753941],[11.911556717207642,45.382923036364417],[11.911614672213346,45.382986997349889],[11.911665086551588,45.383043409559257],[11.911799262254165,45.38319120832498],[11.911863856475067,45.383262560890735],[11.907218366971513,45.383533412581841],[11.905161838053944,45.38367338363431],[11.903180688085437,45.383828922157271],[11.898747172701295,45.383995501060951],[11.894300847787465,45.384245902839481],[11.891881514297829,45.384377335951051],[11.882094425907376,45.385021430934003],[11.880175452179142,45.385074064263925],[11.873528921541034,45.385420274680669],[11.870949016773855,45.385572991330427],[11.86902478342539,45.385708747312457],[11.868079195917669,45.385868003686042],[11.867673276226212,45.385975419442083],[11.867313096677934,45.386069595087896],[11.866766568588883,45.386372978238299],[11.866637759825727,45.386480419444354],[11.866514824815605,45.386582647065907],[11.866999542730941,45.386881131403754],[11.866463314422804,45.387346538493681],[11.865972542624634,45.387093266129661],[11.865440236135317,45.386872933120237],[11.864182151447089,45.386353652093533],[11.863454690794637,45.386021358378905],[11.863027957837737,45.385879752400712],[11.863290333357039,45.385331375318046],[11.863273603843991,45.385206042525802],[11.863076955043374,45.385055412501778],[11.862442814557514,45.384659343025973],[11.862209557913287,45.38451705201846],[11.861999052262936,45.384398213597919],[11.861848161383953,45.384280131291725],[11.861736752261194,45.384191234810544],[11.861537110673495,45.384059452934331],[11.861502720387923,45.384037030580096],[11.861437086216389,45.384004841082458],[11.861067775803333,45.383829822791995],[11.86105960574668,45.383778651837105],[11.861057679975234,45.383659523062079],[11.861055168615223,45.383588285912928],[11.861052352759749,45.38350843496216],[11.861049406285497,45.383434878284675],[11.861042810024301,45.383273830560213],[11.861034339873791,45.383275573092909],[11.861011962985623,45.383262452033478],[11.861051619755235,45.3832155514257],[11.861060668248161,45.383215144588071],[11.861061377527957,45.383133035060816],[11.861055140152308,45.383133461447272],[11.861015748086368,45.382689605174932],[11.8610225693304,45.382685563639839],[11.860997948993754,45.38204087835156],[11.860991255782766,45.381822224770424],[11.861583047768493,45.381815040642302],[11.861592408551131,45.381545037296959],[11.861601020223199,45.381191880797587],[11.861614874899674,45.380889450126737],[11.861623804632835,45.380656452859604],[11.861597981929174,45.380656020109988],[11.861595851033638,45.38062645928558],[11.861614366184366,45.380626355141679],[11.861634054092951,45.380616590210529],[11.861641529949091,45.380595159732849],[11.861657862869299,45.380478453557302],[11.861655518161722,45.38044718784851],[11.861646597590852,45.380424818259158],[11.861632856292051,45.380405629970475],[11.861709545923118,45.380378863666316],[11.862087105372625,45.380421874386009],[11.862122822622698,45.380426019481135],[11.862143505835556,45.380428381247256],[11.862396908822292,45.38044849046851],[11.862522677951596,45.3803996097908],[11.862545843919476,45.380377785756835],[11.862552194434462,45.380337568041334],[11.862564065282697,45.380262394881399],[11.862569360759498,45.380228854678705],[11.862508111713503,45.379450968863516],[11.862586161959596,45.379448651358274],[11.86266125101568,45.379445867989858],[11.862783832995367,45.379475558224037],[11.862817644435477,45.379484971651827],[11.862939943330563,45.379519169464608],[11.862998739709839,45.379520503972195],[11.863145304174513,45.379523829653557],[11.863184692779431,45.379524859687173],[11.863359653463373,45.379529434151898],[11.863429083555907,45.379530932835856],[11.86364287138583,45.37951530783586],[11.863875748069455,45.37949830334729],[11.863999553584392,45.379486465614001],[11.864116926019005,45.379476229379605],[11.864141710276972,45.379471286840491],[11.864154088778042,45.379468545872072],[11.864277390343664,45.379444208685442],[11.864307256623475,45.379410244428485],[11.864332347049075,45.379381710776904],[11.864336230690185,45.379367571299461],[11.864349117097204,45.379319271020925],[11.864351596793515,45.379310207499273],[11.864345717496903,45.379203959756225],[11.864345302542942,45.379211065889024],[11.864298126689659,45.379030528956115],[11.863870854228853,45.378208090701037],[11.863853235615247,45.37819053018022],[11.863823778675082,45.378161114940816],[11.863735189642959,45.377084982513828],[11.863741790785793,45.377056372797419],[11.863754049903608,45.377056335255318],[11.863753648143049,45.377005398001515],[11.863768126774163,45.376943105816096],[11.863780846013418,45.376886438575376],[11.863796541936376,45.376817904948865],[11.863790586287349,45.376770797574153],[11.863774576392956,45.376724392527258],[11.863725292000519,45.376626074736919],[11.863661696328494,45.376514974091243],[11.863515075272101,45.376272197108086],[11.863486444847702,45.37621107647486],[11.863482804685086,45.376204396122581],[11.863400016783316,45.37605248156224],[11.863212878008893,45.375750862008935],[11.86306407119719,45.375500128098899],[11.862985624928227,45.375299746647407],[11.862962755899909,45.375226239595357],[11.862928304496611,45.375115577657745],[11.862933009782584,45.375067122665712],[11.862905751955887,45.375005337358104],[11.862882286286768,45.374957949017094],[11.862845900634921,45.374915205355045],[11.862844115352544,45.374912729770138],[11.862813239027675,45.374860216522826],[11.862795633180481,45.374830233719784],[11.862786684555159,45.374814885919683],[11.862741277006812,45.374709809482773],[11.862689416395948,45.374545216264565],[11.862652665999125,45.374432001518038],[11.862635879785797,45.374380305001914],[11.862598194164688,45.374251091379023],[11.862571906472978,45.374145265302118],[11.862566439606663,45.374122989174623],[11.862527133585781,45.373964201888555],[11.862503204217447,45.373867137920215],[11.862441622863008,45.373636448780672],[11.862383517173814,45.373408822893261],[11.862382166437978,45.37339724509016],[11.862371159936588,45.373305707851223],[11.862315321199981,45.373305127872356],[11.862158440653051,45.373331925231469],[11.861946069556584,45.373370105212729],[11.861714214373027,45.373411923762923],[11.861503956020185,45.373451490156214],[11.861469253513665,45.373452180128332],[11.861448395947201,45.373446312103361],[11.86143643106476,45.373436980669709],[11.861426507494913,45.373425077695849],[11.861413697222476,45.373406586127601],[11.86133916724603,45.373255792489033],[11.861089435112151,45.372834490961885],[11.86108610178978,45.372829173736967],[11.860843720995064,45.372429470524253],[11.860819262993266,45.372412981078689],[11.860796414464643,45.372410673343353],[11.860761851525497,45.372421711098447],[11.860727502294626,45.372434453733923],[11.860704297777994,45.372435215344744],[11.860686260307551,45.372429546537759],[11.860676405110485,45.372418991978712],[11.86066789795529,45.37240984384097],[11.860645463650725,45.372367649930354],[11.860605811030663,45.372303114258195],[11.860252531571096,45.371740295115814],[11.860193927861285,45.371646889952608],[11.860135747796566,45.37155428425951],[11.860026248319262,45.371388613722999],[11.859961555140064,45.371275738183627],[11.859834188127758,45.371105204391007],[11.859824320322106,45.371091859668809],[11.859847082587816,45.371051953652014],[11.859894945787392,45.370983064595045],[11.859937491849823,45.370899906662615],[11.859971716897373,45.370811286391884],[11.860036670020149,45.370529268261137],[11.860057224968141,45.370440540432632],[11.860121085613407,45.370152068675772],[11.860152744447413,45.369969539035196],[11.860156697205603,45.369954227781434],[11.860161497994072,45.369935474781578],[11.860214867099932,45.369727647501009],[11.860233851760446,45.369671093636754],[11.860265860897654,45.369606922326078],[11.860314200373624,45.369519658482645],[11.860338454771727,45.369484035592158],[11.860451073400355,45.369319189814625],[11.86049187159491,45.369262179242781],[11.86054500765853,45.369151031642581],[11.860572457622704,45.369082563863365],[11.860611671731521,45.368958713251196],[11.860628995504555,45.368912282402754],[11.860699338412269,45.368724552430763],[11.860733767476329,45.368650148853348],[11.860755895598412,45.368607828182618],[11.860771265889472,45.368578368726354],[11.860855421496092,45.368459422474999],[11.860896686375316,45.368409151033077],[11.860947498943355,45.368355759840576],[11.861003799531336,45.368304841440981],[11.861138920683809,45.368198839524197],[11.861225348087997,45.368142665161834],[11.861313559771459,45.368091486735167],[11.86140509927451,45.368048055949316],[11.861509479061858,45.368003493060975],[11.861673398910042,45.367941865049808],[11.861814489725933,45.367901062139339],[11.861984458081444,45.367860615120627],[11.862338242658014,45.367793505100565],[11.862654517757488,45.367747317644827],[11.863442270462091,45.367640785081925],[11.863748796457038,45.36759375900931],[11.863875542920166,45.367572396214818],[11.863987263169451,45.36754934002051],[11.864074856360677,45.367526439073565],[11.864207545088885,45.367486204081253],[11.864361082553465,45.367436534432457],[11.864429995401279,45.367417972565022],[11.864497467799247,45.367406287799888],[11.864467009355009,45.367379688227928],[11.864453696357256,45.367346177420309],[11.86435545230878,45.367211282990048],[11.864154276182903,45.366957363797638],[11.863929700475532,45.366697730465155],[11.863361260504968,45.365985676607636],[11.863173323534966,45.365738354527466],[11.863073796431944,45.365628514792313],[11.863015005984398,45.365571841031894],[11.862941522003126,45.365492222409351],[11.86272803013318,45.365209085268866],[11.86268355807462,45.36514008046958],[11.862521446334203,45.364943867102198],[11.862439063417819,45.364844758460272],[11.862198574166952,45.36453007267022],[11.861932892341212,45.364234830787872],[11.861766561413893,45.364028280598156],[11.861668820695112,45.363898051861568],[11.861510211913863,45.363708384968284],[11.861443656138812,45.36362879689873],[11.861361747257249,45.363536223132925],[11.861348518940575,45.363521672887387],[11.861331864370424,45.363502660170219],[11.86120348937453,45.363358052484784],[11.861187826222574,45.363340137357078],[11.861127509514818,45.363272079103453],[11.861234966847942,45.363195034564811],[11.861379890276961,45.363091216912196],[11.861615123360879,45.362924826122352],[11.861678789331114,45.362885874459671],[11.861746497632989,45.362856182774323],[11.861919954956429,45.362786484085611],[11.862170746542763,45.362715926055657],[11.862603341017779,45.362601922305451],[11.862717816861819,45.362577988106246],[11.862870040885088,45.362548066245061],[11.864746648133755,45.362232111603078],[11.865043655619083,45.362194412225705],[11.865208875567586,45.362163980991859],[11.865233797911355,45.362159394785294],[11.865456391416954,45.362114651037707],[11.865566110243424,45.362090113294471],[11.865724003465722,45.362046093248445],[11.865927573467966,45.361993815041536],[11.866111097911913,45.361951671240654],[11.866242941840262,45.361922796708754],[11.866978312370225,45.361744104252757],[11.867110728742611,45.361718994888392],[11.867271331967125,45.361693267301341],[11.867330444373053,45.361680530673254],[11.867587558746026,45.361611512113591],[11.867707765269648,45.361577257432678],[11.867801277348189,45.361555465068435],[11.868037119662571,45.361507682991039],[11.86872608228726,45.36134571763408],[11.869321998968879,45.361207240327353],[11.869419348647744,45.361190660935243],[11.869864246254409,45.361113405695903],[11.869930726155333,45.361102462758708],[11.870262738137455,45.361047667222515],[11.870482985265109,45.361024845844796],[11.870499334320918,45.36104009696485],[11.87054674520847,45.361028283044526],[11.870480499373176,45.360693119869495],[11.870468060658501,45.360631503640747],[11.870389982347895,45.360246680667274],[11.87038577102871,45.360224013245237],[11.870363025512679,45.360100007038561],[11.870188943393869,45.359190481053041],[11.87012098633941,45.358841588605486],[11.870110469851909,45.358787665119969],[11.870035293565078,45.358402048732835],[11.869878118397377,45.357624596363891],[11.869877098650397,45.357619581265581],[11.86986858560792,45.357577489116288],[11.869770299737933,45.357090828656844],[11.869825817710309,45.357085382154423],[11.870972951576411,45.356994244162657],[11.871122367439138,45.356992465997145],[11.871266891767213,45.357002512404833],[11.871398108899452,45.357024595120848],[11.871454235994083,45.357038755378966],[11.871513760209021,45.357056970750605],[11.871574755133583,45.357081540026961],[11.871621468412512,45.357116550067239],[11.872001754942193,45.357466044319864],[11.872061078550409,45.357510548306401],[11.872077741310067,45.357521920745377],[11.872142684689171,45.357566463303108],[11.872268109382892,45.357635497639045],[11.872389618426064,45.357685187527949],[11.872493658849505,45.357717674335078],[11.872597335285262,45.357740448782891],[11.872683520092609,45.357748091096084],[11.872805167340761,45.357745029330715],[11.872917538343167,45.357722668062266],[11.873004548037025,45.357691133629402],[11.873064119621272,45.357662360109366],[11.873109364280161,45.357628006331304],[11.873156854188695,45.357580004022964],[11.873200518862511,45.357514455401116],[11.873207755433283,45.357493480184239],[11.873222224006916,45.357451439850671],[11.873230649530715,45.357398480016244],[11.873222307273398,45.35734216172991],[11.873200357638781,45.35729194682974],[11.873130309863456,45.35716679152182],[11.873118032653316,45.357143697137865],[11.873111265795121,45.357118483753176],[11.873115464917866,45.357092994327623],[11.873149985181588,45.357008233055716],[11.873170788070802,45.35698034537301],[11.873196650468772,45.356946479464156],[11.87322343254502,45.356928252695603],[11.873247409364122,45.356910096539231],[11.873350206366164,45.356862592128394],[11.873412650426701,45.356837616676962],[11.873483678585472,45.356818275939141],[11.87357676603083,45.356798379782781],[11.873653600346223,45.35678276332775],[11.8737442740508,45.356770668941472],[11.873838080822233,45.356762456177272],[11.873912774650991,45.35676255574046],[11.874160969266434,45.356762516969837],[11.87449155399168,45.356778405371244],[11.874591508616536,45.356783179083934],[11.874663552027711,45.356781364616275],[11.874854361856881,45.356749914796787],[11.875119550470377,45.356694717864663],[11.875347123134961,45.356642988314448],[11.875631746149132,45.356563177053523],[11.875784688706299,45.356530249361001],[11.875897548251089,45.356520114635401],[11.875959139916066,45.356516132342655],[11.876035368402102,45.356526363337736],[11.876146257168635,45.356545352293409],[11.876229854453234,45.356567459241624],[11.876278413418291,45.35657838733772],[11.876308719735507,45.356576813488076],[11.876369444901904,45.356543148449546],[11.876418998952078,45.356503193943119],[11.876440637125404,45.356456561861535],[11.876423192358905,45.35638193047658],[11.876300039243395,45.356121025292204],[11.876054092119118,45.355608746852127],[11.875994843405373,45.355520406605315],[11.875889741708447,45.355414048869761],[11.875807137453281,45.355343489533411],[11.875781571287636,45.35531262906953],[11.875741008676471,45.355257932886275],[11.875676846564673,45.355145682734111],[11.875630021105222,45.355035426113204],[11.875632361136194,45.355013583955362],[11.875641951018169,45.354998760198391],[11.875662115025872,45.354991051112364],[11.875924840698646,45.354952926841925],[11.876418568721292,45.354865414188922],[11.876611952253988,45.354816884051203],[11.876987414820505,45.354700844904549],[11.877007455317736,45.354688187965266],[11.87701336053561,45.354668686268553],[11.876994674913206,45.354640082995132],[11.876846433332783,45.354493677480079],[11.876809978461186,45.354452020067292],[11.876779989563873,45.354401918452027],[11.87677519318162,45.354375305411274],[11.876791057132953,45.354348261646187],[11.876878592125717,45.354314640691847],[11.877104922750501,45.354238635338987],[11.877386576372674,45.354168525928245],[11.877392250239064,45.354167122704496],[11.877477904385803,45.354141739909814],[11.877521551088146,45.354128847797959],[11.877531323163039,45.354125180928655],[11.877599368250332,45.354105012689885],[11.87767831920306,45.354080878903048],[11.877847063125557,45.354029907436612],[11.877887431029379,45.354017817962017],[11.878158945493039,45.354256257650491],[11.87851963480435,45.354563828234092],[11.878612402561112,45.354622513973396],[11.878738817910607,45.354691699855557],[11.879428781010928,45.354964228241329],[11.87954837530752,45.354991275483385],[11.879709749326864,45.355003856517044],[11.879835707151241,45.355002838800367],[11.87990347209255,45.35500229914166],[11.880355062151459,45.354957508776408],[11.880505143192529,45.354933738286263],[11.88066398399196,45.354896424554113],[11.881055102657951,45.354736742598895],[11.881124932282333,45.354708232490175],[11.88152550397832,45.354544689060425],[11.881723925438827,45.354449666231439],[11.881962905192367,45.354313653078073],[11.88195165778477,45.354283242560015],[11.881941903323856,45.354255732376174],[11.881940332763957,45.354251303775271],[11.881940640813221,45.354239774301611],[11.881952471282299,45.35420626069422],[11.881953438626249,45.354187603526761],[11.881940671391073,45.354164972522078],[11.881912474819881,45.35413264961997],[11.881892470824635,45.354103270315754],[11.881882430741156,45.354076519848803],[11.881888897632479,45.354048002390051],[11.881911129283242,45.354018186743581],[11.882025310000994,45.35383059646712],[11.882064031794439,45.353745906383629],[11.882094383612813,45.35365980740076],[11.882133913730085,45.35356087478614],[11.882166879588961,45.353445815517937],[11.882201904099107,45.353366259489007],[11.882228742581926,45.353329126384004],[11.88226660170797,45.353297835871807],[11.882314086988675,45.353265042069793],[11.882345011436264,45.353237977250942],[11.882360141929031,45.353229223918419],[11.882367771921867,45.353216069323651],[11.882359572880306,45.353167759233578],[11.882351720191656,45.353121240661153],[11.882353162509775,45.353081778429775],[11.882366430104513,45.353038867102327],[11.882409766043835,45.352876648962329],[11.882420455262606,45.352858376362576],[11.882452313545929,45.352804463977385],[11.882510299221549,45.352711996154405],[11.882531224657715,45.352661510318818],[11.882538007043053,45.352614082064044],[11.88255635958577,45.352563211135831],[11.882593773156927,45.352510598619851],[11.882630328772759,45.352476280452997],[11.882745132645921,45.352378956984097],[11.882885630082734,45.352269732766466],[11.882922691189012,45.352237832094993],[11.882991563758948,45.352178753994295],[11.883113660070016,45.352074224912634],[11.883287192422779,45.351939322054079],[11.883316058265702,45.351916989660623],[11.883343255430061,45.35188191752944],[11.88338394748105,45.351836062935433],[11.883472565566381,45.351735979739544],[11.883515353445185,45.351698713424312],[11.883557409092804,45.351667136428581],[11.883737197803994,45.351544856699576],[11.883871710623847,45.35145108471518],[11.884018065660428,45.351351702555434],[11.884085539446041,45.351300310259049],[11.884145654839491,45.351249823970768],[11.884251543831054,45.351185669100353],[11.884294260813988,45.351164606672114],[11.884582686571926,45.351037329882764],[11.884671104110337,45.351003680616266],[11.884735165182457,45.350970556869022],[11.884869761506037,45.350901085174677],[11.884908266573714,45.350882559333108],[11.884981763026543,45.350854237700922],[11.885134074936614,45.350801780477767],[11.885488854936881,45.35070162831353],[11.885546171081307,45.350689017631751],[11.885602646027563,45.350682459078925],[11.885691690216944,45.350668686112428],[11.885851195172703,45.350659792526805],[11.886034092740365,45.350659038504922],[11.886191351056764,45.350663703245218],[11.886331902377682,45.350666179880264],[11.886408099987637,45.350668393537468],[11.886511380956067,45.350668481992152],[11.886654394197008,45.350664144970118],[11.886713261581869,45.350666976754205],[11.887029694115235,45.350711450878109],[11.887102979979813,45.350724179264148],[11.887369815089079,45.35077989849168],[11.887460703602216,45.350807393586337],[11.887594853390997,45.350849636460552],[11.887789157541645,45.350904939358472],[11.887899410552622,45.350944185960657],[11.887931905525338,45.350950564820813],[11.888024047598115,45.351000171016729],[11.888051794197072,45.351028633235288],[11.888098261470624,45.351081285380431],[11.888139808666775,45.351142613268514],[11.888185917525966,45.351218317848243],[11.888307343755208,45.351469532644963],[11.888357179255433,45.351550723669938],[11.888383666949768,45.351587048819773],[11.888413404912004,45.351619511151476],[11.888446215940501,45.351649645372845],[11.888535869150475,45.351700484309781],[11.888550673865746,45.351705420416152],[11.888627170273706,45.351731028481083],[11.88865881905504,45.351738328682373],[11.888687625640303,45.351742460330584],[11.888731548227499,45.351740088489109],[11.888819267213416,45.351722836103093],[11.888905754318419,45.351696433475034],[11.888911158901552,45.351694766452894],[11.88896135233148,45.351677653648323],[11.889068276699206,45.351621389263933],[11.889110134270293,45.351593505774765],[11.88926232524584,45.351471015762328],[11.889302401436874,45.351423194346765],[11.889364603822409,45.351378683361609],[11.889392693461966,45.351358709420502],[11.889461725585871,45.351312945324466],[11.889625831473454,45.351223908165309],[11.889682450571119,45.351195110658786],[11.889851655894065,45.351123496656641],[11.889907265358231,45.351099945372113],[11.889998216512335,45.351068478151127],[11.890281481064397,45.350982993765207],[11.890371314697983,45.350962176113413],[11.890409210072738,45.350951765048052],[11.890470148631623,45.350935099568787],[11.890490041070432,45.350929645062095],[11.890539620692939,45.350935590507525],[11.890549237587447,45.350951459333814],[11.890601744634658,45.350987305039773],[11.890720707814289,45.351064673980346],[11.890890076151752,45.351181722163595],[11.890961454544559,45.351222130461302],[11.891131856182469,45.35130431696787],[11.891194675877017,45.351334590388312],[11.891299742723156,45.351394758141083],[11.891345997976941,45.351428151488442],[11.891386315912479,45.351462775386118],[11.891413068857556,45.351496752768142],[11.89145538949159,45.351573182084586],[11.891469874600903,45.351619442006779],[11.891473420873547,45.351631413946897],[11.891489356600472,45.351686098365505],[11.891502298100571,45.351747159567047],[11.891523252872451,45.351805137332597],[11.89154228704602,45.351925632968907],[11.891640116250745,45.352269615608577],[11.891660094361031,45.352363533386637],[11.891678958096813,45.352490694292015],[11.891699873216881,45.352595479927075],[11.891725365998646,45.352674855848093],[11.891750407754339,45.352767925207289],[11.891785088259715,45.352929880540955],[11.891864939111882,45.353231652161142],[11.891880955051485,45.353277873234624],[11.891915196387522,45.353358557667335],[11.891943396900189,45.353415901688194],[11.892040665061188,45.353595983985578],[11.892056040346322,45.353617107565526],[11.892077659431596,45.353640503290116],[11.892104041111624,45.35366215809163],[11.892125752451525,45.353674839891184],[11.892290705945388,45.353552292510962],[11.892323299341276,45.353533013843389],[11.892354463518673,45.353515751676618],[11.892387157690061,45.353498450728672],[11.892450430497645,45.353469933305604],[11.892492055899822,45.353457536745772],[11.892529958716844,45.353452255546678],[11.892571223201907,45.353450309643314],[11.89264204663845,45.353452205265647],[11.892654301304962,45.353454685094889],[11.892720361764949,45.353470833464065],[11.892777830937597,45.353491250139264],[11.892899488220007,45.353538664098281],[11.892967170527335,45.353556571481882],[11.893043802090636,45.353564710578837],[11.893131579588911,45.353568606511672],[11.893227848399141,45.353568776613038],[11.893300704857575,45.353562969163328],[11.89332862216636,45.353559651079799],[11.893405317676391,45.353541504439363],[11.893429658633648,45.353533146237666],[11.893483379245147,45.353510091165866],[11.893510695953822,45.353494996525981],[11.893544608010211,45.353471543468267],[11.893569494985503,45.353448859284754],[11.893600219719499,45.35341297517148],[11.893672942869754,45.353311936826543],[11.893684287166748,45.353289055884119],[11.893695780597024,45.353236556794194],[11.893696128622826,45.353215844918843],[11.893697496755996,45.353089971681484],[11.893710829974381,45.352998450197717],[11.893716050497078,45.352978154867252],[11.89375074180527,45.352904904650188],[11.89376329222172,45.35288064291997],[11.893813473068054,45.35281573125107],[11.893860475291509,45.352763592023983],[11.893912938727665,45.352715904984699],[11.89397763193303,45.352665207429531],[11.894017130340211,45.352641162516115],[11.894045149065228,45.352629830503275],[11.894071381753566,45.352628535244769],[11.894108460875367,45.352639656821779],[11.89415738085637,45.352655158826266],[11.894194517837755,45.352662408337231],[11.89424250421367,45.352664612014316],[11.894296112512853,45.352661902404385],[11.894344896076841,45.352652204070424],[11.89437686810483,45.352643292096317],[11.894405682947022,45.352630049527086],[11.894585171321115,45.352567349089092],[11.894610887560923,45.352560936047148],[11.894637177994518,45.352555768622942],[11.894694875294059,45.352553135148803],[11.894748721940685,45.352555099971283],[11.894879115519172,45.352561064166984],[11.895217681628036,45.352583621013217],[11.895368748436058,45.352589420291494],[11.895570965961285,45.352584380298154],[11.895657230382124,45.35258867272411],[11.895767891236233,45.352600717351272],[11.895840033756231,45.352613469124933],[11.896247491348252,45.352717627270472],[11.896387484229161,45.35274656957727],[11.896459959074189,45.352758322378918],[11.89652620186593,45.352763032229689],[11.896646450746973,45.352757820168684],[11.896712401405118,45.352749305373528],[11.896837451957962,45.352715617063588],[11.896873329150528,45.352703184768068],[11.896917334658637,45.352679924586241],[11.896965035608202,45.352629026526877],[11.896965672416142,45.352604917409245],[11.896963350198197,45.352571010740675],[11.896958014684822,45.352551523270854],[11.896872527642008,45.352509946601209],[11.896844982034988,45.352473020183595],[11.896812453399377,45.352421007986742],[11.896748781004122,45.35230659688861],[11.896667170524916,45.352118380050804],[11.896558699920856,45.351839121278552],[11.896513820609558,45.35173521472386],[11.896483428672965,45.351672526635269],[11.89646294689314,45.351648922851481],[11.896326426664661,45.351655447761402],[11.896211358606035,45.351652066772921],[11.896181243251483,45.351632307924291],[11.896130107050872,45.35151334773839],[11.89606215358822,45.351355028374343],[11.895886257919884,45.350962712805064],[11.89570913247654,45.350598782336029],[11.895582122516593,45.350303790546413],[11.895499961349534,45.350109645919673],[11.895483729121921,45.350086744268168],[11.895443902102157,45.350029245979272],[11.895427642399936,45.3500058049367],[11.895356587746347,45.349799136634068],[11.895133466433977,45.34922160025156],[11.895039085811598,45.348948013421484],[11.895010160042153,45.348863954572359],[11.894977681150301,45.348787816997202],[11.894943183606566,45.348707139934092],[11.894856573311689,45.348510767307367],[11.894810281078946,45.348424088421567],[11.894780618396567,45.348378123836426],[11.894763850518062,45.348332192251419],[11.894671256248774,45.348078542739451],[11.894545892652564,45.347745522322015],[11.894265038530815,45.347004273741859],[11.894178686373285,45.34676279732706],[11.894172438011493,45.346745403167354],[11.894129424122532,45.346625335917523],[11.894084314780402,45.346501721249474],[11.893996620890213,45.346246416647446],[11.89396438536818,45.346167482174195],[11.893892359498095,45.345991622053376],[11.893811741700111,45.345840013291877],[11.893800242956438,45.34581978178862],[11.893792365900934,45.345805489354383],[11.893939777043849,45.345772497437871],[11.894351222070489,45.345648017409985],[11.89459582348467,45.345583485635856],[11.894718576820702,45.345582622734497],[11.894892970805234,45.345595662168016],[11.895143690548124,45.345643580746142],[11.895284064275423,45.345680345926681],[11.895431027033146,45.345731165891181],[11.89564218817322,45.345844356445454],[11.895702821090474,45.345869372090903],[11.895791906793646,45.34589663625362],[11.896364123659716,45.346041080305817],[11.896609173276195,45.346100391216353],[11.8968619779659,45.346161575075129],[11.897130092026801,45.346215078687955],[11.897475523786921,45.346295333134371],[11.897706338608455,45.346355813174554],[11.898048464708358,45.346453792426061],[11.898253337417129,45.346503678393944],[11.898414612383688,45.346537208562275],[11.898559995996544,45.346557009983357],[11.898734130777042,45.346562398985597],[11.898933320861451,45.346545998201059],[11.898947488946646,45.346543478021133],[11.899153850569427,45.346507541827272],[11.899443019815887,45.346443397795703],[11.899722389434285,45.346367350197681],[11.899820164297246,45.346342272719049],[11.899900675854919,45.346321594366785],[11.899974140113342,45.346302895285319],[11.900106816403531,45.34601157138632],[11.900247073771213,45.345703762261273],[11.900184603814253,45.345697788532],[11.900068735719959,45.345468678253944],[11.900033645089209,45.345416461987867],[11.900010132301963,45.345383484433903],[11.899966581041566,45.345308079644383],[11.899934000179924,45.345237526863734],[11.899908947665406,45.345171913556577],[11.899890766637942,45.345098384505363],[11.899876288338156,45.345027371761176],[11.899866232658383,45.344980460244138],[11.899864781054911,45.344972035868722],[11.899857605632508,45.344941523617734],[11.899827208737442,45.344713841977061],[11.89981187022941,45.344663464139629],[11.899792719587602,45.344650898758466],[11.899788365759809,45.344648128947213],[11.899771176038712,45.344591497200881],[11.899757474796299,45.34448571953105],[11.899755230110031,45.344434288908573],[11.899764738558641,45.344408033465669],[11.899783590888863,45.344384781106385],[11.89989142978083,45.344361878224788],[11.899928490847277,45.34435274536564],[11.899941467426265,45.344344404465197],[11.899951286903821,45.344331733123958],[11.899957570305054,45.34431231061064],[11.899959663066726,45.344278322392967],[11.899954921452109,45.344080593457207],[11.899931308810167,45.343843288037064],[11.899910463104698,45.343725090027654],[11.899868772323694,45.343571146240158],[11.89980338360624,45.343313118955045],[11.899766934568232,45.34319180682067],[11.899764472406984,45.343183588143646],[11.89975579626166,45.343156174462855],[11.899748562465298,45.343137005368561],[11.899739149030006,45.343110150498632],[11.899729588640536,45.343080418932772],[11.900759135508318,45.34296271370679],[11.901105787166072,45.342909796354455],[11.901419631985652,45.342859332178797],[11.901631281188553,45.342839729507119],[11.90168806999548,45.342834505190069],[11.901749279091682,45.342828358342764],[11.901930303787008,45.342803952878171],[11.902114609291036,45.342776313234978],[11.902442760029887,45.342741054796768],[11.902668178689364,45.34270867818929],[11.902960460736356,45.34267090995948],[11.90324506037107,45.342630185929195],[11.903742803056765,45.342566666119353],[11.903985263046094,45.342538083975874],[11.904270234399482,45.342514630498982],[11.90463208984945,45.342469596764971],[11.904950261427931,45.342416492368585],[11.905384130231946,45.342337038476572],[11.905758313518277,45.342261082787132],[11.907384664514479,45.341901378147654],[11.907616856298892,45.341846855932829],[11.907715928945638,45.341849822780567],[11.907744565837012,45.341850713453759],[11.907770516581156,45.341851492527582],[11.907860942610814,45.341852609229093],[11.907921174609145,45.341844863716695],[11.90910382423705,45.341619576708624],[11.909691388831103,45.341520796511865],[11.909784185436019,45.341505918876145],[11.910493757823048,45.341391962140044],[11.911923395477872,45.341169708577731],[11.912966367590087,45.341006363706796],[11.913452254384838,45.340921230775962],[11.914015512183799,45.340811707038803],[11.914460241202786,45.340727980679461],[11.914806565381982,45.340631913534565],[11.915473953426064,45.340517112796043],[11.916153193239634,45.340389583472067],[11.91701196535819,45.340233788211172],[11.918462582614364,45.339955175497749],[11.919297539997283,45.339768371827979],[11.919931012298711,45.339617355711681],[11.920027068312177,45.339599009933437],[11.920172021812075,45.33957144951485],[11.920197747729514,45.339566411240064],[11.920177267501149,45.340023059507516],[11.92016337863782,45.340406894649867],[11.920107311221273,45.340679138201381],[11.920096076395357,45.340773045024754],[11.919988657990288,45.341376993023218],[11.919885099188738,45.341959238908402],[11.919831315730804,45.342333000382482],[11.919788586742476,45.342822416293899],[11.919741775980897,45.3434409257925],[11.919711911851277,45.343872763970765],[11.9196857852662,45.344029875622404],[11.919662847935408,45.344092661649952],[11.919636124327351,45.344128990576124],[11.919588165640635,45.344181795075087],[11.919532381143144,45.344223908117328],[11.919484768982603,45.344266082126822],[11.919438242124111,45.344339282977117],[11.919424673475989,45.344360873213994],[11.919391578340795,45.344538866117716],[11.919297922030376,45.345427983601937],[11.919287087897422,45.345522594743407],[11.919251113728164,45.345838201663838],[11.91925355447678,45.345873244453315],[11.919253411836278,45.345882879533335],[11.919255250185998,45.345916137462943],[11.919257765630901,45.345965040401694],[11.918786083560263,45.346056495742637],[11.918030165632297,45.34620832439586],[11.917570565099069,45.346296495369948],[11.917520397889215,45.346305863676264],[11.917491558877009,45.346311566904596],[11.916901029623075,45.346417934124638],[11.916436375953541,45.346499748698797],[11.915755819213992,45.346605529975506],[11.915419609197453,45.346650664030314],[11.915251982568641,45.346667637637744],[11.91525660494823,45.346688042618084],[11.915265808158379,45.346728043519057],[11.915347628878159,45.347090777738089],[11.915335520118511,45.347138344049824],[11.915332375412808,45.347146705604821],[11.91532488686167,45.347167419932163],[11.915324832283581,45.347173812274853],[11.915327692763158,45.347219556009541],[11.915329981884041,45.347224358259638],[11.9153740748917,45.347307394467542],[11.915426847963964,45.3474997551901],[11.915457480958624,45.347643804186205],[11.91547939364542,45.347754770986583],[11.915482994502698,45.347772681675281],[11.915487618397623,45.347857716192067],[11.915495820488809,45.347910524537618],[11.915489831142819,45.347945512700015],[11.915459523413793,45.347974281045431],[11.915417998811657,45.34799343443752],[11.915393711672145,45.348005216479116],[11.915352951941689,45.348024350309707],[11.915349786901988,45.348029831956381],[11.915130131435959,45.348192065701362],[11.915126868398044,45.348200610298562],[11.91512124758526,45.348222897145227],[11.915120978581733,45.348235055817881],[11.915121687911839,45.348246379382459],[11.915125224046321,45.348263031547532],[11.915126706715784,45.348267044278771],[11.915138913769374,45.348285995349727],[11.915145557758638,45.348293566800173],[11.915157472085001,45.348304334131228],[11.915176404626676,45.348317532590485],[11.915213422677132,45.348337380160231],[11.915296100399626,45.348363892610422],[11.915333103820148,45.348375999367136],[11.915601789505368,45.348459959433335],[11.915548270853851,45.348591035812397],[11.915534435635964,45.348600030513929],[11.915520687292442,45.348603262140593],[11.915496482183329,45.348609191240193],[11.915472805492689,45.348615466889903],[11.915324794752497,45.348666504642814],[11.915273638758036,45.348684553795202],[11.915147726583548,45.348725935512014],[11.915057304031667,45.348757409329522],[11.915001710684063,45.348778542132933],[11.914876315252082,45.348829991845449],[11.91473514773544,45.348894986154249],[11.914651327122906,45.348933222075715],[11.914581529370571,45.348963628733415],[11.914532528099599,45.348983872861226],[11.914489964069706,45.34900269240152],[11.91440910338968,45.349028970799317],[11.914352410408746,45.349041130030294],[11.914260746097201,45.349043470600222],[11.914151656683595,45.349039595022191],[11.913976647933879,45.349019849761021],[11.913651272346208,45.348972978366227],[11.913257126164746,45.348934252374868],[11.9132402867245,45.348931981799105],[11.913168099984864,45.348925813140426],[11.913068971039809,45.348931943813284],[11.912899275778054,45.348931144107034],[11.912763701805892,45.348936044330834],[11.912654751050164,45.348934864181075],[11.912633418934954,45.348934598447109],[11.912509986189662,45.34894972009117],[11.912418943023708,45.34896167475565],[11.912310723278846,45.348984689210717],[11.912299347865718,45.348989390125823],[11.912291792949096,45.34900137464782],[11.912289007100021,45.349009276893028],[11.912289486110261,45.349031047897661],[11.912624561197077,45.349888695765543],[11.912625166146485,45.349907943179325],[11.912601958003338,45.349928338365899],[11.912563067977935,45.34994166262603],[11.912169497983514,45.350011294212479],[11.91179782777311,45.350079825650575],[11.911426666917258,45.350155813987655],[11.911373475649379,45.350164101849145],[11.911363089218025,45.350170667722267],[11.911354601654498,45.350184386223397],[11.911352575960855,45.350192179040818],[11.911356484394886,45.350208641794737],[11.911393013590539,45.350253796813796],[11.912162331712366,45.351088036342112],[11.912177118923315,45.351105031610189],[11.912450527317615,45.351420122772474],[11.912556174321336,45.351538404726995],[11.912571270930137,45.351561422939099],[11.912583333662603,45.351582538277889],[11.912587038336394,45.351599996332972],[11.912582358963613,45.351615778061053],[11.912560871664121,45.351629918402011],[11.9125256455268,45.351642519054536],[11.912170568581345,45.351733581644396],[11.91203396036601,45.351768211773191],[11.912023996919842,45.351787998868481],[11.912074704944821,45.351870597487022],[11.912153483723248,45.352005137635594],[11.91225247105738,45.352152844107827],[11.91235961867557,45.352300342265771],[11.912524394290944,45.352545834448719],[11.912634048383376,45.352687417516435],[11.912669200352331,45.352725586222441],[11.912672803622367,45.352741066567567],[11.9126714015402,45.352768466389193],[11.912655823669171,45.352788306802424],[11.912577656596367,45.352827387044485],[11.91221948928643,45.352965335541633],[11.912035054889351,45.353038271451148],[11.911839532292722,45.353111579961933],[11.911675947522586,45.353170391355235],[11.911529473194346,45.353226785739608],[11.91131759370038,45.35335703895305],[11.911216833619294,45.353443501461491],[11.911206971093247,45.353465266198725],[11.911429181632384,45.354237942902067],[11.911509603175773,45.354464165074148],[11.911564282949437,45.354614172526873],[11.911567526235354,45.354622641051208],[11.911358438355162,45.354705386107476],[11.911024533052601,45.354823809136768],[11.910734053575807,45.354932662470169],[11.910476874789815,45.355013751917312],[11.910385786645334,45.355042448555423],[11.910354654821148,45.355052783807587],[11.910127590020879,45.355128603909492],[11.909818994014964,45.355304976704659],[11.909642445724298,45.355422354234292],[11.909371581669175,45.355602624613553],[11.908875814351925,45.355918425645712],[11.908991963288353,45.356087120639437],[11.909229119299136,45.356427086827821],[11.909244185280775,45.356451996524932],[11.909252823605497,45.356466088443128],[11.909271230952459,45.356496403774081],[11.909099677980603,45.35658430879397],[11.908944299280325,45.356663970170054],[11.908746185465954,45.356741840031667],[11.908677218306762,45.356758809892561],[11.90859613489312,45.356771047740395],[11.90850466502223,45.356769958210762],[11.908392729608606,45.356745716632709],[11.907999658434223,45.356641775480988],[11.907842211407882,45.356616352584354],[11.907821999391567,45.356613086973937],[11.90773784980623,45.356615320845215],[11.907680533337835,45.35662047158997],[11.907662359821007,45.356622104746961],[11.907595904104566,45.356643240594956],[11.907523126677047,45.356670568333875],[11.907488923909867,45.356688272103099],[11.90736916181857,45.356750461582166],[11.907359956666584,45.356755196727967],[11.907206189261229,45.356846426393197],[11.907125958859352,45.356885285385211],[11.907032565483098,45.356881543270063],[11.906997252993261,45.356909986731189],[11.906969973618875,45.356930754482278],[11.906935933000947,45.356961595887448],[11.906923876146768,45.356980445693765],[11.906863837562113,45.357074508421675],[11.906762467302876,45.35723902395511],[11.906641149677908,45.357410438330142],[11.906571723532043,45.357510680841685],[11.906324823075657,45.357830124195509],[11.906315801877716,45.357838455100946],[11.906286421514293,45.357865577110587],[11.906263740977202,45.357886407612817],[11.906234970480005,45.3579129740003],[11.905957147950872,45.358117356891157],[11.905831020268199,45.358229844175725],[11.905696272026894,45.358343540930392],[11.905656206437017,45.358368954513153],[11.905583859686097,45.358414722750879],[11.90545028472026,45.35851893795482],[11.905250709700381,45.358643285728682],[11.904929207976744,45.358825104438402],[11.904896369356205,45.358834581500766],[11.904829450122893,45.358839255105899],[11.90477183690337,45.358856113654554],[11.904704566832093,45.358868897304355],[11.904570715648086,45.358905428563702],[11.904355103452092,45.358980945655809],[11.904143775225457,45.359037900626063],[11.903472503557682,45.359191259019362],[11.903081593293221,45.35929436634693],[11.902729871521965,45.359392335073466],[11.902545259783007,45.359415032681419],[11.902514968104724,45.359419403546049],[11.902518906955544,45.359436495901022],[11.902769238235738,45.360231517083726],[11.903080380198242,45.361219149347114],[11.902318494025923,45.361351402235705],[11.901642312927786,45.361469319414219],[11.901565366014157,45.361482707268657],[11.900849399010548,45.361589209354356],[11.900754649721719,45.361604039266801],[11.900601514331187,45.361628184066859],[11.900174399352609,45.361695386073393],[11.899966461471019,45.361729023718716],[11.899635561887198,45.361782617379468],[11.899341603141943,45.361819519385456],[11.899206616727998,45.361836540301638],[11.898834254810598,45.361883353682323],[11.898773995588074,45.361891005035091],[11.898555173337559,45.361919065683324],[11.89826528076301,45.361968103438514],[11.897637399297899,45.362074508836891],[11.896697159474412,45.362222683615741],[11.896729057553408,45.362299735445184],[11.897120102223127,45.363243589626443],[11.897127679285402,45.363261940006581],[11.897569968856757,45.364296305170008],[11.897586545802527,45.364335850164359],[11.897593822201701,45.364353308012667],[11.896656973743649,45.364533620998415],[11.896029460401106,45.36466035110638],[11.895749893162295,45.364716861572951],[11.894836948550232,45.364910415131249],[11.894369416609603,45.365016966009982],[11.894142412543399,45.365067638913487],[11.894029008999851,45.365082396155444],[11.89401498377209,45.365090312880149],[11.894003115470642,45.365105465976164],[11.893999536419159,45.365120408891705],[11.893995020627434,45.365139516162657],[11.893975874054941,45.36516718559924],[11.893808190624011,45.365314378012599],[11.893778687475427,45.365356802108586],[11.893768901600335,45.365387744692356],[11.893777813638152,45.365422263805662],[11.893925633641697,45.36573914266706],[11.894454183570682,45.366978182525202],[11.894455924996429,45.366982278966205],[11.894467494744541,45.367008809466668],[11.894601919590423,45.367340789235662],[11.894706310324116,45.367559663985567],[11.894812317651672,45.367715128411476],[11.894829228615366,45.367748724452618],[11.894892704234881,45.367868992242421],[11.894956900194076,45.367978350139857],[11.895017140205391,45.368092759060843],[11.895042156527461,45.368167555502929],[11.89515810821147,45.368415210804038],[11.895180322212246,45.368462624303412],[11.895211814107531,45.368591714364285],[11.895225089115829,45.368609110204645],[11.895276757770628,45.368593127412744],[11.895385778299927,45.368569928883744],[11.895586555741323,45.368545572625564],[11.895664228085069,45.368536174206241],[11.895715444752206,45.368532325645134],[11.895824521558636,45.368516761978746],[11.896393872732267,45.36843804583436],[11.896633030295902,45.368407583019696],[11.896878560732871,45.368379388307176],[11.897199198132183,45.368346586203792],[11.897508880989264,45.368314331334176],[11.897660982051038,45.368297057978616],[11.897771261147016,45.36828102626049],[11.897907956923042,45.368262163406605],[11.898022175836307,45.368235769920773],[11.898148925264183,45.368199696783499],[11.898269534545623,45.368163419370134],[11.898485634303873,45.368094112434363],[11.898684364834789,45.368032267232742],[11.8988864256361,45.367983118959962],[11.898985864645917,45.367949898845197],[11.899075395057409,45.367912699708377],[11.899133725797361,45.367887184583893],[11.899167281844132,45.367859148275357],[11.899206348184332,45.367819000245589],[11.899229250027233,45.367789884352511],[11.899248468346322,45.367763652428714],[11.899272051463763,45.367730378618532],[11.899313621144451,45.36766676355456],[11.89932908349668,45.367634506135694],[11.899414647797904,45.367472289262395],[11.89946718924922,45.367358528160324],[11.899519762721111,45.36725538776556],[11.899567831228383,45.367181526039225],[11.899600864946837,45.367138290653905],[11.8996313457348,45.367100070837203],[11.899683651456488,45.367059136225393],[11.899741501844684,45.367021751259031],[11.899802032644015,45.366989338897262],[11.899855486124206,45.366968357956253],[11.899951304895609,45.366941799929748],[11.900069173721043,45.366916931884319],[11.90022621364961,45.36688395733804],[11.90037554400865,45.366845057596102],[11.900499260204199,45.366809689005692],[11.900588212335693,45.366778714273373],[11.900707041433046,45.366725196992348],[11.900827942691327,45.366662265557544],[11.900858164514858,45.366646465257581],[11.900933539200553,45.366607194076963],[11.901201299304304,45.366457087348181],[11.901340684063975,45.366388554787285],[11.901494379698331,45.366330189788123],[11.90157578036526,45.366311377996105],[11.901580380157867,45.36632890363127],[11.90158517481648,45.366335262685176],[11.901641503696672,45.36633806128178],[11.90173443840197,45.366350010676094],[11.901834043968249,45.366367551231832],[11.901950481818885,45.366399605911575],[11.902039952151387,45.366423704898082],[11.902116656125264,45.366430395839117],[11.902294747738594,45.366429557919936],[11.902294940203696,45.366440804666027],[11.902296532701881,45.366464437622071],[11.902299384126158,45.366482727791286],[11.902305406663634,45.3665030976385],[11.902326859610865,45.366575462746241],[11.902342912402693,45.36664211431664],[11.902368678074454,45.366748844771543],[11.902431983192745,45.366970287463673],[11.902548918282703,45.367346359002823],[11.902612134268496,45.367551061406928],[11.902682235393943,45.367778001932578],[11.902803015203597,45.368139303259319],[11.90288541699125,45.368394464953617],[11.902964781102144,45.368640162453353],[11.902994599232549,45.368748679943508],[11.903040416742586,45.368957695158848],[11.903111439107468,45.369292357616693],[11.903166589143375,45.36957638632785],[11.903207981980545,45.369813688095014],[11.903344747207962,45.370257574200743],[11.90369423212536,45.370206917529721],[11.903924312890512,45.370173699906964],[11.90394128318788,45.370170927795201],[11.904465549766719,45.370087017490967],[11.904491009732231,45.37008294909942],[11.904591400602376,45.370065812220346],[11.904931937045374,45.370015019423107],[11.905412856656053,45.369964972758197],[11.905417144618355,45.369943980569431],[11.905415527303166,45.369927369319136],[11.905574737501212,45.369921696148204],[11.905727048865185,45.369903506544404],[11.905813642028981,45.369886269790712],[11.905907062212647,45.369867688984478],[11.906113467566691,45.369833539491552],[11.906337901126166,45.369807301774195],[11.90643748234525,45.369801795572066],[11.906461165501877,45.369680844986597],[11.90651101066986,45.369542125683516],[11.906613295615687,45.369263000693103],[11.906666534322982,45.369125725115488],[11.906720321425063,45.368984204928736],[11.906775324761048,45.368866417196749],[11.906831964128287,45.368758129157818],[11.906884529674906,45.368662546678117],[11.906952656978296,45.368579079647553],[11.907065305912838,45.36846234392678],[11.907162364438891,45.368362837649826],[11.907241401982667,45.368275492021603],[11.907311077216425,45.36818487430785],[11.907364054659764,45.368102333007322],[11.907419956105457,45.368004594994758],[11.90746553341781,45.367909730329245],[11.907526337914392,45.367763170269377],[11.907593741606506,45.367593398703121],[11.907650416833679,45.367450994353632],[11.907660962078726,45.367422551603227],[11.907688578187258,45.367348487375146],[11.907724672735871,45.367262955502618],[11.907760687243581,45.36718831724405],[11.907791233159472,45.367139021968299],[11.907834953006441,45.367092631523732],[11.907887748899919,45.367051410614152],[11.907943789803676,45.367021178617122],[11.908021747306329,45.366990028135007],[11.908130058298317,45.366960624573629],[11.908272842071815,45.366928632266429],[11.908680082650369,45.366849304617602],[11.908981511791453,45.366798326133413],[11.90925996669613,45.366747572404869],[11.909456011582845,45.366708370143243],[11.909663115675716,45.3666632147836],[11.909830865198874,45.366615101805692],[11.909989544180709,45.366556958346756],[11.910150928316801,45.366491814680849],[11.910303104010486,45.366428885878612],[11.91041275946759,45.366383423524212],[11.910508556055948,45.366346595681748],[11.910643367493817,45.366323534971762],[11.910849693833535,45.366290639071309],[11.911053699675419,45.36625483154873],[11.911348067688666,45.366203216773982],[11.912081080861928,45.366089732932572],[11.912896029775149,45.365945619111223],[11.913744346961048,45.365777514225151],[11.913946745440628,45.366423772090442],[11.914154795944681,45.367087977872274],[11.914133441147078,45.367097344399177],[11.913994612594584,45.367159037415341],[11.913871305087332,45.367187299192977],[11.913761003664945,45.367212708436575],[11.913489322948474,45.36726852100275],[11.913390892088071,45.367276434364136],[11.9132086546301,45.367291077441145],[11.912941958711667,45.367292303529091],[11.912791847576523,45.367303425615972],[11.912528388899668,45.36732293079605],[11.912069558632476,45.367367403206892],[11.911683047602343,45.367405258170969],[11.911245507535277,45.36745404483689],[11.911264132201973,45.367543222840844],[11.911513989965856,45.368738704450102],[11.912617732081525,45.36860252762704],[11.91285415054635,45.369563054883102],[11.912974060643256,45.369963253237238],[11.913001241014216,45.370062294035954],[11.913063420605054,45.370081950136225],[11.913365443883102,45.370054708374546],[11.91363932016154,45.370031424823026],[11.91364005381052,45.370038247089305],[11.914045917910684,45.371355758467537],[11.914058660419521,45.371377576347356],[11.914391411315643,45.371453602458082],[11.914343699648668,45.371720449322694],[11.914319326533585,45.371859961834339],[11.914267845134839,45.372155349037506],[11.914268808718399,45.37231572771573],[11.914243705432506,45.372416193174679],[11.914241180400714,45.372426699162247],[11.91419835373164,45.372490441749221],[11.914187758448918,45.372502954053054],[11.914151818175903,45.372546627906331],[11.914075346106163,45.372621671005568],[11.914063888501637,45.372632315039979],[11.9140338086816,45.372660807046834],[11.914014571850007,45.372679120774592],[11.913999351663684,45.37269607176686],[11.913944729953892,45.372739052340116],[11.913869436123571,45.372787331339502],[11.913729027771419,45.372863286372535],[11.91343708932223,45.373032402266908],[11.913214280584247,45.373184900794037],[11.913032224121791,45.373315295730308],[11.912988104418631,45.37334396576555],[11.913027304265741,45.373386081542598],[11.912867086293781,45.37348666459355],[11.912448270029923,45.373701952158171],[11.912437819521818,45.373707349571994],[11.912584919864932,45.373848606875697],[11.912510144395979,45.37387967924883],[11.912501523442383,45.373895831546974],[11.912479109660746,45.373899553955013],[11.912368053077453,45.373932902236881],[11.912107138810709,45.374047305240644],[11.91202333542503,45.374166190323876],[11.911471831927571,45.374399171618329],[11.911287582018579,45.374477052080735],[11.9100897957362,45.374995288662525],[11.909838767855579,45.375098452788897],[11.909761843932543,45.375130028190128],[11.909620937788612,45.375188263655183],[11.909479446661829,45.375246205112703],[11.909461564335874,45.375253528050521],[11.909452039986643,45.375257497376857],[11.909305168528663,45.375318711821706],[11.909132340871743,45.375388930067217],[11.908572784427699,45.375662068312238],[11.90865409636913,45.375825530115733],[11.908607444545066,45.375854713036482],[11.90856117070957,45.375883796292555],[11.908547314059536,45.375892520615849],[11.90850994702995,45.375915976095619],[11.908482975933328,45.375932955749576],[11.908475458271525,45.37593827806112],[11.908442910402208,45.375961070635917],[11.908373866725457,45.376009366734955],[11.90829557948506,45.376064199238328],[11.908266856402697,45.376084373938532],[11.908134319032735,45.376177133934398],[11.90805874521506,45.376230096876412],[11.907983069938391,45.376296024226441],[11.907896168727193,45.376397072569461],[11.907850856239065,45.376449894476153],[11.9077276470752,45.376557718548938],[11.907477136473531,45.376795703747291],[11.906830427384357,45.377080774850384],[11.906652365960223,45.377172532198266],[11.906472197352077,45.377245620222169],[11.906597327535094,45.377389424941256],[11.906754244374474,45.377483092878542],[11.906828831595012,45.377550323288389],[11.906912962329967,45.377631802679169],[11.906961934920371,45.377670251123938],[11.906993363555998,45.377707796190471],[11.907265534923768,45.377976753605324],[11.907285313491975,45.377996322702167],[11.907330295569473,45.37804162360802],[11.907502323893697,45.378228159036532],[11.907512061119448,45.378238712548502],[11.907809944111186,45.378543198884131],[11.907972943725618,45.378732934041572],[11.907988306103304,45.378763507101759],[11.90799054240358,45.378784693188386],[11.90798087916685,45.378812933427888],[11.907940599290457,45.378836912989513],[11.907775872368422,45.378912310024369],[11.907648082503075,45.378958321743049],[11.907624095805058,45.378978735663601],[11.907711804887159,45.379117461559538],[11.907830758515964,45.37928761602204],[11.907842995240136,45.379339421780628],[11.907862266298908,45.37941382160551],[11.907889628816292,45.379481624356409],[11.908029498705107,45.379651155697715],[11.908298540238945,45.379918570095988],[11.908402534956727,45.38002861639854],[11.909165362410759,45.380835944638342],[11.909566281586461,45.381226282737536],[11.91007862194347,45.381149581806355],[11.910107732845464,45.381134437501359],[11.910147897153283,45.381182830544574],[11.910159058696982,45.381196227925351],[11.91036327813141,45.381442156844813],[11.910427403129892,45.381519373045379],[11.910416280867896,45.381660976991739],[11.910414361134558,45.381685779505339],[11.910464833938107,45.381758303080936],[11.910565322598123,45.381757630852185],[11.910675556373421,45.381852213755977],[11.910753636055997,45.381982271550726],[11.910774589351989,45.382017202288672],[11.910816672548378,45.382010908296088],[11.910825627218367,45.38202112142622]]]},"properties":{"OBJECTID":8,"CONSULTE_2018":"4B","ZONA":"VOLTABAROZZO - CROCEFISSO - SALBORO - GUIZZA"}},{"type":"Feature","id":9,"geometry":{"type":"Polygon","coordinates":[[[11.890616115657243,45.400154893406963],[11.889724604816422,45.401096403942184],[11.889224853186185,45.401682990714662],[11.889086381968601,45.401611505309269],[11.888649119329678,45.40132172213896],[11.888369488714236,45.400943638004193],[11.887904380029623,45.400331813364723],[11.887607736748704,45.399960271428625],[11.886991337955484,45.400182498142065],[11.886547452215705,45.400344607662113],[11.886071416722972,45.400518005855346],[11.885677282693965,45.400664185494243],[11.885393916568701,45.400272835096366],[11.885283467874137,45.400114710530389],[11.885167821711851,45.399947797875086],[11.885005757226073,45.399744430375172],[11.884869672617576,45.399467060041829],[11.884803315742447,45.3992738470658],[11.88477703153724,45.39893292932036],[11.884805805045323,45.398563377660942],[11.88474569829099,45.398317616553236],[11.884665022066699,45.398135243756244],[11.884431148940994,45.397981889327895],[11.884246086055802,45.397852447870292],[11.883665033376998,45.397540216602145],[11.883517112889342,45.397439174316602],[11.883398687838129,45.39733319483053],[11.8829529715563,45.396757687662763],[11.882606583353439,45.396263493677793],[11.882514704596916,45.396131739167849],[11.881849094267114,45.395175201992444],[11.881641920191383,45.394738776931462],[11.88151710097158,45.394375630187433],[11.88123696199399,45.394013877509771],[11.881054456128448,45.393817307648781],[11.88078411269303,45.393648101350095],[11.880243253394109,45.393540206700038],[11.879499976638234,45.393429033357876],[11.878696215908899,45.393181071507918],[11.878290941883675,45.393048792044361],[11.877775012878242,45.393900038939485],[11.875947894418966,45.393413809612063],[11.875927529678178,45.393481382254372],[11.875995650567152,45.393651504702888],[11.87674074181535,45.395204423810739],[11.877115534791898,45.396024832461265],[11.877417946045876,45.396474049049857],[11.877719713396754,45.396793353962202],[11.877239326052488,45.396939582702998],[11.876395884619614,45.397199738526879],[11.875569408792424,45.397442696702022],[11.875008166640475,45.397637055714476],[11.874600124631341,45.397802406870504],[11.874343584499165,45.397905264847722],[11.873692994911686,45.397980323161711],[11.873118581620353,45.398032504420598],[11.872560082252161,45.398163914727547],[11.871938558156373,45.398343011721799],[11.87088944811126,45.398654405068939],[11.869852846197073,45.39897804721592],[11.868997030267616,45.399230077307607],[11.868813263083755,45.399243078262273],[11.867740300601948,45.399295918913104],[11.867439242606185,45.399316325515144],[11.866968104144156,45.399320821767674],[11.86670197598044,45.399310994111282],[11.866263350183599,45.399288985748107],[11.865746234578449,45.399259772287962],[11.86522577685693,45.399238916144263],[11.864968942073173,45.398636392970658],[11.864898007755729,45.39817077885651],[11.865138974658164,45.397313406354115],[11.8653258624737,45.39632384884473],[11.865655513531998,45.395814793417614],[11.86604096672051,45.395003867887937],[11.866357108440369,45.394228067305441],[11.866727357864212,45.393117053056379],[11.866852459206338,45.392780058086664],[11.867011385010811,45.392175131034016],[11.867095950397902,45.391505300117245],[11.867277729650699,45.390415711491357],[11.867369037503479,45.389879252040274],[11.867535543536126,45.389424367677258],[11.867609094023818,45.389005203320799],[11.867589139036495,45.388820739117769],[11.86748745939949,45.388474093375081],[11.867202740558611,45.387997158717404],[11.866901113766069,45.38765418925032],[11.866463314422804,45.387346538493681],[11.866999542730941,45.386881131403754],[11.866514824815605,45.386582647065907],[11.866637759825727,45.386480419444354],[11.866766568588883,45.386372978238299],[11.867313096677934,45.386069595087896],[11.867673276226212,45.385975419442083],[11.868079195917669,45.385868003686042],[11.86902478342539,45.385708747312457],[11.870949016773855,45.385572991330427],[11.873528921541034,45.385420274680669],[11.880175452179142,45.385074064263925],[11.882094425907376,45.385021430934003],[11.891881514297829,45.384377335951051],[11.894300847787465,45.384245902839481],[11.898747172701295,45.383995501060951],[11.903180688085437,45.383828922157271],[11.903730840228883,45.384375611310922],[11.904636723892546,45.385070939016622],[11.906011148239683,45.386174844254306],[11.907377547066423,45.387121245452086],[11.907927772314492,45.38766791318973],[11.908219508492165,45.388063046460829],[11.907898251276455,45.38828268272659],[11.907723853546413,45.388401913792556],[11.907793270069984,45.388779287623414],[11.908016268527671,45.389223286159933],[11.908071227578928,45.389318875635688],[11.908226928877914,45.389914481365587],[11.908399042460932,45.390342141220174],[11.908343943265239,45.390731504184998],[11.908110559460587,45.390816806166917],[11.906285318626161,45.391339429031412],[11.901261121517496,45.392930913315922],[11.899957062639416,45.393369646921826],[11.898241442052143,45.393836452187003],[11.897599244622697,45.394126092908444],[11.896846472150791,45.394211329732855],[11.896374063141845,45.394395254728636],[11.896078152861904,45.394482118659674],[11.895814613085751,45.394590203777931],[11.895180267509179,45.395033932414755],[11.894744767189328,45.395450572266228],[11.894173170667758,45.396020553420563],[11.894083703991004,45.396106586046329],[11.893639286170158,45.396593985311107],[11.893383600748333,45.396856166406018],[11.892858197475126,45.397473466008037],[11.892582453500674,45.397833144184787],[11.891922954982334,45.398643407159],[11.891741376612172,45.398789756102772],[11.891307897120752,45.399411219235695],[11.891173276357094,45.399633118081866],[11.890616115657243,45.400154893406963]]]},"properties":{"OBJECTID":9,"CONSULTE_2018":"4A","ZONA":"CITTA' GIARDINO - S. OSVALDO - S. RITA - MADONNA PELLEGRINA - SANTA CROCE - SAN PAOLO"}},{"type":"Feature","id":10,"geometry":{"type":"Polygon","coordinates":[[[11.873317619615614,45.419426184710282],[11.871588405046303,45.420102234519355],[11.869314299299392,45.421100890367768],[11.867401447540136,45.421929271371731],[11.867335680552321,45.421954512165989],[11.865312906386876,45.42279338372682],[11.865185616958131,45.422848150717719],[11.86482208710845,45.423004064971266],[11.863419134255796,45.4236006706195],[11.862111957464135,45.424152967421591],[11.861635074492193,45.424354444413389],[11.860716182184568,45.424742524139972],[11.859351593862336,45.4253192558904],[11.858318604675157,45.42366343313747],[11.857087877137126,45.421706526212944],[11.856789543801177,45.42118931545253],[11.856716960509402,45.421110263998266],[11.855056089747256,45.418326765565133],[11.85512485801865,45.418303987024466],[11.855229885753788,45.418269308210697],[11.855506822654352,45.417973068661333],[11.855677826074642,45.41767168729605],[11.856817422821004,45.41798621075975],[11.857100134346789,45.417950739222498],[11.856950730068302,45.416958617807119],[11.856970609857377,45.416857544779667],[11.857011545936018,45.416785114148503],[11.857082279478737,45.416701140652343],[11.857144540513019,45.416645204748242],[11.858321200253375,45.416195656941603],[11.858275527380894,45.416134602033409],[11.858796355219072,45.415911778200218],[11.858322881739285,45.415267983000859],[11.857550925353181,45.414363751783718],[11.856678029170107,45.413339708236755],[11.856012996987918,45.412557518880746],[11.855266399068615,45.41168033515914],[11.854717884377113,45.410878616936714],[11.853402376110134,45.408957194794404],[11.851160974143324,45.406370273525368],[11.850108011405704,45.405060073477351],[11.848567195038997,45.403324553024461],[11.847185696419787,45.401852540632845],[11.846223731415948,45.400722713005777],[11.845748016228546,45.400164866233268],[11.845185692295793,45.399364156453935],[11.844990251097082,45.399076252773312],[11.844728140194167,45.398700670073282],[11.844418497198713,45.398196781716216],[11.844047099698219,45.397545793268378],[11.842729077342932,45.395447348901762],[11.842607394218458,45.395231528761741],[11.842531853398697,45.395111479687714],[11.842445521399256,45.394975163955422],[11.841931670928439,45.39416214993031],[11.841330779183016,45.393215913896995],[11.841322006909241,45.39320222079553],[11.841093099545191,45.392913299826468],[11.841063614205606,45.392875827829769],[11.840994137473377,45.392787946740569],[11.840892575494333,45.392659881383146],[11.840789908403261,45.39252941039301],[11.840700963768899,45.392417006299617],[11.84056832171477,45.392249076090842],[11.840395271878936,45.392031006923901],[11.840165152681289,45.391740219439569],[11.839908752916573,45.39142344248112],[11.839901515599379,45.391414542061803],[11.839896175999559,45.39140797346333],[11.839879381828579,45.391387300417946],[11.839876325407598,45.391383541018726],[11.841589568558106,45.390740959914915],[11.843263070119214,45.390098350099827],[11.844533461898759,45.3894490694288],[11.845549420784131,45.388922966149401],[11.846917738628726,45.3883796135338],[11.848089870346842,45.388091742780396],[11.849071860506529,45.387833537983965],[11.850066602172049,45.387358001603246],[11.850479242030048,45.386613220589155],[11.851156315956764,45.385945295525168],[11.85143119114986,45.385672279027411],[11.852003237610019,45.385402582624849],[11.852379206375765,45.385297113445787],[11.853031583087164,45.385080496739604],[11.853788662334715,45.385061570419744],[11.854479802864081,45.385144443618074],[11.855219943147498,45.385259473572418],[11.855801193862616,45.385512014627054],[11.856558146510762,45.385960467484715],[11.857314394670944,45.385924845664434],[11.858304709612909,45.385833279799577],[11.85910659086308,45.385763118459806],[11.859670199555092,45.385665535652642],[11.860162828837723,45.385569728706642],[11.861035679355085,45.38549777538654],[11.861868785678306,45.38557704606054],[11.862659630719911,45.38575752607872],[11.863027957837737,45.385879752400712],[11.863454690794637,45.386021358378905],[11.864182151447089,45.386353652093533],[11.865440236135317,45.386872933120237],[11.865972542624634,45.387093266129661],[11.866463314422804,45.387346538493681],[11.866901113766069,45.38765418925032],[11.867202740558611,45.387997158717404],[11.86748745939949,45.388474093375081],[11.867589139036495,45.388820739117769],[11.867609094023818,45.389005203320799],[11.867535543536126,45.389424367677258],[11.867369037503479,45.389879252040274],[11.867277729650699,45.390415711491357],[11.867095950397902,45.391505300117245],[11.867011385010811,45.392175131034016],[11.866852459206338,45.392780058086664],[11.866727357864212,45.393117053056379],[11.866357108440369,45.394228067305441],[11.86604096672051,45.395003867887937],[11.865655513531998,45.395814793417614],[11.8653258624737,45.39632384884473],[11.865138974658164,45.397313406354115],[11.864898007755729,45.39817077885651],[11.864968942073173,45.398636392970658],[11.86522577685693,45.399238916144263],[11.86488914721008,45.399202398290761],[11.864748047987364,45.399193096735303],[11.864279887582418,45.399153475618213],[11.863858075302712,45.399154886735388],[11.863778086969329,45.399221106919732],[11.863685079821497,45.39939039506541],[11.863629404186556,45.39962846406987],[11.863637263223767,45.399886955259596],[11.86365679941192,45.400324951105823],[11.863675511910582,45.400695083629465],[11.8636849169822,45.401190208109455],[11.863678145597929,45.401777471214551],[11.863673241040782,45.40229863974988],[11.863647201578816,45.402504776640882],[11.863608163661356,45.40265986760997],[11.863407269889152,45.40301349412082],[11.863162318972194,45.403526006778456],[11.863086462131497,45.403880165944734],[11.86320014062273,45.404068119589539],[11.863355438832423,45.404255029046844],[11.863542322946683,45.404448484603023],[11.863604352043625,45.404645073218049],[11.863581260991756,45.40501258540457],[11.863522792780509,45.405916708694278],[11.863438665065766,45.406931554675012],[11.863421902977711,45.407218182845128],[11.863356478668759,45.407366597745394],[11.863375407149109,45.407534912721346],[11.863359014013637,45.407828870329936],[11.863392424487319,45.408077546184892],[11.863510560338204,45.408353452316327],[11.863549930124526,45.408513914794334],[11.863617151755101,45.408813113389883],[11.863696208071259,45.40955233582131],[11.863728138806431,45.409771693749391],[11.863770448262418,45.410196274646928],[11.863861396763886,45.410964552454047],[11.863926999316472,45.411917201476626],[11.864092460007155,45.412754588700892],[11.864119842104971,45.413301126489522],[11.864132989274481,45.413538953531074],[11.864202940173838,45.4142248578937],[11.86425782621396,45.414984503983369],[11.864180593844663,45.415144727208705],[11.864076606602778,45.415359124253577],[11.863857194813885,45.415641342413906],[11.863584043048359,45.415914812576943],[11.863300890508816,45.416150480167005],[11.863259240579646,45.416499175706811],[11.863286473276421,45.416612580696068],[11.863524668235197,45.416818473036074],[11.863858541785637,45.41698636796859],[11.864160047279917,45.417058443936959],[11.865126142700264,45.417307086658646],[11.86555214258353,45.417435881380499],[11.865773621523617,45.417566127218905],[11.866479775723944,45.41805222954784],[11.866848258063142,45.418341125242158],[11.867247529322517,45.418696744869429],[11.867604985866869,45.418955161407453],[11.867852577893578,45.418995060521233],[11.868081494710198,45.418989308671712],[11.868389244445025,45.418923925928979],[11.868643183382639,45.418846019334687],[11.868694325245132,45.418830329315078],[11.868720618528625,45.418820735652112],[11.869093874128355,45.418702609048935],[11.869227232585237,45.418660740501544],[11.869746425125093,45.418566970364992],[11.870037330553442,45.418548489102776],[11.870350174667918,45.418528744302591],[11.870860514499229,45.418585063373918],[11.871301936235405,45.418750398823889],[11.871654936511892,45.418887410537579],[11.871898375114426,45.418980681036615],[11.872150065132313,45.419054255684912],[11.872527179262981,45.419165756863393],[11.872903832434805,45.419167806935313],[11.873296312000173,45.419072310506927],[11.873613807188859,45.418902889347841],[11.87392329168015,45.418588827225214],[11.874628129762321,45.417826973796558],[11.874858816775467,45.41759103332015],[11.874860876216962,45.417588876957247],[11.875277648447772,45.417360378644574],[11.875843051505145,45.417066200065463],[11.876235845496922,45.416867060461733],[11.876575205752802,45.416695098831831],[11.876645260002327,45.416909581134199],[11.877106455628414,45.417429712901857],[11.877223331253937,45.417560150013742],[11.877243655089169,45.417582797009835],[11.877490688258998,45.417933878650778],[11.877733605445554,45.417881637456979],[11.878213082848269,45.41829618989096],[11.877442530429249,45.41842191621609],[11.875753310963074,45.418699261395673],[11.875306802180623,45.418772933834575],[11.873317619615614,45.419426184710282]]]},"properties":{"OBJECTID":10,"CONSULTE_2018":"5B","ZONA":"SACRA FAMIGLIA - PALESTRO - PORTA TRENTO"}},{"type":"Feature","id":1,"geometry":{"type":"Polygon","coordinates":[[[11.828267627477896,45.362953099382821],[11.828420755575779,45.362861542188796],[11.828636209141941,45.36272163344529],[11.828886608420502,45.362552774108529],[11.828941052544865,45.362512809122258],[11.828989881821547,45.362460111401617],[11.829038736789677,45.36237464825502],[11.829105562399876,45.362250124045126],[11.829127603099812,45.362213302459658],[11.829154591897682,45.362168167031278],[11.829231236632632,45.362043399361092],[11.829441335249971,45.361691280894412],[11.829468428671033,45.361645692729219],[11.829508572350008,45.361580158188559],[11.829526542639906,45.361541097085606],[11.829538198553715,45.361475278593026],[11.829551599739919,45.361349738140703],[11.829561306277229,45.361278117116917],[11.829571362578205,45.361213508443683],[11.829586683832948,45.361154620101338],[11.829605437308237,45.361097987010865],[11.82964972487814,45.361020828007277],[11.829770056853597,45.360837638542392],[11.829854182325544,45.360693962237754],[11.829899116039645,45.360599054528237],[11.829912473082759,45.360564788417996],[11.829923835167094,45.360536602646903],[11.829974370293565,45.360418332641999],[11.830051371764366,45.360298236226278],[11.83010589648306,45.360226674064421],[11.830188020566096,45.360142725827984],[11.830255082487243,45.360089575454509],[11.83031289723548,45.360050696389429],[11.8303920299817,45.360006607981887],[11.830484483258342,45.359963359364365],[11.830651795179243,45.359890170124508],[11.830790024632901,45.359832914133861],[11.830902422012224,45.359787640318046],[11.830977989156981,45.35975399144548],[11.831034601525758,45.359714061676492],[11.831092077474176,45.359658178134758],[11.831135626027404,45.359614881805562],[11.831151564145136,45.359599094229594],[11.831269794655174,45.359499307430234],[11.831392133067542,45.359405089432606],[11.831547250735195,45.359294845911705],[11.831675209615518,45.35921092970068],[11.831816336006229,45.359124796384037],[11.831900972429608,45.359068238575112],[11.832005004764591,45.358993556884471],[11.832032152632687,45.358974700643664],[11.832051165044239,45.35896423744979],[11.832066623759276,45.358961873597437],[11.832086555429893,45.3589647095339],[11.832094379035894,45.358965415543018],[11.83210598707231,45.358960086783036],[11.832128620466749,45.358942872757936],[11.832159448395997,45.358923565121636],[11.832168237513613,45.358918036261635],[11.832307486576688,45.358825017902547],[11.832560843291152,45.35869037200915],[11.832756582148392,45.358595951203903],[11.832926344210852,45.358500374537677],[11.832970924853226,45.358475234538979],[11.833161247372248,45.358349082813731],[11.833224291965712,45.358315293208726],[11.833426486934657,45.358207028991345],[11.833556410814355,45.358131883162152],[11.833696234051645,45.35805811165482],[11.833812644071712,45.358003824031876],[11.833979373802325,45.357934514900933],[11.834106413247753,45.357898775808273],[11.834155606122804,45.357886752755334],[11.834259539693802,45.357861308641198],[11.834646780305217,45.35776933020346],[11.835275431565337,45.357618156199763],[11.83537967475892,45.357591263160657],[11.835504341885546,45.357559181964653],[11.835762877575128,45.357518193979324],[11.836236761356671,45.357443230284197],[11.836270253698544,45.357433846784382],[11.8362969230785,45.357425893005185],[11.836527144737737,45.357357432744422],[11.836634082622782,45.357330831642059],[11.836673677610426,45.357320936305953],[11.836763768127364,45.35729700411099],[11.836804164123647,45.357287808926969],[11.83692255282317,45.357257862509272],[11.836991535183138,45.357240755693006],[11.837265273981325,45.357644231479405],[11.837528565896303,45.358025102957853],[11.837776767370132,45.358379885127334],[11.837818436365163,45.358439517998846],[11.838037577864474,45.358749295406923],[11.838351144666374,45.359262044302142],[11.838679276686388,45.359797833480023],[11.839054803837074,45.360428396804927],[11.83926983263208,45.360762847650903],[11.839662100013781,45.361373009567984],[11.840139325364989,45.362098703253196],[11.840435000535212,45.362610361180785],[11.840633343610754,45.362964188559289],[11.840660596183854,45.363005983895448],[11.84089526449948,45.363420185866232],[11.841056585885601,45.363699081688218],[11.841109425788922,45.363790389910925],[11.841395632680864,45.364260514847707],[11.841687323972124,45.36477883952184],[11.842082030756595,45.365492627143944],[11.842503947522586,45.366208976182172],[11.842883843555837,45.366950403700919],[11.843403482202628,45.367886017419302],[11.843641965897138,45.368254170384809],[11.844086593465535,45.368778309761844],[11.844277988073346,45.369019636158427],[11.84432174245557,45.369074713958447],[11.844597043166816,45.369476512405939],[11.844773269881637,45.369708134505267],[11.845235352159603,45.370315006307692],[11.845689029008515,45.370917045025514],[11.846030264017115,45.371362472602485],[11.846276780886086,45.371640676634208],[11.846465048735094,45.371849852593492],[11.846620549362653,45.3720651562139],[11.846812138846568,45.372317545000477],[11.847009141030005,45.372591221540546],[11.847179457148288,45.372831898549485],[11.847422532086391,45.37314304065373],[11.847605147375365,45.373381879965201],[11.847772020078978,45.373581866092572],[11.847896459652587,45.373702349105614],[11.848020024961649,45.373823213847729],[11.84813489667304,45.373908290194187],[11.848271962207894,45.374046190293342],[11.848375712441623,45.374189512278754],[11.848486508849563,45.374315465844582],[11.848492874177698,45.374322688054747],[11.848576465092178,45.374451120731059],[11.848656572534649,45.374555966871462],[11.848712561487773,45.374644898427242],[11.848761482566951,45.374721214614958],[11.84880317569548,45.374786255231896],[11.848944027893859,45.374944309315303],[11.849078579546717,45.375123587125984],[11.849360728472012,45.375469754856098],[11.84962523060778,45.375843366332994],[11.849886201080952,45.376194922172765],[11.850096861456095,45.376437377786161],[11.850281935317831,45.376633215149425],[11.850382029545678,45.376739181175786],[11.850734199982574,45.377088187455584],[11.851076813338903,45.377435001008486],[11.851381287388065,45.377754772275345],[11.851635487372057,45.377991636665243],[11.851964186591458,45.378272365597581],[11.852359215694326,45.378604633649282],[11.852828170925815,45.378976908635579],[11.853346048597947,45.379387204325788],[11.853629092094673,45.379587788072143],[11.853789623809318,45.379701601392753],[11.854148865209273,45.379921341697312],[11.85450718427265,45.38012778202026],[11.854778159199657,45.380281317927107],[11.855389888019415,45.380629668361429],[11.855878207363322,45.380936817028513],[11.856388811160587,45.381257717971245],[11.856723294636877,45.381469878524982],[11.857115007901214,45.381666923588192],[11.857605684818168,45.381931789760472],[11.85790509541317,45.382091627291743],[11.858128245694157,45.382228530104122],[11.85841893308762,45.382448353272174],[11.858696523984907,45.382687046357894],[11.858824303163194,45.38279942252921],[11.858956026715974,45.382881095377705],[11.859232416216942,45.383055368016535],[11.859445775655862,45.383162629222085],[11.859797943986255,45.383322310222574],[11.860205859960852,45.383495715340757],[11.860498509550563,45.383619980344768],[11.860751867187295,45.383727496863472],[11.860784632036019,45.383741437765721],[11.86085964701074,45.383772502287556],[11.861067775803333,45.383829822791995],[11.861437086216389,45.384004841082458],[11.861502720387923,45.384037030580096],[11.861537110673495,45.384059452934331],[11.861736752261194,45.384191234810544],[11.861848161383953,45.384280131291725],[11.861999052262936,45.384398213597919],[11.862209557913287,45.38451705201846],[11.862442814557514,45.384659343025973],[11.863076955043374,45.385055412501778],[11.863273603843991,45.385206042525802],[11.863290333357039,45.385331375318046],[11.863027957837737,45.385879752400712],[11.862659630719911,45.38575752607872],[11.861868785678306,45.38557704606054],[11.861035679355085,45.38549777538654],[11.860162828837723,45.385569728706642],[11.859670199555092,45.385665535652642],[11.85910659086308,45.385763118459806],[11.858304709612909,45.385833279799577],[11.857314394670944,45.385924845664434],[11.856558146510762,45.385960467484715],[11.855801193862616,45.385512014627054],[11.855219943147498,45.385259473572418],[11.854479802864081,45.385144443618074],[11.853788662334715,45.385061570419744],[11.853031583087164,45.385080496739604],[11.852379206375765,45.385297113445787],[11.852003237610019,45.385402582624849],[11.85143119114986,45.385672279027411],[11.851156315956764,45.385945295525168],[11.850479242030048,45.386613220589155],[11.850066602172049,45.387358001603246],[11.849071860506529,45.387833537983965],[11.848089870346842,45.388091742780396],[11.846917738628726,45.3883796135338],[11.845549420784131,45.388922966149401],[11.844533461898759,45.3894490694288],[11.843263070119214,45.390098350099827],[11.841589568558106,45.390740959914915],[11.839876325407598,45.391383541018726],[11.839636265818566,45.391473970682817],[11.839360586501584,45.391571681318226],[11.838406412067853,45.391988647327963],[11.837746382738693,45.392055136286551],[11.837272308553569,45.392050228654242],[11.836571088505396,45.391767189927364],[11.836106492230551,45.391478266794607],[11.835552260896685,45.391291724833629],[11.834624449619813,45.391214613729723],[11.833987250761886,45.391263821979592],[11.833111766705038,45.391285555632457],[11.832608202672414,45.391164512299312],[11.831619246748184,45.390337725006901],[11.830783944686111,45.38974081503725],[11.829725722052268,45.388949114755007],[11.828968099842042,45.388483807655597],[11.828243304193068,45.388201301008998],[11.827597813557821,45.388083752105977],[11.826534752460159,45.388143467612835],[11.825591653156209,45.388233588459215],[11.824356314856827,45.388164006151435],[11.822992708700696,45.387897271108443],[11.822019864094475,45.387716586186876],[11.821978140163727,45.387708904506766],[11.821963971876912,45.387706306872857],[11.821950067783321,45.387703755813035],[11.821937225920516,45.387701398121351],[11.821928873061756,45.387699863780341],[11.82191597470473,45.387697500281945],[11.821903665682756,45.387695248230102],[11.821889111802557,45.387692577307938],[11.821877189523915,45.387690395803375],[11.821865255360548,45.387688206490239],[11.821856946287474,45.387686679162627],[11.821843481881038,45.387684209932978],[11.821788682259113,45.387674168159343],[11.821701947295173,45.38765820627787],[11.820807020072108,45.387494415469476],[11.820739741171337,45.387481822784281],[11.820443681630216,45.387427661794696],[11.820184896218413,45.387380168970175],[11.820020746756191,45.387350089923196],[11.819860014675571,45.387320629214535],[11.819661225905472,45.387284159366409],[11.819486059473283,45.387252081577131],[11.819299613779751,45.387217875171743],[11.818583992143092,45.387332727289866],[11.81858219769591,45.387333016435711],[11.818578338967241,45.38733364009596],[11.81849636887528,45.387346779865481],[11.818417535654541,45.387359320046286],[11.817499872520047,45.387482099195253],[11.816866184090236,45.387442093447461],[11.815928650541611,45.387378851017232],[11.815790023236632,45.387360307767992],[11.815621113718377,45.387359613768126],[11.81539668642025,45.387341926295278],[11.815196448229141,45.387330302735961],[11.815048558518285,45.387315587541117],[11.814668891913676,45.387261221351956],[11.814156946706508,45.38716177838338],[11.814056899904472,45.387130400144841],[11.813915932910579,45.387093009612485],[11.813661784716032,45.38702726448215],[11.813498317547202,45.386981786838014],[11.813161473116626,45.386873882646441],[11.813032161979121,45.38682423205006],[11.812924525119641,45.386758294934346],[11.812822245130526,45.386676743507842],[11.812739241399013,45.386597507378447],[11.812649749035701,45.386531662957395],[11.812569020027954,45.386464792415879],[11.812488480336219,45.386391436230767],[11.812409821571205,45.386301921353187],[11.812321357863922,45.386207877321674],[11.812234944766645,45.386075347233557],[11.812194491206128,45.386016935463992],[11.812166967274417,45.385977107819031],[11.812026369988576,45.385797755651765],[11.811942473098217,45.385695317635069],[11.811832582029597,45.385576147433525],[11.811711953057914,45.385464532670596],[11.811622884209138,45.38537626381396],[11.811499613324569,45.385273175104167],[11.811351077339795,45.385170618529251],[11.811159389733721,45.385083976632998],[11.81102384529566,45.385039878033439],[11.810899223309574,45.38502026381893],[11.810789306809189,45.385011268908166],[11.810681564611844,45.385030664398727],[11.81056988920351,45.385063478531052],[11.810452477595469,45.385104264905458],[11.810327317011511,45.385176836441651],[11.810181372822218,45.38494873667446],[11.810051640408957,45.38474616129384],[11.810030308228502,45.384712661617421],[11.809985169220074,45.384642122660601],[11.809801124988583,45.384346446178306],[11.809777942939533,45.384307729840856],[11.809745956679077,45.384257016383536],[11.809594460417461,45.38401060978218],[11.809405874949455,45.383704120463513],[11.809164481289928,45.38331190068493],[11.808936738598572,45.382941447993957],[11.808847226956061,45.38279589467129],[11.808750529959367,45.382638825420194],[11.808662409829514,45.382495659951246],[11.808552553137982,45.3823186236448],[11.80843259527188,45.38212452629331],[11.808293310869701,45.381907341645352],[11.808123862867312,45.38164229826576],[11.807982631401677,45.381423687616262],[11.807806905129148,45.381149961636645],[11.807661957506198,45.380923783696652],[11.807567755670529,45.380777062018275],[11.807364142943003,45.380458788888149],[11.8073069414947,45.380371705904352],[11.807233487647991,45.380255694611598],[11.807164675689625,45.380148995257571],[11.807047799778028,45.379966308044246],[11.806971611063824,45.379845651660055],[11.806831679957773,45.379619349264125],[11.806690796626592,45.379390713567652],[11.806583572316551,45.379217213784216],[11.806433732646532,45.378976427509421],[11.80629294129988,45.378749556894697],[11.806193961316472,45.37859058194617],[11.806081353275054,45.378409555735338],[11.805932496650845,45.378171690732785],[11.805750763645367,45.377877491683869],[11.805615608989473,45.377679936565649],[11.805508401437757,45.377523517969969],[11.805475522808548,45.377475516591574],[11.805352708476152,45.377317337329323],[11.805428557736285,45.377291330762425],[11.805798465075661,45.377160361066387],[11.806189277742282,45.377013123956942],[11.806483812447047,45.376905068045595],[11.806714517270349,45.376823424490112],[11.807053434721064,45.376739929425469],[11.807116278420736,45.376722001581967],[11.807153538443908,45.376711003796466],[11.80735708445707,45.376653520226434],[11.807771996568277,45.376539169745953],[11.807811484115486,45.376524156382722],[11.807856496886552,45.3765098172046],[11.808236406196125,45.376403077042298],[11.808306211306865,45.376376156005719],[11.808433805685995,45.37633242085581],[11.808705689436479,45.376241658902174],[11.808876640513827,45.376160491155623],[11.809015382107903,45.376083986374773],[11.809116181891898,45.375989242446629],[11.809203061452527,45.375876478388115],[11.809279925362468,45.375757479836494],[11.809316031335646,45.375681970481999],[11.809361829364395,45.375616484041196],[11.809369700402977,45.375605218724345],[11.809400323638002,45.375576290954058],[11.809453841559051,45.375532577618124],[11.809503642784479,45.375496336798868],[11.809563726084313,45.37546398346494],[11.809631443886463,45.375436212860713],[11.80971178110136,45.375407951554678],[11.809791037028416,45.375381067003175],[11.809871889747846,45.375368365129937],[11.809951244555863,45.37535894053994],[11.81004601619148,45.37534877630199],[11.810113302956205,45.375335508103262],[11.810173780638133,45.375308545512773],[11.810235668124408,45.375271376719581],[11.810247147909163,45.375263352971089],[11.810280228654602,45.375240215297794],[11.810335079661655,45.375184767043322],[11.810380604286184,45.37513440909111],[11.810397928889454,45.375097437281276],[11.810384934619227,45.375062022090049],[11.810323694878996,45.374983418391189],[11.810200076807662,45.374826418950569],[11.810100228484083,45.37469547801205],[11.810003102897458,45.374549887859565],[11.809907857186667,45.374406141615594],[11.809842570977429,45.374276779956503],[11.80980011490669,45.374149376623478],[11.809785759674222,45.373991127198963],[11.809769899637541,45.373866939704264],[11.809731610964983,45.37374888511215],[11.809670503234686,45.373603308169351],[11.809607665028993,45.373433110239077],[11.809530503756575,45.373231580263898],[11.809453150698459,45.373010702167193],[11.809389702031025,45.372825576979238],[11.809337679297149,45.37268031630984],[11.809278984839446,45.372521537849032],[11.809196484477607,45.372301867299313],[11.809169168904941,45.372243115710653],[11.809122549113697,45.372108212971064],[11.809089381558588,45.371976106197252],[11.809069304987482,45.371884336097622],[11.809074735936148,45.371770045297062],[11.809087842875499,45.371586758772835],[11.809118578449114,45.371490610211552],[11.809153651472915,45.371414582607038],[11.809162054117291,45.371396013163917],[11.809211970557314,45.371295140300425],[11.809283838422884,45.371186256069251],[11.809396144632629,45.371035240557688],[11.809494576534426,45.3709031991202],[11.809585664798497,45.370767287772694],[11.809658420128525,45.37066603255542],[11.809722028970121,45.37056833291993],[11.809766234625659,45.37050945641446],[11.809824892507283,45.370463906097953],[11.80987149084608,45.370440435766014],[11.809918433079794,45.370439370181977],[11.809955410830002,45.370448541325459],[11.80998798442443,45.370469342541462],[11.810105615722101,45.370593364910384],[11.810241794954736,45.370730882510756],[11.810249902968332,45.370726992355195],[11.810267554985201,45.370718502490057],[11.810283829955345,45.370710674816841],[11.81035641933811,45.370675672792466],[11.81043743356012,45.370630291817058],[11.810507575415016,45.370571676545005],[11.810621722437691,45.370445008003159],[11.810698783747199,45.370361108605323],[11.810780062931737,45.370318511261971],[11.810858714775593,45.370287320197235],[11.81107112895196,45.370239242929991],[11.811317870634676,45.370170066865398],[11.8113683441982,45.370155231733236],[11.811436760858248,45.370110790416],[11.811504376830795,45.370052776818099],[11.81159276501621,45.36996040662882],[11.811669628477233,45.369893163844694],[11.811744194591682,45.36984398019861],[11.811774666211361,45.369824956929392],[11.811815667244518,45.369799373358269],[11.811965430340113,45.369744646584614],[11.812053986248886,45.369727792803559],[11.812190168675155,45.369708235340489],[11.812357236800823,45.369690887153396],[11.812485604635576,45.369686284012055],[11.81260133104283,45.369686852928361],[11.812735301868612,45.369694803273553],[11.812879048285829,45.369706743166425],[11.813151368616222,45.369738827481555],[11.813278873969949,45.369740005535014],[11.813395330919313,45.369734704794539],[11.813526380696688,45.369722383271153],[11.813657706838617,45.369702763731823],[11.813811756432568,45.369667551698605],[11.813883088070378,45.369625287373538],[11.813936653205873,45.369580130519914],[11.813992459955681,45.369495222645071],[11.814087208670314,45.369392162181185],[11.814197393687383,45.369293941806866],[11.814342734808372,45.369173341396454],[11.814449175549226,45.369074312965814],[11.814538224484034,45.368979943897394],[11.814622391081736,45.368897846907309],[11.814693596212747,45.368853064824833],[11.814786736958837,45.368805131381826],[11.814907553459033,45.368748774222915],[11.815098474465133,45.368671785229104],[11.815093450013464,45.368663177885693],[11.815160155649449,45.368643530098069],[11.815182621399424,45.368674210522705],[11.815446103236678,45.368592640888785],[11.815508289185026,45.368569413846878],[11.815556391743051,45.368545454012647],[11.815638154993881,45.36849987081991],[11.815768070238526,45.368426185825982],[11.815859208226234,45.368366239164772],[11.8160627124371,45.368221248336233],[11.816233322469133,45.368082469527565],[11.81628182469778,45.368040856972364],[11.816319360769898,45.367996994609449],[11.816341566884523,45.367955580786322],[11.816355601244995,45.367896185960028],[11.816372570134703,45.367808454635416],[11.816375560339804,45.367706666139284],[11.816374366590546,45.367507766811698],[11.816379041840939,45.36744248202254],[11.816434687236654,45.367254151936642],[11.816518250903005,45.367000593578815],[11.816548214240425,45.366899399667929],[11.816555878075933,45.366896870217033],[11.816584524542925,45.36680516015867],[11.816606797007733,45.366765094835131],[11.817181254659957,45.366509682912827],[11.817221850549023,45.366524883287866],[11.81726565385053,45.366530103048447],[11.817352999192272,45.366491581875238],[11.817577805191089,45.366392599247064],[11.817851754202698,45.366277820862472],[11.818169938271653,45.366153848483151],[11.818183207115563,45.366148480142733],[11.818208144878509,45.366138953129749],[11.818257380235675,45.366122435258831],[11.818304527397517,45.366112719905146],[11.818330312777816,45.366107402549638],[11.818387190961193,45.366095646626697],[11.818427397009286,45.366090153198975],[11.818494612187228,45.366080842368341],[11.818569434916514,45.366070443509869],[11.818692420887237,45.366045083239953],[11.818722527032101,45.366036778678087],[11.818760820335717,45.366026201624187],[11.818766364961567,45.366024714502217],[11.818869034511,45.365996525277964],[11.81887961806936,45.365993653524995],[11.818933661338566,45.365978816884343],[11.819093900255197,45.365934803575236],[11.819097672747896,45.365933630244747],[11.819129483855081,45.365923663230731],[11.819179906792673,45.365907925746384],[11.819286174809346,45.365864795114256],[11.819330706542258,45.365846142631455],[11.819400267441459,45.36581724049455],[11.819419163517574,45.365809482685748],[11.819486753838463,45.365769197514069],[11.81953402005627,45.365743906452522],[11.819654313311245,45.365679816033818],[11.819746243120123,45.365630828268252],[11.819863423468956,45.365568344750436],[11.819966354752438,45.365555720326803],[11.819976277754074,45.365554076367012],[11.820021613395243,45.365547235967519],[11.820026022018324,45.365546145003947],[11.820043396138203,45.365543735463383],[11.820108690474891,45.365536901489186],[11.820203250518027,45.365538255677478],[11.820330101925402,45.365536741601872],[11.820445115304869,45.365525708481606],[11.820532556132921,45.365517426890101],[11.820621614893414,45.365503164388144],[11.820690961525459,45.365487948740352],[11.82074136785563,45.365474461300387],[11.820815187543548,45.365449053573542],[11.820888915811778,45.365414106674336],[11.820978196937419,45.365370944207235],[11.821034796928741,45.365343351538513],[11.821205815399111,45.3652773756871],[11.821350854023672,45.36522050297939],[11.821435952336246,45.365188245109898],[11.821565202679743,45.365142563961491],[11.822073943171761,45.364976064468124],[11.823128851714769,45.364635832022003],[11.823179240995513,45.364634855739105],[11.823222895595313,45.364642237201977],[11.823282990905517,45.364666944562188],[11.823354175025075,45.364698938700016],[11.823457697019986,45.364752096058702],[11.823734901647239,45.364915993421775],[11.823803862321393,45.364949482492676],[11.823864081260677,45.364974096474143],[11.823912828628554,45.364981171650719],[11.823953765000617,45.364982679221704],[11.824126386060987,45.364964366255002],[11.824179773572986,45.364951793674308],[11.824486076135663,45.364879405051795],[11.824499706568478,45.364876187340222],[11.824488817813181,45.36481650808831],[11.824572741635023,45.364801739471133],[11.824585693406727,45.364861817728254],[11.824600809467952,45.364857663109909],[11.824688847516921,45.364825510085758],[11.824774925512461,45.364795025736171],[11.824808853741164,45.364784014595642],[11.82489240965065,45.364741350797601],[11.825000918942813,45.364679256611453],[11.825165051980644,45.364593102269303],[11.825250108536085,45.364547250606883],[11.825362089855643,45.364493351336527],[11.82552028637822,45.364418775087792],[11.825640840670086,45.364357552288411],[11.825719385700893,45.364314291823938],[11.825790545027056,45.364274004558496],[11.825866433559359,45.36422099833397],[11.82596197464483,45.364152383295448],[11.826072510040431,45.364072055278008],[11.826073736090223,45.364071034777815],[11.826136629250312,45.364018620169034],[11.826193362283963,45.363957896824267],[11.826256972684327,45.363891692388016],[11.826295237151099,45.363857530084871],[11.826357077981386,45.363799380572829],[11.826437193617224,45.363738978233073],[11.826526077973716,45.363687990092295],[11.826614039000802,45.363651786892611],[11.826711265507914,45.363624715525035],[11.826788371609013,45.363606423577245],[11.826832843795588,45.363599471329699],[11.826910532292967,45.363592866576084],[11.827082896013311,45.363587427368216],[11.827251816351048,45.363582073191658],[11.827367345238297,45.363568679969049],[11.827437644649399,45.363547045678764],[11.827505820028376,45.363516102601046],[11.827586384613188,45.363467300016509],[11.827643855016319,45.363421409836079],[11.827805883984622,45.363308569909044],[11.828008077651532,45.363168990873007],[11.828097306679371,45.363094229506103],[11.828165565686072,45.363031689364682],[11.828267627477896,45.362953099382821]]]},"properties":{"OBJECTID":1,"CONSULTE_2018":"5A","ZONA":"MANDRIA - ARMISTIZIO - VOLTABRUSEGANA"}},{"type":"Feature","id":2,"geometry":{"type":"Polygon","coordinates":[[[11.87392329168015,45.418588827225214],[11.873613807188859,45.418902889347841],[11.873296312000173,45.419072310506927],[11.872903832434805,45.419167806935313],[11.872527179262981,45.419165756863393],[11.872150065132313,45.419054255684912],[11.871898375114426,45.418980681036615],[11.871654936511892,45.418887410537579],[11.871301936235405,45.418750398823889],[11.870860514499229,45.418585063373918],[11.870350174667918,45.418528744302591],[11.870037330553442,45.418548489102776],[11.869746425125093,45.418566970364992],[11.869227232585237,45.418660740501544],[11.869093874128355,45.418702609048935],[11.868720618528625,45.418820735652112],[11.868694325245132,45.418830329315078],[11.868643183382639,45.418846019334687],[11.868389244445025,45.418923925928979],[11.868081494710198,45.418989308671712],[11.867852577893578,45.418995060521233],[11.867604985866869,45.418955161407453],[11.867247529322517,45.418696744869429],[11.866848258063142,45.418341125242158],[11.866479775723944,45.41805222954784],[11.865773621523617,45.417566127218905],[11.86555214258353,45.417435881380499],[11.865126142700264,45.417307086658646],[11.864160047279917,45.417058443936959],[11.863858541785637,45.41698636796859],[11.863524668235197,45.416818473036074],[11.863286473276421,45.416612580696068],[11.863259240579646,45.416499175706811],[11.863300890508816,45.416150480167005],[11.863584043048359,45.415914812576943],[11.863857194813885,45.415641342413906],[11.864076606602778,45.415359124253577],[11.864180593844663,45.415144727208705],[11.86425782621396,45.414984503983369],[11.864202940173838,45.4142248578937],[11.864132989274481,45.413538953531074],[11.864119842104971,45.413301126489522],[11.864092460007155,45.412754588700892],[11.863926999316472,45.411917201476626],[11.863861396763886,45.410964552454047],[11.863770448262418,45.410196274646928],[11.863728138806431,45.409771693749391],[11.863696208071259,45.40955233582131],[11.863617151755101,45.408813113389883],[11.863549930124526,45.408513914794334],[11.863510560338204,45.408353452316327],[11.863392424487319,45.408077546184892],[11.863359014013637,45.407828870329936],[11.863375407149109,45.407534912721346],[11.863356478668759,45.407366597745394],[11.863421902977711,45.407218182845128],[11.863438665065766,45.406931554675012],[11.863522792780509,45.405916708694278],[11.863581260991756,45.40501258540457],[11.863604352043625,45.404645073218049],[11.863542322946683,45.404448484603023],[11.863355438832423,45.404255029046844],[11.86320014062273,45.404068119589539],[11.863086462131497,45.403880165944734],[11.863162318972194,45.403526006778456],[11.863407269889152,45.40301349412082],[11.863608163661356,45.40265986760997],[11.863647201578816,45.402504776640882],[11.863673241040782,45.40229863974988],[11.863678145597929,45.401777471214551],[11.8636849169822,45.401190208109455],[11.863675511910582,45.400695083629465],[11.86365679941192,45.400324951105823],[11.863637263223767,45.399886955259596],[11.863629404186556,45.39962846406987],[11.863685079821497,45.39939039506541],[11.863778086969329,45.399221106919732],[11.863858075302712,45.399154886735388],[11.864279887582418,45.399153475618213],[11.864748047987364,45.399193096735303],[11.86488914721008,45.399202398290761],[11.86522577685693,45.399238916144263],[11.865746234578449,45.399259772287962],[11.866263350183599,45.399288985748107],[11.86670197598044,45.399310994111282],[11.866968104144156,45.399320821767674],[11.867439242606185,45.399316325515144],[11.867740300601948,45.399295918913104],[11.868813263083755,45.399243078262273],[11.868997030267616,45.399230077307607],[11.869852846197073,45.39897804721592],[11.87088944811126,45.398654405068939],[11.871938558156373,45.398343011721799],[11.872560082252161,45.398163914727547],[11.873118581620353,45.398032504420598],[11.873692994911686,45.397980323161711],[11.874343584499165,45.397905264847722],[11.874600124631341,45.397802406870504],[11.875008166640475,45.397637055714476],[11.875569408792424,45.397442696702022],[11.876395884619614,45.397199738526879],[11.877239326052488,45.396939582702998],[11.877719713396754,45.396793353962202],[11.877417946045876,45.396474049049857],[11.877115534791898,45.396024832461265],[11.87674074181535,45.395204423810739],[11.875995650567152,45.393651504702888],[11.875927529678178,45.393481382254372],[11.875947894418966,45.393413809612063],[11.877775012878242,45.393900038939485],[11.878290941883675,45.393048792044361],[11.878696215908899,45.393181071507918],[11.879499976638234,45.393429033357876],[11.880243253394109,45.393540206700038],[11.88078411269303,45.393648101350095],[11.881054456128448,45.393817307648781],[11.88123696199399,45.394013877509771],[11.88151710097158,45.394375630187433],[11.881641920191383,45.394738776931462],[11.881849094267114,45.395175201992444],[11.882514704596916,45.396131739167849],[11.882606583353439,45.396263493677793],[11.8829529715563,45.396757687662763],[11.883398687838129,45.39733319483053],[11.883517112889342,45.397439174316602],[11.883665033376998,45.397540216602145],[11.884246086055802,45.397852447870292],[11.884431148940994,45.397981889327895],[11.884665022066699,45.398135243756244],[11.88474569829099,45.398317616553236],[11.884805805045323,45.398563377660942],[11.88477703153724,45.39893292932036],[11.884803315742447,45.3992738470658],[11.884869672617576,45.399467060041829],[11.885005757226073,45.399744430375172],[11.885167821711851,45.399947797875086],[11.885283467874137,45.400114710530389],[11.885393916568701,45.400272835096366],[11.885677282693965,45.400664185494243],[11.886071416722972,45.400518005855346],[11.886547452215705,45.400344607662113],[11.886991337955484,45.400182498142065],[11.887607736748704,45.399960271428625],[11.887904380029623,45.400331813364723],[11.888369488714236,45.400943638004193],[11.888649119329678,45.40132172213896],[11.889086381968601,45.401611505309269],[11.889224853186185,45.401682990714662],[11.889823716480883,45.40189112806496],[11.891255864448532,45.402405088824203],[11.892079074101041,45.402720484480128],[11.892642549045803,45.403009554651142],[11.893196679511103,45.403314018828311],[11.894015960490698,45.403602390035438],[11.894649976193724,45.40377835468766],[11.895108471966978,45.403902560465973],[11.895364401778437,45.403966327953391],[11.895666816896869,45.404028914655498],[11.896028280802849,45.404075951353157],[11.896319032698511,45.404040470006613],[11.896713669577133,45.403892590022643],[11.897171964396293,45.403686262455757],[11.897179283656389,45.403683640928115],[11.897805329271707,45.403459405838902],[11.898543563220686,45.403332930009803],[11.899914745390902,45.403122234715347],[11.900113706733329,45.403091634824591],[11.900268578869499,45.40346598061771],[11.900477761958761,45.40397643951399],[11.90076175808553,45.404656922688439],[11.901009695067074,45.405252991402342],[11.901099390390206,45.405704407827905],[11.901280199090984,45.406594716890162],[11.901452905307069,45.407539060891771],[11.90153256450963,45.407728643086465],[11.901949264040704,45.408329217102398],[11.902079792952751,45.408739435258326],[11.901156203525481,45.409028087326277],[11.900444574038525,45.409294303761008],[11.899325809680937,45.409706191464238],[11.898907254172661,45.409861164256839],[11.896576082533496,45.410720550688026],[11.894118279454361,45.411630941901926],[11.889024644982502,45.413506951538942],[11.886257819159615,45.414501317455063],[11.88513090359837,45.41491067280645],[11.884169029683417,45.415181433716022],[11.884275071279093,45.415453994440114],[11.884643599046754,45.415586567148644],[11.884898509522003,45.415878525071903],[11.885040042951424,45.416169768422613],[11.885262374085071,45.416623892819246],[11.885220791291276,45.416831688283132],[11.885150409035935,45.417256595460387],[11.884541408578327,45.417279476710497],[11.884317384098379,45.417288794316228],[11.883390173237313,45.417404520792687],[11.882591773633267,45.417582274559386],[11.882289479506483,45.417651398759055],[11.881652092322419,45.417785595935115],[11.880313505380824,45.418070217818581],[11.878213082848269,45.41829618989096],[11.877733605445554,45.417881637456979],[11.877490688258998,45.417933878650778],[11.877243655089169,45.417582797009835],[11.877223331253937,45.417560150013742],[11.877106455628414,45.417429712901857],[11.876645260002327,45.416909581134199],[11.876575205752802,45.416695098831831],[11.876235845496922,45.416867060461733],[11.875843051505145,45.417066200065463],[11.875277648447772,45.417360378644574],[11.874860876216962,45.417588876957247],[11.874858816775467,45.41759103332015],[11.874628129762321,45.417826973796558],[11.87392329168015,45.418588827225214]]]},"properties":{"OBJECTID":2,"CONSULTE_2018":"1 Centro","ZONA":"CENTRO "}},{"type":"Feature","id":3,"geometry":{"type":"Polygon","coordinates":[[[11.829961535066056,45.432203312702022],[11.829751575792983,45.432260384813027],[11.829580763828099,45.432281908799908],[11.829470759768423,45.432287232520665],[11.829474378773906,45.432470260153863],[11.829411112485172,45.432477672898031],[11.829359293424339,45.432067154869003],[11.829318713740543,45.432062993119622],[11.829303211855017,45.432060827315937],[11.829284443344148,45.43208790735256],[11.829245014260321,45.432086379620131],[11.829189275261218,45.432054302712821],[11.829134660568938,45.432052050479228],[11.828928485970241,45.432039071539087],[11.828617705098205,45.431986015989651],[11.828616903829655,45.431986098854338],[11.828502374057551,45.43196049036186],[11.828513166174412,45.431928410800182],[11.828571975173032,45.431795445583518],[11.828730727645308,45.431288522956507],[11.828587281432679,45.431308820007629],[11.828495884205084,45.431321796306236],[11.827784770945772,45.431422946691583],[11.827009462031464,45.431459793589141],[11.826979747634716,45.431461249611409],[11.826971074118058,45.431461644447872],[11.826926434185438,45.431463740143506],[11.826831275561487,45.430869135412976],[11.826699455392323,45.430111256045016],[11.826599052847053,45.429547205031746],[11.826576040889501,45.42936802033028],[11.826567733650931,45.429219615743982],[11.826557302767528,45.428893039391738],[11.8265565741812,45.428868214039007],[11.826547902877191,45.428589660668337],[11.826534098345808,45.428256956978231],[11.82651615918866,45.427964321121088],[11.826497607702876,45.427661979082622],[11.826474287713308,45.427259031323622],[11.826445218920096,45.426820310972488],[11.826426919361953,45.426558828235294],[11.826400841611846,45.426098070760069],[11.826367349781453,45.425609142946023],[11.826330798155084,45.425069163842394],[11.826281626414929,45.423871956916408],[11.826266007233091,45.423474669041504],[11.82624664459061,45.422979360350155],[11.826232955174321,45.422674467350298],[11.826197214731149,45.421984237247074],[11.8261866634436,45.421719141988746],[11.826172478323159,45.42141966194761],[11.826169397725678,45.42132943869354],[11.826160584176844,45.421071338453274],[11.82615014365874,45.42081101107393],[11.826144788491455,45.420652541821894],[11.826135387089819,45.420456547564996],[11.826124300222148,45.420224230022441],[11.826113483180192,45.419933307715105],[11.826103795449907,45.419782776792189],[11.826094850656526,45.419465344462225],[11.826076685378737,45.41909890361471],[11.826063703946444,45.418744126028905],[11.826039441036917,45.418214553569641],[11.826031815901811,45.41807972371484],[11.826023333520801,45.417931252994485],[11.826021694175207,45.417902559813918],[11.826008771379097,45.417716673743051],[11.826000387266665,45.41759605492863],[11.82599389717784,45.417501882579394],[11.825961838765366,45.417123363867788],[11.825933482573198,45.416790839841788],[11.825915091546086,45.416447987689558],[11.82590378514341,45.415967961170765],[11.825893335967169,45.415699712710655],[11.825883754839545,45.415543598273487],[11.825874400147729,45.415389458500563],[11.825850737529883,45.415033144901116],[11.825824792707159,45.414669506757257],[11.825814651755129,45.414558502400034],[11.825793777754312,45.41432462668979],[11.825730956014931,45.41368043240054],[11.825679976476664,45.41315314112385],[11.825640184378623,45.412688671600826],[11.825518997597619,45.411274244668299],[11.82540583696516,45.409971864292629],[11.825345396643794,45.409160007139626],[11.825332899283417,45.408917192620599],[11.825306371447542,45.408764557891679],[11.825287447904488,45.408610654782223],[11.825281322220688,45.408559589268876],[11.825271617980142,45.408482181947967],[11.825268595608572,45.408458074887648],[11.825262723704268,45.408411224679078],[11.825242479009997,45.4082497373943],[11.825124190918878,45.407774158445136],[11.825002454870251,45.407303705382738],[11.824980604292014,45.407219184305063],[11.824742757290714,45.406275618091698],[11.824689719236844,45.406078182870445],[11.824591498300983,45.405710121728582],[11.824520090491625,45.405444101341907],[11.82447718758092,45.405278189644307],[11.824426334618934,45.40508097024334],[11.824366252883383,45.404844733684321],[11.824319926703712,45.404663964530521],[11.824297229537825,45.404575233649382],[11.82427080814568,45.404470752695964],[11.824248587617355,45.404373638838557],[11.824222204572582,45.40424742248198],[11.824091352298952,45.403621423392821],[11.824057141838274,45.403523568290957],[11.823845689444848,45.403530708855776],[11.822764193713102,45.403405086829864],[11.82272133717297,45.403234324304911],[11.822629284890905,45.403245637041429],[11.822574031144807,45.403254304304049],[11.821618169077439,45.403063365926251],[11.82118775793773,45.403024702204348],[11.821114989767846,45.40300804814003],[11.821132659682455,45.402983127991035],[11.821150804242155,45.40295747600716],[11.821156412842486,45.402949506289779],[11.821174078243898,45.402924496233105],[11.821409349043639,45.402591665249759],[11.820924305353968,45.402648029749507],[11.81985042818355,45.40277294800493],[11.81963318703531,45.402798207380386],[11.819533336945867,45.402791942653096],[11.818966808904673,45.402702780918837],[11.818580455347774,45.402642022029376],[11.818267252546544,45.402592777594876],[11.818281103971175,45.402568132192762],[11.818285322549151,45.402560466974741],[11.818301341672708,45.402528026964113],[11.818531834544947,45.402062911333744],[11.818532410011395,45.402061636947302],[11.818621991543168,45.40178452637285],[11.818633277357574,45.401749412803007],[11.818870995063879,45.401013630093061],[11.818881178905217,45.400982054201314],[11.818892464421783,45.400946940609202],[11.818898781159909,45.40092752190921],[11.818854428045137,45.400755162912901],[11.818746510015966,45.400340169358735],[11.818629462870724,45.399898307308007],[11.818614320247759,45.399837922702716],[11.818598365668906,45.399807442341192],[11.818573430542459,45.399789065404271],[11.818544232618796,45.399772323937654],[11.818461416854575,45.39975906672111],[11.818338562143765,45.399742297425334],[11.818295926756244,45.399727687932916],[11.818251247489641,45.399710518522056],[11.818219410371674,45.399689521527989],[11.818195425366152,45.399659419406341],[11.818184746743739,45.399611706321849],[11.818178689947773,45.399549027038717],[11.818175159618489,45.399354776905049],[11.81817596581373,45.399124414640163],[11.818159334621159,45.398885121575134],[11.81813390741338,45.398646225693476],[11.818125262106475,45.398521231538986],[11.818115299949655,45.398184830162513],[11.818110789919313,45.397875838036583],[11.818113519621743,45.397756053801217],[11.818113325703791,45.397705921535234],[11.818110286659662,45.397542083503708],[11.818115494859533,45.397202427133962],[11.818110981314831,45.397098843973012],[11.818141752084848,45.397070180336591],[11.818143854647202,45.397063647513171],[11.818160149393709,45.397041912200649],[11.818174802180438,45.397035969642886],[11.818199943195278,45.397032828560931],[11.818221146271728,45.39703014475235],[11.818276404357901,45.397034001145357],[11.818915293168274,45.39710985770602],[11.81916424279957,45.397126572541161],[11.819403535266105,45.397128943316723],[11.819553675542355,45.397119023804755],[11.819733004510359,45.397100011860637],[11.820205787901489,45.397044675383512],[11.820132812344989,45.396795253028813],[11.820035925907694,45.396625002434583],[11.81965454216305,45.395954738515975],[11.819687831765036,45.395940774315406],[11.819752586688082,45.395904429758637],[11.819771338274347,45.39589100469896],[11.819784219874258,45.395882855370722],[11.819983636911976,45.395864516936925],[11.819973039894606,45.39583642474534],[11.82052768556926,45.395757551404586],[11.820580789161092,45.395748948154527],[11.820848832084117,45.395705329056575],[11.820999572924183,45.395676760166033],[11.820975076521353,45.395405437234899],[11.820964639017147,45.395139347622191],[11.820972360182452,45.395132765897799],[11.821008747632664,45.3950886605069],[11.820577146645396,45.394982850107382],[11.820542188295487,45.394973542516603],[11.820537527481356,45.394972307497142],[11.820541467760936,45.394959068276776],[11.820655797786433,45.394576389464071],[11.820676492771502,45.394514759431267],[11.820583198224595,45.394521835533446],[11.820519941484187,45.394526639103184],[11.820442811986556,45.394532505531259],[11.820402342160664,45.394535665824236],[11.820248039027188,45.394520845811698],[11.819972293947613,45.39448148205404],[11.819907775266289,45.39446606360233],[11.819800347703396,45.394425331421189],[11.819706376380687,45.394390567616739],[11.819552542260945,45.394303004810013],[11.819316730883015,45.394162378867016],[11.819234635388984,45.394142893540433],[11.819046795216011,45.393980379260022],[11.819044720189893,45.393977190050208],[11.818990798033841,45.393907681771111],[11.818979010389386,45.393891590575628],[11.818937878922002,45.393837788643417],[11.818926809814732,45.393823299925913],[11.818872702213673,45.393752626004222],[11.818858906718008,45.393734694114741],[11.818974345425442,45.393661235437087],[11.818981723590079,45.393656540882638],[11.81908701242704,45.393589540936077],[11.819079180405669,45.393573352055185],[11.819137019607096,45.393410890797114],[11.819137770111531,45.39311527049378],[11.819172238979046,45.392983810710767],[11.819181822247431,45.392983844055976],[11.819192271864228,45.392983315926337],[11.819297546058612,45.392700956197068],[11.819313768530657,45.392657259385906],[11.819332151412953,45.392608198459335],[11.819350520845994,45.392558867823467],[11.819438877283762,45.392321662142557],[11.819454624951629,45.39227869713892],[11.819484273159793,45.392199293667396],[11.819647729810205,45.391761484596024],[11.819683385959959,45.391674461597006],[11.819702254514834,45.39161206672096],[11.819707117932388,45.391576301534258],[11.819705579043514,45.391545375167411],[11.819695236127508,45.391514666287861],[11.819678542471678,45.391487264735552],[11.819655209444367,45.391459937179164],[11.819622996375358,45.391431298760857],[11.819447131495961,45.391370653728579],[11.819392503411956,45.391352389305204],[11.819081319165774,45.39136755713951],[11.818927530594216,45.391398159261122],[11.818296143567126,45.391556600714011],[11.818017205529157,45.391627396634703],[11.817732869199686,45.391705256113944],[11.8172949557758,45.391821290450146],[11.817036073297336,45.391879257206178],[11.816867778881029,45.391934897835938],[11.816774979211846,45.391980124010516],[11.816705707765109,45.392033500743082],[11.816682812663917,45.392076641742143],[11.816244456499527,45.392451199508734],[11.81621565676183,45.392460371272463],[11.815826574769583,45.39236636561931],[11.815251849436553,45.392259114999668],[11.815253721855385,45.392250517609064],[11.815320602875412,45.391938144087419],[11.815388831395895,45.391950147664232],[11.815444657979251,45.391814540984065],[11.815465172316317,45.391765685540108],[11.815494383645804,45.391694428331483],[11.815511300124983,45.391651120896341],[11.815547876582354,45.391572954449494],[11.81556524926568,45.391526822854559],[11.815597551231496,45.391456425513077],[11.815646228419967,45.391337617732098],[11.81565514039074,45.391311908087602],[11.815668556945912,45.391285171894715],[11.815688978891698,45.391238166647362],[11.815710739327409,45.391185910339445],[11.81578808644721,45.391001658090985],[11.815812801095213,45.390945124389539],[11.815833640368844,45.390890094084199],[11.815908877583059,45.390705738973828],[11.815972249670882,45.390552710222913],[11.8160272523287,45.390424021233848],[11.816031844233409,45.390416166850628],[11.81605208894444,45.390365658108074],[11.816111276187279,45.390212879238184],[11.816139223592392,45.390137940905674],[11.816157293564808,45.390091282535401],[11.816171315681826,45.390052937695394],[11.816192795013976,45.389997381153428],[11.816211329883176,45.389952367538179],[11.816227350049342,45.389905928053409],[11.816284799564007,45.389760331769814],[11.816320620739926,45.38966729377843],[11.816346385502474,45.389597492263348],[11.816365204571248,45.389548639765046],[11.816393013784301,45.389458286487105],[11.816416727811667,45.389383185195669],[11.816430183156465,45.389337915220871],[11.81645006680219,45.38927288094807],[11.816473540288715,45.389205486170113],[11.81649693020074,45.389135871033723],[11.816529714712098,45.389025494028552],[11.816546955419479,45.388969308397293],[11.816569552191849,45.388894482172873],[11.816592317204867,45.38882371046747],[11.816632259624429,45.388706047590972],[11.816655237364618,45.388626578988571],[11.816689090219631,45.388523237968805],[11.816710044635867,45.388455135688361],[11.816721625688222,45.388420920487384],[11.816732780025188,45.388380279001694],[11.816746882374675,45.388337549379699],[11.81675765473722,45.388305364116036],[11.816780632685132,45.388239990579414],[11.816804290622063,45.388154398689309],[11.816816325004062,45.388144650364822],[11.816875198894696,45.387946429530231],[11.816881127866722,45.387926930464594],[11.816951273079951,45.387883523447734],[11.816949803061972,45.387877078806227],[11.816946064225277,45.387860968776721],[11.816935897234313,45.387815763233462],[11.816933035639195,45.387801881873493],[11.816900207898401,45.387655431110545],[11.816866184090236,45.387442093447461],[11.817499872520047,45.387482099195253],[11.818417535654541,45.387359320046286],[11.81849636887528,45.387346779865481],[11.818578338967241,45.38733364009596],[11.81858219769591,45.387333016435711],[11.818583992143092,45.387332727289866],[11.819299613779751,45.387217875171743],[11.819486059473283,45.387252081577131],[11.819661225905472,45.387284159366409],[11.819860014675571,45.387320629214535],[11.820020746756191,45.387350089923196],[11.820184896218413,45.387380168970175],[11.820443681630216,45.387427661794696],[11.820739741171337,45.387481822784281],[11.820807020072108,45.387494415469476],[11.821701947295173,45.38765820627787],[11.821788682259113,45.387674168159343],[11.821843481881038,45.387684209932978],[11.821856946287474,45.387686679162627],[11.821865255360548,45.387688206490239],[11.821877189523915,45.387690395803375],[11.821889111802557,45.387692577307938],[11.821903665682756,45.387695248230102],[11.82191597470473,45.387697500281945],[11.821928873061756,45.387699863780341],[11.821937225920516,45.387701398121351],[11.821950067783321,45.387703755813035],[11.821963971876912,45.387706306872857],[11.821978140163727,45.387708904506766],[11.822019864094475,45.387716586186876],[11.822992708700696,45.387897271108443],[11.824356314856827,45.388164006151435],[11.825591653156209,45.388233588459215],[11.826534752460159,45.388143467612835],[11.827597813557821,45.388083752105977],[11.828243304193068,45.388201301008998],[11.828968099842042,45.388483807655597],[11.829725722052268,45.388949114755007],[11.830783944686111,45.38974081503725],[11.831619246748184,45.390337725006901],[11.832608202672414,45.391164512299312],[11.833111766705038,45.391285555632457],[11.833987250761886,45.391263821979592],[11.834624449619813,45.391214613729723],[11.835552260896685,45.391291724833629],[11.836106492230551,45.391478266794607],[11.836571088505396,45.391767189927364],[11.837272308553569,45.392050228654242],[11.837746382738693,45.392055136286551],[11.838406412067853,45.391988647327963],[11.839360586501584,45.391571681318226],[11.839636265818566,45.391473970682817],[11.839876325407598,45.391383541018726],[11.839879381828579,45.391387300417946],[11.839896175999559,45.39140797346333],[11.839901515599379,45.391414542061803],[11.839908752916573,45.39142344248112],[11.840165152681289,45.391740219439569],[11.840395271878936,45.392031006923901],[11.84056832171477,45.392249076090842],[11.840700963768899,45.392417006299617],[11.840789908403261,45.39252941039301],[11.840892575494333,45.392659881383146],[11.840994137473377,45.392787946740569],[11.841063614205606,45.392875827829769],[11.841093099545191,45.392913299826468],[11.841322006909241,45.39320222079553],[11.841330779183016,45.393215913896995],[11.841931670928439,45.39416214993031],[11.842445521399256,45.394975163955422],[11.842531853398697,45.395111479687714],[11.842607394218458,45.395231528761741],[11.842729077342932,45.395447348901762],[11.844047099698219,45.397545793268378],[11.844418497198713,45.398196781716216],[11.844728140194167,45.398700670073282],[11.844990251097082,45.399076252773312],[11.845185692295793,45.399364156453935],[11.845748016228546,45.400164866233268],[11.846223731415948,45.400722713005777],[11.847185696419787,45.401852540632845],[11.848567195038997,45.403324553024461],[11.850108011405704,45.405060073477351],[11.851160974143324,45.406370273525368],[11.853402376110134,45.408957194794404],[11.854717884377113,45.410878616936714],[11.855266399068615,45.41168033515914],[11.856012996987918,45.412557518880746],[11.856678029170107,45.413339708236755],[11.857550925353181,45.414363751783718],[11.858322881739285,45.415267983000859],[11.858796355219072,45.415911778200218],[11.858275527380894,45.416134602033409],[11.858321200253375,45.416195656941603],[11.857144540513019,45.416645204748242],[11.857082279478737,45.416701140652343],[11.857011545936018,45.416785114148503],[11.856970609857377,45.416857544779667],[11.856950730068302,45.416958617807119],[11.857100134346789,45.417950739222498],[11.856817422821004,45.41798621075975],[11.855677826074642,45.41767168729605],[11.855506822654352,45.417973068661333],[11.855229885753788,45.418269308210697],[11.85512485801865,45.418303987024466],[11.85501122007129,45.418170774739686],[11.854259920708216,45.418417231877413],[11.853407936924828,45.418675308522403],[11.852632951877387,45.418895999469363],[11.852465591076022,45.41895250262796],[11.852415791078938,45.418966606313241],[11.852366391968237,45.418969565419161],[11.851852424078803,45.419079168714219],[11.851786296012211,45.419088383746384],[11.851631950568828,45.418864156428015],[11.851555607240263,45.41877145520553],[11.851541114923133,45.418757862626805],[11.851523384414312,45.418745880254434],[11.851506048632984,45.418736684704996],[11.851482494850908,45.418733403485767],[11.851461241895155,45.41873410994301],[11.851434037553412,45.418739350476081],[11.851308875468719,45.418771784268486],[11.851260508444428,45.418782163843183],[11.85069225862248,45.41893584765144],[11.850322483100522,45.419039123507169],[11.84997435239754,45.419143178207428],[11.849898076614709,45.419011454699046],[11.849827240829176,45.418872061274712],[11.849792199045668,45.41876706352523],[11.849694521282045,45.418806258772875],[11.849636009336662,45.418827326978338],[11.849470622422061,45.418868684070887],[11.849423301009409,45.418878439079997],[11.849389669286474,45.418882879142494],[11.849347408852108,45.418886099795159],[11.849292907637789,45.418886372943312],[11.849219349787216,45.418884621209877],[11.849151576215419,45.418878566471427],[11.849166934955703,45.418965509569361],[11.849464518696776,45.420194707032593],[11.849425464918133,45.420195681963058],[11.849087924525971,45.4202224657286],[11.849104171481679,45.420286314663954],[11.849117027665002,45.420390571099844],[11.848815128002748,45.420419469039729],[11.847797219854121,45.420447968838786],[11.847794891904012,45.420422426486077],[11.847765250989863,45.420396837368443],[11.847604800425167,45.42039473660185],[11.847030718925712,45.420354123452107],[11.846823756869423,45.420347388494356],[11.846658647318661,45.420366455599996],[11.846427874030475,45.42034474340803],[11.846082537661307,45.420371665872501],[11.84506102821129,45.420213313927995],[11.844453395047378,45.420430817382297],[11.844109702668488,45.420529133954879],[11.844378898784507,45.420964994635447],[11.845032505272885,45.42182498513931],[11.84493574839534,45.421876440925786],[11.844865594403238,45.421907038411007],[11.844805046357324,45.421928155770573],[11.844555089818536,45.42200992718243],[11.844389118078253,45.422077676782195],[11.84432968423519,45.422130844742256],[11.844285617980534,45.422196117155075],[11.844228333675314,45.422248670720812],[11.844164621677065,45.422322832573087],[11.84410291621411,45.422379871741057],[11.843994028162918,45.422442767126967],[11.843921567937485,45.422521974175559],[11.843792660919634,45.422583361767643],[11.843718030420341,45.422654998705831],[11.843474311172836,45.422844945855751],[11.843420058526888,45.422904951222996],[11.843315405870651,45.423014078824856],[11.843261520542175,45.423026387302365],[11.843132220401495,45.423019469933067],[11.843051834603807,45.423037092931693],[11.842916689419244,45.423112307786489],[11.842770421218066,45.423235227926959],[11.842031795076146,45.422266891822289],[11.840614838016519,45.422696485182598],[11.840591286228788,45.422677192059901],[11.840439238710392,45.422725344727318],[11.840267349487767,45.422754985702724],[11.839885550836675,45.422891356996416],[11.839680213288837,45.422935440042188],[11.839676170577041,45.422937841333464],[11.83942350718249,45.42306903520192],[11.839255370860892,45.423178850733706],[11.839187629674541,45.423195209547842],[11.839020972171333,45.42319604146288],[11.838864685375047,45.423216021875263],[11.838674160538591,45.423226995395645],[11.838313272903925,45.423240773777593],[11.838525178930341,45.423862439616101],[11.83858327653706,45.423863408967698],[11.838791218066078,45.423844350494015],[11.839072569142207,45.424678668783713],[11.83823507166224,45.424750498425766],[11.83847295037568,45.425379939973617],[11.838573827905181,45.425556737773768],[11.837178975691653,45.42582375671379],[11.837092245152339,45.425832915420344],[11.837041138289937,45.425851693986544],[11.837026877399786,45.42589126681743],[11.837076851340916,45.425949085419219],[11.837056657479462,45.42596289386411],[11.83623249067497,45.426262649626828],[11.835038927616667,45.426542673639062],[11.835045511114849,45.426570519261546],[11.834555745818745,45.426677927417479],[11.834569467608775,45.42670460746583],[11.833985562457093,45.426847137008437],[11.834358603329912,45.427575711887755],[11.834489406886169,45.42776317650209],[11.834547083471831,45.427794277391676],[11.834515931367001,45.427831508675595],[11.833483797769677,45.428277457027548],[11.833713778450941,45.428695485309497],[11.832629377464768,45.429249873156436],[11.832738709169588,45.429471917034135],[11.832665425009464,45.42947949919305],[11.832264583143962,45.429483682446111],[11.832050315672021,45.429454421510442],[11.831868169529463,45.429412836290986],[11.831840079434539,45.429505740883677],[11.831845840033209,45.42962085871423],[11.831881021862959,45.429833216901848],[11.831976594883038,45.430107469719601],[11.831832330158784,45.430168679252155],[11.831126603627851,45.430295682727468],[11.830654197499344,45.430341976093736],[11.83009388362032,45.430430788807683],[11.830031076049497,45.43048421380724],[11.829972989562144,45.430468364385639],[11.829534719074646,45.430542622419026],[11.829692110634092,45.430907553268682],[11.829900658082776,45.431402587647703],[11.829806990400595,45.431432254654936],[11.829752226697751,45.43146323624218],[11.829723353458435,45.431545986512454],[11.829961535066056,45.432203312702022]]]},"properties":{"OBJECTID":3,"CONSULTE_2018":"6A","ZONA":"BRUSEGANA - CAVE - CHIESANUOVA"}},{"type":"Feature","id":4,"geometry":{"type":"Polygon","coordinates":[[[11.856043399836084,45.457315627396305],[11.856034634653039,45.457321877514097],[11.856020499312931,45.457330692321314],[11.85600484984448,45.457337384723573],[11.855999046514556,45.457338970119054],[11.85598054648943,45.457342403397121],[11.855955258709349,45.457343126120428],[11.855920728306691,45.457343179969207],[11.855858829200086,45.45732633471858],[11.855792601265096,45.457308310565423],[11.855790110162346,45.457312724069844],[11.855785440403885,45.457321001389204],[11.855757508795371,45.457312428966766],[11.855732551518773,45.457304502220538],[11.855706008664603,45.457287973985636],[11.85567470888712,45.457265893997082],[11.855584660623173,45.457197397349198],[11.855579574375836,45.457195454316235],[11.855513802145506,45.457141652334251],[11.855458903562242,45.457098019691159],[11.855422920342239,45.45706930589408],[11.855383195816081,45.457042485915508],[11.855298600413237,45.456990774890393],[11.855215054924848,45.456937057275923],[11.855081079905748,45.456849676332574],[11.854973547812138,45.456776845878892],[11.854865361797561,45.456711322650314],[11.854832218603173,45.456693249062404],[11.854788898439294,45.456653467064243],[11.854716363961019,45.456592362747372],[11.854662245869699,45.456533768206228],[11.854618904585106,45.456506228303262],[11.854581921038124,45.456485550323954],[11.85457509714065,45.456482120497661],[11.854530969421797,45.456461801188645],[11.854356492266346,45.456385333573735],[11.854298511416737,45.456359149761191],[11.854149429162707,45.456291678090317],[11.853977279520052,45.456215691767518],[11.853779270604036,45.456131620536809],[11.853692361727651,45.456092297799621],[11.853602454671565,45.456056920465954],[11.853421644134484,45.455994291574868],[11.85336483955529,45.455973658626377],[11.853308322247583,45.455953648552622],[11.853196809389422,45.45592097126756],[11.85308283862658,45.455885204888723],[11.852964891712107,45.455859349085095],[11.852839073524107,45.455824508661614],[11.852675011683118,45.455776942049042],[11.852141063508903,45.455617641965631],[11.851645696362402,45.455480238584485],[11.851619745763513,45.455472875824313],[11.8515999053493,45.455459869680325],[11.851590518757231,45.455453803336304],[11.851570493383473,45.455419378949209],[11.851573556197833,45.455398959719759],[11.851577397463419,45.455383831751647],[11.851577217658336,45.455375195090411],[11.851588217395603,45.455357457964844],[11.851595251250096,45.455344770574975],[11.851604647808678,45.455333284327374],[11.851616875002879,45.455314526402219],[11.851643583124226,45.455291266154013],[11.851690064576436,45.455246719130415],[11.851715071276418,45.455222691263543],[11.851783975046937,45.455161201832176],[11.851841232858037,45.455112244958862],[11.851885048194278,45.455073165186256],[11.85190946517956,45.455052662478487],[11.851932742373092,45.45502984793076],[11.851968524700128,45.454988718530075],[11.8520006072238,45.45494777157203],[11.852024672685545,45.454912695675333],[11.852049667038106,45.454868145302108],[11.852117546666008,45.454750873802787],[11.852198535682096,45.454622203213596],[11.852249539637887,45.454522815641766],[11.85232220573805,45.454383821524971],[11.852347483762175,45.454319551360918],[11.852351735168758,45.454304953187588],[11.852356257138714,45.454285577615643],[11.852356922961537,45.45427088901733],[11.852356311459896,45.454256232337805],[11.852355360568364,45.454232312900494],[11.852339330438603,45.454201029239528],[11.852280799319876,45.454072604482398],[11.852200751336841,45.45389539075412],[11.852071349966023,45.453593857751322],[11.852070844909862,45.453592719116898],[11.851983196991872,45.453390033588285],[11.851931863349998,45.453270494818753],[11.851840016224827,45.453049469722586],[11.851773977409373,45.452896388938093],[11.851747895484539,45.452830611671324],[11.851723544169387,45.452789004401325],[11.851689436536862,45.452728918363064],[11.851647986522524,45.452662714903148],[11.8516115633676,45.452597285965766],[11.851553376752252,45.452516198539968],[11.851459436063919,45.452390548176439],[11.851349290578254,45.452242799518288],[11.851311332670734,45.452200181868342],[11.851286896906331,45.452182249780556],[11.851260350845163,45.452173191581913],[11.851246256252127,45.452170123194946],[11.851234459959619,45.452169517734426],[11.851177302149024,45.452169685295296],[11.851036826595177,45.452166083122599],[11.850936680512239,45.452163363753208],[11.850698354300047,45.452154374027053],[11.850446895664232,45.452143641469945],[11.850178255288814,45.452126946526882],[11.849974945692555,45.4521149206385],[11.849740327323246,45.452095754982118],[11.849699488738057,45.45208984361787],[11.849668643773082,45.452086833167982],[11.849628528010284,45.452074962937672],[11.84960894019363,45.452061860124275],[11.849596563007038,45.452039576092282],[11.849594408575744,45.452017126864504],[11.849594603496827,45.451955013684071],[11.849595464848621,45.451944190734743],[11.849590281932356,45.451907325171362],[11.849590403076094,45.451886889411519],[11.84958820247591,45.451866061552685],[11.849586024082864,45.451807608101774],[11.849573615403543,45.451718715933964],[11.849565330697704,45.451668516006713],[11.849525733016026,45.451532416171268],[11.849459808642179,45.451310381928174],[11.849429180697042,45.451210152973083],[11.849424501487157,45.451155362424785],[11.849422392475139,45.451133812177972],[11.849432929296844,45.451122117614212],[11.849459085655496,45.451095541191847],[11.849501920679238,45.451077639619889],[11.849636710437325,45.451026838320246],[11.84969067279822,45.451003888243577],[11.849712016360597,45.4509909337254],[11.849735741389319,45.450977019627246],[11.849750430495362,45.450961440861818],[11.849759989671785,45.45094049943291],[11.849768100479199,45.450926345068034],[11.849766834539903,45.450893612282812],[11.849669758905742,45.45089594583154],[11.849566579364573,45.450873588348564],[11.849165378842221,45.450748765288004],[11.848553645011632,45.450564836341776],[11.847701934376797,45.450328743510852],[11.847537295314634,45.450570126214082],[11.847468558524914,45.450549964407749],[11.846937993078257,45.450487048429537],[11.846695996846881,45.450445647515849],[11.846665689980059,45.450422820179256],[11.846662413987721,45.450367904507068],[11.846676725683489,45.450339733860112],[11.8466962041557,45.450315124850917],[11.846692137817451,45.4501378124775],[11.846692259547345,45.450107205338391],[11.846693477493353,45.450072970377676],[11.846866230214729,45.450075142807371],[11.846968270321392,45.450077458463838],[11.847105520416044,45.45008060602872],[11.847174785359552,45.450084729131987],[11.847174279403296,45.45007214006251],[11.847175994948271,45.450047794012157],[11.847178465805344,45.450028289773414],[11.847178905266185,45.450024318280683],[11.847188501139089,45.449958370114807],[11.847206576572061,45.449834782734449],[11.847213912723429,45.449784913079476],[11.846966316895793,45.449665251896562],[11.846958846616916,45.44966165770964],[11.846934967475173,45.449649651598321],[11.846667621629489,45.449518690772493],[11.8465559422291,45.44946458825234],[11.846675022373612,45.449343072668015],[11.846493556454458,45.449371001244614],[11.846481442999483,45.449366622694285],[11.846424466846736,45.449375424502549],[11.846418476461372,45.449378364257932],[11.846418683587329,45.449385019986579],[11.846425508028299,45.449406272681188],[11.845624417801094,45.449519949079857],[11.845229835361197,45.449577131604691],[11.845150893914042,45.449589090637723],[11.845109017879329,45.449593014803042],[11.845078879842013,45.449593856009713],[11.845072867828632,45.449593825834853],[11.845050680790084,45.449592694717587],[11.84490280858514,45.449617124482138],[11.844860674531283,45.449624055089252],[11.844740855612836,45.449644539630199],[11.844448016429608,45.4496923644368],[11.844245830294875,45.44967735513886],[11.844032993909947,45.449562637135173],[11.84398531459845,45.449595933300564],[11.843920947066779,45.449638013653569],[11.84375238718347,45.449787852700048],[11.843737029792868,45.449805427608297],[11.843721914277367,45.449822726452368],[11.843682462238512,45.449862144470792],[11.843521371596248,45.449964720779953],[11.843388496222941,45.450051111940979],[11.843385658018175,45.450053162906521],[11.843359507187698,45.450072266797569],[11.843354088426011,45.450081492996837],[11.843362961083082,45.45010026452556],[11.843371548970618,45.450113372387115],[11.843379948167893,45.450120184103753],[11.843392306814492,45.450126897189229],[11.843488163977764,45.450163934612888],[11.843593863925451,45.450203427115149],[11.843760113177165,45.450264454133524],[11.84378200035975,45.450272459992988],[11.843954524333837,45.450328559762006],[11.843948982444815,45.450337879069068],[11.843943083379752,45.450340096321987],[11.843938754309431,45.450340474216986],[11.843937396809872,45.450346538847249],[11.843925743353884,45.450353850133048],[11.843905489392442,45.450365606263816],[11.843873630551206,45.450388182931533],[11.843769760804298,45.450456299518379],[11.843765549267772,45.45045901479218],[11.843735553080407,45.450477944533333],[11.843603002430433,45.450560637353632],[11.843513131015788,45.450619763819134],[11.84347346139992,45.450644695239234],[11.843289673625485,45.450758818082711],[11.843255826109205,45.450780003919718],[11.843243010545448,45.450784553708282],[11.843230110259086,45.450784875039098],[11.84321637581723,45.450783866965303],[11.843194086087223,45.450778031313874],[11.843169532435445,45.450765321120038],[11.8431110357375,45.45073374372911],[11.843064970162049,45.450710317816323],[11.84304141460192,45.450699653012343],[11.843016191756913,45.45069398039351],[11.842989241691301,45.450694651632382],[11.842972454249425,45.450696509942887],[11.842958508403884,45.450698927561511],[11.842846302768864,45.450728455722611],[11.842781649454196,45.45075247892224],[11.842755300431543,45.450765106740349],[11.842705875654456,45.450794421394853],[11.842680828594846,45.450812597518784],[11.842625307627168,45.450855475753229],[11.842594465278522,45.450877936735019],[11.842506603752058,45.450956724990128],[11.842404819271739,45.451056202603716],[11.842344504546725,45.451125843638536],[11.842260917529648,45.451231168828315],[11.842200005378343,45.451309285793442],[11.842192542685085,45.451318562829009],[11.842190747575177,45.45132355818928],[11.842185875877231,45.451323319444434],[11.842177001561742,45.451327410928947],[11.842147795174238,45.451323907583486],[11.842023728285714,45.451257417374407],[11.841920037638761,45.451201941261701],[11.84184439452312,45.451159988673922],[11.841843357084343,45.451154613779593],[11.841638340679831,45.451060164474349],[11.841549649560758,45.451018844358096],[11.841436412965994,45.450966087973079],[11.841384084758113,45.450942727265435],[11.841289851072188,45.450897276543593],[11.841284876769191,45.450892449699552],[11.841285421789797,45.450888025542483],[11.841279803092004,45.450885645063728],[11.841266936878416,45.450881554733542],[11.841247614875977,45.450888966614094],[11.84117218826681,45.450945481375477],[11.8410055682549,45.451070514725735],[11.840891011449518,45.451172919225471],[11.840803485772074,45.45125844870708],[11.840771233088802,45.451298676666447],[11.840670793731665,45.451391908416362],[11.840426651125769,45.451587819359347],[11.840397645351288,45.451611224174293],[11.840228429674832,45.451755943589589],[11.840092402563748,45.451894346249254],[11.840024828734913,45.451959576046676],[11.839778856658727,45.452208278154615],[11.839756259339211,45.452231973431545],[11.839598060288315,45.452387309277384],[11.83958812578577,45.452385576151364],[11.839581300619328,45.452387186131787],[11.839437828913773,45.452545485827649],[11.839266351237933,45.452739496640227],[11.839096459342448,45.452934547890969],[11.838851738329948,45.453208330196368],[11.838796247755425,45.453269748268127],[11.838793248987971,45.453306817787549],[11.838791695893651,45.45331918805951],[11.838794557897376,45.453332888721299],[11.838796680592294,45.453347147841562],[11.838795456081073,45.453350778775743],[11.83879769703049,45.453382677310984],[11.838795263351704,45.453446286321984],[11.838863689439755,45.45348202955892],[11.838913329476668,45.453510408935223],[11.838952721603166,45.453525721389028],[11.839010516710402,45.453548407163325],[11.839015002708853,45.45355369631001],[11.83901368389847,45.453563090360987],[11.839008582769125,45.453573568616747],[11.839006787313428,45.453578563933711],[11.839007423286789,45.453583588788987],[11.8390097757735,45.453594781780957],[11.839014106960102,45.453599534706001],[11.839026261423474,45.453604723136174],[11.839034128495655,45.453608578008314],[11.839032375978837,45.453627164072294],[11.839022741498759,45.453644145934639],[11.838997415787217,45.453667008795648],[11.83895953076164,45.45369954526695],[11.838630458305643,45.453921057702836],[11.838421286447216,45.454059837093325],[11.837924694382631,45.454411799826083],[11.837634202999316,45.454665744596838],[11.837495121887626,45.45478432736126],[11.837423572559542,45.454882598802804],[11.837241066358324,45.455185885169108],[11.837174753300143,45.455284026294969],[11.8371622460596,45.455297298895793],[11.837136396996241,45.455307212617896],[11.837110178011837,45.455309754544913],[11.837089006756091,45.455308390502005],[11.837035507264776,45.455294868228641],[11.836894065856447,45.455259408376463],[11.836566409807112,45.455193381281795],[11.836502526367271,45.455181917040818],[11.836492331619501,45.455187751119908],[11.836487431236483,45.455197144127688],[11.836478260276754,45.455223385487834],[11.836369172590627,45.455519265264485],[11.836331853993659,45.455616685422548],[11.836319940814908,45.455645476537953],[11.836119679508187,45.45563464905598],[11.836092109219356,45.455630653448111],[11.835905839474698,45.455621959585265],[11.835412968512461,45.455597298685362],[11.835217151694192,45.455586950594729],[11.834806195353957,45.455563492848533],[11.834242455168619,45.455530865588756],[11.833829917058337,45.455506453465233],[11.833791976143829,45.455504785039246],[11.833668286097426,45.455499394555382],[11.833461687382647,45.455485710626405],[11.833175388083946,45.455476704913714],[11.83301122791884,45.455472768255461],[11.832969457813297,45.455473804939899],[11.832889760002875,45.455481093609706],[11.832872625179531,45.455481158811345],[11.832813628535785,45.455482983009681],[11.832700970295228,45.455483348499364],[11.832638234846938,45.455482024958492],[11.8325998988667,45.455477575567834],[11.832579932053344,45.455461958904486],[11.832562415158852,45.455439080483721],[11.832547120117942,45.455401835018947],[11.832541736275509,45.455388826868138],[11.832526254976255,45.455350415866462],[11.832511280143473,45.455311902282745],[11.832497082003183,45.455278680131052],[11.832472088845405,45.455226553294494],[11.832458025468037,45.455203679172484],[11.832430415833148,45.455155487767556],[11.832405051059052,45.455113811527831],[11.83237546978968,45.455067109224437],[11.832355271461644,45.455028995267575],[11.832332381279095,45.45499841909551],[11.83231917492073,45.454969672910956],[11.832314100690017,45.454957737210243],[11.832304782923227,45.454940236047818],[11.832277302934566,45.454889521051584],[11.832249702199254,45.454849160423805],[11.832232640898521,45.454827710838316],[11.832211686563994,45.454794926320787],[11.832199715502666,45.454767859699402],[11.832185897611057,45.454739668743876],[11.832170754488711,45.454708000199844],[11.832153609790087,45.454674671087844],[11.832133505122174,45.454633314334153],[11.832126407301022,45.454611617524826],[11.832116938644116,45.454580888326447],[11.832113110326965,45.45456829161968],[11.832103541724051,45.454550886675506],[11.832091147038316,45.454523020444505],[11.832085820281495,45.454513701346379],[11.832061548798984,45.454468307409549],[11.832031683293978,45.454410810625497],[11.832008425237731,45.454357560489228],[11.831983058775361,45.454305622825444],[11.831962319484042,45.454251590092511],[11.83195253816819,45.454224829164211],[11.831942750701394,45.454200498711607],[11.831931262170414,45.45417540035271],[11.831921411684608,45.454149811293597],[11.831916932923718,45.454134440344639],[11.831909926493712,45.454119672177377],[11.831903561582013,45.45410749844212],[11.831883923227771,45.454065229952597],[11.831863475618661,45.454011910059741],[11.831851400655456,45.453969993996118],[11.831837256616339,45.453925068853977],[11.831827666192154,45.453899563346162],[11.831817964879328,45.453869289952152],[11.831806121275536,45.453829438419461],[11.831745628511136,45.453534214550452],[11.831653816618235,45.453003289815257],[11.831552560874457,45.452684468631738],[11.83147886574621,45.452478825299693],[11.831457514361258,45.452427868054741],[11.831444343986991,45.452394710277993],[11.831433825037593,45.452373638353663],[11.831417385457991,45.452331380440455],[11.831399708558013,45.45229761434652],[11.831387268620572,45.45226371834805],[11.831384185647936,45.452255783750324],[11.831372556564808,45.452230418779401],[11.831359755413981,45.452204632819686],[11.831345996020769,45.452172479773331],[11.831334045681455,45.45214325224967],[11.831330207036393,45.452132996081623],[11.831315303181665,45.452093310408607],[11.831294106269882,45.45205054039355],[11.831137461103745,45.451672864718603],[11.831128248913034,45.451662561796965],[11.831109140989902,45.451620640053356],[11.83109971117115,45.451588109555082],[11.83108929834153,45.451558933881955],[11.831081870484855,45.451540845666202],[11.831068997621756,45.451513621257767],[11.831062317051122,45.451490023772379],[11.831051874942331,45.451470480109279],[11.831030918255076,45.451417172675988],[11.831017016939539,45.451379622384664],[11.831009724772597,45.451356580136547],[11.831008687265649,45.451346074460176],[11.83100105863657,45.451321420339532],[11.830995823637009,45.451298597105797],[11.830986148578036,45.451271383389255],[11.830981996717407,45.451252313796999],[11.830978388362944,45.451238991495273],[11.830968271630784,45.451210618574571],[11.83096709228237,45.451207497402443],[11.830953089093148,45.451185791747442],[11.830951558067349,45.451183309381385],[11.830928219143793,45.451138612152668],[11.830909993866026,45.451093878109496],[11.830902196453399,45.451076069082326],[11.830891541244279,45.451054820459831],[11.830888483706376,45.451049945626025],[11.830870652188315,45.451023294230488],[11.830861652958385,45.451001914524241],[11.830850567878851,45.450982296775294],[11.830819478261917,45.450938601849394],[11.830805890109712,45.450897083233926],[11.830796423305351,45.450879135575448],[11.830758134887263,45.450757492308256],[11.830753691478453,45.450743376998474],[11.830749899766747,45.450731499428471],[11.830746244784164,45.450719798491619],[11.830703954898121,45.450585199090078],[11.830637797790727,45.450339126541039],[11.830626946555716,45.450311401885607],[11.83061891917416,45.45029665894976],[11.83061051274845,45.450269233714167],[11.830607774409726,45.450257960101503],[11.830598501595025,45.450223445397782],[11.830591098631784,45.450182853517688],[11.830581818206344,45.450132856928576],[11.830572909564202,45.450092842456549],[11.830570762783486,45.450070392679287],[11.830570691469232,45.45006130323069],[11.830568200644912,45.450054974141736],[11.830564730245804,45.450046959114893],[11.830549151878131,45.450001439274487],[11.830537598095026,45.44996734117516],[11.830524723116845,45.449937506402975],[11.830512593042068,45.449912333784432],[11.830492554420662,45.449872235248151],[11.830474576391627,45.449827314973213],[11.830463492395241,45.449800046132452],[11.830454646895726,45.449761290252539],[11.830451061275332,45.449748417428161],[11.830439505171169,45.449724490737488],[11.830421747010508,45.449691626616698],[11.830406682138957,45.449669137107975],[11.830387611800637,45.449640716109428],[11.830359779425514,45.449598200453053],[11.830350871346738,45.449570967658964],[11.830341750365305,45.44955481162598],[11.830322168906317,45.449513621577708],[11.830301911844906,45.449466597493938],[11.830276967783927,45.449423020067137],[11.830268560673705,45.449409705110462],[11.830259396034629,45.449391321454563],[11.830241573357382,45.449359719072916],[11.830232586359369,45.449333692586876],[11.830229874187548,45.449325264496316],[11.830224924918666,45.449305584558907],[11.830218134268664,45.449277219107799],[11.830205612315655,45.449251876146924],[11.830189307895123,45.449214835388588],[11.830182890705572,45.449193931676362],[11.830164433504972,45.449136871601326],[11.83015025895013,45.449093837232716],[11.830133106294625,45.44905006659215],[11.830119922079646,45.44900637758051],[11.830117273646705,45.448984120253577],[11.830114477990938,45.448976808579076],[11.830107477230303,45.448962130163189],[11.830095145115852,45.448932911963681],[11.830092721645723,45.448915149661509],[11.830090639341512,45.448911870842771],[11.830085245004879,45.448896072451767],[11.830073690998301,45.448869625331724],[11.830071823652121,45.448865531074503],[11.83006221424556,45.448837055474691],[11.83004546565307,45.448796245199645],[11.830024208831526,45.44874456522215],[11.830000563288593,45.448703925935185],[11.829996442495261,45.448680354927362],[11.829994213503106,45.448671589007496],[11.829985890604743,45.448656043242174],[11.829980123913254,45.448637913763619],[11.82996201430122,45.448580124937735],[11.829949428669037,45.448548392668535],[11.829936063224064,45.448516409694818],[11.829908914012039,45.448444082990918],[11.829888440024497,45.448395263964144],[11.829873836951645,45.448358991086096],[11.829847089062175,45.448287014464917],[11.829815191907549,45.448214355384103],[11.829785114423334,45.448142281267124],[11.829764643393721,45.448096072493065],[11.82975631053891,45.44806243453008],[11.829749935104752,45.448047470552169],[11.829729586552668,45.448008819749155],[11.829699694884649,45.447964351305068],[11.829656431107431,45.447814406949817],[11.829651622196227,45.447795097054502],[11.829627784662454,45.447699361552075],[11.82959820760253,45.447604051859834],[11.829592820430742,45.447552608482205],[11.829581098648241,45.447512573642925],[11.829560525320757,45.447443864344457],[11.829548542810381,45.447411396979199],[11.829542237698506,45.44740039177681],[11.829528737755526,45.447352930006851],[11.829521228177903,45.447322962111038],[11.829507043765375,45.447269486495529],[11.829492559051001,45.447227899916811],[11.82947316605342,45.447167442453491],[11.829466069391476,45.447140614740853],[11.829443862002131,45.447054573590989],[11.829426893065701,45.446991445680744],[11.829410861451738,45.446944496709072],[11.829404092250053,45.446919101068261],[11.82939489456014,45.446883504245044],[11.829375302124069,45.446821611512647],[11.82936240780133,45.44677602496175],[11.829360141227564,45.44676906020068],[11.829346713618094,45.446735818522455],[11.829343983812517,45.446719593998061],[11.829333563074503,45.446710671062924],[11.829321701423265,45.446688282029079],[11.829322827441626,45.446669891652569],[11.829326932361736,45.446657368236451],[11.829327554752059,45.446654472422537],[11.829328040429727,45.446651399973092],[11.829329725913636,45.446641636889638],[11.829318747517965,45.446621566276534],[11.829314746801641,45.446590161209684],[11.829316642673028,45.44655392935698],[11.829314267264323,45.446539676313122],[11.829307726614038,45.446513734927734],[11.829293401464318,45.44647277444929],[11.829290024959901,45.44643595318346],[11.829289674170452,45.446428940935114],[11.82928774124459,45.446395414335171],[11.829287496568751,45.446380298368261],[11.829283547184517,45.446360143538612],[11.829282668394626,45.446332351583969],[11.829282832062614,45.446320285906722],[11.829281213046084,45.446287921682689],[11.829279377305861,45.446271674995117],[11.829278912243341,45.446239372180585],[11.829279480640054,45.44622261584253],[11.829276801264639,45.446212510887875],[11.829273417618062,45.44618577115196],[11.829272225874469,45.446174729203229],[11.829266131383317,45.446137255207361],[11.829263767665495,45.446100228811673],[11.829263397946708,45.446062162858986],[11.829269905153378,45.446038868460668],[11.829272420780143,45.44602269394219],[11.829275078499927,45.445999134909719],[11.829274947150902,45.445978615407221],[11.829273145588701,45.445952826589384],[11.829272391792987,45.445896857748252],[11.829270248450589,45.445864236482102],[11.82927551804277,45.445836652177995],[11.829278889901161,45.445822256678028],[11.829280491723908,45.445808265099224],[11.829278109165177,45.445791311867481],[11.82927927564829,45.445760948876924],[11.829279028283375,45.445743222624493],[11.829278660402592,45.445728199722183],[11.829277526227955,45.445713195813504],[11.829275340643731,45.445695067541912],[11.829277067460007,45.445665680795443],[11.829279054222395,45.445649159336249],[11.829281281997044,45.445614449458638],[11.829285224055907,45.445593558953483],[11.829289325287318,45.445560512869022],[11.829291042214134,45.445538597371481],[11.829289158812228,45.4455060596732],[11.829290005125241,45.445489746505402],[11.829284113107573,45.44546909975189],[11.829282295375538,45.445440430945936],[11.829284138223416,45.445421032665962],[11.829288936503938,45.44540192117951],[11.829288716125836,45.44538473432997],[11.829288641469752,45.445380685635726],[11.829289776487748,45.445362475057458],[11.829289746784829,45.445346543651119],[11.829295269058985,45.44531634273001],[11.829300632113478,45.445272733951249],[11.829307107728727,45.445236028527532],[11.829307677008414,45.445211621136146],[11.829305746850814,45.445180704813538],[11.829295212139307,45.445133709576943],[11.829291911193508,45.445003813911612],[11.829291980445568,45.445002642037664],[11.829292662176082,45.44499326388059],[11.829293384380161,45.444984694829252],[11.829296321787984,45.444971840301513],[11.829297759901863,45.444957132681751],[11.829300021855229,45.444938444108914],[11.829301145188031,45.444930225163311],[11.829304116773036,45.444920610224081],[11.829310081537004,45.44490948090003],[11.829313492002965,45.444885633168717],[11.829319829114047,45.44487683492973],[11.829333197659107,45.444857781046792],[11.829337394178207,45.444831753540079],[11.82933600095626,45.444796233289765],[11.82933428757787,45.444774762864434],[11.82933394127866,45.444755058795565],[11.829331843854813,45.444728467198992],[11.829330215926092,45.444708704885485],[11.829326804508483,45.4446890767911],[11.829322136650257,45.444672450239459],[11.829321209364227,45.444661581758197],[11.829321506135669,45.444641951761476],[11.829323334577385,45.444629934829173],[11.829328920667022,45.444618904901951],[11.829332725042033,45.444592707090344],[11.829330763447656,45.444573943180302],[11.829329905413669,45.444561902824972],[11.829328784719028,45.444521605176099],[11.829327736886558,45.444487876605422],[11.82932373637381,45.444456471525051],[11.829318752841367,45.444428421258571],[11.829315731033329,45.44441445967005],[11.829310437980586,45.444390012159005],[11.829305796234307,45.444368794340846],[11.829300841509038,45.444351544813294],[11.829298315123291,45.444331714755975],[11.829297012804084,45.444315904903398],[11.829296594576812,45.444294762422203],[11.829292691236008,45.444267855537298],[11.829285808244419,45.444242732737528],[11.829283513012708,45.444224967228813],[11.829281520875623,45.444210704680003],[11.829277184946752,45.444182818383268],[11.829275539074382,45.444162696463877],[11.829274368976806,45.444146973345511],[11.829268337724512,45.444123539663018],[11.829262802037878,45.444089562278883],[11.829260170454024,45.444070184888105],[11.829252612970448,45.444044358706847],[11.829248500115453,45.444023487824694],[11.829242690138607,45.443996808219545],[11.829235934928922,45.443958900527434],[11.829227905308622,45.443923634773796],[11.829224151335911,45.443892043552673],[11.829214598189701,45.443856995584049],[11.829206944543191,45.443819020145945],[11.829203603382531,45.443803350837655],[11.829195953337535,45.443773116351956],[11.829182357573259,45.443721156287687],[11.829176391170346,45.443696460822011],[11.829172076939718,45.443663893351129],[11.829161602913961,45.443628328128796],[11.829158426350929,45.44361850552734],[11.829154054537247,45.443602681738099],[11.829152078643713,45.443591299171295],[11.829147656485439,45.443569355804968],[11.829137990963529,45.443557623754508],[11.829137404598701,45.443548457050795],[11.829135242581042,45.443523127217141],[11.829137078261693,45.443501028748408],[11.829132895321393,45.443488980786185],[11.829132656117986,45.443479085380893],[11.829132974567488,45.443454774213706],[11.829125790452807,45.443436409774598],[11.829123934172932,45.443429974909478],[11.829123265067802,45.443421710377578],[11.829120701022163,45.44340368148989],[11.82912042408423,45.443382805540054],[11.829115843654334,45.443365366701109],[11.8291145251992,45.443359458578584],[11.829111910816609,45.443335310113369],[11.829114627868218,45.44331805045465],[11.829113554078781,45.443301694860992],[11.829112876866082,45.443298381196932],[11.829115913169849,45.443287504486648],[11.829115265713678,45.443261777064784],[11.829116317151666,45.443239337984544],[11.829114590442865,45.443217597845553],[11.829112581291181,45.443208106356543],[11.829104667905394,45.443170047333915],[11.829105396480394,45.443146266073668],[11.829101520266196,45.443132680301339],[11.829101552670144,45.443125658551942],[11.829102763298874,45.443103845610814],[11.829101165191293,45.443087232975387],[11.829099022032723,45.443080175134902],[11.829099793717042,45.443072594989729],[11.829100184130375,45.443049722231819],[11.829095445432584,45.443036787920562],[11.8290948914381,45.443033381190197],[11.8290951864468,45.443029053296101],[11.829094972477197,45.443009435954394],[11.829095614694616,45.44299159763483],[11.829095366614997,45.442955958978729],[11.82909723470917,45.442926838759185],[11.829096241926036,45.442899319652184],[11.829097198894178,45.442887774380722],[11.82909893111086,45.44287638991905],[11.829101935975153,45.442852102179678],[11.829098870126902,45.442834265751557],[11.829097915952417,45.442822857859511],[11.829098445705966,45.442815553746698],[11.829099122963447,45.442806085686762],[11.829103225007044,45.442790951991455],[11.829104238669695,45.442770314088932],[11.82910469647936,45.442761571565001],[11.829107705782278,45.442750155450504],[11.829112716202244,45.442727618245527],[11.829112578672175,45.442709529214838],[11.829114357655104,45.442696523375112],[11.829113454801739,45.442670802281228],[11.829116162837916,45.442653362820103],[11.82911379854435,45.442623987450283],[11.829113113331079,45.442600061204743],[11.829111112373798,45.442572837120693],[11.829105844021104,45.442554425196128],[11.829105817096879,45.442541104066976],[11.829102780056976,45.442521286657183],[11.82909784000481,45.442496655757672],[11.829097153812208,45.442493162291427],[11.829097325607846,45.442488927462975],[11.829099121642185,45.442483932280858],[11.829103973741146,45.442465899606383],[11.829108281719636,45.44244977067261],[11.829111488903656,45.442429528463386],[11.829113469341022,45.442415437484435],[11.829115946243528,45.442395933472149],[11.829120962941138,45.442370965782345],[11.829110711413723,45.442324503565715],[11.829112092898875,45.442306106848832],[11.829110687289349,45.442288229270716],[11.829110226029719,45.442263667388417],[11.829110735164296,45.442240611661227],[11.829109066959385,45.442220040227085],[11.829108401556731,45.442193953197794],[11.829109566283124,45.442178892302266],[11.829102868956189,45.442149804348709],[11.829102499440992,45.442124520094907],[11.829101136119263,45.442104931237417],[11.829101363681257,45.442099254832272],[11.829099883396102,45.442090110282322],[11.829097697129143,45.442079633047868],[11.829093813882981,45.44205056535889],[11.829091949667268,45.442023517907714],[11.829094070422324,45.442004562794786],[11.829093356385583,45.441995399253287],[11.829091188109498,45.44198528162125],[11.829089508246248,45.44196192009862],[11.829094092345624,45.441935972996781],[11.829094369367605,45.441931285499265],[11.829096375901596,45.441912603253456],[11.829096857130629,45.441896659176429],[11.829098773674373,45.441888960642707],[11.829097395063508,45.441871622467168],[11.82909878641556,45.441858536221446],[11.829101026753298,45.441844528812176],[11.829101030375522,45.441839488042199],[11.829099193082197,45.441825761720857],[11.829095404215927,45.441811363671761],[11.829087863332321,45.441788417449395],[11.829085637622681,45.441756698325051],[11.829086458758026,45.441750107086605],[11.829077064362171,45.441723336279829],[11.829072968896091,45.441697694310236],[11.829071201813925,45.441675145057474],[11.829069511169033,45.441654124116688],[11.829065367124674,45.441632623909442],[11.82906334913206,45.441610170887216],[11.829060975868597,45.441593397435547],[11.829055615978076,45.441562926147014],[11.829054854389335,45.441537471584105],[11.829054579332176,45.441514075242125],[11.829054445393052,45.441503727164438],[11.829052071192244,45.441494604768415],[11.829047007984217,45.441482848653337],[11.829042225433405,45.441461364269827],[11.829038481734901,45.44142230176918],[11.829038158014594,45.441415828917457],[11.829036333294903,45.441410023352091],[11.829032942898927,45.441393365120533],[11.829032619179573,45.441386892268731],[11.829030503080837,45.441380373827663],[11.829027129807912,45.441358944527401],[11.829022102587169,45.441347907616354],[11.829013797385119,45.441322459990474],[11.829002196137887,45.44129502377379],[11.828983806029497,45.44123922195768],[11.828978052198915,45.44122388246933],[11.828972401018708,45.441192698297442],[11.828969811140016,45.441166478935315],[11.828965664500823,45.441142368434903],[11.828964094452871,45.441118644137603],[11.828961897549041,45.441097725752819],[11.828958829189929,45.44107727902658],[11.828959240242662,45.441070157878876],[11.828956473971125,45.441060865172993],[11.828956731409557,45.441032775000053],[11.82895685825736,45.441027641163402],[11.82895132657768,45.44101418642289],[11.828937541921757,45.440978883241456],[11.828933292874366,45.440945053964342],[11.828932946692106,45.440938131607837],[11.828933264411516,45.440908689758132],[11.828933683604324,45.440896617739952],[11.828928830077194,45.440878825607562],[11.828921906530386,45.440834981251044],[11.828920815978609,45.440797833256966],[11.828920795320826,45.440794863367685],[11.828918007793282,45.440751906639754],[11.828920254811447,45.440697123557953],[11.828919667798356,45.440670044445824],[11.828916987946032,45.44065480879415],[11.82891135303246,45.440626504602967],[11.828902582993045,45.440607099301658],[11.828892159248468,45.440572522928242],[11.828884730307193,45.440533911798354],[11.82888290139401,45.440502452867534],[11.828882649167346,45.440453942562733],[11.828883713211106,45.440439424234263],[11.828887244215439,45.440412873149207],[11.82888989295448,45.44038913430628],[11.828891927475535,45.440363340405668],[11.828893483625864,45.440330537411583],[11.828894650472062,45.440287392666555],[11.828893548302844,45.44024745458033],[11.828890812839083,45.440220878772521],[11.828888626699761,45.440210401528368],[11.828884914441558,45.440197531777557],[11.82888202333049,45.440178070787937],[11.828879541327359,45.440166790766419],[11.828874734672327,45.440147377249424],[11.828872742119344,45.440115202274974],[11.828873728046084,45.440088894287975],[11.828871678879212,45.440053030217442],[11.828868898483258,45.440025555400318],[11.828866556835965,45.440009411242798],[11.828864847519995,45.439982900014833],[11.828865148999853,45.439963359902663],[11.828864345129789,45.439952398340239],[11.828863349637285,45.439947832390757],[11.828855190567124,45.439909959447832],[11.828854824878443,45.439879634409408],[11.828852518365091,45.439859078784238],[11.828850611258639,45.439828611921833],[11.828850640342347,45.439801067476822],[11.828853773900731,45.43976912551004],[11.828852905557168,45.439733862258777],[11.828853843028536,45.439698914302973],[11.828855676941117,45.439679336212151],[11.828857550328445,45.439668218287167],[11.828855982080993,45.439654755326842],[11.828853011923806,45.439631155734141],[11.828853882661726,45.439612771671548],[11.828854420586216,45.439600516684756],[11.828855015125697,45.439591950793918],[11.828854969471999,45.439573139381089],[11.828855524536737,45.439556113324208],[11.828857683965028,45.439144164088859],[11.828857384596182,45.439135620351088],[11.828857040272805,45.43912617760558],[11.828814411216724,45.43851146072415],[11.828789241833029,45.438309827094969],[11.828778758829223,45.438269272659838],[11.828771554000229,45.438224573833374],[11.82874051018125,45.43800517334023],[11.828715256639656,45.437876001583369],[11.828685720755384,45.437753236794663],[11.828673225585517,45.437620958476181],[11.828655119775293,45.43749665025301],[11.82861052023291,45.437287396958148],[11.828557281137668,45.437112472355388],[11.828503412402522,45.436963306816772],[11.828472576253974,45.436799168563972],[11.828429836342442,45.436655217962489],[11.828410420192524,45.436497007551054],[11.828399055002237,45.436348949044294],[11.8283976442642,45.436016388871089],[11.82839502411883,45.435685208834158],[11.828407202793807,45.435557989829654],[11.828435390151133,45.435372496281516],[11.828457620430452,45.435244308097587],[11.828453244196695,45.435105617685544],[11.82846917118207,45.434997118339396],[11.828486347834112,45.434857353779549],[11.828495574218447,45.434763152384491],[11.828502165589359,45.434680177799223],[11.828505013425429,45.434639961775005],[11.828504024838509,45.434489755854749],[11.828506529638391,45.434345494185884],[11.828504698493232,45.434237254840816],[11.828504254640899,45.434220703587727],[11.82850160080878,45.434108794125038],[11.828509138607682,45.434003833093321],[11.828525543788711,45.433889561090048],[11.828543003459924,45.433786154433605],[11.828548715166342,45.433708602367552],[11.828547392595411,45.433659128407015],[11.82853367638511,45.433558654582257],[11.828511625622182,45.433450016145002],[11.828495780077152,45.433355535885923],[11.828479785697359,45.43328365238596],[11.82846534392419,45.433227482554017],[11.828430259111814,45.433095943911809],[11.82840929240788,45.432983408059407],[11.828395417521101,45.432882308055333],[11.828381114577518,45.432749624353576],[11.828379273021962,45.432643725560318],[11.828386117535615,45.432545352589806],[11.828399592474259,45.432385246938104],[11.828418338980299,45.432274337375866],[11.828441025690601,45.43216297012453],[11.828471015468155,45.43205448231754],[11.828502374057551,45.43196049036186],[11.828616903829655,45.431986098854338],[11.828617705098205,45.431986015989651],[11.828928485970241,45.432039071539087],[11.829134660568938,45.432052050479228],[11.829189275261218,45.432054302712821],[11.829245014260321,45.432086379620131],[11.829284443344148,45.43208790735256],[11.829303211855017,45.432060827315937],[11.829318713740543,45.432062993119622],[11.829359293424339,45.432067154869003],[11.829411112485172,45.432477672898031],[11.829474378773906,45.432470260153863],[11.829470759768423,45.432287232520665],[11.829580763828099,45.432281908799908],[11.829751575792983,45.432260384813027],[11.829961535066056,45.432203312702022],[11.829723353458435,45.431545986512454],[11.829752226697751,45.43146323624218],[11.829806990400595,45.431432254654936],[11.829900658082776,45.431402587647703],[11.829692110634092,45.430907553268682],[11.829534719074646,45.430542622419026],[11.829972989562144,45.430468364385639],[11.830031076049497,45.43048421380724],[11.83009388362032,45.430430788807683],[11.830654197499344,45.430341976093736],[11.831126603627851,45.430295682727468],[11.831832330158784,45.430168679252155],[11.831976594883038,45.430107469719601],[11.831881021862959,45.429833216901848],[11.831845840033209,45.42962085871423],[11.831840079434539,45.429505740883677],[11.831868169529463,45.429412836290986],[11.832050315672021,45.429454421510442],[11.832264583143962,45.429483682446111],[11.832665425009464,45.42947949919305],[11.832738709169588,45.429471917034135],[11.832629377464768,45.429249873156436],[11.833713778450941,45.428695485309497],[11.833483797769677,45.428277457027548],[11.834515931367001,45.427831508675595],[11.834547083471831,45.427794277391676],[11.834489406886169,45.42776317650209],[11.834358603329912,45.427575711887755],[11.833985562457093,45.426847137008437],[11.834569467608775,45.42670460746583],[11.834555745818745,45.426677927417479],[11.835045511114849,45.426570519261546],[11.835038927616667,45.426542673639062],[11.83623249067497,45.426262649626828],[11.837056657479462,45.42596289386411],[11.837076851340916,45.425949085419219],[11.837026877399786,45.42589126681743],[11.837041138289937,45.425851693986544],[11.837092245152339,45.425832915420344],[11.837178975691653,45.42582375671379],[11.838573827905181,45.425556737773768],[11.83847295037568,45.425379939973617],[11.83823507166224,45.424750498425766],[11.839072569142207,45.424678668783713],[11.838791218066078,45.423844350494015],[11.83858327653706,45.423863408967698],[11.838525178930341,45.423862439616101],[11.838313272903925,45.423240773777593],[11.838674160538591,45.423226995395645],[11.838864685375047,45.423216021875263],[11.839020972171333,45.42319604146288],[11.839187629674541,45.423195209547842],[11.839255370860892,45.423178850733706],[11.83942350718249,45.42306903520192],[11.839676170577041,45.422937841333464],[11.839680213288837,45.422935440042188],[11.839885550836675,45.422891356996416],[11.840267349487767,45.422754985702724],[11.840439238710392,45.422725344727318],[11.840591286228788,45.422677192059901],[11.840614838016519,45.422696485182598],[11.842031795076146,45.422266891822289],[11.842770421218066,45.423235227926959],[11.842916689419244,45.423112307786489],[11.843051834603807,45.423037092931693],[11.843132220401495,45.423019469933067],[11.843261520542175,45.423026387302365],[11.843315405870651,45.423014078824856],[11.843420058526888,45.422904951222996],[11.843474311172836,45.422844945855751],[11.843718030420341,45.422654998705831],[11.843792660919634,45.422583361767643],[11.843921567937485,45.422521974175559],[11.843994028162918,45.422442767126967],[11.84410291621411,45.422379871741057],[11.844164621677065,45.422322832573087],[11.844228333675314,45.422248670720812],[11.844285617980534,45.422196117155075],[11.84432968423519,45.422130844742256],[11.844389118078253,45.422077676782195],[11.844555089818536,45.42200992718243],[11.844805046357324,45.421928155770573],[11.844865594403238,45.421907038411007],[11.84493574839534,45.421876440925786],[11.845032505272885,45.42182498513931],[11.844378898784507,45.420964994635447],[11.844109702668488,45.420529133954879],[11.844453395047378,45.420430817382297],[11.84506102821129,45.420213313927995],[11.846082537661307,45.420371665872501],[11.846427874030475,45.42034474340803],[11.846658647318661,45.420366455599996],[11.846823756869423,45.420347388494356],[11.847030718925712,45.420354123452107],[11.847604800425167,45.42039473660185],[11.847765250989863,45.420396837368443],[11.847794891904012,45.420422426486077],[11.847797219854121,45.420447968838786],[11.848815128002748,45.420419469039729],[11.849117027665002,45.420390571099844],[11.849104171481679,45.420286314663954],[11.849087924525971,45.4202224657286],[11.849425464918133,45.420195681963058],[11.849464518696776,45.420194707032593],[11.849166934955703,45.418965509569361],[11.849151576215419,45.418878566471427],[11.849219349787216,45.418884621209877],[11.849292907637789,45.418886372943312],[11.849347408852108,45.418886099795159],[11.849389669286474,45.418882879142494],[11.849423301009409,45.418878439079997],[11.849470622422061,45.418868684070887],[11.849636009336662,45.418827326978338],[11.849694521282045,45.418806258772875],[11.849792199045668,45.41876706352523],[11.849827240829176,45.418872061274712],[11.849898076614709,45.419011454699046],[11.84997435239754,45.419143178207428],[11.850322483100522,45.419039123507169],[11.85069225862248,45.41893584765144],[11.851260508444428,45.418782163843183],[11.851308875468719,45.418771784268486],[11.851434037553412,45.418739350476081],[11.851461241895155,45.41873410994301],[11.851482494850908,45.418733403485767],[11.851506048632984,45.418736684704996],[11.851523384414312,45.418745880254434],[11.851541114923133,45.418757862626805],[11.851555607240263,45.41877145520553],[11.851631950568828,45.418864156428015],[11.851786296012211,45.419088383746384],[11.851852424078803,45.419079168714219],[11.852366391968237,45.418969565419161],[11.852415791078938,45.418966606313241],[11.852465591076022,45.41895250262796],[11.852632951877387,45.418895999469363],[11.853407936924828,45.418675308522403],[11.854259920708216,45.418417231877413],[11.85501122007129,45.418170774739686],[11.85512485801865,45.418303987024466],[11.855056089747256,45.418326765565133],[11.856716960509402,45.421110263998266],[11.856789543801177,45.42118931545253],[11.857087877137126,45.421706526212944],[11.858318604675157,45.42366343313747],[11.859351593862336,45.4253192558904],[11.860716182184568,45.424742524139972],[11.861635074492193,45.424354444413389],[11.862111957464135,45.424152967421591],[11.863419134255796,45.4236006706195],[11.86482208710845,45.423004064971266],[11.865185616958131,45.422848150717719],[11.865312906386876,45.42279338372682],[11.867335680552321,45.421954512165989],[11.867401447540136,45.421929271371731],[11.867656193227862,45.42221505186501],[11.869065253762914,45.423875007455855],[11.869578761480241,45.42444239076886],[11.86995799166025,45.424910744551575],[11.870366621666831,45.425321465392578],[11.870963728538078,45.425943632376359],[11.871729206805636,45.426666007874182],[11.872535454736276,45.427448079903556],[11.873958089523509,45.428944044875642],[11.874336864280925,45.429353963805596],[11.876505497688335,45.431659881624398],[11.879589144610392,45.434901740170929],[11.880732896429601,45.436155889585727],[11.881674938159277,45.437158777658205],[11.882968239921093,45.438548809647145],[11.884140087689039,45.439757472343715],[11.884852664532996,45.440521066151085],[11.885374302975595,45.441080425309387],[11.885433170892775,45.441143281520503],[11.885582947828233,45.441296074121887],[11.885659752021697,45.441374500748012],[11.886576967925134,45.442286571561354],[11.886775942497298,45.442518655012215],[11.887489038504107,45.443291000567257],[11.88806330687895,45.444031726188342],[11.888615358864486,45.444825703321861],[11.888971120443728,45.445440223704139],[11.889180420218723,45.445874027952968],[11.88961910884438,45.446890419925147],[11.889787902100171,45.447263774636774],[11.889871229189501,45.447478002887138],[11.89009606410661,45.448056022840206],[11.890067678351754,45.448039400727744],[11.890001480166749,45.447987699636045],[11.88999513396689,45.447996141434622],[11.88984399567123,45.448043983980234],[11.889833594785149,45.448040646822683],[11.889829224029898,45.44803769706769],[11.889811326769133,45.447990263723916],[11.889775153795181,45.447895496620738],[11.889717860735775,45.447745276644007],[11.889647494594916,45.447566943757721],[11.889447564259429,45.447610890306656],[11.889051729085335,45.447682478274778],[11.888745243060228,45.447740822146613],[11.888530657579592,45.447775776716888],[11.888269633240784,45.447822887467382],[11.888054323807342,45.447863710248107],[11.887867664966794,45.44790965853818],[11.887521924016299,45.447988164867411],[11.887424661784655,45.448009257833945],[11.887258934728449,45.448044414234467],[11.887053414125981,45.448091648408784],[11.886802897878304,45.448159282813442],[11.886623212351633,45.44822413527119],[11.886419006610462,45.448294648190576],[11.88629001858677,45.448358128066964],[11.886184264463818,45.448433351974145],[11.886006316069873,45.448532274129832],[11.885863272415479,45.448638594632143],[11.885721633320086,45.448729847417326],[11.885588887071938,45.448832486774087],[11.885449418659562,45.448941236706922],[11.885381918075161,45.448999290648842],[11.88532752807842,45.449046121670719],[11.885188472485616,45.449183034640427],[11.88508650128308,45.449307398529399],[11.884930284274985,45.449476429218365],[11.884658833812427,45.449788160790902],[11.884617515651902,45.449835561232085],[11.884395634183063,45.450073669701965],[11.884155587175862,45.450329249027213],[11.883796490840449,45.450720513500677],[11.883496531747054,45.451065276849292],[11.883238513576783,45.451322208312583],[11.882932490028272,45.451590793075312],[11.882633112591414,45.451909525918751],[11.882230800447454,45.452313938367929],[11.88186787508352,45.452628062962845],[11.880963142462711,45.453229679557168],[11.880160644632909,45.453586576820143],[11.87997053238861,45.453670674362499],[11.878929944646236,45.453983523255687],[11.878017022410717,45.454106188692677],[11.877034741465991,45.454152734615086],[11.876633115602525,45.454172038271636],[11.875237468611394,45.454208282768299],[11.874655059930744,45.454251395736236],[11.873822405127807,45.454312958122024],[11.873718277623817,45.454315039639958],[11.872520025865345,45.454339890143757],[11.871974553575813,45.454362437242374],[11.871274257629526,45.454391126697395],[11.870350906132364,45.454417140073119],[11.869477171990097,45.454390141717468],[11.869036870072685,45.454368175218697],[11.86835700994407,45.454298039930812],[11.868121493372016,45.454263992687601],[11.867945139196555,45.454226388204809],[11.867698223637404,45.454174354047517],[11.867597166864213,45.454143678451828],[11.867470769570316,45.454107608552697],[11.86737802910376,45.454079514218037],[11.867128811843083,45.454002243261769],[11.867017797555711,45.453964346268904],[11.866869222161874,45.453914610854426],[11.866767937951042,45.453889520982273],[11.866486501538223,45.453832590423495],[11.866348340906173,45.453794024315307],[11.866201951197302,45.453752064192578],[11.865921547933999,45.453677643958066],[11.865745019661741,45.453628968958803],[11.865572259461146,45.45358397959545],[11.8652755720502,45.453513747085999],[11.865064977724844,45.453464125919382],[11.864956245390811,45.453443451953163],[11.86437641191255,45.453320285505789],[11.864368397079476,45.453318596379091],[11.864014515606712,45.453267978247077],[11.863912808139249,45.453257208372975],[11.863712161392044,45.453244870144161],[11.863366947185956,45.453203753854105],[11.863188684843571,45.453194003600537],[11.863061258074445,45.453188018657784],[11.862952885402343,45.453184526060589],[11.862870076431053,45.453183272583509],[11.862755800363043,45.45318442846488],[11.86271136437546,45.453185812950515],[11.862616183319618,45.453190270299388],[11.862520979192634,45.453196798424486],[11.862419630097072,45.453205730869591],[11.862305649143472,45.45321777035695],[11.86219849693223,45.453230808655064],[11.861998224027174,45.45325869342058],[11.861910522885266,45.453271963837373],[11.861791928778342,45.453291409450422],[11.861680154283007,45.453311674100675],[11.861593798173869,45.453328781070731],[11.861465682235133,45.453357196223315],[11.861393152608807,45.453374586511899],[11.861290737733247,45.453400376922225],[11.861207094812739,45.453423086345651],[11.861130486049746,45.453445799414979],[11.861072599260018,45.453464442680456],[11.860987686858065,45.453494924798306],[11.860932522865507,45.453516830192349],[11.860867431549785,45.45354474514437],[11.860793087912628,45.453579372816165],[11.860725472940276,45.453613021695496],[11.860608910316166,45.453675170882477],[11.860568726820127,45.45369742076533],[11.860489322065106,45.453743246555035],[11.8604213359977,45.453784735600166],[11.860360046784914,45.453824616595242],[11.860319022755556,45.45385300827116],[11.860236882429964,45.453915554660774],[11.860216260418536,45.453932633619729],[11.860168113142842,45.453974435503014],[11.86012182679041,45.454017630929208],[11.860077519998651,45.454062036903878],[11.860035822331145,45.454107457630762],[11.860003117032297,45.454146082151809],[11.859958146204418,45.454205176679032],[11.859947058395715,45.45422111658339],[11.859928669645182,45.454249481050603],[11.859836926107485,45.454420552234893],[11.859799342267134,45.454496743930129],[11.859762514796859,45.45457777731184],[11.859733508279454,45.454646553126416],[11.859692164448997,45.454754613231025],[11.859631402919401,45.455012309713275],[11.859634996290509,45.455047954463993],[11.859644906718463,45.45514527921587],[11.859688983011402,45.455397198771237],[11.859403422144791,45.455415514096856],[11.859319395061082,45.455448403107503],[11.859251423247823,45.455469998429649],[11.859153485998601,45.455480732751568],[11.859138203327307,45.45548201567761],[11.859097464686915,45.45548573646429],[11.858993675273878,45.455517319997654],[11.858970421692366,45.45552537342585],[11.858877005911364,45.455557237097821],[11.858774042195215,45.45558744956994],[11.858726066182101,45.455602332950356],[11.858681548535801,45.455614789385763],[11.858644490416408,45.455623008447162],[11.858606926357389,45.45562880984258],[11.858587957501078,45.45563054505822],[11.85856175822274,45.455630931139751],[11.858549030658917,45.455629629662042],[11.858514785494478,45.455622656217145],[11.85845218244415,45.455596140207398],[11.858445403883795,45.455593609597223],[11.858378174701331,45.455569189659641],[11.858346914372255,45.455555480529817],[11.858296801238744,45.455533152270462],[11.858270271193577,45.455521935017366],[11.858249474618029,45.455515344826345],[11.858245724866782,45.455514538601719],[11.858208609596216,45.455511507450275],[11.858202962005219,45.455511108794468],[11.858179317467581,45.455511430817154],[11.858163706090878,45.455513801987443],[11.858143167110372,45.455519897021411],[11.858134161087689,45.455523903032635],[11.858108387570704,45.455540300488288],[11.858103824989627,45.455543655164469],[11.858077329022654,45.455568531832249],[11.858072465033583,45.455573514270391],[11.858052661729449,45.455596693150682],[11.858042787337945,45.455608821979027],[11.858037918306923,45.455616234866348],[11.858036959067515,45.455622559725569],[11.858039845508111,45.455629058330224],[11.858040399928068,45.455640025914292],[11.85803967663389,45.455676318867127],[11.858039814075108,45.4556967481534],[11.858042053865358,45.455720815292231],[11.858045877940384,45.455738271885387],[11.858052266300776,45.455753323959549],[11.858060357102387,45.455764102841457],[11.858073639117087,45.455776371956674],[11.85809863593637,45.455790147982313],[11.858133444688535,45.455808268930049],[11.858140524178774,45.45581169214374],[11.858167314353823,45.4558229929251],[11.858201636863244,45.455831494741822],[11.858214701742554,45.455834408028146],[11.858234713842412,45.455840657820836],[11.858253675351877,45.455853954854454],[11.858270039817969,45.455874067817689],[11.858279480271031,45.455888773416362],[11.858288837483697,45.455909421891512],[11.858291800273742,45.4559224894547],[11.858293456524347,45.455945131008086],[11.85829261451863,45.455958833918629],[11.85829032197179,45.455971673031776],[11.858284457370111,45.455984691603994],[11.858263468518839,45.456004659774194],[11.858198743741291,45.456050026341316],[11.858164798491289,45.456071759113271],[11.858125583256932,45.456098034420926],[11.8581092351658,45.456111135459587],[11.858097436060282,45.456120612124863],[11.858076785343869,45.456137151337224],[11.858072980041571,45.456140307026338],[11.858063526107465,45.456148104751222],[11.858053086638327,45.456156647248001],[11.858034539242485,45.456171783607921],[11.858027512774935,45.456177000213124],[11.858007095258907,45.456190563177358],[11.857972549495811,45.456202949678392],[11.85796208372285,45.456205912080769],[11.857889928456666,45.456220680407782],[11.857876488387767,45.456222997174585],[11.857793822846082,45.456234788155811],[11.857769552448401,45.456237916134832],[11.857738493847046,45.456240854010275],[11.857719068839323,45.45624116030902],[11.857701614908551,45.45623997706506],[11.857688691326219,45.456237330218606],[11.857672392579925,45.456231167388999],[11.857657327788008,45.456213992199544],[11.857647389615341,45.456202089382863],[11.857635937803529,45.456185543834906],[11.857628715939896,45.456164121752444],[11.857620664051732,45.456141460280975],[11.857619268550938,45.45613915490501],[11.85760928041806,45.456126263203529],[11.857603154649402,45.45612146590058],[11.85759093895553,45.456115110828726],[11.857582627535379,45.456112618542051],[11.857555881233022,45.456109777654298],[11.857549850376946,45.456109388560904],[11.857534125213203,45.456109512192917],[11.857506529170992,45.456112633358799],[11.857381671846253,45.456137361846203],[11.857241266881754,45.456245751289991],[11.857240287501941,45.4562458082098],[11.857208684657744,45.456275179888657],[11.857132350730422,45.45633127783239],[11.85711968451418,45.456341316172356],[11.857097856537322,45.456357344601997],[11.857077945662979,45.456368284369596],[11.857061635189433,45.456374543403207],[11.857048997809425,45.456377560076966],[11.857036269569026,45.456378778783424],[11.857024787429207,45.456376815878698],[11.857013574927436,45.456372595923725],[11.857004981297042,45.456367050250371],[11.856993517868162,45.456362926586024],[11.8569581006176,45.456353011614198],[11.85693427907843,45.456347307003995],[11.856916816039799,45.456345943843793],[11.85691135516344,45.456346710606795],[11.856875439746847,45.4563623714876],[11.856870179287847,45.456364573424594],[11.856839437457015,45.456378844639381],[11.856790759770465,45.456405176288747],[11.856772144355938,45.456416443628456],[11.856741300348032,45.456438818454366],[11.856691290832959,45.456484355949947],[11.856665820245951,45.456509296635623],[11.856655323232719,45.456529361980365],[11.856653492930501,45.456533638350578],[11.856646780946001,45.456560269856794],[11.856650820627554,45.456612375719999],[11.856660378630185,45.456672444558635],[11.856662959265698,45.456720986455416],[11.85666334881299,45.45673375841065],[11.856663658939759,45.456755083493633],[11.856660880651676,45.456776035808886],[11.856657854179563,45.45678448266704],[11.856628108081646,45.456833653560331],[11.856622900974699,45.456841974966572],[11.856612751316701,45.456858791181467],[11.856599577377478,45.456873972853103],[11.856595388729046,45.456877138086099],[11.856580993569578,45.456885869453735],[11.856542185170882,45.456902502747283],[11.856525331735567,45.456908145207386],[11.856477277320973,45.456918979059104],[11.856421941820249,45.456929995095749],[11.85639172129091,45.456936872159183],[11.856355441998609,45.456945341020258],[11.856344236821258,45.456948861848289],[11.856321069117538,45.456956102476582],[11.856315799497747,45.456958124593015],[11.856289875484064,45.456969034667331],[11.856266222928697,45.456981868160938],[11.856261765151537,45.45698477008002],[11.856249714617007,45.456994342855999],[11.856204437916205,45.457047502736771],[11.856195429799897,45.457059069653837],[11.856179119572456,45.457083060917569],[11.85615158079522,45.457132896547812],[11.856115560645318,45.457204727292947],[11.856097057174699,45.45724353539034],[11.856086240199007,45.457264868854331],[11.856072553920317,45.457285103955229],[11.856060607171035,45.457299264725592],[11.856043399836084,45.457315627396305]]]},"properties":{"OBJECTID":4,"CONSULTE_2018":"6B","ZONA":"SANT'IGNAZIO - MONTA' - SACRO CUORE - ALTICHIERO - PONTEROTTO"}},{"type":"Feature","id":5,"geometry":{"type":"Polygon","coordinates":[[[11.898001858807527,45.445726636494278],[11.897414178343571,45.445899437287622],[11.896783498451436,45.446104110491788],[11.896222956804701,45.44626514487399],[11.895909446228114,45.446395786029548],[11.895779312936286,45.44648405907953],[11.895725481930752,45.446551583706274],[11.895719659137226,45.446565233253267],[11.895689315222093,45.446636932648715],[11.895660640872611,45.446738743756299],[11.895635223700069,45.446851723745517],[11.89559595692236,45.447108804496402],[11.895587161052196,45.447331627709175],[11.895622329823276,45.447631376140549],[11.895641823574536,45.447757348688413],[11.895644703614263,45.447781128846366],[11.8956467275134,45.447788188462638],[11.895652624449657,45.447825933981193],[11.895692193619942,45.44796435897436],[11.895781837737756,45.448164162016795],[11.895840790069313,45.448296514446469],[11.895898855411687,45.448414037343014],[11.895942983275619,45.448564048159277],[11.895990389647084,45.448730628020677],[11.89599336406441,45.448741263999317],[11.896022290628116,45.448874108095467],[11.896026568797447,45.448892722074802],[11.896045682485651,45.44897378811828],[11.896361399698948,45.450805985209591],[11.896368842769037,45.450841441140511],[11.896387795834942,45.450936823109494],[11.89639187533821,45.45095904259621],[11.896395831729635,45.450981355218893],[11.896401010304336,45.451012548027641],[11.896432445899608,45.451264234318877],[11.896327222647061,45.451277255775658],[11.896151197545292,45.451313676535285],[11.896118862262293,45.451373994987968],[11.895889072950487,45.451406918830635],[11.895732313441959,45.451439969767058],[11.895653547561118,45.451455199774266],[11.895467872105669,45.451487993773739],[11.895399335266871,45.451498193480333],[11.895361864596437,45.451503194523198],[11.895213992008124,45.451519997161462],[11.895176761782331,45.451522201669135],[11.895164505124809,45.451522602566548],[11.895102463557247,45.451522285951924],[11.895052723522735,45.451519947063289],[11.894978395387051,45.451514451272992],[11.894977879898736,45.451514374335169],[11.894972232539573,45.451513977495836],[11.894897894068647,45.451505781551859],[11.894836446278243,45.451497078606636],[11.894719699785615,45.451479876720555],[11.894581933420955,45.451461767575218],[11.894419174153112,45.451432590462076],[11.894372458231295,45.451419373137711],[11.89432882032772,45.451403827441496],[11.894273457468383,45.451384078430181],[11.894192659873893,45.451354622925756],[11.894144390787918,45.451336044163249],[11.894071394621452,45.451309091125978],[11.894017428959316,45.451281655534714],[11.893833339740302,45.451208012336537],[11.893801904631671,45.451193507243417],[11.893782378460065,45.451186801311934],[11.893721556679459,45.451147837824678],[11.893683101836887,45.451123609329592],[11.893637836682746,45.451088752017348],[11.89360151202529,45.451053668038227],[11.893557202174792,45.451012485627956],[11.893516765402051,45.450972015126439],[11.893470074483737,45.450909290134511],[11.893314236997838,45.450740417196592],[11.893300591070622,45.450723660794857],[11.893252540526536,45.450626855583231],[11.893220559945897,45.450594181707501],[11.892970772442441,45.450361170696759],[11.892840214054452,45.450238912755594],[11.892639727996556,45.450079631595365],[11.892493736972776,45.449950653395049],[11.892397658862508,45.449847413847003],[11.89219103688362,45.449645621628008],[11.892131199297259,45.449585839546145],[11.892099662888677,45.449554324255509],[11.891889447907245,45.449304736067411],[11.891657421792637,45.449111237533181],[11.891459801137449,45.448970334175073],[11.891376588432648,45.448911053818605],[11.891286118101911,45.448849886961796],[11.891040938076122,45.448684174061206],[11.890973845198882,45.448635016538631],[11.890768976506637,45.44848484427807],[11.890471742094762,45.448271391848124],[11.890386382428138,45.448222606541655],[11.890141499989671,45.448082627633823],[11.89009606410661,45.448056022840206],[11.889871229189501,45.447478002887138],[11.889787902100171,45.447263774636774],[11.88961910884438,45.446890419925147],[11.889180420218723,45.445874027952968],[11.888971120443728,45.445440223704139],[11.888615358864486,45.444825703321861],[11.88806330687895,45.444031726188342],[11.887489038504107,45.443291000567257],[11.886775942497298,45.442518655012215],[11.886576967925134,45.442286571561354],[11.885659752021697,45.441374500748012],[11.885582947828233,45.441296074121887],[11.885433170892775,45.441143281520503],[11.885374302975595,45.441080425309387],[11.884852664532996,45.440521066151085],[11.884140087689039,45.439757472343715],[11.882968239921093,45.438548809647145],[11.881674938159277,45.437158777658205],[11.880732896429601,45.436155889585727],[11.879589144610392,45.434901740170929],[11.876505497688335,45.431659881624398],[11.874336864280925,45.429353963805596],[11.873958089523509,45.428944044875642],[11.872535454736276,45.427448079903556],[11.871729206805636,45.426666007874182],[11.870963728538078,45.425943632376359],[11.870366621666831,45.425321465392578],[11.86995799166025,45.424910744551575],[11.869578761480241,45.42444239076886],[11.869065253762914,45.423875007455855],[11.867656193227862,45.42221505186501],[11.867401447540136,45.421929271371731],[11.869314299299392,45.421100890367768],[11.871588405046303,45.420102234519355],[11.873317619615614,45.419426184710282],[11.875306802180623,45.418772933834575],[11.875753310963074,45.418699261395673],[11.877442530429249,45.41842191621609],[11.878213082848269,45.41829618989096],[11.880313505380824,45.418070217818581],[11.881652092322419,45.417785595935115],[11.882289479506483,45.417651398759055],[11.882591773633267,45.417582274559386],[11.883390173237313,45.417404520792687],[11.884317384098379,45.417288794316228],[11.884541408578327,45.417279476710497],[11.885150409035935,45.417256595460387],[11.888027134119588,45.417401454167461],[11.889656536545925,45.417478131000578],[11.892487212613579,45.418169792325081],[11.894363808559564,45.418701089513839],[11.895096914051328,45.418908736228822],[11.895613151173833,45.419054782156628],[11.896266693232295,45.419180201568935],[11.898665436605906,45.419639326262811],[11.901532299320992,45.420190550408428],[11.901392044294136,45.421030638641206],[11.901284281425342,45.421482374516053],[11.901231089134995,45.421704392156975],[11.901077558592705,45.422480801309234],[11.900873278383502,45.423252594276214],[11.900849046713619,45.423361405989347],[11.90082693055794,45.423461266200057],[11.900821816675574,45.423484268330789],[11.900798981990151,45.423587045196371],[11.900782699205122,45.423663603241934],[11.900719848394434,45.423965077891658],[11.900648541352179,45.42433115239065],[11.900621364015908,45.424470023840598],[11.900608903813554,45.424537747202116],[11.900426123663481,45.425465990642572],[11.900422644584921,45.425479343280728],[11.900420602308527,45.425487158748815],[11.900415872720915,45.425505443439874],[11.900408412364023,45.425533848309492],[11.900311942565914,45.425905562117713],[11.900291381242992,45.425983862512489],[11.900246899774984,45.426158112757314],[11.900157224400726,45.426535032000551],[11.90008606536078,45.426837558000173],[11.899907474221338,45.427367624851478],[11.899844072822471,45.427531200358395],[11.899711390066374,45.427888491864508],[11.899941947071421,45.428240554242294],[11.90005560137385,45.428422636645564],[11.900248741464807,45.42876831304924],[11.900411237177437,45.429031146316923],[11.900534018564366,45.429277154421655],[11.900583863598541,45.429570553165128],[11.900661566445033,45.430018525166311],[11.900698598217721,45.430229373269682],[11.900717746447071,45.430347991009455],[11.900801751251693,45.430824432946956],[11.900857985222132,45.431019905819575],[11.900965854475746,45.431329655686049],[11.901033524240514,45.431515138078218],[11.901042544746776,45.431557502654556],[11.901091508590751,45.431768931238985],[11.901128199593195,45.431947714617849],[11.901294831400113,45.432662712014292],[11.901343252525171,45.432836439086984],[11.901380695589092,45.432964934054468],[11.901381590725533,45.432968079734856],[11.901382461745724,45.432971154018375],[11.901383194806758,45.432973781747073],[11.901384120996948,45.432977009449417],[11.901384791480709,45.432979364231159],[11.901385342447321,45.432981307994218],[11.901465232338557,45.433012483659148],[11.901695173159,45.433050836151388],[11.901854653014603,45.433085640039558],[11.901983769894247,45.433132387109424],[11.902094470729205,45.43328960274809],[11.902222416133355,45.433614584046119],[11.902248881639295,45.433679485092085],[11.902417707393711,45.434101124259882],[11.902438259390292,45.4341541175787],[11.902491331128793,45.434306403755194],[11.902548538667958,45.434470992930628],[11.902671052593787,45.434556574618775],[11.902725822460196,45.434560998364496],[11.902736727512155,45.434561786781252],[11.902829210735653,45.434569184909783],[11.903160539454081,45.434452040258961],[11.903333665085476,45.434393902017895],[11.903368499872874,45.434382588908697],[11.903645067530306,45.434292669316889],[11.903921411204934,45.434214270027255],[11.904134403810522,45.434216888134372],[11.904232597718353,45.43422017838104],[11.904426799969913,45.434250554985461],[11.904472194652152,45.434259014973712],[11.904812879233514,45.434324724206618],[11.904899376143188,45.434341403853793],[11.904980842412149,45.43435557140878],[11.905234800946021,45.434397929412299],[11.905273857707304,45.434404383804825],[11.905479305403693,45.434415813723447],[11.90558349635246,45.434402185353562],[11.905752850716452,45.434360533381422],[11.905895137707084,45.434327611970502],[11.906097575824468,45.434264247842357],[11.906197489848056,45.434214554550266],[11.906334050632404,45.434116762483903],[11.906500425107348,45.433988858049183],[11.906557597730984,45.433944841641164],[11.906725054736381,45.434084070408325],[11.906856066650894,45.434228669205545],[11.907044046887146,45.434433326855036],[11.907139057103876,45.4345617561073],[11.907162659660242,45.434630386128134],[11.907289709653464,45.434980375529342],[11.907406794141664,45.435337630577976],[11.907419679006429,45.435365794868808],[11.907462525804592,45.435463396553132],[11.9075253085943,45.435638592269839],[11.907495784466207,45.435700774145737],[11.907389813929619,45.435761065166197],[11.907208581387303,45.435842469100436],[11.907178662783247,45.435896982889759],[11.907205175942535,45.435988453189672],[11.907281171785678,45.436193845559217],[11.907619415317974,45.437045256633311],[11.907715694768024,45.437326919665324],[11.907773313440348,45.437386882506985],[11.907866690990108,45.437399860630002],[11.908316672862542,45.437304980585843],[11.908393294877847,45.437290923360294],[11.908496655756323,45.437332483821073],[11.908548830256004,45.437400262146838],[11.908568426825815,45.437425208355208],[11.908583313506865,45.437444415680204],[11.908611258396006,45.437480464589399],[11.908617629997091,45.437488706670621],[11.908621272830734,45.437494182001082],[11.908644318534161,45.437530533071552],[11.908679355801196,45.437584936558679],[11.90868517961654,45.437593689463306],[11.908773207089721,45.437731300080223],[11.908891373624041,45.437883064766055],[11.909029330410661,45.438060586929289],[11.90905027956417,45.438087659775356],[11.909084985950322,45.438133699524762],[11.909229037707927,45.438342324664362],[11.909320478071772,45.438477157391176],[11.909346438338082,45.438528818925221],[11.909442487667215,45.438720115790574],[11.909456305918855,45.43874757285468],[11.909504088001626,45.438853998751952],[11.909578304457053,45.439023180635267],[11.909616707884037,45.439105729466839],[11.909663720506058,45.439215901415537],[11.90968672471292,45.439299120015583],[11.90988091089606,45.439744725128165],[11.909772889053185,45.43974298466452],[11.909684921578879,45.439738026201411],[11.909584375447649,45.439732128145906],[11.90952775471631,45.439730060990371],[11.909452432435954,45.439729820697679],[11.909415269079828,45.439730677979171],[11.909365619523992,45.439732393588486],[11.909291897799203,45.439738413251106],[11.909163826215432,45.439761660286557],[11.909121068068654,45.439770581149212],[11.908928139736702,45.439825545017626],[11.908600264335801,45.439935197733377],[11.908558709301994,45.43994909510829],[11.908312886735917,45.440004865714059],[11.907814318237001,45.440213074852686],[11.90775578513429,45.440243459948647],[11.907697493941448,45.440281039832406],[11.907446756867369,45.440452689522722],[11.907122477675664,45.440651325193684],[11.906730964294663,45.440942494517323],[11.906239811103204,45.441285346233023],[11.906232517145499,45.441290212587766],[11.906452517533252,45.441518102513342],[11.906583288705242,45.44165429148179],[11.90666655157116,45.441741823358448],[11.906692893980399,45.441769236346957],[11.90677605093841,45.441854700558089],[11.906799383791016,45.441875799295971],[11.906866228257879,45.441934945232141],[11.906891421217958,45.441954916432017],[11.906948052224422,45.44199695007029],[11.906985274042196,45.442027056315517],[11.907000958614242,45.442041148822547],[11.90707728334568,45.442118055631632],[11.907105473981847,45.442146591609728],[11.907138673015449,45.442183011106891],[11.907171974129893,45.442228879278844],[11.907223026684536,45.442296708349566],[11.907335699329058,45.442411574461012],[11.907383186324166,45.442459781600022],[11.907416171914077,45.442497016562022],[11.90751880202596,45.442617989090294],[11.90754176961549,45.442644407700456],[11.907611434095275,45.442723554086726],[11.907666276604063,45.442783005284994],[11.907694911056103,45.44281269996825],[11.907771894790816,45.442889949566755],[11.907858430751567,45.44297640704324],[11.907907698953389,45.443026908900414],[11.907911614873216,45.443030949698667],[11.907922290190841,45.443042109280249],[11.908012336849607,45.443139638713397],[11.908056529127009,45.443183428897875],[11.908104481988463,45.443230723740839],[11.90815070257635,45.443279142846158],[11.908207849456966,45.443338625080123],[11.908264809847822,45.443391991205644],[11.908318511366772,45.443441659825673],[11.908362790223197,45.44348463757396],[11.908440435702023,45.443559799572711],[11.908471309507849,45.443588266838091],[11.908566931248357,45.443672331957465],[11.908619889613274,45.44371499841823],[11.908667596650513,45.443755008296222],[11.908685788809446,45.443773087217252],[11.908721662352571,45.44380925806697],[11.908788676980862,45.443864167953002],[11.908863523217621,45.443919688321692],[11.90892363977542,45.443964782568351],[11.908988968019413,45.444014244568862],[11.90900675525098,45.444026933025242],[11.909046345773199,45.44405580806292],[11.9091084222018,45.444111653726956],[11.909138985758656,45.444139048570648],[11.909179951229129,45.444177249788083],[11.90922886345894,45.444230730543701],[11.909267967905915,45.444275009981354],[11.909298671036458,45.44431257260424],[11.909359935460833,45.44439985308864],[11.909416418138141,45.444471233251434],[11.90944439167435,45.444505444946927],[11.90948102564384,45.444551407502402],[11.909542059397932,45.444634193155949],[11.909577303717994,45.44467551046835],[11.909654649879693,45.444787044192161],[11.909718685368606,45.444863542386891],[11.909776139748208,45.444933907462413],[11.909893807063431,45.445098420432608],[11.909915930917807,45.445128280531115],[11.909942831549884,45.445166479991464],[11.910011306765954,45.445257176770603],[11.910079927402832,45.445353180519966],[11.910135046032032,45.445427835535405],[11.910180758188675,45.445493639123484],[11.910274750324261,45.445662715857324],[11.910294749364542,45.445661215800335],[11.910326796976531,45.445752211104733],[11.910375409843978,45.445899221663382],[11.910390699345909,45.446077055952657],[11.910397132950735,45.44614989179486],[11.910391846051731,45.44614903646778],[11.910375470738551,45.446153864606607],[11.910382796751067,45.446199313987883],[11.910341316689362,45.446203342050211],[11.910373747284387,45.44634401429898],[11.910369773041438,45.446550063522515],[11.910361426279355,45.446663691704131],[11.910342823245987,45.446754448265317],[11.910324036541532,45.446799393303714],[11.9103013093281,45.446844798860631],[11.910176544307371,45.447079221283737],[11.910141365071325,45.447131155128318],[11.910119249572736,45.447158632626582],[11.910076900975957,45.447205438521038],[11.910033156749995,45.447252460005522],[11.910007235792961,45.447278054234189],[11.909958461676791,45.447326734132908],[11.909870226514178,45.447391362046545],[11.90973433680724,45.447489159057191],[11.90973198147859,45.447493089623933],[11.909520258305909,45.447573466917937],[11.909492977987675,45.447580103110454],[11.909466821096915,45.447588690927923],[11.909075428620921,45.447651684079545],[11.908994536162419,45.447665177279902],[11.908980917305611,45.447666424491082],[11.908857213414576,45.447640683219774],[11.908856086024619,45.447646112681454],[11.908735148944416,45.447676648386071],[11.908442926004144,45.447728470942039],[11.908356698273847,45.447737689041602],[11.908167002226348,45.447764035324809],[11.908074202726496,45.447774770833249],[11.907979793784827,45.447786537403843],[11.907987152347301,45.447815243835322],[11.907981008854758,45.447822601327488],[11.907976045404705,45.447828038499743],[11.907739507771621,45.447831274161238],[11.90773169083127,45.447825982555102],[11.907371253716295,45.447797178955838],[11.907300511489479,45.447786739207586],[11.907115962661136,45.447776407693979],[11.907113016892984,45.447763881017529],[11.906778865338941,45.447753848690205],[11.906733909176253,45.447752473219282],[11.906725195766143,45.447757105712355],[11.906515241374679,45.447740129217586],[11.906222209551276,45.447716536476165],[11.906212064896803,45.447715714629553],[11.906205525226863,45.447710390397411],[11.905905145316744,45.447700575771393],[11.905601568062051,45.447690751733681],[11.905321942224221,45.447681667418401],[11.905316602845264,45.447677302717203],[11.905313782172758,45.447667203138757],[11.90516177619695,45.447675482747947],[11.90516069462981,45.447681811128128],[11.905012974062071,45.447701322998014],[11.904554687847757,45.447761682527364],[11.903789974527472,45.4478389274569],[11.903776967902063,45.447834667728515],[11.90356659200693,45.447851811134107],[11.903325335769665,45.44786775936759],[11.903044459353168,45.447881654374235],[11.903038172142205,45.447886224877585],[11.90290890115938,45.447884021904528],[11.90268620947109,45.447877983731537],[11.902538860368393,45.447872369552272],[11.902393971790605,45.447862372032283],[11.902054205569058,45.447837616612063],[11.901971027240048,45.447814077931653],[11.901874610135762,45.447786735207877],[11.901764869536485,45.44775892101103],[11.901293067018454,45.44763067550636],[11.9011446359919,45.447581521137877],[11.901052440933686,45.447541738739339],[11.900920010191131,45.447482906155855],[11.900849736721479,45.447451657679444],[11.900749484659242,45.447399388084655],[11.90056693260261,45.447300783296399],[11.900567933076351,45.447295357142316],[11.900534052215377,45.447278035661682],[11.900529123577456,45.447281671381411],[11.900478385312464,45.447257307248606],[11.900483114316287,45.44724728574014],[11.900384918778977,45.447192713260485],[11.900357534235019,45.447177386944773],[11.900295444172109,45.447146110207754],[11.900248454473738,45.447120030503356],[11.900056672644011,45.447013468309109],[11.900062367555146,45.447009813140518],[11.900082444614474,45.446982389389731],[11.899903766494354,45.446881974875964],[11.89968695335442,45.44675606530344],[11.89964242166932,45.446728032648416],[11.899526068470482,45.44665348793756],[11.899408269291129,45.446578169728461],[11.899341443879104,45.446534321040112],[11.899309572280561,45.446511277389433],[11.899256191443669,45.446472757911117],[11.899154009775108,45.446405233851458],[11.899045510028051,45.446326708661068],[11.898977080269768,45.446283980652439],[11.898938564882384,45.446211148878433],[11.898868912513244,45.446079699847864],[11.89884301740047,45.446041022184843],[11.898777156395788,45.445946111764087],[11.898675612678195,45.445803680935086],[11.898546423647273,45.445560958380298],[11.898001858807527,45.445726636494278]]]},"properties":{"OBJECTID":5,"CONSULTE_2018":"2 Nord","ZONA":"ARCELLA - SAN BELLINO -  SAN CARLO - PONTEVIGODARZERE"}}]}