codice_istat;comune;superficie_kmq;idro_p3_perc;idro_p2_perc;idro_p1_perc;pop_idro_p3;pop_idro_p2;pop_idro_p1;frana_p4_perc;frana_p3_perc;frana_p2_perc;frana_p1_perc;pop_frana_p3p4
001001;Agliè;13.146;0;1.689;6.937;0;3;62;0;0;0;0;0
001002;Airasca;15.739;0;19.01;55.169;0;22;3695;0;0;0;0;0
001003;Ala di Stura;46.332;1.917;3.214;3.477;6;116;145;8.135;3.259;0.186;0;147
001004;Albiano d'Ivrea;11.74;0.792;9.267;24.157;1;7;28;0;0;0;0;0
001006;Almese;17.874;0;7.083;18.703;0;649;2395;0;6.602;4.627;0;1294
001007;Alpette;5.631;0.835;1.225;1.225;0;0;0;3.25;2.238;0;0;4
001008;Alpignano;11.919;7.786;12.325;18.357;155;290;410;0;0;0;0;0
001009;Andezeno;7.486;13.104;35.346;35.346;176;459;459;3.754;0;0;0;29
001010;Andrate;9.309;0;0;0;0;0;0;36.986;0.011;0;0;18
001011;Angrogna;38.878;0.193;0.53;0.574;2;9;9;3.007;6.086;0.489;0;17
001013;Avigliana;23.217;4.053;13.094;22.027;462;1694;2825;1.675;1.65;0;0;184
001014;Azeglio;9.953;33.588;33.618;33.718;28;28;28;0;0;0;0;0
001015;Bairo;7.086;0;5.447;9.131;0;5;13;0;0;0;0;0
001016;Balangero;13.007;5.905;13.616;29.238;10;484;1768;4.013;1.584;0.031;0;539
001012;Arignano;8.167;17.987;18.55;18.636;40;50;50;0.171;1.322;0.171;0;3
001017;Baldissero Canavese;4.506;0.688;0.688;0.777;1;1;1;0;0.067;0;0;0
001018;Baldissero Torinese;15.405;0;0;0;0;0;0;1.253;0;0;0;8
001019;Balme;62.71;1.974;2.376;2.376;15;43;43;8.058;0.005;0;0;10
001021;Barbania;12.803;12.278;13.786;13.786;22;27;27;0.117;0.141;0.031;0;4
001022;Bardonecchia;132.203;0.151;2.014;2.425;2;1802;2516;12.271;28.962;0.002;0;2580
001024;Beinasco;6.737;4.23;8.847;9.619;135;379;415;0;0;0;0;0
001025;Bibiana;18.599;0.468;0.645;0.645;8;15;15;0.565;0.231;2.102;0;6
001020;Banchette;2.029;32.725;38.689;88.911;2;16;2678;0;0;0;0;0
001023;Barone Canavese;3.986;0;2.96;2.96;0;2;2;0;0;0;0;0
001026;Bobbio Pellice;94.082;0.982;2.783;2.946;16;189;272;3.349;8.234;1.502;0;111
001027;Bollengo;14.224;0.007;0.007;26.35;0;0;112;0.105;0.471;0;0;4
001028;Borgaro Torinese;11.109;6.346;14.547;16.716;1;76;446;0;0;0;0;0
001029;Borgiallo;6.965;1.866;1.866;8.011;7;7;127;2.742;18.119;6.418;0;10
001030;Borgofranco d'Ivrea;13.419;4.404;8.503;49.273;84;251;2035;5.604;5.492;10.202;0;614
001031;Borgomasino;12.371;34.654;41.597;44.216;12;16;17;0;0;0;0;0
001032;Borgone Susa;4.962;5.24;18.077;40.064;9;364;1419;6.53;1.088;0;0;512
001033;Bosconero;10.919;25.213;27.777;27.823;4;6;6;0;0;0;0;0
001035;Bricherasio;22.758;13.956;14.474;20.371;79;87;307;0;0;0;0;0
001034;Brandizzo;6.39;15.837;40.829;60.532;2;493;3815;0;0;0;0;0
001036;Brosso;11.135;0;0;0;0;0;0;2.182;0;0;0;1
001037;Brozolo;8.947;2.817;2.917;3.398;11;17;46;3.442;3.588;0;0;6
001038;Bruino;5.57;5.171;7.092;7.774;76;93;144;0;0;0;0;0
001039;Brusasco;14.359;24.006;31.061;32.649;46;70;87;7.514;6.463;0;0;45
001040;Bruzolo;12.56;2.333;13.702;23.105;9;395;1310;1.194;14.992;0;0;1249
001041;Buriasco;14.687;8;15.054;19.841;72;238;316;0;0;0;0;0
001042;Burolo;5.476;15.906;15.961;16.362;25;25;25;0.548;0;0;0;4
001043;Busano;5.059;9.409;19.253;21.407;34;68;98;0;0;0;0;0
001044;Bussoleno;37.066;0.742;13.846;20.814;189;3233;6104;3.027;27.214;0.038;0;3838
001047;Caluso;39.492;0;5.393;7.66;0;8;249;0;0;0;0;0
001045;Buttigliera Alta;8.097;0.21;2.235;15.413;0;2;199;0;0;0;0;0
001048;Cambiano;14.131;1.783;37.832;44.356;2;199;599;0.587;0.134;0;0;4
001046;Cafasse;10.231;2.747;7.927;11.573;91;328;492;1.593;0.43;0;0;87
001049;Campiglione Fenile;11.086;6.486;7.785;24.445;30;41;241;0;0;0;0;0
001050;Candia Canavese;9.132;0;0;0;0;0;0;0;0;0;0;0
001051;Candiolo;11.85;0.793;25.46;31.063;1;1608;2693;0;0;0;0;0
001052;Canischio;11.95;0.577;0.577;0.586;1;1;1;0;0;0;0;0
001053;Cantalupa;11.195;0.304;0.652;0.652;9;10;10;0.375;0;0.009;0;24
001054;Cantoira;23.032;3.916;6.296;6.487;55;278;312;5.796;10.711;0.256;0;362
001056;Caravino;11.537;9.509;11.805;15.602;0;0;2;0;0.641;0;0;0
001057;Carema;10.259;2.232;7.359;10.059;46;139;215;2.125;3.636;1.111;0;20
001058;Carignano;50.679;14.797;49.233;57.661;273;1079;1452;0;0;0;0;0
001059;Carmagnola;95.716;3.31;18.414;29.169;15;212;1084;0;0;0;0;0
001060;Casalborgone;20.124;0.308;1.809;1.908;24;47;52;18.933;3.349;0;0;182
001061;Cascinette d'Ivrea;2.173;0;0.046;19.696;0;0;147;0;0;0;0;0
001062;Caselette;14.314;5.296;9.005;11.73;4;7;9;0.161;0;0;0;0
001063;Caselle Torinese;23.551;3.715;9.422;24.313;76;255;680;0;0;0;0;0
001064;Castagneto Po;11.525;0;1.128;2.568;0;4;14;1.866;0;0;0;41
001065;Castagnole Piemonte;17.28;4.421;7.928;19.664;10;42;921;0;0;0;0;0
001066;Castellamonte;38.706;6.981;9.363;9.365;186;266;266;0.783;0.928;0.23;0;34
001067;Castelnuovo Nigra;28.376;0.011;0.028;0.028;0;0;0;2.262;0;0;0;4
001068;Castiglione Torinese;14.135;4.832;15.027;24.4;7;23;39;1.224;0.007;0;0;6
001069;Cavagnolo;12.329;7.738;11.956;12.742;18;19;19;3.853;0;0;0;42
001070;Cavour;48.96;3.915;6.763;23.08;86;153;636;0;0;0;0;0
001071;Cercenasco;13.16;16.353;24.886;33.359;69;102;1034;0;0;0;0;0
001072;Ceres;28.052;3.173;3.176;3.176;10;10;10;8.135;0.011;0;0;153
001073;Ceresole Reale;99.816;1.882;3.111;3.241;1;21;25;1.308;0.025;0.016;0;12
001074;Cesana Torinese;121.701;1.331;2.56;2.885;69;260;344;12.962;36.976;0.784;0;310
001075;Chialamberto;35.448;2.677;3.597;3.772;55;198;221;33.009;1.704;0.254;0;188
001076;Chianocco;18.613;14.135;15.167;15.785;1354;1369;1425;13.104;0.929;0;0;1204
001077;Chiaverano;12.022;1.422;7.145;12.46;83;442;510;3.003;6.43;0.799;0;372
001078;Chieri;54.197;0.002;0.033;23.016;0;0;6616;0.522;2.607;0.328;0;698
001080;Chiomonte;26.755;2.594;3.125;3.768;73;94;273;13.059;27.449;0.729;0;60
001082;Chivasso;51.203;14.499;31.426;44.716;72;486;5991;0;0;0;0;0
001085;Cinzano;6.196;0;0.016;0.032;0;0;0;1.937;0.307;0;0;3
001079;Chiesanuova;4.119;0;0;0;0;0;0;6.385;0;0;0;0
001081;Chiusa di San Michele;5.917;1.504;23.035;26.365;7;695;945;2.721;4.343;3.465;0;227
001083;Ciconio;3.164;1.011;41.087;41.119;0;175;175;0;0;0;0;0
001084;Cintano;4.934;0;0;0;0;0;0;1.419;0;0;0;0
001086;Ciriè;17.733;4.404;13.664;34.365;40;1135;1959;0;0;0;0;0
001088;Coassolo Torinese;27.879;0.316;0.316;0.316;0;0;0;1.894;1.424;0.09;0;2
001089;Coazze;56.572;1.195;1.388;1.444;30;97;109;1.957;4.113;1.308;0;15
001090;Collegno;18.108;1.557;5.357;10.382;61;180;263;0;0;0;0;0
001091;Colleretto Castelnuovo;6.332;0;0;0;0;0;0;0.016;0.49;0;0;0
001087;Claviere;2.687;2.196;4.317;4.615;13;53;59;0;0;0;0;0
001092;Colleretto Giacosa;4.589;4.358;34.016;76.879;44;334;471;2.528;1.961;0.915;0;224
001093;Condove;71.113;0.596;1.533;3.825;18;186;3004;1.599;4.392;2.746;0;125
001094;Corio;41.492;0.002;0.007;0.007;0;0;0;0.349;2.41;0.164;0;6
001097;Cumiana;60.733;1.941;7.8;17.775;145;248;3837;0;0.051;10.689;0;1
001098;Cuorgnè;19.308;10.27;14.056;14.062;382;503;503;1.663;0.052;0.269;0;51
001099;Druento;27.539;1.957;16.413;19.71;6;469;859;0.015;0;0;0;0
001095;Cossano Canavese;3.239;0;0;0;0;0;0;0;0;0;0;0
001096;Cuceglio;6.871;0;0;0;0;0;0;0;0;0;0;0
001100;Exilles;46.547;2.383;4.477;4.903;14;72;154;9.251;34.896;1.096;0;81
001101;Favria;14.85;0;0.007;18.633;0;0;1516;0;0;0;0;0
001103;Fenestrelle;49.409;2.018;3.072;4.011;93;179;354;10.065;0.611;0.002;0;129
001104;Fiano;12.04;0.399;5.1;5.307;0;6;7;1.42;2.907;0.008;0;3
001108;Frassinetto;24.819;0;0;0;0;0;0;7.365;10.883;0.02;0;7
001102;Feletto;7.893;49.512;49.576;49.576;57;57;57;0;0;0;0;0
001105;Fiorano Canavese;4.346;27.105;49.126;69.926;11;11;704;0;0;0;0;0
001106;Foglizzo;15.643;19.331;33.945;35.907;7;195;195;0;0;0;0;0
001107;Forno Canavese;16.5;0.394;0.394;0.394;45;45;45;2.418;14.303;0.23;0;24
001109;Front;10.948;10.084;20.132;33.148;13;56;556;0.274;0.329;3.087;0;113
001110;Frossasco;20.149;0;10.914;24.066;0;50;1542;13.256;0.134;0;0;1576
001112;Gassino Torinese;20.511;6.918;14.929;19.526;6;392;526;7.186;0;0.176;0;127
001113;Germagnano;14.444;5.525;5.525;5.532;5;5;5;0;0;0;0;0
001114;Giaglione;33.383;0.213;1.309;1.309;0;0;0;0.887;0.003;0;0;0
001111;Garzigliana;7.402;27.06;50.405;85.207;24;90;291;0;0;0;0;0
001115;Giaveno;71.738;1.361;2.941;3.397;56;227;310;0.127;4.18;0.022;0;15
001116;Givoletto;12.82;0.64;1.396;1.412;1;3;4;7.863;3.9;0;0;974
001117;Gravere;18.987;0.98;2.17;3.703;32;232;360;4.477;44.293;1.822;0;253
001118;Groscavallo;92.093;2.066;2.958;3.047;38;99;121;19.732;0.466;0.21;0;115
001120;Grugliasco;13.138;0;0;0.312;0;0;4;0;0;0;0;0
001119;Grosso;4.33;0;6.721;6.721;0;91;91;0;0;0;0;0
001121;Ingria;14.75;0.983;0.99;0.997;0;0;0;2.42;1.559;0.997;0;1
001123;Isolabella;4.772;0.587;7.607;7.607;0;0;0;0;0;0;0;0
001124;Issiglio;5.504;3.325;3.325;3.325;5;5;5;0.618;0.127;0.036;0;1
001125;Ivrea;30.108;13.116;17.228;44.413;149;229;2522;0.252;0;0;0;57
001126;La Cassa;12.035;2.684;14.433;15.621;0;4;14;0.756;0.058;1.18;0;0
001122;Inverso Pinasca;8.029;5.368;6.427;13.551;82;130;318;2.018;0.012;0;0;98
001127;La Loggia;12.793;24.482;45.72;68.35;171;403;1304;0;0;0;0;0
001128;Lanzo Torinese;10.288;5.9;10.575;14.386;166;375;820;0.505;0.933;0.214;0;17
001129;Lauriano;14.29;16.305;25.388;29.195;21;35;54;15.465;0.014;0;0;38
001130;Leini;31.919;1.773;1.773;17.698;55;55;1808;0;0;0;0;0
001131;Lemie;45.675;0.72;0.806;1.055;5;7;35;17.692;2.632;0;0;28
001132;Lessolo;7.937;8.164;39.133;64.659;15;668;1731;1.625;20.184;15.333;0;797
001133;Levone;5.391;0;1.113;1.113;0;0;0;4.452;0;3.469;0;71
001134;Locana;132.517;2.495;3.979;4.445;237;923;1180;5.616;6.913;0.138;0;770
001135;Lombardore;12.716;8.847;18.072;27.406;87;222;450;0;0;0;0;0
001136;Lombriasco;7.209;19.115;36.579;65.876;10;41;1036;0;0;0;0;0
001140;Lusernetta;7.04;0.554;1.321;1.321;2;4;4;3.651;0;0.114;0;6
001137;Loranzè;4.191;6.204;24.195;29.086;11;104;177;3.388;0.573;1.432;0;5
001139;Luserna San Giovanni;17.741;2.976;6.894;9.977;9;170;617;0.237;0;0.107;0;26
001141;Lusigliè;5.259;38.562;48.869;66.838;32;49;55;0;0;0;0;0
001142;Macello;14.14;0.523;11.153;53.769;1;56;613;0;0;0;0;0
001144;Marentino;11.26;0;0;5.577;0;0;8;0.782;5.329;0;0;15
001145;Massello;38.259;0.489;0.518;0.585;4;5;16;0.755;7.402;0.071;0;9
001146;Mathi;7.07;7.652;10.75;12.235;0;1;1;0;0;0;0;0
001147;Mattie;28.694;0.094;3.262;3.548;1;316;365;8.545;0.007;0.206;0;198
001143;Maglione;6.313;1.473;1.473;1.473;0;0;0;0;0;0;0;0
001148;Mazzè;27.328;8.731;16.745;18.746;13;32;37;0.34;0;0;0;1
001149;Meana di Susa;16.544;0.115;1.874;4.956;0;33;175;9.738;3.512;12.808;0;99
001150;Mercenasco;12.638;0;3.118;10.437;0;2;74;0;0;0;0;0
001152;Mezzenile;29.087;0.643;0.712;0.859;3;10;23;3.978;5.422;0.055;0;2
001154;Mompantero;30.333;0.135;0.973;1.635;36;181;341;2.865;0.023;0.003;0;85
001153;Mombello di Torino;4.082;2.621;2.621;2.621;1;1;1;0;0;0;0;0
001155;Monastero di Lanzo;17.655;0.855;0.855;0.855;0;0;0;0;0;0;0;0
001156;Moncalieri;47.544;10.479;35.18;55.917;1423;14462;20078;0.286;0.677;0.008;0;161
001157;Moncenisio;4.501;1.311;1.311;1.355;2;2;3;25.328;0;0;0;36
001158;Montaldo Torinese;4.657;5.927;5.927;5.927;9;9;9;2.341;0;0;0;12
001160;Montalto Dora;7.357;24.371;34.539;43.374;793;872;2334;0;0;0;0;0
001159;Montalenghe;6.468;0;1.422;1.422;0;1;1;0;0;0;0;0
001161;Montanaro;20.904;19.527;38.404;53.129;7;2349;3072;0;0;0;0;0
001162;Monteu da Po;7.39;26.779;53.694;53.748;28;34;34;2.991;2.409;0;0;20
001163;Moriondo Torinese;6.49;1.895;12.219;14.653;2;36;39;2.758;0;0.154;0;1
001164;Nichelino;20.622;2.265;11.376;12.55;554;16097;17478;0;0;0;0;0
001165;Noasca;78.048;0.605;1.708;2.233;26;61;88;5.198;0;0;0;52
001166;Nole;11.353;3.611;7.901;13.97;19;77;159;0;0;0;0;0
001167;Nomaglio;3.074;0;0;0;0;0;0;0.423;0;0;0;0
001169;Novalesa;28.554;1.327;4.963;7.586;19;90;305;21.339;0;0;0;8
001172;Orio Canavese;7.154;0;3.704;3.704;0;1;1;0;0;0;0;0
001173;Osasco;5.489;5.812;21.352;49.28;4;54;255;0;0;0;0;0
001174;Osasio;4.577;4.61;17.085;17.304;11;42;42;0;0;0;0;0
001177;Palazzo Canavese;5.082;1.318;10.449;10.882;3;228;229;4.093;7.989;0;0;275
001178;Pancalieri;15.888;19.096;33.982;47.545;14;322;605;0;0;0;0;0
001055;Caprie;16.408;1.176;18.15;19.899;19;1276;1485;7.094;1.14;7.551;0;219
001168;None;24.642;3.551;29.231;80.054;17;2123;7701;0;0;0;0;0
001170;Oglianico;6.303;0;0;1.158;0;0;56;0;0;0;0;0
001171;Orbassano;22.208;1.612;4.967;7.803;3;15;217;0;0;0;0;0
001175;Oulx;99.786;3.968;5.936;7.006;408;1474;1876;19.242;21.774;0.097;0;987
001176;Ozegna;5.406;14.65;39.697;67.166;105;235;505;0;0;0;0;0
001179;Parella;2.689;13.76;43.287;62.7;10;91;189;1.153;3.31;0.112;0;130
001180;Pavarolo;4.406;4.199;4.199;4.199;7;7;7;0.545;0;0;0;1
001181;Pavone Canavese;11.54;11.733;42.808;73.527;6;26;1589;0;0;0;0;0
001183;Pecetto Torinese;9.148;1.432;1.432;1.443;92;92;92;0.219;1.946;0.361;0;29
001184;Perosa Argentina;26.09;2.077;2.461;8.022;109;210;2096;3.795;0;0.019;0;132
001187;Pertusio;4.004;0.05;0.225;1.099;2;15;20;1.673;0.175;0.924;0;14
001189;Pianezza;16.463;0.528;9.366;11.219;116;337;642;0;0.115;0;0;8
001185;Perosa Canavese;4.708;15.378;34.452;66.907;26;259;335;0;3.653;1.954;0;204
001186;Perrero;63.394;0.762;0.902;1.125;30;82;199;3.516;30.719;0.128;0;168
001188;Pessinetto;5.35;3.645;3.645;3.832;23;23;41;0.598;0.037;0.28;0;2
001190;Pinasca;34.718;1.518;1.792;4.66;78;270;1452;3.004;0.003;0;0;494
001191;Pinerolo;50.338;3.647;8.616;16.604;329;460;3347;0.36;0.415;0.004;0;37
001192;Pino Torinese;21.815;0;0;0.05;0;0;0;3.832;4.822;0.087;0;150
001193;Piobesi Torinese;19.649;3.73;8.952;21.66;26;42;1185;0;0;0;0;0
001194;Piossasco;40.146;3.236;8.178;27.876;367;537;2985;0.224;0.64;6.641;0;5
001195;Piscina;9.903;0;28.759;28.759;0;294;294;0;0;0;0;0
001196;Piverone;11.035;0.417;6.434;11.563;10;45;84;0.227;0.372;0.136;0;21
001197;Poirino;75.619;0.62;14.36;20.265;8;314;1026;0;0;0;0;0
001198;Pomaretto;8.561;3.983;4.836;5.957;141;244;371;0.853;9.111;2.044;0;43
001199;Pont Canavese;19.061;3.835;7.434;9.59;107;280;439;1.737;0.005;0;0;20
001200;Porte;4.448;5.463;5.688;6.452;42;76;159;3.125;0;0;0;36
001201;Pragelato;89.202;3.554;4.314;4.609;164;393;501;31.678;33.819;0.49;0;397
001202;Prali;72.61;0.956;1.683;1.972;88;187;215;1.047;23.82;0.176;0;192
001203;Pralormo;29.846;0.003;0.003;0.543;0;0;3;0.224;0.107;0.017;0;18
001204;Pramollo;22.479;0;0.196;0.245;0;11;16;10.183;0.036;0;0;14
001205;Prarostino;10.505;0;0.067;0.067;0;0;0;0.514;0;0.105;0;4
001206;Prascorsano;6.242;0.144;0.144;0.144;0;0;0;0;0;0;0;0
001207;Pratiglione;7.88;0.368;0.368;0.368;0;0;0;0;0.013;0;0;0
001208;Quagliuzzo;2.038;10.206;16.781;16.879;1;2;2;0;0.049;0;0;0
001212;Ribordone;43.6;0;0;0;0;0;0;0.562;0;0;0;0
001209;Quassolo;3.956;9.479;18.933;32.583;18;119;254;3.337;4.778;1.011;0;101
001210;Quincinetto;17.788;3.373;11.665;12.025;25;928;939;9.641;21.717;3.975;0;117
001211;Reano;6.666;0;0.615;0.645;0;10;10;0;0;0;0;0
001213;Rivalba;10.833;0.018;0.018;4.856;1;1;25;0.194;5.529;0;0;24
001214;Rivalta di Torino;25.108;2.549;21.24;42.166;58;1937;8010;0;0.02;0;0;0
001215;Riva presso Chieri;35.833;0.075;4.395;5.068;0;14;16;0;0;0;0;0
001216;Rivara;12.584;0.922;10.744;10.823;7;87;87;0;0;0;0;0
001217;Rivarolo Canavese;32.246;15.819;17.791;24.13;38;96;297;0;0;0;0;0
001218;Rivarossa;10.873;21.227;42.776;45.995;416;535;677;5.859;0;0.304;0;373
001219;Rivoli;29.5;1.153;1.969;2.936;14;29;358;0;0;0;0;0
001220;Robassomero;8.577;5.725;6.727;10.505;6;7;16;0;0;0;0;0
001221;Rocca Canavese;14.191;5.06;7.921;7.921;37;70;70;0.19;0.021;0.303;0;0
001222;Roletto;9.704;0.144;0.175;0.175;0;0;0;0.021;0;0;0;0
001223;Romano Canavese;11.211;9.196;20.596;23.95;1;7;31;0;0;0;0;0
001224;Ronco Canavese;96.269;0.489;1.394;1.532;11;77;100;1.703;0.132;0;0;66
001225;Rondissone;10.688;10.872;27.227;33.318;3;10;60;0;0;0;0;0
001226;Rorà;12.408;0.137;0.379;0.379;0;0;0;4.481;0.862;0.048;0;2
001227;Roure;59.373;1.465;1.619;3.882;48;89;507;8.145;0.019;0;0;80
001228;Rosta;9.065;6.111;19.051;23.464;90;109;147;0;0;0;0;0
001229;Rubiana;26.937;0;0.16;0.16;0;0;0;0;0.178;0;0;0
001230;Rueglio;15.1;0.623;0.636;0.636;2;2;2;4.139;0;0;0;13
001232;Salbertrand;38.32;1.793;4.147;6.018;46;189;334;13.426;29.311;0.337;0;328
001234;Salza di Pinerolo;15.675;0.593;0.593;0.593;10;10;10;0.293;10.239;0.057;0;20
001237;San Carlo Canavese;20.907;4.324;4.477;6.4;232;243;606;0;0;0;0;0
001238;San Colombano Belmonte;3.381;0.976;1.834;1.834;25;42;42;2.425;0.118;0;0;52
001231;Salassa;4.952;17.407;19.305;19.83;6;6;28;0;0;0;0;0
001233;Salerano Canavese;2.103;13.932;37.233;75.749;1;365;472;0;0;0;0;0
001235;Samone;2.433;8.714;22.935;40.773;0;369;516;0;0;0;0;0
001236;San Benigno Canavese;22.232;22.571;37.981;44.328;39;1045;3055;0;0;0;0;0
001239;San Didero;3.304;2.3;14.286;35.502;2;207;432;1.332;5.024;4.57;0;162
001240;San Francesco al Campo;14.979;0.794;10.648;22.839;53;194;895;0;0;0;0;0
001241;Sangano;6.651;7.653;10.374;20.448;252;270;979;5.668;0;12.224;0;187
001242;San Germano Chisone;15.862;3.493;3.625;5.705;48;49;524;0.599;0;0;0;2
001251;San Ponso;2.124;0.895;0.895;3.531;1;1;11;0;0;0;0;0
001252;San Raffaele Cimena;11.123;5.619;13.234;33.741;3;25;818;0.665;2.571;0;0;56
001255;Sant'Ambrogio di Torino;8.368;3.203;38.086;50.143;123;1432;2526;1.542;2.306;0.908;0;240
001243;San Gillio;8.887;2.836;18.409;20.614;9;87;97;0;0;0;0;0
001244;San Giorgio Canavese;20.405;9.267;11.203;11.228;20;25;25;0;0;0;0;0
001245;San Giorio di Susa;19.737;1.642;9.47;10.174;1;750;781;20.373;0.03;0;0;257
001246;San Giusto Canavese;9.613;9.643;10.881;10.881;2;2;2;0;0;0;0;0
001247;San Martino Canavese;9.793;1.399;15.603;19.698;2;83;85;0;0;0;0;0
001248;San Maurizio Canavese;17.344;3.183;8.51;9.894;7;13;43;0;0;0;0;0
001249;San Mauro Torinese;12.549;6.399;9.204;27.428;144;179;10576;0.183;2.542;0.367;0;43
001250;San Pietro Val Lemina;12.444;0.064;0.064;0.064;0;0;0;0.032;0;0.04;0;0
001253;San Sebastiano da Po;16.578;13.277;23.519;29.569;50;152;370;9.712;0;0;0;62
001254;San Secondo di Pinerolo;12.572;1.742;2.768;20.124;50;54;605;0.119;0;0.262;0;0
001256;Sant'Antonino di Susa;9.795;0.949;2.522;29.454;94;126;4204;5.83;23.492;2.379;0;117
001257;Santena;16.198;1.568;17.089;33.93;61;1492;5747;0;0;0;0;0
001258;Sauze di Cesana;78.277;1.972;3.167;3.392;6;25;74;11.701;20.918;0.443;0;121
001259;Sauze d'Oulx;17.311;0;0;0;0;0;0;24.175;65.144;0;0;1041
001260;Scalenghe;31.677;0;0.006;1.386;0;0;232;0;0;0;0;0
001261;Scarmagno;8.031;0.125;0.137;0.149;0;0;0;0.125;0;0;0;0
001262;Sciolze;11.356;0;0;0.194;0;0;1;2.836;0.009;0;0;20
001263;Sestriere;25.916;0.926;0.965;1.273;6;6;45;39.582;23.148;0;0;183
001265;Settimo Torinese;31.39;2.001;9.321;52.412;5;288;12876;0;0;0;0;0
001264;Settimo Rottaro;6.058;0.198;1.453;1.453;0;1;1;0;0;0;0;0
001266;Settimo Vittone;23.261;1.797;5.288;10.275;44;484;1017;2.021;9.518;2.395;0;676
001267;Sparone;29.679;2.968;4.849;6.233;155;254;815;7.429;2.817;2.594;0;114
001270;Susa;10.988;11.813;40.198;54.159;2272;3734;5154;2.111;11.685;11.713;0;807
001272;Torino;129.999;3.624;7.818;16.072;1365;18287;80857;1.167;0.003;1.487;0;508
001273;Torrazza Piemonte;9.824;0.153;2.565;5.263;0;0;0;0;0;0;0;0
001268;Strambinello;2.214;10.072;16.621;17.841;8;14;24;0.045;0;0.181;0;0
001269;Strambino;22.469;32.503;43.22;46.393;38;101;385;0;0;0;0;0
001271;Tavagnasco;8.675;4.818;22.744;24.035;3;453;488;7.735;12.438;0;0;280
001274;Torre Canavese;5.454;0;0.147;8.673;0;1;29;0;0;0;0;0
001275;Torre Pellice;21.098;5.948;8.944;15.845;360;581;2353;2.346;3.939;6.873;0;81
001276;Trana;16.406;6.522;13.142;13.142;90;409;409;0.354;0.305;0;0;1
001278;Traversella;39.36;0.925;1.052;1.075;11;12;12;4.99;0.058;0;0;13
001280;Trofarello;12.348;0.373;23.818;57.88;0;56;4174;0;0;0;0;0
001281;Usseaux;37.967;2.834;3.59;4.422;19;34;55;3.566;28.685;1.646;0;117
001279;Traves;10.454;2.611;2.698;2.698;1;1;1;0.861;0;0;0;0
001282;Usseglio;98.538;1.202;1.716;1.727;3;39;39;7.882;0.001;0;0;50
001284;Val della Torre;36.526;1.714;3.8;5.919;81;235;643;0.359;0.175;0.246;0;100
001285;Valgioie;9.12;0.274;0.274;0.296;9;9;9;7.654;1.579;0.011;0;5
001288;Valprato Soana;71.855;0.629;1.177;1.297;5;15;27;5.844;2.749;1.218;0;7
001289;Varisella;22.558;1.192;4.402;5.031;3;12;14;0.51;0;0;0;0
001283;Vaie;7.229;2.393;8.12;23.364;40;166;922;6.502;10.181;0;0;243
001286;Vallo Torinese;6.079;0;0.23;0.905;0;0;1;0.362;3.816;1.497;0;308
001287;Valperga;11.909;7.347;9.346;10.328;14;18;31;0.302;0.067;0.017;0;1
001290;Vauda Canavese;7.093;0.042;1.931;2.636;0;0;0;0.042;0.07;0.775;0;0
001291;Venaus;19.144;4.545;8.29;11.225;23;430;705;8.06;17.013;0;0;423
001292;Venaria Reale;20.447;3.678;14.814;19.23;400;921;1104;0;0;0;0;0
001293;Verolengo;29.461;14.545;31.89;41.57;23;144;1382;0;0;0;0;0
001294;Verrua Savoia;31.943;30.636;34.79;37.395;75;143;188;10.932;3.941;0.247;0;73
001295;Vestignè;12.069;42.646;78.457;82.119;252;278;373;1.699;0.008;0;0;112
001298;Vidracco;2.968;4.077;4.077;4.077;0;0;0;0;0;0;0;0
001299;Vigone;41.154;3.553;17.182;30.318;18;279;468;0;0;0;0;0
001296;Vialfrè;4.645;0;0;0;0;0;0;0;0;0.366;0;0
001300;Villafranca Piemonte;50.786;17.087;29.292;45.493;61;226;1256;0;0;0;0;0
001301;Villanova Canavese;4.031;9.625;10.022;30.811;0;0;3;0;0;0;0;0
001302;Villarbasse;10.409;0.029;1.748;9.252;0;6;45;0;0;0;0;0
001303;Villar Dora;5.707;3.119;13.352;16.138;11;62;275;2.015;0.035;0;0;2
001304;Villareggia;11.41;8.238;13.865;22.165;5;11;17;0;0;0;0;0
001305;Villar Focchiardo;25.687;3.722;7.93;14.887;45;170;1534;3.924;37.805;4.31;0;149
001306;Villar Pellice;60.293;1.269;3.558;4.057;70;255;356;10.447;0.002;0.02;0;14
001308;Villastellone;19.877;0.75;47.955;59.496;103;720;1301;0;0;0;0;0
001309;Vinovo;17.633;9.029;28.94;36.42;83;577;2335;0;0;0;0;0
001310;Virle Piemonte;14.057;9.44;21.292;24.209;43;216;504;0;0;0;0;0
001311;Vische;17.075;42.278;47.649;49.025;38;60;74;0;0;0;0;0
001307;Villar Perosa;11.423;4.876;7.038;8.702;48;527;1067;6.504;0;0;0;82
002006;Arborio;23.31;11.604;12.87;25.95;1;1;12;0;0;0;0;0
001312;Vistrorio;4.682;7.39;7.433;8.266;7;7;7;0.15;0;0.043;0;0
001313;Viù;84.112;1.189;1.494;1.497;10;12;12;2.979;0;0;0;34
001314;Volpiano;32.481;4.535;15.098;37.998;4;171;4832;0;0;0;0;0
001315;Volvera;20.983;2.616;21.184;34.671;19;1051;2411;0;0;0;0;0
001316;Mappano;9.817;0;0;3.606;0;0;0;0;0;0;0;0
001317;Val di Chy;13.831;1.909;2.162;2.162;19;20;20;1.005;0.123;0.022;0;1
001318;Valchiusa;49.627;2.174;2.372;2.378;38;41;41;2.241;7.109;0.022;0;26
002002;Alagna Valsesia;133.171;1.85;2.642;3.108;62;113;315;2.452;5.126;3.609;0;146
002003;Albano Vercellese;13.781;26.783;36.064;72.498;0;3;297;0;0;0;0;0
002004;Alice Castello;24.565;0;0;0;0;0;0;0;0;0;0;0
002014;Boccioleto;33.871;0.118;0.741;0.88;1;8;12;1.193;1.482;3.318;0;8
002015;Borgo d'Ale;39.57;0;0;0;0;0;0;0;0;0;0;0
002016;Borgosesia;41.09;7.408;8.002;10.234;1052;1266;2083;0.056;1.981;0.287;0;106
002017;Borgo Vercelli;19.295;0.047;4.478;40.435;0;4;1457;0;0;0;0;0
002021;Buronzo;25.077;5.898;9.331;21.905;5;8;197;0;0;0;0;0
002025;Campertogno;34.136;2.771;3.486;4.283;21;23;65;7.441;0.642;0.554;0;22
002029;Carcoforo;22.8;1.25;2.224;2.412;8;48;60;14.425;1.022;0;0;41
002030;Caresana;24.109;24.626;47.414;68.294;4;40;185;0;0;0;0;0
002031;Caresanablot;11.022;21.53;22.646;72.038;3;3;1129;0;0;0;0;0
002032;Carisio;30.106;11.553;15.176;25.809;9;12;187;0;0;0;0;0
002033;Casanova Elvo;16.205;10.435;13.027;36.766;1;110;234;0;0;0;0;0
002035;San Giacomo Vercellese;9.604;0;17.295;19.617;0;58;60;0;0;0;0;0
002041;Cervatto;9.538;0;0.01;0.01;0;0;0;4.655;0;0;0;0
002042;Cigliano;25.344;0.249;0.418;0.493;2;4;5;0;0;0;0;0
002043;Civiasco;7.388;0;0;0;0;0;0;6.538;0.69;0;0;110
002045;Collobiano;9.223;25.393;29.329;93.549;2;2;105;0;0;0;0;0
002047;Costanzana;20.968;0;7.497;10.974;0;79;79;0;0;0;0;0
002048;Cravagliana;34.856;0.757;0.981;1.099;2;11;39;1.371;0.666;0.126;0;34
002049;Crescentino;48.223;10.901;26.11;33.376;45;1752;4797;0;0;0;0;0
002052;Crova;14.016;0;0;0;0;0;0;0;0;0;0;0
002054;Desana;16.477;0;0.322;0.388;0;0;0;0;0;0;0;0
002057;Fobello;28.14;0.842;0.903;1.031;6;6;6;4.193;6.055;0.131;0;2
002058;Fontanetto Po;23.242;19.263;24.013;36.77;0;0;1117;0;0;0;0;0
002059;Formigliana;16.763;19.072;23.689;31.289;25;26;38;0;0;0;0;0
002061;Gattinara;33.667;7.078;10.865;27.923;8;21;476;0;0.015;0;0;6
002062;Ghislarengo;12.503;12.797;15.324;23.418;42;70;100;0;0;0;0;0
002065;Greggio;11.882;13.685;22.16;76.931;7;11;324;0;0;0;0;0
002066;Guardabosone;6.088;4.928;5.437;5.634;4;6;7;0.279;0.23;0;0;0
002067;Lamporo;9.644;0;0;0;0;0;0;0;0;0;0;0
002070;Lignana;22.574;0;0;0;0;0;0;0;0;0;0;0
002071;Livorno Ferraris;57.992;0;0;0;0;0;0;0;0;0;0;0
002068;Lenta;18.97;7.385;9.483;19.172;8;10;72;0;0;0;0;0
002072;Lozzolo;6.667;0.975;3.675;4.155;26;41;42;0;0;0;0;0
002078;Mollia;13.918;1.523;2.529;5.971;9;9;37;5.999;0.273;3.463;0;2
002079;Moncrivello;20.182;7.863;15.771;18.526;18;27;35;0;0;0;0;0
002082;Motta de' Conti;11.716;9.44;36.173;78.363;0;71;391;0;0;0;0;0
002088;Olcenengo;16.496;0;2.304;99.685;0;2;754;0;0;0;0;0
002089;Oldenico;6.527;25.586;37.95;100.077;10;15;252;0;0;0;0;0
002090;Palazzolo Vercellese;13.94;34.806;35.036;63.458;2;2;1053;0;0;0;0;0
002093;Pezzana;17.352;6.224;18.263;71.116;2;6;758;0;0;0;0;0
002097;Piode;13.598;2.677;3.412;3.611;14;42;49;1.618;2.39;0.507;0;25
002102;Postua;16.178;2.534;2.942;3.907;87;131;189;0.247;0.161;0.655;0;0
002104;Prarolo;11.539;2.557;7.878;80.206;10;30;602;0;0;0;0;0
002091;Pertengo;8.295;0;7.185;9.488;0;1;1;0;0;0;0;0
002096;Pila;8.69;3.487;5.397;6.72;3;16;26;1.438;4.488;21.623;0;5
002107;Quarona;16.156;6.926;9.804;11.315;158;1206;1523;6.295;7.161;1.906;0;1086
002108;Quinto Vercellese;10.903;14.574;20.224;71.072;0;1;386;0;0;0;0;0
002110;Rassa;43.27;1.59;1.671;1.676;11;14;14;4.971;1.306;0.455;0;2
002113;Rimella;26.271;0.004;0.004;0.004;0;0;0;13.353;1.888;0;0;58
002115;Rive;9.409;0;4.517;59.231;0;0;8;0;0;0;0;0
002007;Asigliano Vercellese;26.316;0;7.52;7.896;0;83;178;0;0;0;0;0
002116;Roasio;27.915;0.115;17.815;19.309;0;130;297;0;0;0;0;0
002118;Ronsecco;24.475;0;2.627;3.42;0;1;42;0;0;0;0;0
002121;Rossa;11.838;0.186;0.253;0.397;3;7;10;2.34;0;0;0;11
002122;Rovasenda;29.268;0;21.72;22.161;0;154;206;0;0;0;0;0
002126;Salasco;12.187;0;0;0;0;0;0;0;0;0;0;0
002127;Sali Vercellese;8.777;0;0;0;0;0;0;0;0;0;0;0
002128;Saluggia;31.598;13.067;27.404;32.293;61;112;158;0;0;0;0;0
002008;Balmuccia;9.788;3.749;4.271;4.587;6;6;6;3.555;0;0;0;0
002131;San Germano Vercellese;30.64;0;0.003;0.15;0;0;1;0;0;0;0;0
002133;Santhià;53.129;2.016;2.469;5.861;12;13;35;0;0;0;0;0
002134;Scopa;22.534;2.942;4.695;5.414;1;2;2;3.204;1.003;1.251;0;82
002135;Scopello;18.255;2.016;4.032;6.048;17;51;120;1.912;6.042;8.244;0;13
002137;Serravalle Sesia;20.905;13.317;14.288;16.575;256;609;1121;0.177;0;0;0;12
002142;Stroppiana;18.314;0;16.261;18.718;0;4;5;0;0;0;0;0
002147;Tricerro;12.249;0;3.878;4.327;0;9;9;0;0;0;0;0
002148;Trino;70.606;1.549;3.867;30.386;1;9;6780;0;0;0;0;0
002150;Tronzano Vercellese;44.751;0;0;0;0;0;0;0;0;0;0;0
002152;Valduggia;28.427;0.654;0.721;1.164;156;169;317;0.503;0.408;0.436;0;43
002156;Varallo;102.974;2.676;3.067;3.606;589;736;1148;2.736;1.31;1.693;0;185
002158;Vercelli;79.775;13.584;16.36;41.907;84;188;14137;0;0;0;0;0
002163;Villarboit;25.511;3.504;7.656;24.84;5;9;28;0;0;0;0;0
002164;Villata;14.582;7.297;29.914;78.323;3;9;1515;0;0;0;0;0
002166;Vocca;20.257;1.91;3.115;4.245;15;52;102;0.331;0;0;0;0
002170;Alto Sermenza;60.326;1.953;1.953;2.22;35;35;40;7.363;0;0.3;0;3
002171;Cellio con Breia;17.28;0.289;0.289;0.289;0;0;0;0.11;0.284;0.11;0;6
003001;Agrate Conturbia;14.536;2.635;3.206;3.385;31;43;43;0;0;0;0;0
003002;Ameno;9.996;4.882;4.882;6.263;11;11;14;0.24;0.09;0.19;0;1
003006;Armeno;31.515;0.574;1.034;1.536;73;95;142;0.539;0;0.419;0;51
003008;Arona;15.17;17.357;19.005;20.316;355;844;1446;0.442;0;0;0;25
003012;Barengo;19.493;5.053;9.906;16.955;0;3;9;0;0;0;0;0
003016;Bellinzago Novarese;39.179;8.895;15.189;21.215;3;7;13;0;0;0.018;0;0
003019;Boca;9.608;0;0;0;0;0;0;0;0;0;0;0
003018;Biandrate;12.454;0;0;0.056;0;0;3;0;0;0;0;0
003021;Bogogno;8.483;7.026;7.757;13.203;51;83;302;0.083;0.071;1.851;0;8
003022;Bolzano Novarese;3.304;4.419;4.419;6.598;9;9;16;0.03;0;0;0;0
003023;Borgolavezzaro;21.091;3.584;12.659;13.205;1;86;277;0;0;0;0;0
003024;Borgomanero;32.254;1.507;6.874;13.688;599;1184;2796;0.068;0;0.115;0;1
003025;Borgo Ticino;13.381;0;0.127;1.936;0;0;76;0;0;0.628;0;0
003026;Briga Novarese;4.748;2.464;7.224;8.53;79;109;145;0.337;0;0;0;3
003027;Briona;24.756;0;0.008;0.077;0;0;0;0;0;0;0;0
003030;Caltignaga;22.321;11.863;37.131;60.517;2;68;247;0;0;0;0;0
003032;Cameri;39.985;11.087;15.788;24.599;17;29;70;0;0;0;0;0
003036;Carpignano Sesia;14.656;3.35;3.521;56.161;0;0;1560;0;0;0;0;0
003040;Casalino;39.489;0;1.801;12.56;0;8;33;0;0;0;0;0
003066;Fontaneto d'Agogna;21.17;5.942;14.459;19.051;38;263;463;0;0.024;0.605;0;0
003068;Galliate;29.366;17.905;17.905;22.737;75;75;94;0;0;0;0;0
003037;Casalbeltrame;16.041;0;0;0.623;0;0;0;0;0;0;0;0
003049;Cerano;32.634;22.906;50.527;80.998;26;144;5091;0;0;0;0;0
003039;Casaleggio Novara;10.531;0;0;9.847;0;0;102;0;0;0;0;0
003041;Casalvolone;17.484;0;0.011;7.733;0;0;646;0;0;0;0;0
003042;Castellazzo Novarese;10.792;0;0;0;0;0;0;0;0;0;0;0
003043;Castelletto sopra Ticino;14.641;12.185;14.528;15.484;502;661;769;0;0.437;0.137;0;13
003044;Cavaglietto;6.485;7.833;30.84;38.288;0;7;225;0;0;0;0;0
003058;Cureggio;8.507;2.386;16.034;18.855;3;57;88;0.153;0;0;0;0
003045;Cavaglio d'Agogna;9.833;0.325;4.251;5.939;0;0;0;0.529;0;0.915;0;4
003047;Cavallirio;8.326;0;0;0;0;0;0;0;0;0.949;0;0
003051;Colazza;3.162;0.316;0.316;0.316;0;0;0;0.063;0;0;0;0
003060;Divignano;4.935;0;0;0;0;0;0;0;0;0;0;0
003052;Comignago;4.449;0;0.292;1.034;0;0;0;0.742;0;0;0;0
003055;Cressa;7.104;2.675;8.474;15.583;7;44;157;0;0;0;0;0
003062;Dormelletto;7.252;39.451;41.754;45.491;132;233;385;0.124;0;0;0;12
003065;Fara Novarese;9.215;0;0;0;0;0;0;0;0;0;0;0
003069;Garbagna Novarese;10.049;0;0;22.311;0;0;25;0;0;0;0;0
003070;Gargallo;3.77;0;2.732;2.732;0;0;0;0;0;0;0;0
002009;Balocco;16.808;11.542;13.975;45.425;3;6;128;0;0;0;0;0
002011;Bianzè;41.806;0;1.196;1.196;0;1;1;0;0;0;0;0
003073;Ghemme;20.644;7.058;7.208;18.62;15;15;39;0.044;0;0;0;0
003076;Gozzano;12.582;2.337;3.6;7.217;39;49;164;0.151;0.143;1.089;0;1
003077;Granozzo con Monticello;19.521;14.267;28.764;29.435;13;51;52;0;0;0;0;0
003079;Grignasco;14.334;12.781;13.681;14.469;93;99;254;0.077;0;0.007;0;0
003082;Invorio;17.372;0.259;1.583;3.206;0;1;3;0.109;0;0;0;0
003088;Maggiora;10.659;3.068;3.068;3.068;1;1;1;0.253;0;0;0;0
003095;Meina;7.535;36.271;41.38;41.858;96;866;895;4.234;0;0;0;235
003097;Mezzomerico;7.719;0;0.039;0.039;0;0;0;0;0;0;0;0
003083;Landiona;7.283;9.886;10.092;64.191;2;2;426;0;0;0;0;0
003084;Lesa;13.581;53.059;56.645;64.472;189;521;1330;2.356;2.371;7.628;0;500
003090;Mandello Vitta;5.854;0;0;0;0;0;0;0;0;0;0;0
003091;Marano Ticino;7.788;5.303;6.921;11.787;3;4;50;0;0;1.258;0;0
003093;Massino Visconti;6.864;0;0;0.029;0;0;2;0;0.466;0;0;18
003098;Miasino;5.521;1.485;2.264;2.463;5;10;10;5.09;0;0.054;0;85
003112;Orta San Giulio;6.65;0.015;0.271;0.376;1;14;21;0.331;0.496;0.391;0;12
003114;Paruzzaro;5.227;0.172;0.631;0.842;2;5;5;0;0;0;0;0
003100;Momo;23.591;7.948;19.969;37.62;15;130;448;0;0;0;0;0
003103;Nebbiuno;8.265;0;0.012;0.012;0;0;0;0.581;1.754;1.174;0;34
003104;Nibbiola;11.342;0;11.056;11.568;0;40;41;0;0;0;0;0
003106;Novara;103.05;7.873;12.428;31.112;522;733;8794;0;0;0;0;0
003108;Oleggio;37.795;11.97;14.333;18.6;47;78;136;0;0.032;0;0;0
003109;Oleggio Castello;5.935;9.958;9.975;17.776;57;57;294;0;0;7.784;0;0
003121;Pombia;12.297;19.948;21.371;27.316;8;18;100;0.943;0.691;0.138;0;17
003122;Prato Sesia;12.126;6.061;14.374;17.648;35;60;193;0;0;0.008;0;0
003116;Pettenasco;7.071;0.933;3.649;7.34;20;271;610;0.24;3.366;3.182;0;253
003130;Romagnano Sesia;17.976;10.147;11.254;24.766;10;52;1217;0.095;0;0.145;0;0
003131;Romentino;17.691;9.677;9.677;23.939;10;10;24;0;0;0;0;0
003119;Pisano;2.766;0;0;0;0;0;0;0;0;0;0;0
003120;Pogno;9.865;0;0;0;0;0;0;0;0;0;0;0
003129;Recetto;8.852;5.694;7.784;72.063;1;1;580;0;0;0;0;0
003133;San Maurizio d'Opaglio;8.51;0.188;1.375;1.669;1;7;11;0.188;0.693;0.294;0;8
003134;San Nazzaro Sesia;11.451;2.515;28.172;70.369;1;10;169;0;0;0;0;0
003135;San Pietro Mosezzo;34.899;0.344;4.608;11.258;0;56;531;0;0;0;0;0
003138;Sillavengo;9.535;3.429;3.429;10.865;1;1;4;0;0;0;0;0
003139;Sizzano;10.754;2.148;6.472;7.346;23;103;182;3.375;0;0;0;80
003115;Pella;8.134;0.086;0.738;2.188;6;57;168;1.02;2.09;1.537;0;77
003140;Soriso;6.372;0;0.016;0.031;0;0;0;0.204;0.016;0;0;0
003149;Trecate;38.222;5.594;5.607;40.359;13;13;95;0;0;0;0;0
003141;Sozzago;12.914;0.147;0.17;100.085;0;0;1055;0;0;0;0;0
003143;Suno;21.327;2.743;9.65;18.132;17;190;521;0;0;0;0;0
003144;Terdobbiate;8.463;0;0;12.868;0;0;0;0;0;0;0;0
004001;Acceglio;151.528;1.082;1.193;1.655;14;22;38;11.89;6.003;0.372;0;69
003153;Vaprio d'Agogna;10.012;3.396;9.309;11.796;4;12;42;0;0;0;0;0
003146;Tornaco;13.241;0;0;0;0;0;0;0;0;0;0;0
003154;Varallo Pombia;13.768;7.205;7.205;8.803;6;6;8;0.029;0;0;0;0
003158;Vespolate;17.78;7.818;28.746;29.072;5;381;381;0;0;0;0;0
003159;Vicolungo;13.294;0;0;18.294;0;0;42;0;0;0;0;0
003164;Vinzaglio;15.463;0;0;45.554;0;0;250;0;0;0;0;0
003166;Gattico-Veruno;26.187;0.901;1.573;4.25;16;16;133;0;0;0.073;0;0
004004;Albaretto della Torre;4.59;10.436;10.436;10.436;8;8;8;17.908;10.392;0;0;27
004005;Alto;7.462;0;0;0;0;0;0;0.469;0.241;2.211;0.456;0
004007;Arguello;4.917;12.528;12.528;12.528;26;26;26;36.587;0;0;0;31
004002;Aisone;36.917;3.597;9.015;11.044;8;74;130;4.082;0.972;0.003;0;39
004009;Bagnolo Piemonte;63.249;0;0.204;0.204;0;0;0;3.595;0.751;0;0;24
004010;Baldissero d'Alba;15.326;0.281;1.403;1.403;1;4;4;1.455;0.026;0;0;3
004012;Barge;81.991;1.299;3.715;5.559;232;300;427;0.039;0.267;0.2;0;1
004015;Battifollo;11.119;0;0;0;0;0;0;0;0;0;0;0
004016;Beinette;17.686;0;5.779;8.142;0;23;30;0;0;0;0;0
004011;Barbaresco;7.764;23.854;23.879;24.691;40;40;42;3.941;1.752;0;0;37
004013;Barolo;5.709;10.072;10.072;10.072;50;50;50;12.892;18.199;0;0;32
004014;Bastia Mondovì;12.001;25.723;25.948;28.314;196;196;251;5.508;1.183;0;0;13
004017;Bellino;62.07;3.14;3.222;4.107;18;21;72;14.203;3.246;0.894;0;27
004019;Bene Vagienna;48.967;2.022;2.022;2.022;41;41;41;0.263;0.77;0;0;10
004020;Benevello;5.439;0.552;0.552;0.552;1;1;1;15.462;4.744;0;0;26
004023;Bonvicino;7.241;13.962;13.962;13.962;10;10;10;18.92;14.777;0;0;23
004024;Borgomale;8.478;2.819;2.831;2.831;7;7;7;6.122;20.429;0;0;65
004018;Belvedere Langhe;5.003;0.16;0.16;0.16;0;0;0;20.228;14.171;0;0;32
004003;Alba;53.585;14.364;18.875;24.847;729;1278;3321;0.021;0.05;0;0;1
004021;Bergolo;3.112;5.688;6.073;6.073;3;3;3;8.58;17.192;0;0;11
004022;Bernezzo;25.863;0.313;0.336;0.421;13;20;48;0.019;0;0;0;0
004025;Borgo San Dalmazzo;22.34;5.591;12.547;15.152;58;233;870;0.076;0.765;0.9;0;0
004027;Bossolasco;14.545;4.531;4.531;4.531;5;5;5;5.335;26.415;0.021;0;76
004028;Boves;50.948;1.535;7.841;12.833;351;865;2400;1.816;0.491;1.284;0;173
004029;Bra;59.53;1.013;5.512;30.677;60;94;4465;0.128;0;0.032;0;4
004031;Briga Alta;52.18;0.077;0.155;0.155;2;5;5;3.455;7.875;0.063;0;0
004026;Bosia;5.54;16.552;16.57;16.57;17;17;17;6.57;15.866;0;0;18
004030;Briaglia;6.238;0.16;0.16;0.16;0;0;0;15.277;12.584;0;0;35
004032;Brondello;10.124;0.968;2.637;3.566;8;33;58;0.524;0;0;0;20
004033;Brossasco;28.064;1.771;1.771;1.889;60;60;65;5.541;1.08;0.118;0;5
004034;Busca;76.764;2.002;2.002;2.146;339;339;410;1.501;0.353;0.007;0;34
004035;Camerana;23.638;4.81;5.411;5.648;26;44;71;5.17;5.682;0.216;0;46
004037;Canale;17.865;2.508;5.771;8.094;78;197;384;5.491;8.357;0.006;0;60
004038;Canosio;48.448;0.563;1.143;1.402;4;6;9;2.227;5.687;5.47;0;5
004040;Caraglio;41.676;1.253;2.486;3.712;15;30;45;0.118;0.247;0;0;0
004041;Caramagna Piemonte;26.328;0;7.228;7.532;0;38;51;0;0;0;0;0
004042;Cardè;19.304;15.1;41.038;50.979;63;247;514;0;0;0;0;0
004043;Carrù;25.838;3.181;6.347;6.506;28;61;64;1.153;1.564;0;0;45
004039;Caprauna;11.502;0;0;0;0;0;0;0;0.443;0.939;0.73;0
004044;Cartignano;6.419;3.723;3.848;9.176;9;12;60;1.277;5.936;5.53;0;0
004045;Casalgrasso;17.806;24.29;55.347;59.985;21;258;788;0;0;0;0;0
004046;Castagnito;7.115;9.529;9.529;32.101;7;7;589;6.409;12.79;0;0;37
004047;Casteldelfino;33.951;3.069;3.172;3.588;9;9;18;12.353;0.857;0.224;0;5
004050;Castelletto Uzzone;14.859;1.736;3.998;4.139;8;91;92;2.88;2.517;0;0;8
004049;Castelletto Stura;17.13;15.984;20.14;20.14;34;43;43;0.012;0;0;0;0
004051;Castellinaldo d'Alba;7.803;1.666;2.038;2.038;49;77;77;1.512;18.788;14.315;0;32
004052;Castellino Tanaro;11.539;5.694;5.694;6.24;17;17;22;3.995;5.174;0;0;6
004053;Castelmagno;49.307;0.744;0.744;0.744;0;0;0;4.032;9.137;0;0;9
004056;Castiglione Tinella;11.634;0.963;1.023;1.023;6;6;6;2.802;8.02;0;0;47
004057;Castino;15.523;1.939;3.047;3.163;6;10;10;2.938;8.903;0;0;33
004058;Cavallerleone;16.438;11.169;11.206;25.307;39;39;249;0;0;0;0;0
004054;Castelnuovo di Ceva;6.262;0;0;0;0;0;0;0;1.373;0;0;0
004059;Cavallermaggiore;51.595;9.972;15.129;16.93;3054;3164;3929;0;0;0;0;0
004055;Castiglione Falletto;4.72;6.928;7.203;7.733;29;35;39;7.034;14.831;0;0;33
004060;Celle di Macra;31.105;1.575;1.575;1.575;0;0;0;3.27;1.906;0;0;2
004061;Centallo;42.485;3.653;8.876;13.059;240;705;1236;0;0;0;0;0
004062;Ceresole Alba;37.049;0;10.575;10.707;0;32;32;0.043;0;0;0;1
004063;Cerretto Langhe;10.142;1.814;2.031;2.031;1;1;1;5.255;31.976;0;0;76
004064;Cervasca;18.223;1.602;2.947;4.697;54;77;336;0;1.86;0.176;0;4
004065;Cervere;18.596;8.023;8.964;9.045;24;27;28;1.156;0.699;0;0;1
004066;Ceva;43.166;5.694;5.854;6.095;446;473;478;0.998;8.639;0.104;0;142
004067;Cherasco;81.535;20.445;21.461;22.984;491;523;550;0.302;1.591;0;0;28
004068;Chiusa di Pesio;95.019;2.584;4.741;4.741;434;574;574;0.029;0.403;0.096;0;6
004069;Cigliè;6.122;7.171;7.171;9.49;7;7;9;4.1;6.485;0;0;12
004070;Cissone;5.903;0.627;0.627;0.627;0;0;0;12.434;44.215;0;0;19
004071;Clavesana;17.151;32.995;33.001;33.718;186;186;222;2.979;7.597;0;0;20
004072;Corneliano d'Alba;10.087;2.141;3.301;3.46;76;249;253;4.669;2.419;0;0;27
004073;Cortemilia;24.988;8.008;9.02;9.593;251;277;345;2.429;1.353;1.016;0;15
004074;Cossano Belbo;20.54;2.551;4.761;6.212;19;86;223;18.057;20.686;0.506;0;226
004075;Costigliole Saluzzo;15.342;8.297;14.744;27.135;112;521;617;0.222;1.525;0.202;0;9
004077;Crissolo;52.053;0.229;0.229;1.422;2;2;31;1.716;9.615;0.58;0;1
004076;Cravanzana;8.118;7.046;7.058;7.058;8;8;8;4.693;46.292;0;0;297
004078;Cuneo;119.669;4.599;11.079;15.135;172;538;1219;0.019;0;0;0;1
004079;Demonte;127.306;1.419;3.298;5.953;18;76;377;0.522;15.479;1.699;0;11
004080;Diano d'Alba;17.543;9.428;9.451;9.742;220;220;221;3.204;22.528;0.285;0;231
004081;Dogliani;35.683;0.272;0.272;0.294;4;4;4;8.424;3.486;0;0;137
004082;Dronero;58.957;1.879;1.879;3.721;344;344;1141;1.248;1.074;1.973;0;12
004083;Elva;26.22;0;0;0;0;0;0;7.269;4.302;0;0;10
004084;Entracque;160.731;1.231;1.231;1.605;3;3;50;0.725;0;0.375;0;3
004085;Envie;24.931;0.032;0.032;0.032;0;0;0;1.516;0;0;0;5
004086;Farigliano;16.442;25.66;25.952;27.673;253;255;313;7.998;6.398;0;0;74
004087;Faule;7.03;45.605;91.593;100.043;42;173;496;0;0;0;0;0
004088;Feisoglio;7.667;8.191;8.191;8.191;6;6;6;6.378;15.886;0;0;28
004089;Fossano;130.143;4.531;7.604;9.652;136;213;267;0.033;0.034;0;0;4
004090;Frabosa Soprana;47.144;0.325;0.607;0.679;2;4;5;0.492;3.091;0;0;2
004091;Frabosa Sottana;37.643;0.72;1.363;1.488;19;62;62;1.639;1.047;0.781;0;207
004092;Frassino;17.011;0.047;4.609;4.879;2;87;87;0.435;0;0.588;0;0
004095;Garessio;131.281;0.771;2.218;2.695;155;996;1337;0.721;7.191;1.378;0;187
004093;Gaiola;4.969;4.89;5.836;8.01;73;73;131;0.101;0;0;0;0
004094;Gambasca;5.741;10.921;10.921;22.348;59;59;133;3.379;0.592;13.778;0;1
004096;Genola;13.722;2.274;11.135;16.98;8;39;68;0;0;0;0;0
004097;Gorzegno;13.97;3.479;7.745;8.339;2;5;6;5.004;1.117;0;0;12
004098;Gottasecca;13.677;0.877;0.877;0.877;5;5;5;6.69;9.381;0;0;12
004099;Govone;18.911;21.638;22.008;24.689;50;51;159;1.629;5.092;0;0;39
004105;La Morra;24.166;5.777;5.876;5.884;19;20;20;12.654;7.713;0;0;189
004100;Grinzane Cavour;3.808;4.832;4.963;4.963;18;19;19;1.97;13.629;0;0;20
004101;Guarene;13.446;4.7;4.7;13.298;102;102;194;6.336;20.794;0;0;134
004102;Igliano;3.404;8.49;8.49;8.49;1;1;1;5.817;31.14;0;0;28
004106;Lequio Berria;11.829;0.702;0.702;0.702;2;2;2;11.954;20.34;0;0;71
004103;Isasca;5.078;0;0;0;0;0;0;3.052;0.059;0;0;0
004104;Lagnasco;17.712;1.321;22.657;61.868;2;837;1199;0;0;0;0;0
004107;Lequio Tanaro;12.201;16.146;16.146;17.163;38;38;40;15.409;7.303;0;0;37
004108;Lesegno;14.22;11.449;15.738;18.945;21;29;38;0.563;0.056;0;0;1
004109;Levice;15.739;3.177;5.699;6.055;9;15;17;31.87;6.36;0.025;0;100
004110;Limone Piemonte;70.81;0.983;0.984;1.102;127;127;147;0.292;3.168;3.773;0;13
004111;Lisio;8.229;0.924;1.969;2.673;4;13;31;0.498;8.191;0.085;0;3
004112;Macra;24.656;2.012;2.012;2.073;2;2;2;4.011;4.076;0.292;0;0
004113;Magliano Alfieri;9.5;9.179;9.221;24.758;4;4;183;15.358;9.6;0;0;86
004114;Magliano Alpi;33.22;0;2.616;2.616;0;8;8;0.066;0.418;0;0;5
004115;Mango;20.031;11.248;11.248;11.248;71;71;71;13.739;30.213;0;0;208
004116;Manta;11.734;0.009;12.673;29.973;0;82;1055;0.375;0.707;2.804;0;37
004117;Marene;28.987;0;6.182;6.182;0;34;34;0;0;0;0;0
004118;Margarita;11.376;0;9.608;12.421;0;75;117;0;0;0;0;0
004119;Marmora;41.126;1.802;1.812;2.327;3;3;4;4.464;26.854;0.552;0;17
004120;Marsaglia;13.026;0.322;0.322;0.322;1;1;1;5.197;5.973;0;0;13
004121;Martiniana Po;13.281;4.826;7.018;7.018;2;2;2;2.138;1.039;0;0;5
004122;Melle;27.906;2.189;2.197;2.526;25;25;36;7.224;2.437;0.767;0;26
004123;Moiola;15.068;8.787;9.656;14.096;6;6;96;0.982;0.458;2.668;0;1
004124;Mombarcaro;20.511;3.184;4.051;4.412;2;3;3;0.283;2.594;0;0;5
004125;Mombasiglio;17.35;2.029;2.098;2.277;20;20;21;0.277;5.112;0.19;0;14
004126;Monastero di Vasco;17.438;1.984;1.984;1.984;25;25;25;0.149;9.669;2.586;0;37
004127;Monasterolo Casotto;7.68;2.044;2.435;2.76;1;1;1;0.729;2.07;0;0;0
004128;Monasterolo di Savigliano;14.911;1.502;54.524;54.912;1;662;697;0;0;0;0;0
004131;Monesiglio;12.933;3.124;11.266;11.962;19;130;131;4.848;7.052;0;0;27
004132;Monforte d'Alba;25.274;7.684;7.684;7.684;62;62;62;4.811;11.89;0;0;231
004133;Montà;26.82;3.908;4.195;4.385;88;132;156;0.872;0.645;0.056;0;3
004129;Monchiero;4.99;22.244;22.244;22.705;75;75;84;10.902;2.265;0;0;122
004130;Mondovì;87.052;1.697;4.433;4.478;373;440;441;0.365;3.149;0.041;0;265
004134;Montaldo di Mondovì;23.58;2.29;4.059;4.118;12;17;23;1.128;5.059;0;0;25
004135;Montaldo Roero;11.84;4.257;4.316;4.316;6;6;6;2.77;0;0;0;5
004138;Montemale di Cuneo;11.104;1.207;1.207;1.207;4;4;4;3.26;6.781;0;0;14
004139;Monterosso Grana;42.221;1.511;1.57;2.345;32;40;167;0.59;10.137;0.786;0;40
004140;Monteu Roero;24.7;0.097;0.174;0.174;1;1;1;0.372;0.012;0;0;3
004136;Montanera;11.627;14.982;16.522;16.677;34;38;45;0.267;0.146;0.241;0;14
004141;Montezemolo;6.936;0.115;0.115;0.115;0;0;0;4.397;10.712;0;0;16
004137;Montelupo Albese;6.43;14.355;14.37;14.37;33;33;33;3.281;39.938;0;0;83
004142;Monticello d'Alba;10.236;12.231;14.586;18.288;226;358;367;0.518;0;0;0;0
004143;Moretta;23.993;10.657;63.964;89.13;15;458;4147;0;0;0;0;0
004144;Morozzo;22.192;0;1.514;1.618;0;5;5;0;0;0.104;0;0
004145;Murazzano;27.676;0.329;0.329;0.329;1;1;1;9.322;31.027;0;0;91
004146;Murello;17.328;2.395;6.515;8.137;0;0;1;0;0;0;0;0
004147;Narzole;26.182;13.181;13.181;13.826;135;135;139;6.871;17.298;0.023;0;195
004148;Neive;21.303;11.876;12.149;14.514;106;115;144;8.093;11.623;0;0;150
004150;Niella Belbo;11.518;5.635;5.635;5.635;8;8;8;4.089;29.606;0;0;190
004151;Niella Tanaro;15.707;12.479;12.479;13.376;10;10;11;0.7;0.611;0;0;7
004154;Oncino;47.359;0.232;0.792;0.887;0;0;0;9.008;0.002;0;0;3
004149;Neviglie;7.926;3.255;4.403;5.11;7;11;13;4.504;16.831;0;0;43
004152;Novello;11.685;11.125;11.125;12.383;14;14;37;15.944;13.179;0;0;105
004153;Nucetto;7.808;3.535;3.535;4.034;41;41;42;1.831;0;0;0;0
004155;Ormea;124.493;0.765;0.828;1.58;88;118;439;2.056;5.577;6.24;0.009;73
004156;Ostana;14.087;0.014;0.128;0.341;0;0;1;12.189;0.412;0.213;0;0
004157;Paesana;58.269;1.472;3.055;5.449;49;365;813;4.428;10.657;0.98;0;27
004158;Pagno;8.68;5.357;5.357;5.484;74;74;77;2.212;0;0.012;0;8
004159;Pamparato;34.512;0.655;1.063;1.142;17;47;53;1.095;3.413;0;0;3
004160;Paroldo;12.425;0.781;1.127;1.127;1;1;1;5.569;4.024;0;0;42
004161;Perletto;9.893;3.983;3.993;3.993;9;9;9;8.774;13.777;0;0;60
004163;Peveragno;67.919;1.166;4.312;5.193;101;260;311;0.012;0.106;0.661;0;2
004164;Pezzolo Valle Uzzone;26.569;2.111;2.206;2.206;14;14;14;17.039;5.792;0;0;43
004165;Pianfei;15.31;0.274;4.768;4.768;2;47;47;0.072;0.856;0;0;2
004162;Perlo;10.216;0.02;0.088;0.088;0;0;0;0.352;0.274;0;0;0
004166;Piasco;10.621;8.135;8.135;8.135;30;30;30;1.657;0;0;0;4
004167;Pietraporzio;55.186;2.709;2.897;3.149;14;16;32;1.301;1.749;0.317;0;0
004168;Piobesi d'Alba;4.035;5.056;7.138;7.138;7;36;36;5.849;12.54;0;0;22
004169;Piozzo;14.304;6.173;6.327;7.11;7;8;9;0.112;2.866;0;0;6
004170;Pocapaglia;17.477;0.046;2.729;2.729;7;158;158;0.423;1.671;0;0;8
004171;Polonghera;10.315;12.06;48.628;62.55;33;115;1133;0;0;0;0;0
004172;Pontechianale;94.923;0.573;1.859;1.9;9;89;96;14.198;0;0;0;67
004173;Pradleves;19.293;0.586;1.088;1.296;20;54;73;3.183;0;0;0;18
004174;Prazzo;52.385;3.062;3.085;3.728;8;8;63;7.993;7.225;0.653;0;30
004175;Priero;19.813;1.307;1.307;1.353;8;8;19;0.252;11.417;0;0;51
004176;Priocca;9.03;2.115;2.115;2.115;30;30;30;2.381;4.131;1.296;0;107
004177;Priola;27.375;4.416;4.88;6.426;16;37;346;0.457;4.186;4.157;0;24
004178;Prunetto;14.362;2.841;4.303;4.407;8;15;15;14.009;17.776;0;0;172
004179;Racconigi;48.056;13.653;13.653;18.299;409;409;1984;0;0;0;0;0
004180;Revello;52.47;6.491;25.285;37.953;93;491;1208;0;0.122;0;0;28
004182;Rittana;11.352;1.313;1.357;1.656;22;23;29;1.057;9.082;0.255;0;2
004183;Roaschia;23.837;0.478;0.566;0.566;12;18;18;0.541;0.092;0;0;5
004186;Roburent;29.81;0.704;0.953;0.99;0;4;4;2.009;5.139;0;0;25
004187;Roccabruna;24.299;10.655;10.659;10.729;129;129;149;0.416;0.938;0.074;0;3
004181;Rifreddo;6.844;5.786;8.854;19.901;16;24;357;0.175;0;0;0;0
004184;Roascio;6.421;18.112;18.112;18.112;11;11;11;10.855;3.769;0;0;6
004185;Robilante;25.004;1.856;3.495;4.763;63;297;679;0.888;2.164;0;0;15
004188;Rocca Cigliè;7.015;6.728;6.728;7.512;4;4;5;7.954;3.293;0;0;4
004189;Rocca de' Baldi;26.402;0;7.06;7.06;0;53;53;0;0;0;0;0
004190;Roccaforte Mondovì;84.611;2.442;2.483;2.932;73;78;91;1.897;7.759;0.486;0;11
004191;Roccasparvera;11.241;4.528;4.733;6.049;15;17;24;0.009;0.196;0.943;0;0
004192;Roccavione;19.149;6.773;7.238;11.933;12;13;140;0.397;2.214;2.136;0;1
004194;Roddi;9.353;15.054;16.401;20.25;47;91;98;3.592;3.539;0;0;20
004193;Rocchetta Belbo;4.508;3.217;5.035;6.167;26;31;37;12.378;11.757;0;0;29
004195;Roddino;10.585;1.247;1.247;1.247;2;2;2;13.009;29.041;0;0;110
004196;Rodello;8.9;0.854;0.854;0.854;5;5;5;2.708;18.528;0;0;69
004197;Rossana;19.917;1.22;1.23;1.23;34;34;34;3.58;0;0;0;6
004199;Sale delle Langhe;10.73;1.966;1.966;1.966;6;6;6;3.159;4.007;0;0;4
004200;Sale San Giovanni;8.046;0.771;0.771;0.771;1;1;1;6.624;1.976;0;0;5
004198;Ruffia;7.509;2.091;46.944;49.7;1;173;257;0;0;0;0;0
004201;Saliceto;24.325;16.3;16.3;16.3;154;154;154;10.816;2.742;0;0;26
004202;Salmour;12.696;5.198;8.837;8.837;3;5;5;0.677;0;0;0;2
004203;Saluzzo;79.931;2.706;14.868;19.86;187;788;1275;0.069;0.777;1.304;0;141
004204;Sambuco;46.139;0.923;1.491;1.649;4;24;24;0.087;2.651;0.022;0;0
004205;Sampeyre;98.907;2.697;2.719;3.055;67;71;120;13.606;1.858;0.337;0;52
004206;San Benedetto Belbo;4.845;9.474;9.474;9.474;8;8;8;14.778;20.433;0;0;16
004207;San Damiano Macra;54.262;0.667;0.774;1.585;3;14;108;8.315;1.071;2.328;0;4
004208;Sanfrè;15.504;0.013;0.206;0.419;1;6;31;0;0;0;0;0
004209;Sanfront;39.709;6.991;7.437;8.502;172;393;694;6.182;1.798;1.05;0;191
004210;San Michele Mondovì;18.112;4.991;7.067;10.38;23;50;83;0;1.513;0;0;64
004211;Sant'Albano Stura;27.454;7.11;10.144;10.192;28;36;36;0;0;0;0;0
004212;Santa Vittoria d'Alba;10.076;16.157;21.1;26.151;56;89;114;5.409;0.04;0;0;26
004213;Santo Stefano Belbo;27.184;10.778;12.128;17.922;431;587;2290;2.222;3.325;1.008;0;53
004214;Santo Stefano Roero;13.114;0.015;0.13;0.13;0;17;17;2.196;1.655;0;0;13
004215;Savigliano;110.788;13.798;24.904;35.74;2212;3225;17343;0;0;0;0;0
004216;Scagnello;9.388;3.281;4.346;4.644;4;11;12;0.831;5.102;0.543;0;1
004217;Scarnafigi;30.498;1.253;13.171;50.216;8;120;1702;0;0;0;0;0
004218;Serralunga d'Alba;8.391;4.433;5.792;5.804;8;13;13;17.96;3.659;0;0;38
004219;Serravalle Langhe;8.9;1.652;1.652;1.652;2;2;2;28.899;3.483;0;0;43
004220;Sinio;8.601;9.952;13.882;13.882;51;76;76;21.997;4.488;0;0;110
004221;Somano;11.685;8.139;8.139;8.139;13;13;13;14.129;11.468;0;0;26
004222;Sommariva del Bosco;35.415;0;8.406;20.915;0;72;2728;0;0;0;0;0
004223;Sommariva Perno;17.094;1.006;1.006;1.006;23;23;23;0;0.31;0;0;0
004224;Stroppo;28.096;1.05;1.05;1.175;0;0;2;2.605;7.279;1.548;0;1
004225;Tarantasca;12.202;0;0;0;0;0;0;0;0;0;0;0
004226;Torre Bormida;7.183;4.873;6.223;6.223;4;11;11;3.049;0.139;3.62;0;8
004227;Torre Mondovì;18.538;1.57;2.169;2.185;26;34;34;0.2;2.794;0;0;2
004228;Torre San Giorgio;5.39;0;2.115;2.579;0;2;2;0;0;0;0;0
004231;Trezzo Tinella;10.525;12.323;12.342;12.409;33;33;33;10.1;24.542;0;0;63
004232;Trinità;28.337;7.104;7.164;7.164;50;51;51;0.067;0;0;0;0
004233;Valdieri;153.313;1.791;3.165;3.325;26;249;261;1.646;1.081;0;0;182
004229;Torresina;3.823;12.739;12.739;12.739;0;0;0;11.248;15.878;0;0;5
004230;Treiso;9.596;1.188;1.219;1.251;5;5;5;6.722;26.042;0;0;83
004234;Valgrana;23.102;0.429;0.433;2.151;2;2;125;2.978;1.164;1.718;0;3
004235;Valloriate;16.956;0.613;0.655;0.926;14;17;30;0.554;0.189;0.218;0;1
004237;Venasca;20.394;5.252;5.31;6.227;236;278;645;0.721;6.826;1.118;0;67
004239;Vernante;62.056;9.027;9.2;9.424;181;364;519;0.351;0.482;1.118;0;46
004240;Verzuolo;26.132;3.157;13.814;29.225;73;225;543;1.921;5.201;0;0;32
004238;Verduno;7.157;18.122;18.122;18.43;9;9;9;12.743;2.361;0;0;10
004241;Vezza d'Alba;14.069;7.755;7.755;7.755;214;214;214;5.047;7.812;0.021;0;83
004242;Vicoforte;25.736;1.78;1.803;1.966;33;35;53;1.166;11.121;0.276;0;100
004243;Vignolo;7.942;6.296;7.794;8.965;31;38;150;0.277;4.155;1.07;0;3
004244;Villafalletto;29.732;8.015;8.015;12.216;227;227;404;0;0;0;0;0
004245;Villanova Mondovì;28.288;0.912;0.912;0.99;9;9;10;0.795;2.312;0.106;0;17
004246;Villanova Solaro;14.788;11.942;66.466;81.985;32;705;733;0;0;0;0;0
004247;Villar San Costanzo;19.496;3.006;3.052;3.585;49;56;80;5.991;0.462;0.539;0;36
004248;Vinadio;183.169;1.254;1.995;2.434;18;58;106;1.613;1.416;0;0;116
004249;Viola;21.067;0.494;0.774;0.897;6;9;14;1.063;3.346;0;0;3
005003;Antignano;10.861;18.589;18.589;20.652;5;5;6;0.304;2.044;0;0;2
004250;Vottignasco;8.09;37.046;37.046;37.763;251;251;254;0;0;0;0;0
005004;Aramengo;11.412;0.237;0.237;0.237;0;0;0;3.689;2.427;0.009;0;10
005001;Agliano Terme;15.448;3.729;3.729;6.072;11;11;25;2.059;6.182;0;0;28
005002;Albugnano;9.54;0;0;0;0;0;0;5.692;5.818;0;0;53
005005;Asti;151.315;11.899;12.728;19.393;869;1109;16043;0.572;0.215;0;0;89
005006;Azzano d'Asti;6.434;48.819;50.357;52.114;37;38;39;1.834;1.679;0;0;10
005007;Baldichieri d'Asti;5.063;7.17;14.912;21.094;50;70;93;0;0.237;0;0;0
005008;Belveglio;5.28;4.015;4.337;11.761;0;1;5;11.098;4.527;0;0;14
005009;Berzano di San Pietro;7.343;0;0;0;0;0;0;0.245;5.025;0;0;9
005010;Bruno;8.901;18.268;18.346;19.02;13;13;14;1.101;6.606;0;0;3
005011;Bubbio;15.762;8.743;8.743;8.743;77;77;77;0.45;10.659;4.105;0;27
005012;Buttigliera d'Asti;19.16;0.047;3.309;23.873;0;12;153;0.804;7.015;0;0;33
005013;Calamandrana;12.789;10.775;10.775;13.942;81;81;135;19.853;0.414;0;0;119
005014;Calliano Monferrato;17.293;6.627;6.662;6.743;10;10;10;2.377;3.308;0.116;0;11
005016;Camerano Casasco;6.888;0.174;2.12;2.178;0;0;0;0.769;0.523;0;0;2
005017;Canelli;23.433;7.033;7.033;15.043;458;458;4953;1.31;10.08;0;0;290
005018;Cantarana;9.73;0.442;9.64;9.866;2;112;113;2.364;1.994;0;0;19
005021;Cassinasco;11.839;0;0;0;0;0;0;10.567;21.319;0.084;0;96
005015;Calosso;15.715;1.769;1.833;1.871;18;19;19;2.17;7.184;1.171;0;57
005019;Capriglio;5.057;3.421;5.596;7.791;4;5;7;0;0.554;0;0;0
005020;Casorzo Monferrato;12.648;3.518;4.38;7.906;1;1;2;4.768;4.435;0;0;9
005022;Castagnole delle Lanze;21.565;13.568;19.17;24.475;41;218;385;5.5;0.311;0;0;53
005023;Castagnole Monferrato;17.337;9.385;9.385;9.909;44;44;73;1.084;2.492;0;0;18
018182;Voghera;63.441;0;0.005;0.547;0;0;1;0;0;0;0;0
018183;Volpara;3.773;0.053;0.053;0.053;0;0;0;13.199;28.916;5.062;0;13
018181;Vistarino;9.489;0.917;0.917;1.033;0;0;0;0;0;0;0;0
018184;Zavattarello;28.401;2.75;2.75;2.75;9;9;9;7.193;18.908;7.274;0;101
018185;Zeccone;5.529;0;0;0;0;0;0;0;0;0;0;0
018186;Zeme;24.583;0;0.016;0.016;0;0;0;0;0;0;0;0
018187;Zenevredo;5.404;0;0;0;0;0;0;0;23.538;0.759;0;22
018190;Zinasco;29.737;13.64;13.757;56.879;4;4;589;0;0;0;0;0
018188;Zerbo;6.361;42.053;45.795;100.079;0;0;445;0;0;0;0;0
018189;Zerbolò;37.191;56.635;56.635;78.264;86;86;373;0;0;0;0;0
018191;Cornale e Bastida;3.822;42.805;43.747;100.078;46;52;895;0;0;0;0;0
018192;Corteolona e Genzone;14.087;1.228;1.484;20.643;1;1;28;0;0;0;0;0
018193;Colli Verdi;41.247;0.085;0.085;0.085;0;0;0;10.624;15.126;1.794;0;84
019001;Acquanegra Cremonese;9.216;7.357;8.908;32.617;8;8;40;0;0;0;0;0
059017;Pontinia;112.102;1.23;6.04;62.513;323;745;5139;0.086;0;0;0;0
019002;Agnadello;12.077;0;0.704;0.704;0;69;69;0;0;0;0;0
059018;Ponza;10.24;0;0;0.811;0;0;119;42.188;0.225;2.51;0;722
059019;Priverno;56.981;4.252;7.134;7.531;473;666;698;0.509;0.63;0.416;0;112
019003;Annicco;19.198;0;0;0;0;0;0;0;0;0;0;0
019004;Azzanello;11.121;12.13;12.13;46.507;2;2;17;0;0;0;0;0
019005;Bagnolo Cremasco;10.388;0;0;0;0;0;0;0;0;0;0;0
059020;Prossedi;35.366;4.948;6.619;7.075;27;35;37;1.629;0.071;2.59;0;6
019006;Bonemerse;5.901;4.728;4.931;25.436;343;356;388;0;0;0;0;0
059024;Sabaudia;145.807;1.193;3.462;5.827;113;259;474;0.167;0.057;0;0;26
059025;San Felice Circeo;32.73;1.069;1.185;11.286;174;193;979;16.493;0;0;0;142
019007;Bordolano;8.142;11.263;20.695;21.174;7;7;7;0;0;0;0;0
059026;Santi Cosma e Damiano;31.61;10.838;20.898;21.933;55;159;188;11.462;0.101;1.047;0.386;457
059027;Sermoneta;44.996;0.496;2.669;5.705;17;168;268;5.732;0;0;0;189
019009;Calvatone;13.7;8.007;8.007;70.117;5;5;155;0;0;0;0;0
059028;Sezze;100.471;0.657;2.093;51.626;341;419;4379;8.138;0.176;0.247;0;1236
019010;Camisano;10.951;0;0.767;0.767;0;124;124;0;0;0;0;0
019011;Campagnola Cremasca;4.641;0;0;0;0;0;0;0;0;0;0;0
019012;Capergnanica;6.836;0;0;0;0;0;0;0;0;0;0;0
019029;Chieve;6.193;0;0;0;0;0;0;0;0;0;0;0
019013;Cappella Cantone;13.147;0;0.114;0.114;0;0;0;0;0;0;0;0
019014;Cappella de' Picenardi;14.198;8.297;13.206;13.206;27;314;314;0;0;0;0;0
059029;Sonnino;63.819;0.432;0.537;0.567;48;80;95;4.146;0.456;0.053;0;152
019015;Capralba;13.454;0;0.996;0.996;0;484;484;0;0;0;0;0
059030;Sperlonga;18.504;0.416;0.416;2.021;280;280;307;13.721;0;0.53;0;80
059031;Spigno Saturnia;38.74;0.07;0.07;0.07;0;0;0;29.649;0.054;2.969;0.454;326
019016;Casalbuttano ed Uniti;22.875;1.338;1.338;1.338;239;239;239;0;0;0;0;0
019017;Casale Cremasco-Vidolasco;9.193;20.342;24.997;45.556;6;9;1384;0;0;0;0;0
019018;Casaletto Ceredano;6.518;5.6;39.705;48.788;0;31;59;0;0;0;0;0
019030;Cicognolo;6.963;0;0.072;0.072;0;0;0;0;0;0;0;0
019019;Casaletto di Sopra;8.657;0;0;0;0;0;0;0;0;0;0;0
058010;Arsoli;12.199;0.959;0.959;0.959;2;2;2;0.057;1.795;0;0.32;66
019020;Casaletto Vaprio;5.402;0;0;0;0;0;0;0;0;0;0;0
019021;Casalmaggiore;64.53;12.638;12.638;100.048;307;307;15111;0;0;0;0;0
058011;Artena;54.806;0;0;0;0;0;0;6.091;0.133;0.619;0.303;456
019022;Casalmorano;12.282;0;0;0;0;0;0;0;0;0;0;0
058012;Bellegra;18.78;0;0;0;0;0;0;7.796;0.394;5.948;0.16;162
004006;Argentera;76.259;1.191;2.585;3.21;3;32;63;15.775;2.183;2.325;0;4
058013;Bracciano;143.06;0;0;0;0;0;0;0.029;0.329;0.201;0;6
019023;Casteldidone;10.789;0;0;85.967;0;0;571;0;0;0;0;0
058014;Camerata Nuova;40.493;0.257;0.257;0.257;21;21;21;0.168;0.059;0.03;0.027;0
058015;Campagnano di Roma;46.938;0;0;0;0;0;0;0.132;0.051;0;0.134;144
019024;Castel Gabbiano;5.788;18.296;29.371;32.671;0;2;3;0;0;0;0;0
019025;Castelleone;45.077;0;0;0;0;0;0;0;0;0;0;0
019026;Castelverde;30.891;0;0.026;0.026;0;0;0;0;0;0;0;0
019027;Castelvisconti;9.757;3.669;10.762;34.17;0;1;38;0;0;0;0;0
058016;Canale Monterano;36.917;0;0;0;0;0;0;8.571;1.774;1.95;0;515
059032;Terracina;136.916;5.11;8.399;33.288;812;1446;12676;7.234;0.058;0.066;0;786
019028;Cella Dati;18.918;0;7.342;81.113;0;9;523;0;0;0;0;0
059006;Cori;85.311;0.795;0.795;0.795;82;82;82;0.768;2.036;0.397;0;487
019031;Cingia de' Botti;14.36;0;1.894;88.196;0;2;1255;0;0;0;0;0
059007;Fondi;145.078;1.122;1.345;17.194;621;657;2249;2.06;0.089;0.337;0;125
019032;Corte de' Cortesi con Cignone;12.853;8.239;8.239;9.749;2;2;3;0;0;0;0;0
059008;Formia;74.428;0.598;1.052;1.317;121;349;460;16.91;0.046;0.445;0.028;1319
059009;Gaeta;29.558;0.951;1.194;1.357;36;42;48;5.985;0.129;0.531;0;527
019033;Corte de' Frati;20.175;13.323;19.053;19.147;1115;1119;1119;0;0;0;0;0
059010;Itri;101.119;0.097;0.137;0.168;37;54;70;2.52;0.076;0;0.151;740
019034;Credera Rubbiano;14.128;12.606;29.339;55.981;0;1;243;0;0;0;0;0
019035;Crema;34.51;6.146;9.968;19.418;37;228;4055;0;0;0;0;0
019036;Cremona;70.49;15.255;40.877;54.272;6862;31525;32695;0;0;0;0;0
019037;Cremosano;5.758;0;0;0;0;0;0;0;0;0;0;0
019054;Izano;6.192;0;0;0;0;0;0;0;0;0;0;0
019038;Crotta d'Adda;12.938;30.43;30.499;68.805;35;35;96;0;0;0;0;0
030054;Malborghetto Valbruna;124.209;1.216;8.466;11.619;63;113;806;6.279;5.117;0.181;0.067;66
019039;Cumignano sul Naviglio;6.774;0;0;0;0;0;0;0;0;0;0;0
030055;Manzano;31.043;19.476;23.248;40.193;231;460;1205;0;0;0;0;0
030056;Marano Lagunare;86.843;8.259;9.784;13.139;23;35;1930;0;0;0;0;0
019040;Derovere;9.991;19.948;29.497;40.046;33;142;154;0;0;0;0;0
030058;Mereto di Tomba;27.367;6.208;36.043;36.098;195;1080;1080;0;0;0;0;0
030059;Moggio Udinese;142.434;0.414;1.465;2.055;5;16;523;2.617;0.59;0.075;0.372;9
019041;Dovera;20.592;0;4.521;4.521;0;796;796;0;0;0;0;0
030065;Nimis;33.895;7.606;7.75;8.692;174;200;260;4.98;0.968;0;0;64
019043;Fiesco;8.194;0;0;0;0;0;0;0;0;0;0;0
030071;Paluzza;69.749;3.398;5.007;5.484;139;192;400;8.1;0.536;0.194;0.178;216
030072;Pasian di Prato;15.414;0.597;0.597;9.809;3;3;7;0;0;0;0;0
019044;Formigara;12.643;7.577;21.688;66.717;4;14;325;0;0;0;0;0
030073;Paularo;84.241;2.458;3.111;3.112;296;296;296;0.707;1.189;0.085;0.039;51
019045;Gabbioneta-Binanuova;15.707;12.905;40.46;50.251;42;624;632;0;0;0;0;0
019046;Gadesco-Pieve Delmona;17.101;0.719;0.719;0.719;210;210;210;0;0;0;0;0
030074;Pavia di Udine;34.336;8.032;8.032;52.432;413;413;4041;0;0;0;0;0
019047;Genivolta;18.573;5.066;5.066;39.746;4;4;109;0;0;0;0;0
030075;Pocenia;23.983;8.752;96.097;96.201;119;2589;2589;0;0;0;0;0
019048;Gerre de' Caprioli;7.72;54.573;57.085;100.052;40;41;1283;0;0;0;0;0
030076;Pontebba;99.659;0.571;5.299;7.515;78;153;960;8.538;4.189;0.526;1.799;107
030077;Porpetto;18.054;3.683;3.683;17.403;80;80;622;0;0;0;0;0
019049;Gombito;9.276;8.279;25.162;62.667;1;10;267;0;0;0;0;0
030078;Povoletto;38.413;10.96;11.257;24.885;37;43;1071;0.023;0.016;0.008;0;0
019050;Grontardo;12.258;1.501;6.918;6.918;1;839;839;0;0;0;0;0
030079;Pozzuolo del Friuli;34.37;22.345;29.7;29.767;269;1651;1660;0;0;0;0;0
059011;Latina;278.016;0.735;2.467;13.507;1246;2045;10277;0;0.036;0;0;63
019051;Grumello Cremonese ed Uniti;22.29;17.811;17.811;17.811;730;730;730;0;0;0;0;0
030081;Prato Carnico;81.72;1.985;3.454;3.459;9;11;11;2.014;0.393;0.016;0;137
019052;Gussola;25.226;45.616;45.616;100.052;15;15;2873;0;0;0;0;0
030082;Precenicco;27.228;40.917;97.117;97.929;147;1474;1479;0;0;0;0;0
019053;Isola Dovarese;9.465;18.479;18.479;65.209;8;8;838;0;0;0;0;0
030083;Premariacco;39.885;4.232;4.277;5.29;100;100;327;0.038;0.093;0.005;0;7
019055;Madignano;10.762;6.411;9.775;9.803;1;40;50;0;0;0;0;0
030086;Pulfero;48.676;3.351;3.521;3.957;83;114;260;4.037;0.238;0.031;0;37
019056;Malagnino;10.823;9.378;9.378;9.933;403;403;404;0;0;0;0;0
057060;Rivodutri;26.79;9.504;9.69;9.843;11;13;15;0.026;0.791;0;0.097;10
019057;Martignana di Po;14.92;46.756;46.756;100.047;4;4;1893;0;0;0;0;0
057061;Roccantica;16.723;0;0;0;0;0;0;0.221;0.915;0;0.245;5
019058;Monte Cremasco;2.343;0;0;0;0;0;0;0;0;0;0;0
057062;Rocca Sinibalda;49.555;0;0;0;0;0;0;0.059;4.187;0.155;0.198;17
059012;Lenola;45.242;0;0;0;0;0;0;14.281;0;0.033;0;87
059013;Maenza;42.133;0.19;0.19;0.19;5;5;5;1.619;0.071;0.152;0;22
019059;Montodine;11.394;23.618;35.589;65.692;37;172;367;0;0;0;0;0
057064;Scandriglia;63.394;0;0;0;0;0;0;0.432;2.54;1.519;0.355;133
030052;Magnano in Riviera;8.34;20.456;22.098;23.285;55;108;109;1.055;1.007;0.036;0;10
030053;Majano;28.275;18.232;20.941;32.294;86;117;204;0;0;0;0;0
030057;Martignacco;26.677;1.807;1.807;9.581;30;30;1111;0;0;0.03;0;0
030060;Moimacco;11.766;9.23;12.409;38.288;2;2;113;0;0;0;0;0
057070;Torri in Sabina;26.305;0;0;0;0;0;0;0.049;4.676;0;0.236;186
030061;Montenars;20.591;1.53;1.593;1.593;1;1;1;0.35;0.112;0.053;0;1
030062;Mortegliano;30.053;11.916;46.651;46.671;344;3488;3489;0;0;0;0;0
030063;Moruzzo;17.776;2.132;2.132;13.569;7;7;37;0;0;0.006;0;0
030064;Muzzana del Turgnano;24.291;8.328;98.407;99.35;3;2640;2641;0;0;0;0;0
030066;Osoppo;22.404;36.534;38.453;51.044;13;13;15;1.486;0.286;0;0;63
030067;Ovaro;57.904;4.371;8.906;9.26;37;37;50;6.996;0.896;4.409;0;77
030068;Pagnacco;14.933;7.781;7.882;7.935;44;60;65;0;0;0.054;0;0
030069;Palazzolo dello Stella;34.55;26.605;96.423;99.187;233;2972;3005;0;0;0;0;0
030070;Palmanova;13.277;4.655;9.656;52.467;611;724;2642;0;0;0;0;0
030080;Pradamano;15.909;15.576;15.601;55.145;63;63;2359;0;0;0;0;0
004008;Bagnasco;30.949;2.246;4.94;8.937;14;219;477;0.798;0.039;1.312;0;3
057063;Salisano;17.596;0;0;0;0;0;0;0.921;3.103;0.017;0.188;32
030084;Preone;22.473;5.349;5.527;5.887;0;0;0;4.975;0;0;0;0
030085;Prepotto;33.234;4.267;4.568;6.927;32;34;77;0.815;0.147;0.003;0.012;1
030087;Ragogna;22.027;18.296;18.296;18.296;1;1;1;1.307;0.74;0.082;0;2
057058;Pozzaglia Sabina;24.979;0;0;0;0;0;0;0;6.63;0.388;0.28;50
057059;Rieti;206.455;21.287;21.989;22.329;3257;6228;9367;0.399;0.439;0.068;0.321;69
057065;Selci;7.728;0;0;0;0;0;0;0;3.804;0;0.026;17
058004;Allumiere;92.16;0.008;0.088;0.2;0;0;0;2.994;0.094;4.556;0;386
057066;Stimigliano;11.384;28.171;28.443;29.085;1;2;28;0.026;2.987;0.018;0.053;20
057067;Tarano;19.98;0;0;0;0;0;0;0.31;0.661;0;0.931;65
057068;Toffia;11.329;0;0;0;0;0;0;0;3.619;0;1.606;33
057069;Torricella in Sabina;25.791;0;0;0;0;0;0;0.027;1.09;0.047;0.174;10
057071;Turania;8.51;0.012;0.223;0.482;0;0;0;0;3.878;0;0.094;0
058005;Anguillara Sabazia;75.273;0;0;0;0;0;0;0.065;0.437;0;0.009;228
057072;Vacone;9.185;0;0;0;0;0;0;0.174;0.229;0;0.218;1
058007;Anzio;43.86;0;0;0;0;0;0;0.757;0.036;0.005;0;145
057073;Varco Sabino;24.753;0;0;0;0;0;0;0.222;5.333;1.147;0.562;22
058001;Affile;15.112;0;0;0;0;0;0;0.046;4.096;0.119;1.019;37
059014;Minturno;42.307;4.938;9.332;9.552;191;354;389;0.747;0.286;2.742;1.87;118
058002;Agosta;9.5;17.105;17.105;17.105;48;48;48;0;2.253;0;0.116;13
058003;Albano Laziale;23.818;0.844;0.844;0.844;134;134;134;0.109;1.1;0;0.013;9
058006;Anticoli Corrado;16.216;9.336;9.719;9.719;8;8;8;0.074;1.351;0.019;0.487;38
058008;Arcinazzo Romano;28.311;0;0;0;0;0;0;4.507;2.183;0.025;0.424;7
058009;Ariccia;18.59;3.808;3.808;3.808;533;533;533;0.855;0.161;0;0;478
058017;Canterano;7.373;0.57;0.57;0.57;0;0;0;0.122;2.916;0;1.383;57
058018;Capena;29.507;24.309;28.539;29.522;76;121;150;0.071;1.173;0.136;0.159;295
059015;Monte San Biagio;65.219;0.342;0.823;7.873;20;45;137;10.42;0.012;0.008;0;1090
058019;Capranica Prenestina;20.362;0;0;0;0;0;0;8.094;0.133;0;0.182;8
059016;Norma;31.221;0.086;0.086;0.086;0;0;0;9.365;0.243;1.003;0;110
059021;Roccagorga;24.493;0.743;0.743;0.743;10;10;10;0.768;0.167;0.486;0;8
059022;Rocca Massima;18.166;0;0;0;0;0;0;8.731;0.22;0.116;0;27
059023;Roccasecca dei Volsci;23.504;4.195;9.713;10.466;16;36;39;2.259;0.047;1.008;0;12
059033;Ventotene;1.831;0;0;0;0;0;0;35.227;1.202;0;0;98
060001;Acquafondata;25.317;0;0;0;0;0;0;3.176;0;0;0;2
060002;Acuto;13.466;0;0;0;0;0;0;16.137;0;0.193;1.448;89
064100;Sirignano;6.187;1.632;2.101;3.814;76;94;582;45.159;24.503;7.694;0;14
064105;Summonte;12.368;1.148;1.148;1.148;31;31;31;41.688;2.11;6.363;0.671;297
064101;Solofra;22.214;1.634;4.934;5.051;1047;2708;2947;21.464;39.795;23.521;9.282;2445
064109;Torella dei Lombardi;26.569;0.602;0.915;1.144;2;4;5;3.643;2.473;7.987;2.582;32
060003;Alatri;96.957;0.681;0.903;1.23;200;242;303;6.743;0.017;0.714;0.267;800
060004;Alvito;51.713;0.267;0.267;0.267;7;7;7;17.986;0.025;1.243;1.557;338
060005;Amaseno;77.726;2.381;2.724;2.969;39;49;69;0.849;0.077;0.165;0;11
060006;Anagni;112.814;1.338;1.338;2.15;86;86;386;3.187;1.117;0.623;0.429;1000
060007;Aquino;19.237;0;0.598;0.598;0;113;113;1.414;0;0;0;11
060008;Arce;39.522;1.303;2.788;2.788;14;30;30;2.68;0.073;0.42;0.124;451
060009;Arnara;12.288;0;0;0;0;0;0;2.246;0.716;7.959;2.181;42
064098;Senerchia;32.025;0.771;1.049;1.112;9;12;13;13.552;11.585;36.322;9.358;108
064099;Serino;52.499;1.078;1.566;1.735;157;259;328;37.814;0.177;1.128;0.002;1168
064104;Sturno;16.673;1.26;1.871;2.099;2;3;3;2.519;0.618;2.963;2.831;38
064102;Sorbo Serpico;8.103;0.025;0.025;0.025;0;0;0;22.263;0;0.494;0.617;25
064114;Vallata;47.914;0.472;0.772;0.843;1;1;1;10.028;24.653;21.511;3.35;170
064103;Sperone;4.697;0.575;0.852;5.727;0;1;148;41.026;16.883;4.854;1.022;9
064106;Taurano;9.765;0;0;0;0;0;0;34.757;25.786;3.564;3.533;119
064107;Taurasi;14.412;3.22;6.044;6.148;7;12;13;1.79;2.845;11.13;1.409;39
064108;Teora;23.206;1.064;1.271;1.767;6;7;9;9.894;0;0.073;0.013;41
064110;Torre Le Nocelle;10.042;1.285;1.743;2.012;3;5;5;1.085;1.066;4.561;0;5
064111;Torrioni;4.22;0.592;0.592;0.592;0;0;0;5.024;0;3.223;0;8
064112;Trevico;10.421;0;0;0;0;0;0;6.852;13.674;8.713;0.979;54
064115;Vallesaccarda;14.705;0;0;0;0;0;0;10.513;9.915;0.911;7.283;29
064113;Tufo;5.964;4.393;6.724;6.925;49;55;70;6.003;2.85;6.137;0.436;33
064116;Venticano;14.157;2.55;3.56;3.645;6;9;9;0.226;0.381;3.581;0.064;2
064117;Villamaina;9.037;0.675;1.461;1.782;2;4;4;5.157;3.973;15.149;2.833;28
064119;Volturara Irpina;32.418;2.582;2.585;2.585;11;11;11;33.117;0.549;0;0.04;509
064120;Zungoli;19.214;0;0;0;0;0;0;8.312;15.957;10.893;3.086;80
064121;Montoro;40.141;1.891;6.126;6.599;1006;3069;3295;12.825;26.873;13.597;27.528;1818
065001;Acerno;72.497;0.004;0.004;0.004;0;0;0;0.623;70.308;13.096;13.376;100
065004;Alfano;4.822;1.41;2.053;2.26;0;0;0;1.929;11.24;17.482;42.493;349
064118;Villanova del Battista;19.999;0.385;0.655;0.735;3;6;6;8.04;13.531;0.165;3.215;101
065002;Agropoli;32.789;2.864;5.005;5.511;1090;1457;1708;0.964;2.91;11.949;26.5;882
065003;Albanella;40.23;2.068;2.821;2.978;42;61;71;0.005;6.537;25.834;43.766;163
065006;Amalfi;5.714;1.12;1.12;1.12;507;507;507;15.226;73.416;5.198;5.53;4170
065007;Angri;13.765;1.155;7.81;12.699;311;482;778;5.194;6.952;1.627;2.79;279
065008;Aquara;32.734;2.172;2.679;2.71;5;7;8;3.067;6.269;31.359;12.473;40
065009;Ascea;37.446;3.189;10.794;11.729;276;1238;1360;2.914;4.948;14.004;30.636;319
065010;Atena Lucana;26.005;1.454;8.702;10.486;6;52;76;0.023;1.088;11.479;23.784;13
065011;Atrani;0.122;15.574;15.574;15.574;198;198;198;80.328;10.656;4.098;4.098;744
065012;Auletta;35.683;2.121;2.915;2.929;19;27;27;6.025;8.73;28.941;7.141;135
065013;Baronissi;17.93;0.284;3.24;3.285;70;552;558;1.009;51.629;15.622;19.342;647
065005;Altavilla Silentina;52.482;7.088;9.316;10.266;216;358;403;0.503;6.759;21.264;52.008;194
070083;Ururi;31.649;1.33;5.062;6.67;1;11;13;2.253;21.584;0;11.707;188
070084;Vinchiaturo;35.478;0.203;4.716;4.871;2;89;93;0.288;0.516;0.719;1.184;5
070073;Sant'Angelo Limosano;16.869;0.03;3.059;3.065;0;2;2;17.648;39.487;0;3.456;110
070074;Sant'Elia a Pianisi;68.245;0.747;5.526;5.561;0;12;12;4.144;17.354;0;1.109;104
070075;Sepino;61.371;0.882;0.885;0.885;2;2;2;8.524;1.437;10.339;2.935;99
070076;Spinete;17.834;0.258;4.34;4.346;0;28;28;8.091;0.959;0;0.959;8
070077;Tavenna;21.97;0.637;3.978;4.083;0;3;3;7.497;6.363;0;12.066;6
070078;Termoli;55.943;10.412;26.157;28.3;223;1115;1210;0;1.271;0;0.404;39
070079;Torella del Sannio;16.732;0;3.102;3.102;0;5;5;8.086;15.216;0;1.775;50
070080;Toro;24.058;2.585;5.508;6.264;10;20;22;7.523;40.668;0;7.694;162
070081;Trivento;73.698;1.676;4.388;4.708;15;94;99;5.364;7.39;0;9.538;275
070082;Tufara;35.516;2.382;5.612;7.076;2;7;9;10.179;43.442;0;2.703;179
071001;Accadia;30.736;0.059;0.166;0.182;0;0;0;12.533;53.65;33.775;0;308
071004;Apricena;172.502;3.372;5.833;5.913;585;751;934;0.038;1.856;9.728;0;2
071005;Ascoli Satriano;336.67;6.818;9.02;9.715;30;32;33;0.488;0.961;27.522;0;882
071006;Biccari;106.645;3.523;9.614;9.731;55;76;77;1.778;11.078;48.859;0;208
071007;Bovino;84.93;3.921;5.251;6.543;6;9;12;13.343;33.366;32.849;0;2910
071008;Cagnano Varano;166.818;1.463;2.77;2.77;31;34;34;0.161;5.522;22.381;0;81
071009;Candela;96.808;4.378;6.952;7.461;26;38;42;1.348;6.086;22.21;0;571
071010;Carapelle;25.002;24.81;41.305;51.52;806;1542;2248;0;0;0;0;0
071011;Carlantino;34.711;11.604;13.486;13.69;1;1;1;5.707;10.121;0;5.16;248
071012;Carpino;80.049;2.267;4.189;4.815;32;41;46;0.092;4.777;30.498;0;122
071013;Casalnuovo Monterotaro;48.361;3.453;6.245;6.495;1;6;6;5.994;8.904;0;1.805;98
071014;Casalvecchio di Puglia;31.932;0.016;2.421;2.424;0;9;9;1.024;2.646;0;1.168;5
071015;Castelluccio dei Sauri;51.474;10.852;14.59;15.973;13;17;19;0;0;49.415;0;0
071016;Castelluccio Valmaggiore;26.785;0.172;4.013;4.013;0;2;2;2.912;31.189;61.071;0;1066
071017;Castelnuovo della Daunia;61.486;3.059;5.489;6.242;2;4;4;1.085;4.261;23.893;0.255;38
071018;Celenza Valfortore;65.417;5.71;8.232;8.438;1;2;2;2.914;5.91;0;2.447;212
071019;Celle di San Vito;18.413;0;0.114;0.114;0;0;0;7.169;74.952;17.879;0;143
071020;Cerignola;593.918;3.365;9.612;13.557;1108;2912;2984;0;0.017;3.451;0;0
071021;Chieuti;61.517;4.345;11.954;13.12;5;17;18;0.083;1.889;0;1.346;84
071022;Deliceto;75.852;0.701;2.078;2.761;3;8;10;6.576;27.711;50.744;0;2027
071023;Faeto;26.098;0;0;0;0;0;0;6.667;52.268;23.186;0;590
018109;Parona;9.301;0;0;0;0;0;0;0;0;0;0;0
018110;Pavia;63.21;19.03;19.033;21.652;1524;1524;4752;0;0;0;0;0
018111;Pietra de' Giorgi;11.201;1.17;1.357;1.411;6;7;8;28.506;19.052;5.053;0;84
018112;Pieve Albignola;18.153;13.943;13.992;63.686;2;2;81;0;0;0;0;0
018113;Pieve del Cairo;25.106;16.641;22.445;62.168;53;183;2108;0;0;0;0;0
018114;Pieve Porto Morone;16.396;30.495;31.624;100.079;9;10;2788;0;0;0;0;0
018115;Pinarolo Po;11.307;0;5.528;43.929;0;125;193;0;0;0;0;0
018123;Robbio;40.541;0.442;3.138;3.14;1;5;5;0;0;0;0;0
018116;Pizzale;7.09;0;1.086;8.886;0;0;2;0;0;0;0;0
018117;Ponte Nizza;22.957;1.664;4.674;4.674;10;43;43;7.945;5.284;0.17;0;14
018135;San Genesio ed Uniti;9.269;0;0;0;0;0;0;0;0;0;0;0
018118;Portalbera;4.48;36.205;58.616;77.522;70;813;1393;0;0;0;0;0
018119;Rea;2.16;37.407;56.898;100.046;2;5;432;0;0;0;0;0
018120;Redavalle;5.415;0;0;0;0;0;0;0.572;6.131;0.055;0;2
018136;San Giorgio di Lomellina;25.452;3.454;7.901;8.322;1;2;2;0;0;0;0;0
018121;Retorbido;11.668;2.254;2.974;3.402;23;23;23;2.485;5.545;1.337;0;7
018122;Rivanazzano Terme;28.916;1.829;3.199;3.894;11;22;103;1.076;1.746;0.377;0;7
018124;Robecco Pavese;6.892;0;0;0;0;0;0;0;0;0;0;0
018137;San Martino Siccomario;14.291;30.32;30.775;91.449;29;66;5730;0;0;0;0;0
018138;Sannazzaro de' Burgondi;23.332;15.742;40.309;55.906;2;704;1171;0;0;0;0;0
018125;Rocca de' Giorgi;10.497;0;0;0;0;0;0;21.835;17.195;1.286;0;11
018139;Santa Cristina e Bissone;22.421;0.027;2.119;40.364;0;0;28;0;0;0;0;0
018126;Rocca Susella;12.764;0.024;0.024;0.024;0;0;0;5.038;14.447;8.696;0;17
028093;Trebaseleghe;30.656;5.735;6.648;8.025;536;578;653;0;0;0;0;0
018127;Rognano;9.365;0;0.011;0.011;0;0;0;0;0;0;0;0
018128;Romagnese;29.717;1.383;1.383;1.494;36;36;53;3.866;12.673;16.973;0;55
018129;Roncaro;5.051;0.099;0.099;0.099;0;0;0;0;0;0;0;0
018130;Rosasco;19.552;17.87;23.062;44.819;6;7;227;0;0;0;0;0
028094;Tribano;19.226;1.082;1.082;23.442;9;9;465;0;0;0;0;0
018131;Rovescala;8.413;0.166;0.166;0.166;0;0;0;2.128;16.415;0.071;0;7
071002;Alberona;49.747;0.888;1.638;1.638;3;4;4;6.157;39.355;38.034;0;775
028096;Veggiano;16.412;26.864;43.56;93.663;262;977;3919;0;0;0;0;0
018133;San Cipriano Po;8.504;63.993;95.579;97.025;35;478;481;0;0;0;0;0
028099;Vigodarzere;19.916;8.998;9.008;65.169;759;759;10267;0;0;0;0;0
028100;Vigonza;33.323;6.806;8.229;17.943;1135;1363;3541;0;0;0;0;0
018134;San Damiano al Colle;6.431;0.855;0.855;0.855;0;0;0;9.174;10.823;0.016;0;11
018140;Santa Giuletta;11.591;0;0;0;0;0;0;8.248;6.522;4.046;0;29
018141;Sant'Alessio con Vialone;6.557;1.922;3.828;6.573;2;3;6;0;0;0;0;0
018142;Santa Margherita di Staffora;36.901;1.786;2.203;2.331;0;0;9;5.282;7.585;4.035;0;45
028095;Urbana;17.022;0;0;0;0;0;0;0;0;0;0;0
028097;Vescovana;22.247;2.666;2.666;8.006;10;10;51;0;0;0;0;0
028098;Vighizzolo d'Este;17.083;6.463;33.999;79.974;106;171;844;0;0;0;0;0
028101;Villa del Conte;17.348;3.424;3.839;4.698;248;322;383;0;0;0;0;0
028102;Villa Estense;16.006;0.887;0.887;10.846;7;7;80;0;0;0;0;0
028103;Villafranca Padovana;23.955;0;0;7.426;0;0;379;0;0;0;0;0
028104;Villanova di Camposampiero;12.233;1.03;1.144;5.706;10;11;383;0;0;0;0;0
071003;Anzano di Puglia;11.014;0;0;0;0;0;0;16.715;8.689;10.251;2.669;22
028105;Vo';20.366;15.757;16.601;17.289;426;468;515;0.133;0.309;1.635;0.103;7
028106;Due Carrare;26.565;9.667;25.086;43.855;565;1865;2933;0;0;0;0;0
028107;Borgo Veneto;39.171;0;0;44.007;0;0;2052;0;0;0;0;0
029001;Adria;113.388;1.862;1.862;99.939;15;15;20233;0;0;0;0;0
029002;Ariano nel Polesine;81.342;13.534;34.783;99.83;441;902;4554;0;0;0;0;0
029003;Arquà Polesine;19.928;0;0;99.965;0;0;2811;0;0;0;0;0
029004;Badia Polesine;44.534;4.381;4.619;81.818;119;122;9184;0;0;0;0;0
029005;Bagnolo di Po;21.358;4.752;5.01;99.986;15;16;1374;0;0;0;0;0
029006;Bergantino;17.967;19.803;26.365;100.006;66;85;2626;0;0;0;0;0
029007;Bosaro;6.123;0;0;99.951;0;0;1508;0;0;0;0;0
029008;Calto;10.847;20.254;20.254;100;13;13;819;0;0;0;0;0
029009;Canaro;32.647;7.394;7.394;99.969;9;9;2853;0;0;0;0;0
029010;Canda;14.374;0;0;99.986;0;0;1007;0;0;0;0;0
029011;Castelguglielmo;22.129;0;0;99.982;0;0;1646;0;0;0;0;0
029013;Castelnovo Bariano;37.913;5.906;8.82;100;52;87;2931;0;0;0;0;0
029015;Ceregnano;30.17;0;0;99.95;0;0;3691;0;0;0;0;0
029022;Fiesso Umbertiano;27.54;0;0;99.975;0;0;4275;0;0;0;0;0
029012;Castelmassa;11.841;7.694;7.812;99.992;20;20;4291;0;0;0;0;0
029014;Ceneselli;28.618;7.275;11.185;99.993;41;58;1813;0;0;0;0;0
029017;Corbola;18.547;14.8;55.572;99.93;50;1173;2514;0;0;0;0;0
029018;Costa di Rovigo;16.065;0;0;99.969;0;0;2683;0;0;0;0;0
029019;Crespino;31.855;5.99;5.99;99.953;13;13;1970;0;0;0;0;0
029021;Ficarolo;18.074;23.774;24.123;99.989;38;39;2609;0;0;0;0;0
030116;Tarcento;35.42;4.701;4.96;5.198;280;314;362;4.486;0.446;0.172;0.175;23
030123;Torviscosa;48.622;8.65;11.999;59.181;5;5;2071;0;0;0;0;0
030117;Tarvisio;208.354;0.392;1.744;2.12;61;194;372;2.25;0.301;0.222;0.038;57
030118;Tavagnacco;15.344;6.426;6.863;11.399;394;440;687;0;0;0;0;0
030120;Terzo d'Aquileia;28.36;20.384;26.421;92.391;92;132;1316;0;0;0;0;0
030121;Tolmezzo;64.623;8.834;11.584;15.672;150;195;866;5.852;0.992;1.498;0.039;104
030122;Torreano;34.99;3.361;3.501;11.489;134;134;1124;2.158;0.117;0.42;0;21
030126;Treppo Grande;11.322;13.929;14.388;15.2;16;16;17;0;0.018;0.115;0;0
030127;Tricesimo;17.683;5.406;5.78;7.041;43;44;240;0;0.062;0.153;0.187;0
030128;Trivignano Udinese;18.46;13.803;17.259;82.172;150;152;1682;0;0;0;0;0
030132;Verzegnis;39.331;6.949;7.516;7.994;15;15;39;5.077;0.028;0;0;0
030133;Villa Santina;12.995;17.922;21.639;32.99;40;112;509;16.345;1.2;0.1;1.216;73
030138;Campolongo Tapogliano;11.019;16.934;23.187;99.764;0;0;1210;0;0;0;0;0
030124;Trasaghis;77.849;11.504;11.504;15.001;152;152;412;8.903;0.122;0;0;72
030129;Udine;57.192;10.173;10.358;15.166;7762;7788;8456;0;0;0;0;0
030135;Visco;3.539;5.764;6.047;87.934;64;64;712;0;0;0;0;0
030188;Rivignano Teor;47.754;21.703;86.648;92.285;308;4947;5021;0;0;0;0;0
030189;Sappada;62.063;1.6;12.259;12.304;46;46;46;0.056;0.435;0;0;0
030136;Zuglio;18.211;3.734;3.866;4.453;17;20;44;0.89;0.912;0.011;0.011;19
030190;Fiumicello Villa Vicentina;28.799;28.31;35.404;58.467;187;291;2276;0;0;0;0;0
030137;Forgaria nel Friuli;28.939;19.562;19.562;23.045;14;14;117;6.275;0.463;0.003;0.048;45
030191;Treppo Ligosullo;35.584;2.448;2.448;2.566;62;62;79;0.093;3.055;4.235;0;197
031001;Capriva del Friuli;6.32;4.984;7.089;47.025;3;4;1572;0;0.111;0.127;0;0
031002;Cormons;35.085;8.722;11.387;23.34;44;55;262;0.288;0.678;0.527;0;5
031003;Doberdò del Lago-Doberdob;27.052;0;0;0.007;0;0;0;0.277;0.015;0;0;0
031004;Dolegna del Collio;12.876;7.145;7.875;18.896;18;22;87;0.039;3.813;0.28;0;7
031005;Farra d'Isonzo;10.251;30.836;31.929;35.236;247;290;347;0;0;0;0;0
031007;Gorizia;41.268;12.731;14.668;16.642;1318;2053;2288;0.01;0.33;0.543;0;5
031006;Fogliano Redipuglia;7.924;5.111;5.174;27.549;325;325;1984;0;0;0;0;0
031008;Gradisca d'Isonzo;11.22;37.335;39.189;40.232;2681;3000;3225;0;0;0;0;0
031009;Grado;119.202;27.725;37.103;45.886;2627;4356;8364;0;0;0;0;0
031010;Mariano del Friuli;8.591;3.294;3.934;49.796;5;102;1320;0;0;0;0;0
031011;Medea;7.359;13.874;19.541;70.404;5;13;249;0;0;0.014;0;0
015118;Legnano;17.697;0.588;0.876;6.08;308;420;4001;0;0;0;0;0
015097;Cusago;11.459;0;0;0;0;0;0;0;0;0;0;0
015130;Magenta;21.992;8.494;8.494;8.494;7;7;7;0;0;0;0;0
076004;Anzi;77.095;0;0;0;0;0;0;4.993;11.887;1.524;0.643;313
015098;Cusano Milanino;3.082;0.714;5.711;28.034;183;855;4887;0;0;0;0;0
015158;Noviglio;15.763;0;0;0;0;0;0;0;0;0;0;0
015159;Opera;7.617;0.263;0.263;0.263;3;3;3;0;0;0;0;0
015099;Dairago;5.635;0;0;0;0;0;0;0;0;0;0;0
076005;Armento;58.976;1.741;1.743;1.743;2;2;2;0.785;3.591;2.493;0.677;85
076006;Atella;88.462;2.164;4.096;4.21;4;14;14;1.758;0;0;0;36
015101;Dresano;3.479;0;0;0;0;0;0;0;0;0;0;0
015103;Gaggiano;26.265;0;0;0;0;0;0;0;0;0;0;0
015105;Garbagnate Milanese;8.916;1.178;2.142;9.859;176;593;2264;0;0;0;0;0
076007;Avigliano;85.48;0;0;0;0;0;0;1.208;5.722;5.537;8.651;1459
015106;Gessate;7.754;1.29;8.318;12.703;66;898;1849;0;0;0;0;0
076008;Balvano;42.152;0;0;0;0;0;0;4.811;2.631;34.067;2.204;69
015108;Gorgonzola;10.58;2.023;10.718;33.733;97;965;6905;0;0;0;0;0
076009;Banzi;83.055;0;0;0;0;0;0;1.647;0.354;1.18;1.444;3
015110;Grezzago;2.463;0;2.883;2.883;0;102;102;0;0;0;0;0
015164;Ossona;5.983;0;0;0;0;0;0;0;0;0;0;0
015112;Gudo Visconti;6.101;0;0;0;0;0;0;0;0;0;0;0
075087;Trepuzzi;23.743;0.691;1.15;2.957;0;10;24;0.19;0.99;4.069;0;96
015113;Inveruno;12.135;0;0;0;0;0;0;0;0;0;0;0
075088;Tricase;43.329;1.177;2.338;3.619;37;197;458;0.312;0.478;0;0;62
015114;Inzago;12.161;0.633;1.464;1.497;8;19;19;0;0;0;0;0
015115;Lacchiarella;24.04;0;0;0;0;0;0;0;0;0;0;0
015116;Lainate;12.871;19.929;33.797;34.659;2249;6580;6586;0;0;0;0;0
015122;Liscate;9.407;0;0.372;9.078;0;0;80;0;0;0;0;0
015125;Locate di Triulzi;12.61;2.633;4.433;5.313;21;76;76;0;0;0;0;0
015131;Magnago;11.23;0;0;0;0;0;0;0;0;0;0;0
075089;Tuglie;8.501;0.035;0.165;0.459;0;0;1;0;0;0;0;0
015134;Marcallo con Casone;8.208;0;0;0;0;0;0;0;0;0;0;0
075090;Ugento;100.41;1.759;5.461;7.017;130;217;255;0.041;0.664;0.756;0;53
015136;Masate;4.387;3.966;5.471;5.63;79;83;85;0;0;0;0;0
015139;Mediglia;21.954;1.139;3.22;7.985;2;7;30;0;0;0;0;0
075091;Uggiano la Chiesa;14.458;2.158;5.672;6.993;5;437;531;0.041;0.429;0;0;42
015140;Melegnano;4.999;3.101;7.101;18.724;365;428;1023;0;0;0;0;0
075092;Veglie;62.308;0.722;2.136;3.6;28;60;122;0;0;0;0;0
015142;Melzo;9.82;3.646;24.43;50.173;149;1560;6716;0;0;0;0;0
030130;Varmo;34.919;26.103;27.773;65.03;126;343;1626;0;0;0;0;0
075093;Vernole;61.195;0.48;1.595;2.302;107;172;223;0.013;0.09;5.051;0;47
015144;Mesero;5.64;0;0;0;0;0;0;0;0;0;0;0
015146;Milano;181.845;2.544;6.79;12.215;29735;59626;110330;0;0;0;0;0
075094;Zollino;9.954;0.683;1.859;3.205;9;19;35;0;0;0;0;0
015150;Morimondo;26.023;3.324;8.258;8.285;1;6;6;0;0;0;0;0
075095;San Cassiano;8.776;0.946;2.085;2.906;1;4;9;0;0;0;0;0
015151;Motta Visconti;10.513;28.926;28.926;28.926;0;0;0;0;0;0;0;0
075096;Castro;4.571;1.488;1.488;1.488;10;10;10;0.044;0.197;0;0;16
075097;Porto Cesareo;35.161;2.48;4.4;6.192;18;31;34;0.506;1.334;0;0;23
015154;Nerviano;13.243;5.686;7.551;31.836;506;664;7892;0;0;0;0;0
015155;Nosate;4.876;39.828;39.828;45.016;11;11;13;0;0;0;0;0
075098;Presicce-Acquarica;43.059;0.713;2.315;3.265;12;20;197;0.014;0.072;0;0;84
076001;Abriola;97.189;0;0;0;0;0;0;4.811;3.403;0.307;1.064;218
015157;Novate Milanese;5.462;1.373;5.749;8.056;114;1600;2222;0;0;0;0;0
015165;Ozzero;10.951;0.411;0.447;0.895;1;1;1;0;0;0;0;0
076002;Acerenza;77.642;2.872;3.703;3.859;7;8;8;6.126;6.417;12.944;1.426;109
076003;Albano di Lucania;55.875;1.274;1.319;1.319;2;3;3;14.939;2.106;9.99;3.408;94
015166;Paderno Dugnano;14.114;0.425;2.211;24.578;105;754;15514;0;0;0;0;0
076010;Baragiano;29.603;0;0;0;0;0;0;0.432;2.209;10.141;7.655;22
076011;Barile;24.749;0.877;1.055;1.123;1;1;1;0.493;0;0;0;0
076012;Bella;99.726;0;0;0;0;0;0;2.27;24.713;25.959;5.526;1660
076013;Brienza;82.933;0;0;0;0;0;0;0.657;1.584;6.216;6.936;120
076014;Brindisi Montagna;59.878;0.858;0.95;1.01;2;2;2;5.16;10.478;2.503;0.58;29
076015;Calvello;106.394;0;0;0;0;0;0;0.696;6.498;1.35;0.628;64
076016;Calvera;16.006;0;0;0;0;0;0;0.125;2.568;4.192;1.243;6
076017;Campomaggiore;12.474;2.189;2.365;2.397;0;0;0;6.037;13.308;11.496;0.722;104
076018;Cancellara;42.498;0;0;0;0;0;0;0.216;3.508;14.73;19.806;61
076019;Carbone;48.529;0;0;0;0;0;0;0.169;2.073;0.604;0.031;218
030131;Venzone;54.551;12.3;14.473;18.848;175;315;771;9.439;1.617;0.093;0.148;66
052022;Poggibonsi;70.592;4.298;7.128;13.8;1104;2851;11315;1.928;8.348;40.085;26.506;1029
052023;Radda in Chianti;80.415;0.929;1.106;2.886;5;7;41;2.287;10.282;24.459;60.992;122
052024;Radicofani;117.975;0.299;0.333;6.139;1;1;20;0.749;12.575;39.332;20.543;180
052025;Radicondoli;132.526;2.156;8.058;9.886;3;17;19;17.192;28.961;25.834;26.743;136
052026;Rapolano Terme;83.021;3.103;11.297;19.616;157;330;389;1.631;10.664;15.189;48.566;78
076020;San Paolo Albanese;30.223;0;0;0;0;0;0;0.609;2.597;2.204;0;17
076021;Castelgrande;34.898;0;0;0;0;0;0;2.169;2.823;14.439;2.631;52
076022;Castelluccio Inferiore;28.963;8.383;8.383;8.383;121;121;121;0.58;0.131;1.157;0.162;54
076023;Castelluccio Superiore;32.979;3.493;3.493;3.493;33;33;33;2.414;0.4;1.377;0;115
076024;Castelmezzano;33.908;0.251;0.262;0.262;0;0;0;14.999;5.503;5.654;0.159;122
052017;Monteroni d'Arbia;105.857;5.025;13.352;33.958;211;604;6978;1.652;2.854;41.815;23.858;69
052018;Monticiano;109.5;2.177;2.578;11.235;2;3;18;0.738;10.748;3.51;74.894;13
052019;Murlo;114.625;0.35;0.748;7.948;1;2;41;0.243;3.257;50.348;37.638;101
052020;Piancastagnaio;69.626;1.577;1.577;1.663;9;9;9;0.056;15.216;0.682;0.941;41
052021;Pienza;122.867;1.371;8.061;15.55;11;51;102;22.538;17.416;26.185;22.539;622
052033;Sinalunga;78.676;9.251;23.63;41.24;84;429;4047;0.174;1.51;6.433;47.547;130
052034;Sovicille;143.579;6.502;23.005;30.33;141;1260;2965;1.155;4.434;4.228;61.385;87
052035;Torrita di Siena;58.339;13.218;17.902;31.668;395;1336;3962;1.399;7.088;33.682;26.171;30
052036;Trequanda;63.949;0;0.799;2.657;0;75;79;6.06;27.314;22.36;41.876;136
052037;Montalcino;310.394;5.396;14.212;18.34;124;263;845;6.367;33.044;28.657;20.912;2067
052027;San Casciano dei Bagni;92.143;1.436;1.436;1.45;2;2;2;0.047;13.356;6.297;0.506;158
052028;San Gimignano;138.569;1.897;2.687;5.957;286;546;863;7.458;11.251;28.18;45.685;626
052030;San Quirico d'Orcia;42.235;1.316;8.154;11.64;3;13;19;22.609;18.942;33.221;17.092;63
052031;Sarteano;84.843;0.225;0.422;1.676;55;100;179;0.033;5.925;24.424;26.158;145
052032;Siena;118.506;2.18;9.875;19.685;254;1041;5271;1.179;6.197;17.625;58.524;907
053001;Arcidosso;93.254;1.449;1.56;4.633;106;106;148;14.426;38.091;31.831;11.721;1305
053002;Campagnatico;162.252;11.012;12.402;23.783;169;214;714;2.82;11.118;21.42;45.649;157
053003;Capalbio;187.349;17.943;21.077;40.991;417;494;2501;1.45;26.903;6.097;28.528;257
053004;Castel del Piano;67.77;3.668;3.689;7.828;18;18;39;13.335;29.706;30.261;24.697;618
053005;Castell'Azzara;64.231;0.931;1.129;1.674;32;55;145;5.541;26.672;0.501;1;80
053006;Castiglione della Pescaia;209.278;21.23;32.453;40.364;2090;3059;4594;0.307;16.73;35.53;29.662;729
053007;Cinigiano;161.552;3.991;10.247;18.83;34;117;255;19.411;25.051;32.198;16.026;584
053008;Civitella Paganico;192.9;4.031;12.942;25.094;68;131;1208;5.824;20.507;16.917;38.733;240
053009;Follonica;56.161;5.639;8.392;42.603;2620;3871;21413;0.025;4.658;41.365;33.076;2
053010;Gavorrano;164.082;5.998;21.781;46.465;323;501;5347;1.472;7.775;31.239;18.011;376
053011;Grosseto;473.459;23.974;35.549;77.017;2282;3592;74906;0.37;8.111;0.222;27.704;444
053012;Isola del Giglio;23.893;5.232;5.382;5.382;94;127;127;1.783;24.978;16.444;55.338;145
053013;Magliano in Toscana;250.885;8.525;12.497;19.233;202;321;528;0.568;13.475;15.682;63.348;575
053014;Manciano;372.498;7.257;22.506;27.986;246;754;1132;2.693;42.743;10.415;22.164;1421
053015;Massa Marittima;283.443;1.539;3.639;15.682;59;137;908;2.581;14.992;44.768;25.314;410
065037;Cava de' Tirreni;36.531;1.694;2.267;2.603;780;1183;1410;8.886;40.475;16.936;28.748;5371
065038;Celle di Bulgheria;31.617;3.125;5.44;5.582;2;3;3;22.969;16.38;21.185;26.672;532
065039;Centola;47.852;3.411;7.672;8.048;67;178;200;7.621;16.137;20.879;29.61;1460
065040;Ceraso;46.458;0.616;1.832;1.922;11;25;25;5.893;7.865;20.223;30.673;61
065051;Felitto;41.534;1.416;1.996;2.047;6;8;9;1.413;26.037;20.085;7.558;170
065041;Cetara;4.997;1.561;1.561;1.561;746;746;746;9.866;82.329;2.321;5.103;1597
065042;Cicerale;41.373;1.83;1.847;1.854;3;3;3;0.95;3.92;13.366;26.541;39
065043;Colliano;55.158;0.375;0.658;0.673;13;27;28;8.247;10.905;19.964;11.306;760
065044;Conca dei Marini;1.174;0.085;0.085;0.085;0;0;0;17.291;62.266;8.859;8.859;473
065052;Fisciano;31.687;1.325;2.266;2.282;191;547;548;6.22;32.543;16.808;26.279;759
065057;Gioi;27.988;4.284;4.284;4.284;119;119;119;11.555;8.279;23.885;35.608;41
065045;Controne;7.746;4.002;6.7;7.023;0;0;0;10.276;0.865;0.942;4.944;9
065046;Contursi Terme;28.934;3.121;4.431;4.483;46;65;66;3.653;26.827;28.959;21.677;404
065047;Corbara;6.732;1.159;1.159;1.159;167;167;167;30.095;51.456;11.007;7.442;864
065048;Corleto Monforte;58.966;0;0;0;0;0;0;1.394;6.226;4.328;7.655;207
065056;Giffoni Valle Piana;88.612;0.596;1.224;1.335;202;239;248;7.28;51.318;14.86;15.567;732
065049;Cuccaro Vetere;17.663;0.668;0.668;0.668;1;1;1;8.453;21.967;22.069;22.833;116
065050;Eboli;137.583;6.589;16.618;16.906;594;1169;1184;1.249;1.151;2.915;84.81;400
065053;Furore;1.893;0.475;0.475;0.475;2;2;2;17.116;64.765;14.58;3.222;429
065054;Futani;14.851;1.394;1.421;1.421;6;6;6;8.336;12.531;28.705;30.496;31
065055;Giffoni Sei Casali;35.075;0.502;0.927;0.998;46;58;59;0.909;67.031;13.634;18.147;600
065058;Giungano;11.701;0.53;0.53;0.53;5;5;5;16.392;8.41;6.145;17.357;541
065061;Laurino;70.454;0.518;0.633;0.647;0;1;1;9.373;16.252;17.346;15.654;358
065059;Ispani;8.365;1.973;3.395;5.248;77;98;166;0.323;0.813;5.38;40.562;9
065060;Laureana Cilento;13.744;0.538;0.538;0.538;3;3;3;3.653;11.94;22.679;34.561;304
065062;Laurito;20.222;1.004;1.77;1.978;3;5;6;13.629;21.462;20.621;27.801;183
065063;Laviano;55.676;0;0;0;0;0;0;3.81;13.918;28.596;9.685;76
065064;Lustra;15.242;1.017;1.391;1.43;7;10;10;2.211;1.745;17.17;41.484;10
065065;Magliano Vetere;23.296;1.15;1.339;1.339;0;0;0;6.924;11.577;11.723;9.281;328
065066;Maiori;16.707;1.808;1.808;1.808;1586;1586;1586;14.856;73.724;4.968;4.776;3071
065067;Mercato San Severino;30.333;4.681;12.287;12.828;1890;6812;7264;9.218;36.119;23.885;18.828;2147
065068;Minori;2.667;5.624;5.624;5.624;987;987;987;7.837;72.891;11.999;7.162;1919
065070;Montano Antilia;33.442;0.715;1.002;1.038;22;25;25;18.232;12.167;29.992;25.241;335
065069;Moio della Civitella;17.189;2.426;2.478;2.478;5;5;5;4.631;16.278;23.224;39.013;317
065071;Montecorice;22.3;0.314;0.314;0.543;28;28;56;1.197;7.39;8.919;30.821;218
005024;Castel Boglione;11.862;1.121;1.121;1.197;5;5;16;0.649;15.756;0;0;66
005025;Castell'Alfero;20.088;7.965;9.453;16.244;70;80;473;0.065;0.926;0;0;6
005029;Castelnuovo Belbo;9.55;12.911;12.911;20.314;42;42;169;0.88;2.681;0;0;7
005037;Cessole;11.778;6.376;10.537;10.689;25;49;52;3.557;15.045;0;0;29
005026;Castellero;4.288;2.519;2.682;4.291;2;2;4;6.25;0;0;0;4
005033;Cellarengo;10.848;1.41;1.742;1.788;2;2;2;0.249;0;0;0;4
005027;Castelletto Molina;3.066;0;0;0;0;0;0;9.1;4.631;0;0;6
005028;Castello di Annone;23.164;18.896;18.896;20.929;115;115;655;0.829;1.684;0;0;11
005030;Castelnuovo Calcea;8.204;6.107;6.107;9.386;26;26;38;1.073;2.669;0;0;10
005031;Castelnuovo Don Bosco;21.607;0;1.879;16.564;0;11;893;6.739;0.305;0;0;119
005032;Castel Rocchero;5.628;0;0;0;0;0;0;1.297;0.498;0;0;15
005034;Celle Enomondo;5.593;14.518;19.077;24.692;14;18;25;1.502;3.129;0;0;9
005035;Cerreto d'Asti;3.938;2.26;4.317;11.453;5;6;7;2.184;2.108;0.025;0;6
005036;Cerro Tanaro;4.667;28.905;28.905;43.84;12;12;326;0.086;0;0;0;0
005038;Chiusano d'Asti;2.417;3.682;3.682;3.724;1;1;1;2.607;1.448;0;0;3
005039;Cinaglio;5.505;0;2.943;2.943;0;1;1;0;0.182;0;0;0
005040;Cisterna d'Asti;10.733;0.988;1.109;1.109;24;35;35;0.13;16.277;0;0;55
005041;Coazzolo;4.049;0.963;2.766;2.766;2;5;5;0.988;0;0;0;2
005042;Cocconato;16.523;1.029;1.471;1.471;4;4;4;5.284;3.892;0.067;0;13
005044;Corsione;5.082;1.377;1.535;4.388;0;0;0;0.059;4.604;0;0;7
005045;Cortandone;5.023;0.08;5.355;5.375;0;15;15;1.015;5.256;0;0;9
005046;Cortanze;4.477;0;0;0;0;0;0;0.782;8.331;0;0;12
005047;Cortazzone;10.322;3.41;4.156;4.951;5;5;6;2.722;0.378;0;0;26
005048;Cortiglione;8.425;10.92;10.92;10.944;5;5;5;0.119;1.543;0;0;3
005050;Costigliole d'Asti;36.943;4.967;7.068;15.754;54;84;735;4.068;2.52;0.365;0;135
005054;Fontanile;8.118;1.158;1.158;1.158;2;2;2;1.651;13.378;0;0;29
005058;Incisa Scapaccino;20.704;13.109;13.91;20.238;111;184;743;3.845;4.337;0;0;93
005049;Cossombrato;5.399;3.204;3.204;3.204;4;4;4;1.056;1.723;0.13;0;3
005051;Cunico;6.753;1.688;1.688;1.688;3;3;3;4.576;1.54;0;0;3
005052;Dusino San Michele;11.925;6.583;6.658;10.247;12;12;22;14.239;11.665;0;0;77
005053;Ferrere;13.927;0;0.05;0.115;0;0;1;0.18;3.403;0;0;16
005055;Frinco;7.217;5.626;8.591;9.921;31;40;76;0.901;1.302;1.607;0;6
005056;Grana Monferrato;5.888;10.971;11.005;11.005;1;1;1;1.478;9.681;0;0;0
005057;Grazzano Badoglio;10.472;4.775;4.775;4.775;5;5;5;1.49;4.326;0;0;5
005059;Isola d'Asti;13.503;15.374;18.811;36.962;58;74;358;0.511;3.429;0;0;25
005060;Loazzolo;14.822;1.761;4.109;4.743;5;13;16;2.341;14.128;0;0;40
005061;Maranzana;4.342;7.37;9.028;9.028;8;9;9;1.52;4.238;0.368;0;12
005066;Mombercelli;14.232;5.305;6.359;9.05;90;106;213;0.822;2.986;0;0;23
005067;Monale;9.11;2.108;4.698;10.571;12;13;19;2.536;1.065;0.252;0;9
005062;Maretto;4.929;6.695;7.243;7.811;2;2;2;1.664;7.101;0.02;0;12
005063;Moasca;4.155;4.477;4.477;4.477;9;9;9;9.29;3.081;0;0;26
005073;Montafia;14.497;6.932;11.92;13.962;25;41;61;0.11;0.159;0;0;1
005074;Montaldo Scarampi;6.635;2.577;2.879;3.723;9;10;11;0.648;2.577;0;0;5
005075;Montechiaro d'Asti;10.141;6.341;6.341;7.889;49;49;117;3.481;4.94;0.089;0;54
005064;Mombaldone;11.959;17.886;17.978;18.104;35;35;37;1.029;4.9;0;0;4
005065;Mombaruzzo;22.43;2.987;4.445;6.019;18;32;70;0.624;1.288;0;0;6
005068;Monastero Bormida;14.206;9.193;9.193;9.193;126;126;126;1.711;19.069;0;0;84
005069;Moncalvo;17.421;0.08;0.867;2.399;7;19;53;1.102;5.442;0;0;81
005070;Moncucco Torinese;14.329;0;0;0.049;0;0;0;1.207;0.23;0;0;10
005071;Mongardino;6.855;0;0;0;0;0;0;1.838;1.999;0;0;15
005072;Montabone;8.538;2.178;2.178;2.401;4;4;4;29.269;18.154;0.012;0;83
005080;Nizza Monferrato;30.364;6.495;6.89;14.985;326;369;5399;2.566;2.589;0.016;0;75
005081;Olmo Gentile;5.617;0;0;0;0;0;0;6.124;0.409;0;0;3
005082;Passerano Marmorito;12.026;0.125;0.449;0.832;0;0;0;1.297;1.763;0;0;19
005083;Penango;9.563;0.063;2.353;4.737;0;2;8;1.621;0;1.621;0;2
005087;Portacomaro;10.999;0.027;0.027;0.045;2;2;2;0.173;0.109;0;0;7
005084;Piea;9.001;4.899;4.899;4.899;9;9;9;0.133;0.511;0.033;0;4
005085;Pino d'Asti;4.082;0;0;0.049;0;0;0;1.176;0;0;0;0
005086;Piovà Massaia;11.024;13.725;13.779;13.779;1;1;1;5.588;3.048;0;0;7
005088;Quaranti;2.871;0.104;0.104;0.104;0;0;0;3.204;0.697;0;0;2
005089;Refrancore;13.205;0.121;0.121;0.121;1;1;1;0.265;0.061;0;0;2
005090;Revigliasco d'Asti;8.835;29.111;29.111;38.031;53;53;78;4.437;0.102;0;0;29
005091;Roatto;6.414;10.851;10.851;10.851;15;15;15;0.39;5.566;0;0;12
005092;Robella;12.182;3.448;3.792;5.237;18;19;32;2.233;1.322;0.016;0;6
005094;Roccaverano;29.983;0.61;0.734;0.734;2;3;3;1.377;24.294;0;0;77
005095;Rocchetta Palafea;7.838;0;0;0;0;0;0;1.135;12.797;3.445;0;43
005096;Rocchetta Tanaro;15.911;24.436;24.492;31.921;49;49;699;1.722;1.973;0;0;21
005097;San Damiano d'Asti;47.866;2.946;7.69;9.545;40;137;179;0.182;1.688;1.105;0;29
005093;Rocca d'Arazzo;12.563;17.862;21.707;22.128;19;30;33;0;1.011;0;0;3
005098;San Giorgio Scarampi;6.148;0.325;0.325;0.325;0;0;0;4.375;19.323;0;0;20
005101;San Paolo Solbrito;11.869;0.152;8.383;10.843;1;38;49;1.635;2.452;0;0;14
005099;San Martino Alfieri;7.21;6.588;6.588;7.642;6;6;7;8.35;0;0;0;7
005100;San Marzano Oliveto;9.684;2.86;3.893;6.072;18;24;38;10.874;0;0;0;64
005103;Scurzolengo;5.343;3.257;3.257;11.23;0;0;1;0.786;6.232;0.019;0;6
005104;Serole;12.329;0;0;0;0;0;0;0.251;4.899;0;0;4
005105;Sessame;8.447;4.416;4.416;4.416;11;11;11;2.226;10.323;0;0;61
005107;Soglio;3.285;0;0;0;0;0;0;0;1.005;0;0;0
005108;Tigliole;16.121;5.986;8.021;8.703;35;43;46;0.459;0;0;0;0
005109;Tonco;11.783;11.932;11.932;16.923;6;6;37;0.518;6.153;0;0;15
005112;Valfenera;22.038;0.005;2.677;6.956;0;16;37;1.148;4.737;0;0;45
005106;Settime;6.681;5.957;6.436;7.035;2;2;47;0.374;0.359;0;0;0
005111;Vaglio Serra;4.76;2.563;2.563;2.563;3;3;3;2.227;2.668;0;0;6
005076;Montegrosso d'Asti;15.419;2.795;4.254;4.592;53;234;236;2.575;3.217;0;0;57
005113;Vesime;13.165;9.343;9.381;9.381;62;62;62;1.512;20.608;1.018;0;81
005114;Viale;3.987;0.15;0.15;0.15;0;0;0;0;0;0;0;0
005115;Viarigi;13.622;9.808;9.808;9.808;29;29;29;0;1.615;1.02;0;1
005116;Vigliano d'Asti;6.653;2.36;2.976;5.456;8;11;17;1.518;0.902;0;0;6
005117;Villafranca d'Asti;12.872;3.83;13.277;20.207;17;119;343;1.771;4.622;0;0;61
005118;Villanova d'Asti;41.947;1.683;12.48;17.52;12;75;425;0.522;0.901;0;0;12
005119;Villa San Secondo;6.127;7.899;7.899;7.899;1;1;1;1.861;5.663;0;0;9
005120;Vinchio;9.286;3.532;3.532;5.524;6;6;8;1.841;3.091;0;0;18
005077;Montemagno Monferrato;16.098;0.472;3.603;3.634;0;0;0;1.652;0.683;0;0;11
006009;Arquata Scrivia;29.244;7.311;7.636;9.828;16;18;522;0.407;1.149;0;0;16
006010;Avolasca;12.238;0;3.252;3.252;0;14;14;20.494;5.614;0;0;61
005121;Montiglio Monferrato;26.863;6.574;6.734;6.738;33;38;38;3.105;1.336;0;0;13
005122;Moransengo-Tonengo;11;0.1;0.1;0.1;0;0;0;2.391;3.391;0;0;9
006001;Acqui Terme;33.297;4.817;7.409;9.878;61;269;437;1.448;2.751;0;0;112
006002;Albera Ligure;21.23;3.081;3.081;3.457;24;24;32;20.862;2.949;0;0;56
006003;Alessandria;203.721;16.906;17.808;33.341;644;667;21311;0;0.268;0;0;77
006004;Alfiano Natta;13.159;1.102;1.102;1.246;2;2;12;1.269;7.463;0;0;30
006005;Alice Bel Colle;12.213;0.491;0.491;0.491;7;7;7;1.236;13.469;0;0;44
006007;Altavilla Monferrato;11.328;1.439;1.783;1.845;0;0;0;0.362;0;0;0;0
006008;Alzano Scrivia;2.127;21.157;28.491;100.094;10;99;380;0;0;0;0;0
006014;Belforte Monferrato;8.326;3.639;4.06;4.084;5;6;6;0.649;1.189;0;0;9
006015;Bergamasco;13.439;16.846;16.846;26.304;50;50;215;0.707;0.097;0;0;1
006018;Borghetto di Borbera;39.397;7.47;7.866;8.224;48;77;83;0.985;2.619;0;0;18
006019;Borgoratto Alessandrino;6.603;1.908;3.332;26.337;1;4;576;0;0;0;0;0
006020;Borgo San Martino;9.736;12.736;16.763;64.647;0;3;1428;0;0;0;0;0
006016;Berzano di Tortona;2.887;0;0;0;0;0;0;0;6.2;0;0;2
006017;Bistagno;17.593;7.571;7.577;8.532;99;99;263;0.296;6.753;0;0;25
006021;Bosco Marengo;44.588;1.395;2.438;32.367;3;5;74;0;0;0;0;0
006022;Bosio;67.614;1.257;1.316;1.318;5;5;5;0.677;10.625;0.072;0;29
006023;Bozzole;9.024;89.716;93.03;100.066;12;119;331;0;0;0;0;0
006024;Brignano-Frascata;17.528;5.254;5.722;5.802;10;10;11;8.706;6.704;0;0;11
006025;Cabella Ligure;46.633;2.361;2.423;2.642;23;53;99;4.844;38.121;0;0;300
006026;Camagna Monferrato;9.249;5.817;9.352;11.98;3;4;6;11.493;1.784;0;0;6
006027;Camino;18.438;16.889;16.894;21.429;5;5;5;7.745;7.425;0;0;44
006028;Cantalupo Ligure;24.062;2.331;2.851;3.092;11;46;61;24.05;11.553;0;0;104
006029;Capriata d'Orba;28.466;17.048;26.298;34.23;48;82;227;0;0.007;0;0;1
006030;Carbonara Scrivia;5.053;11.28;12.903;24.342;4;5;14;0;0;0;0;0
006031;Carentino;9.789;2.462;2.462;4.331;2;2;4;0;0;0;0;0
006032;Carezzano;10.483;2.595;2.595;2.595;6;6;6;12.821;0.076;0;0;8
006033;Carpeneto;13.339;5.443;5.443;5.443;22;22;22;0.202;0.255;0;0;2
006034;Carrega Ligure;55.256;0.863;0.974;0.974;0;0;0;5.692;13.942;0.002;0;50
006035;Carrosio;6.923;4.333;6.702;7.439;6;10;53;0;7.973;0;0;6
006036;Cartosio;16.341;4.351;5.612;8.641;14;20;44;0;1.903;0;0;5
006037;Casal Cermelli;11.965;15.972;25.157;87.305;37;75;1031;0;0;0;0;0
006038;Casaleggio Boiro;12.01;1.79;1.79;1.79;4;4;4;0.458;15.296;0;0;9
006039;Casale Monferrato;86.21;14.317;22.849;49.298;1153;2111;9064;6.63;2.678;0;0;279
006040;Casalnoceto;12.987;0;6.237;9.587;0;64;67;0.277;1.54;0;0;5
006041;Casasco;9.037;0;3.132;3.132;0;1;1;6.717;14.684;0;0;10
006043;Cassine;33.092;16.717;22.664;26.417;83;99;163;2.584;4.998;0;0;209
006044;Cassinelle;23.772;0.522;0.522;0.631;3;3;3;0.16;2.389;0.114;0;11
006045;Castellania Coppi;7.209;0.236;0.236;0.236;0;0;0;5.507;2.83;0;0;16
006048;Castelletto d'Erro;4.66;0;0;0;0;0;0;5.193;11.674;0;0;23
006046;Castellar Guidobono;2.483;0;6.806;7.048;10;17;120;0;1.369;0;0;0
006047;Castellazzo Bormida;45.128;24.329;33.511;69.821;102;126;4345;0;0;0;0;0
006049;Castelletto d'Orba;13.977;1.803;5.981;7.677;6;62;64;0.394;0.1;0.122;0;2
006050;Castelletto Merli;11.591;3.882;4.098;4.141;32;32;32;2.623;1.501;0;0;11
006051;Castelletto Monferrato;9.578;4.114;4.114;4.114;10;10;10;0.345;0.752;0;0;15
006052;Castelnuovo Bormida;13.111;26.283;28.838;38.967;23;28;420;0;0;0;0;0
006053;Castelnuovo Scrivia;45.421;15.444;27.199;73.484;90;414;3089;0;0;0;0;0
006054;Castelspina;5.487;0.893;3.864;20.758;1;3;88;0;0;0;0;0
006055;Cavatore;10.447;0.124;0.124;0.124;0;0;0;1.867;11.592;0;0;28
006056;Cella Monte;5.553;6.897;6.897;6.897;4;4;4;0.954;0.162;0;0;1
006057;Cereseto;10.443;16.595;17.763;17.773;40;42;42;6.263;0.575;0;0;20
006059;Cerrina Monferrato;17.301;4.11;6.722;8.375;69;164;206;6.508;4.728;0;0;23
006060;Coniolo;10.296;40.53;40.53;63.831;11;11;33;7.751;4.108;0;0;35
006058;Cerreto Grue;4.747;0;2.844;2.844;0;0;0;28.165;2.507;0;0;16
006061;Conzano;11.612;4.401;7.277;10.524;7;10;16;0.189;0.172;0;0;0
006062;Costa Vescovato;7.9;1.101;5.316;5.316;0;3;3;2.215;5.342;0;0;10
006063;Cremolino;14.387;5.894;6.513;12.025;49;55;99;0.723;5.06;0;0;32
006065;Denice;7.462;3.833;11.994;15.921;0;0;13;0;6.285;0;0;6
006066;Dernice;18.276;0.416;0.482;0.482;0;0;0;11.031;8.164;0;0;7
006067;Fabbrica Curone;53.849;1.441;1.694;2.219;5;11;45;16.19;19.011;0;0;196
006068;Felizzano;25.014;28.94;28.94;31.926;23;23;342;0;0;0;0;0
006069;Fraconalto;17.616;0.414;0.414;0.414;12;12;12;1.209;6.931;0.471;0.051;37
006070;Francavilla Bisio;7.752;11.7;32.817;38.867;7;24;27;0.064;0.658;0.168;0;1
006071;Frascaro;5.286;0.227;5.789;12.751;1;11;40;0;0.151;0;0;0
006072;Frassinello Monferrato;8.431;9.785;9.987;10.556;10;10;10;0.593;0.735;0;0;2
006073;Frassineto Po;29.46;49.321;55.699;76.059;41;49;285;0.007;0;0;0;0
006074;Fresonara;6.934;1.139;9.201;36.905;8;46;243;0;0;0;0;0
006075;Frugarolo;27.043;1.058;9.159;47.203;1;47;158;0;0;0;0;0
006076;Fubine Monferrato;25.534;15.477;15.677;15.846;49;49;49;0.399;0.02;0;0;6
006077;Gabiano;17.768;14.898;14.898;19.304;8;8;83;5.617;3.321;0;0;5
006078;Gamalero;12.154;7.981;10.342;20.462;17;21;39;0.148;1.473;0;0;3
006079;Garbagna;20.717;1.187;2.858;3.224;6;28;32;4.05;2.896;0;0;23
006081;Gavi;45.043;4.975;5.937;6.101;256;360;372;0.24;2.66;0;0;44
006082;Giarole;5.449;8.277;26.555;50.596;219;594;630;0;0;0;0;0
006083;Gremiasco;17.384;2.663;6.661;6.788;3;69;70;1.789;3.158;0;0;2
006084;Grognardo;9.08;1.784;2.346;2.588;3;4;4;0.529;7.181;0;0;5
006085;Grondona;25.943;4.074;4.082;4.082;87;87;87;4.934;6.164;0;0;13
006086;Guazzora;2.802;16.488;17.273;100.071;0;4;313;0;0;0;0;0
006087;Isola Sant'Antonio;23.548;61.262;66.931;100.081;25;31;734;0;0;0;0;0
006088;Lerma;14.536;6.095;6.095;6.095;16;16;16;0.75;10.973;0.048;0;18
006090;Malvicino;9.035;1.085;1.085;1.085;1;1;1;0.266;6.918;0;0;3
006091;Masio;22.232;34.068;34.068;35.305;174;174;203;0.162;0.783;0;0;7
006092;Melazzo;19.737;14.303;14.491;14.612;116;117;118;2.062;13.376;0;0;324
006093;Merana;9.2;1.924;4.674;9.174;3;21;27;0;4.196;0;0;4
006094;Mirabello Monferrato;13.236;2.41;4.541;18.729;108;109;132;0;0.03;0;0;0
006095;Molare;32.504;3.809;4.532;4.984;16;18;24;0.791;2.477;0;0;11
006098;Momperone;8.54;6.253;7.166;7.354;3;5;5;9.578;0.679;0;0;11
006099;Moncestino;6.518;15.097;30.163;38.156;7;13;24;3.912;7.564;0;0;5
006100;Mongiardino Ligure;29.033;0.909;1.326;1.343;1;1;1;7.392;22.137;0.003;0;40
006096;Molino dei Torti;2.753;19.433;29.168;100.073;14;51;653;0;0;0;0;0
006097;Mombello Monferrato;19.694;1.244;5.819;8.099;7;56;63;5.184;3.615;0;0;21
006101;Monleale;9.618;1.206;2.828;2.963;3;41;56;4.492;7.507;0;0;29
006102;Montacuto;23.747;0.046;0.173;0.173;1;5;5;15.105;25.675;0;0;37
006103;Montaldeo;5.376;0;0;0;0;0;0;0;1.953;0;0;1
006104;Montaldo Bormida;5.724;0.175;0.175;0.175;0;0;0;0.367;2.865;0;0;5
006105;Montecastello;7.487;50.661;50.661;51.877;64;64;83;3.339;2.698;0.174;0;163
006106;Montechiaro d'Acqui;17.598;0.313;0.619;1.625;1;3;45;0.71;3.063;0;0;11
006107;Montegioco;5.451;0;7.705;7.705;0;11;11;5.228;1.266;0;0;14
006108;Montemarzino;9.852;1.675;2.406;2.588;9;10;11;3.096;5.897;0;0;7
006109;Morano sul Po;17.709;10.915;20.769;99.469;15;17;1511;0;0;0;0;0
006110;Morbello;23.952;0.388;0.405;0.43;1;1;1;0.443;2.689;0;0;14
006111;Mornese;13.22;0.189;0.189;0.189;0;0;0;0.151;1.52;0;0;3
006112;Morsasco;10.294;0.758;0.865;1.098;3;3;4;3.206;5.673;0;0;20
006113;Murisengo;15.31;5.186;6.185;7.146;52;83;98;5.369;4.951;0;0;34
006114;Novi Ligure;55.195;3.151;3.451;4.035;57;61;75;0.891;0;0.049;0;11
006115;Occimiano;22.463;13.289;23.345;37.337;23;130;144;0;0.156;0;0;0
006116;Odalengo Grande;15.546;3.937;5.262;6.407;45;59;72;2.348;2.354;0;0;6
006117;Odalengo Piccolo;7.571;0;0;0;0;0;0;5.97;7.74;0;0;5
006118;Olivola;2.691;6.355;6.355;6.355;0;0;0;3.493;0.446;0;0;1
006120;Ottiglio;14.543;5.068;5.192;5.274;48;48;48;1.912;1.334;0;0;4
006121;Ovada;35.372;6.502;7.704;9.782;401;629;1424;0.551;9.276;0;0;107
006119;Orsara Bormida;5.1;0.49;0.549;4.784;0;0;2;0.059;3.176;0;0;2
006122;Oviglio;27.367;29.43;29.43;32.901;59;59;154;0;0;0;0;0
006123;Ozzano Monferrato;15.184;5.46;6.737;6.902;14;16;16;8.371;16.57;0;0;118
006125;Pareto;41.738;1.105;1.531;1.936;1;2;3;0.173;2.187;0;0;8
006126;Parodi Ligure;12.537;6.118;7.434;8.104;4;5;7;1.308;0.566;0;0;5
006127;Pasturana;5.281;0;0.019;0.019;0;0;0;0.114;0;0;0;0
006124;Paderna;4.42;0;0;0;0;0;0;0;1.493;0;0;0
006128;Pecetto di Valenza;11.355;1.779;1.779;1.779;4;4;4;1.013;0.872;0;0;10
006129;Pietra Marazzi;7.997;53.52;53.52;54.22;94;94;144;6.015;2.651;0;0;213
006131;Pomaro Monferrato;13.443;10.147;29.272;45.332;22;71;100;0;0.007;0;0;0
006132;Pontecurone;29.704;0;27.225;32.016;0;529;688;0;0;0;0;0
006133;Pontestura;18.918;24.913;29.919;32.35;18;48;123;10.556;0.439;0;0;32
006134;Ponti;11.968;5.64;7.027;7.729;61;88;116;0.175;16.937;0;0;63
006135;Ponzano Monferrato;11.65;0;0.112;0.112;0;0;0;4.137;3.519;0;0;11
006136;Ponzone;69.029;0.733;0.821;0.865;2;3;3;0.588;2.231;0;0;24
006137;Pozzol Groppo;14.087;0.284;0.327;0.348;1;1;1;17.889;7.276;0;0;42
006138;Pozzolo Formigaro;36.176;4.224;4.224;4.224;14;14;14;0;0;0;0;0
006139;Prasco;5.972;2.914;4.421;5.76;26;52;97;1.474;0.402;0;0;4
006140;Predosa;33.007;12.255;13.685;15.854;18;22;38;0;0.042;0;0;0
006141;Quargnento;36.165;0.022;0.022;0.022;0;0;0;0.011;0.478;0;0;2
006142;Quattordio;17.733;2.002;2.002;3.446;3;3;5;0;0;0;0;0
006143;Ricaldone;10.515;0.561;0.599;0.599;2;2;2;0.257;4.86;1.607;0;9
006144;Rivalta Bormida;10.052;20.434;20.732;22.145;82;83;104;0.09;2.865;0;0;6
006145;Rivarone;6.073;54.405;54.405;55.936;6;6;6;1.943;0;0;0;86
006146;Roccaforte Ligure;20.589;1.258;1.506;1.506;0;0;0;20.875;2.292;0;0;42
006147;Rocca Grimalda;15.461;1.578;1.973;8.434;10;12;45;1.837;0.99;0;0;142
006148;Rocchetta Ligure;10.154;10.902;12.409;12.744;10;99;101;3.88;23.252;0;0;49
006149;Rosignano Monferrato;19.28;1.95;1.95;1.95;6;6;6;2.806;0.405;0;0;11
006150;Sala Monferrato;7.575;0;0;0;0;0;0;1.848;1.307;0;0;3
006151;Sale;44.915;0;3.821;24.513;0;59;469;0;0;0;0;0
006152;San Cristoforo;3.571;14.114;15.094;15.122;3;3;3;10.613;0;0;0;12
006153;San Giorgio Monferrato;7.115;0.942;0.942;2.094;16;16;25;17.456;9.726;0.126;0;79
006154;San Salvatore Monferrato;31.692;5.339;5.339;5.339;19;19;19;0.404;1.199;0;0;13
006156;Sant'Agata Fossili;7.706;0;0;0;0;0;0;4.801;8.72;0;0;20
006157;Sardigliano;12.743;7.588;7.777;7.777;20;20;20;2.982;2.535;0;0;4
006158;Sarezzano;13.853;5.14;6.915;7.486;64;69;96;6.887;3.559;0;0;58
006159;Serralunga di Crea;8.843;9.906;17.969;20.593;97;101;126;1.187;1.244;0;0;2
006155;San Sebastiano Curone;3.892;3.443;8.428;8.428;26;121;121;5.576;1.362;0;0;10
006160;Serravalle Scrivia;15.947;5.719;6.954;8.221;698;734;768;0.019;0;0;0;0
006161;Sezzadio;34.32;12.727;18.287;23.188;14;91;253;0.111;0.003;0;0;0
006162;Silvano d'Orba;12.168;20.595;23.11;32.092;75;75;120;2.482;1.668;0;0;8
006163;Solero;22.554;48.173;48.173;48.413;175;175;176;0;0;0;0;0
006164;Solonghello;4.953;0.485;1.817;2.201;9;11;11;1.837;0;0;0;0
006165;Spigno Monferrato;54.854;4.107;7.4;8.654;58;125;151;0.118;2.735;0;0;8
006166;Spineto Scrivia;3.954;1.088;2.377;3.667;1;2;3;3.364;0.202;0;0;0
006167;Stazzano;17.915;7.569;7.926;8.01;36;37;38;5.554;4.7;0;0;27
006168;Strevi;15.289;16.509;24.527;35.071;149;212;597;0.007;0.667;0;0;2
006169;Tagliolo Monferrato;26.211;0.267;0.267;0.267;2;2;2;0.046;15.299;0;0;30
006170;Tassarolo;7.035;0.384;0.384;0.384;0;0;0;1.72;9.68;0;0;17
006171;Terruggia;7.266;0.399;0.399;0.399;2;2;2;0.688;0.344;0;0;3
006172;Terzo;8.796;11.13;13.938;15.109;77;101;113;0.682;7.64;0;0;66
006173;Ticineto;8.181;11.087;19.716;94.169;19;27;1422;0;0;0;0;0
006174;Tortona;98.867;5.856;13.281;23.595;93;287;7032;0.193;0.357;0.027;0;110
006175;Treville;4.603;0.022;0.022;0.022;0;0;0;6.148;0.5;0;0;2
006176;Trisobbio;9.219;0.499;1.41;1.703;1;3;3;1.421;1.247;0;0;10
006177;Valenza;48.494;20.118;20.271;22.966;119;121;134;0.478;0.002;0;0;9
006178;Valmacca;12.294;68.773;68.773;100.057;34;34;1055;0;0;0;0;0
006179;Vignale Monferrato;18.726;6.029;6.536;7.647;11;12;15;42.422;3.444;0;0;169
006180;Vignole Borbera;8.646;13.266;14.851;15.938;15;100;106;0;1.064;0;0;1
006181;Viguzzolo;18.307;0.94;20.386;21.811;6;516;526;0.694;4.954;0;0;22
006182;Villadeati;14.493;0.352;0.649;0.931;0;0;0;7.39;7.279;0;0;14
006183;Villalvernia;4.442;28.568;31.833;38.001;71;106;144;0;0;0;0;0
006184;Villamiroglio;9.869;0.193;0.193;0.567;0;0;1;1.662;0.172;0;0;1
006185;Villanova Monferrato;16.556;0;4.941;46.841;0;90;1061;0;0;0;0;0
006186;Villaromagnano;6.067;1.418;5.209;5.209;29;49;49;1.731;2.126;0;0;4
006187;Visone;12.562;10.747;18.277;22.799;34;56;89;0;0.565;0;0;2
006188;Volpedo;10.483;1.564;4.579;4.703;3;71;72;2.499;1.326;0;0;8
006189;Volpeglino;3.246;0;6.161;6.161;0;6;6;2.126;0;0;0;7
006190;Voltaggio;52.183;0.736;0.753;0.753;34;44;44;0.521;4.473;0.044;0.021;5
006191;Cassano Spinola;17.159;17.221;21.365;27.099;36;125;128;2.588;5.233;0;0;11
006192;Alluvioni Piovera;24.784;12.262;12.266;54.741;11;11;993;0;0;0;0;0
006193;Lu e Cuccaro Monferrato;27.095;2.214;3.462;4.447;2;5;6;1.163;0.354;0;0;1
007005;Arvier;33.36;5.6;6.268;6.559;22;27;33;33.303;56.433;8.813;0;118
007001;Allein;7.964;2.411;3.039;4.106;5;8;12;18.973;30.525;47.677;0;21
007002;Antey-Saint-André;11.813;10.488;13.959;17.963;122;199;346;46.567;16.448;29.654;0;204
007003;Aosta;21.392;4.296;5.586;12.388;314;499;6570;3.889;11.631;26.664;0;365
007004;Arnad;28.84;8.825;11.675;15.208;245;474;1128;40.517;48.821;8.481;0;453
007006;Avise;52.617;3.191;5.757;5.831;2;8;20;81.073;8.028;10.236;0;75
007007;Ayas;129.421;4.589;5.49;6.627;109;191;438;46.53;36.785;15.95;0;141
007008;Aymavilles;53.244;8.6;10.458;11.436;29;71;406;54.774;31.305;11.06;0;106
007020;Châtillon;39.681;3.815;4.818;5.867;110;228;616;36.451;45.299;11.701;0;543
007021;Cogne;213.037;4.108;4.373;4.737;73;168;577;64.803;24.357;9.911;0;203
007009;Bard;3.031;7.786;10.953;14.319;0;3;4;36.16;45.793;13.23;0;103
007010;Bionaz;142.09;4.439;4.679;5.202;9;17;77;83.18;11.897;1.812;0;50
007022;Courmayeur;209.606;7.324;14.557;15.788;71;306;2096;61.141;34.547;2.875;0;703
007011;Brissogne;25.544;3.065;5.422;13.079;37;44;724;14.082;54.412;18.58;0;62
007012;Brusson;55.257;11.459;12.605;15.167;19;35;251;40.773;43.486;13.247;0;68
007013;Challand-Saint-Anselme;27.986;8.122;9.037;10.709;21;119;209;39.745;44.097;15.765;0;136
007014;Challand-Saint-Victor;25.159;6.459;6.797;7.186;45;76;140;22.608;58.639;18.252;0;50
007015;Chambave;21.542;5.371;10.616;14.567;51;198;433;74.357;12.385;12.288;0;246
007016;Chamois;14.528;3.703;4.694;7.943;0;1;1;37.638;30.637;31.05;0;0
007017;Champdepraz;48.792;5.347;6.019;7.28;34;96;566;63.002;28.939;6.214;0;110
007018;Champorcher;68.432;5.318;5.411;5.623;19;25;45;61.834;29.204;8.357;0;176
007019;Charvensod;25.862;3.55;4.938;8.356;234;508;1708;30.899;37.793;23.954;0;180
007023;Donnas;33.976;4.327;10.057;12.188;133;1301;2474;37.017;34.304;22.351;0;500
007024;Doues;16.254;3.415;4.657;4.848;10;19;36;26.443;41.055;32.331;0;27
007025;Emarèse;10.233;0.694;1.427;7.104;4;13;79;18.753;58.692;21.401;0;41
007027;Fénis;68.12;5.166;8.492;11.556;190;441;1467;30.374;59.129;5.906;0;371
007033;Gressoney-Saint-Jean;69.647;4.777;6.87;8.747;94;237;678;70.244;21.556;5.529;0;307
007026;Etroubles;39.569;3.336;5.054;7.064;25;40;107;41.027;37.871;19.091;0;37
007028;Fontainemore;31.709;1.785;5.364;8.165;45;117;173;14.125;68.324;13.542;0;158
007029;Gaby;32.879;5.119;6.147;7.303;21;50;249;23.906;69.318;2.798;0;131
006011;Balzola;16.619;0;17.636;67.17;0;424;1408;0;0;0;0;0
007032;Gressoney-La-Trinité;66.515;3.468;4.107;5.05;34;53;202;78.175;9.335;9.521;0;77
007030;Gignod;25.983;5.6;5.823;6.015;34;42;130;14.998;38.964;20.167;0;30
007031;Gressan;25.294;3.961;15.008;22.045;234;458;2380;15.253;30.177;46.564;0;518
007034;Hône;12.638;12.13;14.456;17.606;198;261;983;58.649;15.802;15.445;0;75
007036;Issime;34.674;6.731;9.128;12.09;19;48;303;43.349;52.639;2.59;0;83
007035;Introd;20.038;2.166;2.346;2.6;3;8;14;45.633;41.646;12.476;0;56
007037;Issogne;23.584;6.437;9.706;15.214;168;336;1396;44.03;43.843;10.605;0;236
007045;Nus;57.359;2.418;4.618;6.349;69;240;1838;43.353;45.775;10.76;0;404
007038;Jovençan;7.012;5.077;6.56;12.764;0;16;151;10.183;39.703;32.901;0;18
007054;Quart;62.025;6.555;8.803;19.807;49;142;1095;38.72;24.24;29.886;0;162
007039;La Magdeleine;8.937;4.274;6.221;6.77;1;4;9;33.21;60.602;6.165;0;8
007040;La Salle;83.943;1.748;5.317;8.788;109;183;1292;80.091;12.629;6.655;0;373
007041;La Thuile;125.667;2.697;4.432;4.966;30;82;375;31.882;62.297;5.479;0;91
007042;Lillianes;18.545;4.023;4.751;5.576;55;136;321;27.83;35.082;36.22;0;177
007043;Montjovet;18.76;6.914;11.503;13.385;68;359;578;13.305;65.97;11.887;0;299
007044;Morgex;43.628;3.356;6.326;11.669;171;336;1841;15.873;50.103;21.683;0;289
007046;Ollomont;53.482;4.925;10.598;10.959;22;80;151;76.029;12.602;9.001;0;81
007047;Oyace;30.56;1.286;1.666;4.26;24;27;152;86.387;9.951;3.295;0;46
007048;Perloz;23.266;4.784;5.355;5.592;6;13;31;61.777;20.145;16.638;0;84
007055;Rhêmes-Notre-Dame;86.833;4.046;9.775;10.929;8;43;107;60.81;33.387;4.803;0;9
007049;Pollein;15.327;9.206;15.959;27.102;71;396;1390;34.854;24.493;26.372;0;447
007064;Saint-Rhémy-en-Bosses;64.877;5.902;8.157;9.1;11;29;79;51.189;36.589;12.018;0;54
007050;Pontboset;33.558;0.98;7.956;8.055;35;42;53;71.02;27.612;0.808;0;160
007051;Pontey;15.753;4.285;9.681;15.546;54;152;778;2.076;68.343;12.08;0;109
007067;Torgnon;42.458;4.428;5.005;6.458;10;32;55;36.796;34.837;28.343;0;95
006012;Basaluzzo;15.053;2.073;21.644;25.517;3;40;45;0.007;0;0;0;0
007052;Pont-Saint-Martin;6.922;2.875;6.631;15.14;114;206;987;20.384;41.794;13.97;0;420
007068;Valgrisenche;113.476;8.645;8.821;9.037;9;16;53;50.026;35.86;13.279;0;32
007053;Pré-Saint-Didier;33.402;12.224;12.85;14.305;57;96;256;60.041;21.226;18.2;0;180
007056;Rhêmes-Saint-Georges;36.339;16.418;16.734;16.957;12;18;54;67.704;29.737;2.152;0;29
006013;Bassignana;28.712;59.184;59.184;59.888;34;34;34;0;0.181;0;0;1
007071;Valtournenche;116.15;3.497;4.627;5.109;37;79;908;28.452;45.336;18.151;0;333
007057;Roisan;14.641;2.254;3.36;4.221;18;61;102;7.151;37.791;40.462;0;80
008001;Airole;14.627;2.625;2.625;2.625;20;20;20;0.526;12.402;81.657;5.271;15
008002;Apricale;19.936;0.075;0.075;0.075;0;0;0;0.04;13.137;54.685;32.143;121
007058;Saint-Christophe;14.736;2.355;3.176;14.407;52;96;1256;6.793;37.052;26.534;0;61
008006;Badalucco;16.138;1.332;1.661;1.989;327;457;647;0.576;10.032;46.022;42.205;13
007059;Saint-Denis;11.387;1.396;2.283;3.697;4;7;15;14.613;23.773;61.553;0;139
008007;Bajardo;24.32;0;0;0;0;0;0;0.206;16.982;50.156;32.656;146
007060;Saint-Marcel;42.378;8.023;9.838;12.499;12;214;1047;45.29;45.651;8.792;0;257
007061;Saint-Nicolas;15.458;2.342;2.504;2.717;3;5;40;17.997;39.022;41.286;0;21
008008;Bordighera;10.699;2.626;6.935;10.431;512;2052;3620;0.589;11.151;32.012;41.845;330
007062;Saint-Oyen;9.421;8.258;13.767;16.166;44;52;123;60.004;29.636;7.908;0;73
007063;Saint-Pierre;26.177;4.034;4.557;9.191;55;86;1259;23.181;12.469;58.28;0;138
007065;Saint-Vincent;20.572;2.907;3.962;9.843;75;196;2501;21.908;33.57;43.331;0;337
008009;Borghetto d'Arroscia;25.939;0.316;0.405;0.459;16;23;26;0.505;8.115;55.8;34.863;72
007066;Sarre;28.29;2.531;3.15;6.239;314;723;2542;23.796;48.611;23.358;0;743
007069;Valpelline;31.447;2.204;4.802;6.624;15;46;285;33.405;50.812;12.265;0;36
007070;Valsavarenche;138.207;3.652;7.441;8.577;6;22;102;56.257;37.797;5.618;0;36
007072;Verrayes;22.355;1.727;3.051;6.611;53;175;506;12.288;40.608;46.79;0;222
007073;Verrès;8.387;12.961;18.362;30.762;106;296;1646;16.716;34.088;13.998;0;289
008010;Borgomaro;23.436;0.111;0.111;0.111;17;17;17;1.267;13.667;68.954;15.681;100
007074;Villeneuve;8.798;4.331;5.933;10.627;25;77;324;30.518;32.519;26.426;0;352
008003;Aquila d'Arroscia;10.06;0;0;0;0;0;0;0.338;13.877;69.881;15.567;7
008004;Armo;10.092;0;0;0;0;0;0;0.426;8.254;62.356;25.644;29
008011;Camporosso;17.948;5.722;8.012;11.667;715;1415;2156;0.891;6.714;26.828;50.407;326
008005;Aurigo;9.143;0.011;0.011;0.011;0;0;0;0.098;12.315;68.511;19.075;5
008012;Caravonica;4.471;0;0;0;0;0;0;0.313;8.387;82.51;8.768;25
008014;Castellaro;7.861;0;0;0;0;0;0;0.216;4.681;42.488;52.143;30
008015;Castel Vittorio;25.928;0.17;0.177;0.189;0;0;0;0.582;13.167;46.205;40.046;126
008016;Ceriana;31.792;0;0;0;0;0;0;1.95;14.255;59.141;23.993;405
008017;Cervo;3.595;1.919;1.919;3.115;68;69;97;0;10.793;71.766;9.096;57
008019;Chiusanico;13.507;0.637;0.733;0.814;15;16;17;0.074;12.371;73.754;12.586;18
008021;Cipressa;9.393;1.171;1.32;1.32;21;22;22;0.181;9.166;44.799;43.096;111
008018;Cesio;8.857;0;0;0;0;0;0;0.406;2.732;49.34;47.488;1
008020;Chiusavecchia;4.092;4.008;4.423;4.643;106;110;115;1.588;7.234;57.136;28.104;68
008022;Civezza;3.88;2.062;2.268;2.268;10;11;12;0.412;1.856;50.773;44.51;7
008023;Cosio d'Arroscia;40.555;0.175;0.175;0.175;0;0;0;0.483;1.704;15.027;7.612;32
008024;Costarainera;2.52;2.024;2.063;2.976;19;20;46;0.278;2.937;70.079;23.81;4
008025;Diano Arentino;8.334;0.144;0.144;0.144;1;1;1;4.788;19.498;46.208;28.534;346
008032;Isolabona;12.347;1.596;1.701;1.839;93;114;129;0.907;14.36;44.416;39.856;51
008033;Lucinasco;7.897;0.507;0.519;0.519;7;8;8;0;10.346;51.273;37.47;2
008037;Montegrosso Pian Latte;10.026;0;0;0;0;0;0;1.167;11.52;46.569;40.744;3
008038;Olivetta San Michele;13.838;1.424;1.424;1.424;8;8;8;0.159;17.488;71.853;10.038;2
008026;Diano Castello;6.112;1.554;1.669;1.734;32;34;35;0.033;1.309;29.679;57.183;7
008027;Diano Marina;6.662;18.403;19.634;19.754;3667;3836;3840;2.011;1.576;17.607;52.567;13
008028;Diano San Pietro;11.913;0.688;0.755;1.066;33;40;59;0.445;4.919;66.121;27.382;85
008029;Dolceacqua;20.285;1.77;1.987;2.194;307;423;451;0.335;16.564;32.857;47.996;266
008030;Dolcedo;19.795;0.01;0.01;0.01;0;0;0;0.333;3.587;48.194;47.239;65
008031;Imperia;45.469;2.652;3.259;3.715;2620;3529;4491;0.312;8.234;54.877;27.076;1336
008034;Mendatica;30.691;0;0;0;0;0;0;1.6;14.74;16.344;7.947;137
008035;Molini di Triora;58.047;0.508;0.534;0.553;36;43;56;0.923;5.926;66.524;25.92;51
008039;Ospedaletti;5.5;1.327;1.545;1.745;146;174;197;0.673;10.764;59.109;27.545;473
008040;Perinaldo;20.299;0.005;0.015;0.015;0;0;0;1.099;19.134;68.033;11.735;64
008041;Pietrabruna;10.225;0.469;0.469;0.469;1;1;1;0.773;3.247;48.421;46.719;25
008042;Pieve di Teco;40.505;0.437;0.57;0.721;81;112;166;0.662;7.555;62.637;28.893;109
008043;Pigna;53.23;0.334;0.359;0.381;60;77;91;1.257;9.919;27.458;61.21;99
008045;Pontedassio;13.313;1.728;1.818;2.163;171;171;176;0.458;6.603;75.107;14.82;272
008046;Pornassio;27.211;0.18;0.202;0.202;10;14;14;0.68;8.533;39.429;16.229;76
008047;Prelà;14.803;0;0;0;0;0;0;0.128;3.797;57.394;38.675;18
008044;Pompeiana;5.38;0.037;0.037;0.037;0;0;0;0.297;4.349;38.625;56.729;4
008048;Ranzo;10.856;0.663;0.995;1.446;20;38;64;0.396;7.894;77.137;10.151;76
008049;Rezzo;37.368;0;0;0;0;0;0;0.393;19.704;49.2;30.703;15
008050;Riva Ligure;2.073;10.854;13.266;14.279;336;429;510;0.096;5.162;53.256;11.626;15
008051;Rocchetta Nervina;15.285;0;0;0;0;0;0;0.177;14.236;18.436;66.215;8
008052;San Bartolomeo al Mare;10.88;2.472;3.309;5.956;353;589;1292;0.469;2.767;52.445;34.007;9
008053;San Biagio della Cima;4.307;0.232;2.229;2.229;17;165;165;0.929;6.037;54.609;35.547;179
008054;San Lorenzo al Mare;1.348;10.386;13.131;14.021;179;242;275;0.742;5.564;57.715;13.947;53
008055;Sanremo;56.007;1.264;1.943;2.38;1763;3766;5940;1.534;23.127;43.698;27.425;14607
008056;Santo Stefano al Mare;2.708;2.696;3.176;3.434;155;196;217;0.037;4.21;42.356;42.688;136
008065;Ventimiglia;53.831;4.078;5.634;6.652;1964;5470;6622;1.479;8.887;64.128;14.629;1654
008057;Seborga;4.87;0;0;0;0;0;0;6.345;5.175;61.068;27.433;20
008058;Soldano;3.466;0.26;2.395;2.395;14;170;170;2.25;22.851;70.312;2.683;229
008059;Taggia;31.363;2.774;4.387;6.205;1278;2312;3184;0.88;5.666;32.162;51.044;42
008060;Terzorio;1.925;0;0;0;0;0;0;0.104;3.532;42.286;54.13;2
008061;Triora;67.606;0;0;0;0;0;0;2.541;12.682;45.688;32.741;131
008062;Vallebona;5.881;0.051;0.051;0.051;0;0;0;0.34;31.389;43.122;25.149;265
008063;Vallecrosia;3.722;4.944;22.166;31.059;871;3847;4907;2.794;22.783;24.288;13.38;341
008064;Vasia;11.151;0;0;0;0;0;0;0.287;5.076;50.04;44.597;1
008066;Vessalico;10.464;0.86;1.347;1.625;60;79;97;0.306;4.998;79.329;15.214;15
008068;Montalto Carpasio;29.966;0.384;0.417;0.514;13;18;27;0.384;6.581;23.907;68.885;32
009001;Alassio;17.255;2.121;2.591;2.782;2321;2790;2941;1.003;4.816;62.254;26.433;266
009002;Albenga;36.589;11.479;14.849;22.597;2683;4866;14387;0;0.5;12.31;40.917;9
009004;Albisola Superiore;28.677;2.657;3.797;8.721;1269;3590;6236;0.143;0.872;20.78;35.746;10
008067;Villa Faraldi;9.516;0;0;0;0;0;0;0.126;9.016;57.219;33.565;14
009003;Albissola Marina;3.246;8.534;8.811;13.155;1632;1654;2319;0.185;12.23;22.643;38.94;430
009005;Altare;11.296;3.736;5.241;8.941;89;198;414;0.301;0.204;0.301;2.762;1
009006;Andora;31.822;2.124;2.904;4.654;510;1249;2159;0.242;3.042;33.628;51.885;61
009010;Bergeggi;3.69;2.385;2.575;2.737;70;75;80;1.274;6.152;41.382;32.791;69
009012;Borghetto Santo Spirito;5.403;9.55;16.435;19.582;1559;2677;3027;0;4.368;18.564;45.382;16
009016;Calice Ligure;20.603;0.296;0.413;0.534;55;82;106;0.956;15.886;41.135;12.988;185
009007;Arnasco;6.093;0;0;0;0;0;0;0.476;2.068;66.716;30.396;1
009008;Balestrino;11.273;0.009;0.053;0.053;0;0;0;2.865;8.214;25.752;59.824;26
009009;Bardineto;29.793;2.242;2.45;2.658;15;19;19;0;0.05;2.192;0.238;0
009011;Boissano;8.352;0;0;0;0;0;0;1.844;8.369;33.669;55.711;304
009013;Borgio Verezzi;2.766;6.038;7.52;8.93;304;421;452;0.253;3.001;11.569;58.532;53
009014;Bormida;22.471;0.605;0.961;1.451;17;32;49;0;1.064;0.009;0.049;10
009015;Cairo Montenotte;100.403;2.531;3.278;4.407;1889;2531;4886;0.049;2.81;0.195;0.265;45
009017;Calizzano;62.744;1.696;2.088;2.63;172;224;314;0.099;0.607;0.08;0;16
009018;Carcare;10.4;2.615;5.365;8.817;273;634;1216;0.163;1.154;0;0;49
009019;Casanova Lerrone;24.23;0;0;0;0;0;0;0.037;2.637;24.994;70.297;16
009022;Celle Ligure;9.561;1.558;2.092;2.27;378;578;644;0.241;13.733;37.057;38.814;876
009023;Cengio;18.962;5.49;6.318;7.167;530;776;1103;3.438;5.622;9.429;0;214
009020;Castelbianco;14.704;0;0;0;0;0;0;9.038;24.293;60.399;3.74;7
009021;Castelvecchio di Rocca Barbena;16.143;0;0;0;0;0;0;2.806;9.992;48.9;14.223;8
009024;Ceriale;11.153;2.224;3.542;7.953;340;570;974;0;1.847;2.528;79.736;68
009025;Cisano sul Neva;12.273;1.744;2.298;2.868;105;134;204;0.668;4.164;43.461;34.384;39
009026;Cosseria;12.407;0.048;0.081;0.145;0;0;0;3.466;2.031;0;0;61
009027;Dego;66.814;2.485;2.868;3.423;277;308;506;0.37;7.398;0.307;0;59
009029;Finale Ligure;35.531;3.273;5.167;6.349;3492;4548;5039;2.316;15.933;21.528;40.536;1076
009028;Erli;16.73;0;0;0;0;0;0;6.707;13.598;69.54;6.593;35
009030;Garlenda;8.055;1.043;1.254;1.763;75;86;113;0.199;2.073;13.048;73.718;3
009031;Giustenice;17.224;0.186;0.197;0.314;5;5;8;1.213;12.599;79.476;4.215;85
009032;Giusvalla;19.702;1.051;1.69;2.888;18;22;32;0.406;3.69;0;0;17
009033;Laigueglia;2.774;2.704;2.812;2.812;208;215;215;0.36;12.076;51.37;27.541;20
009034;Loano;13.53;1.944;3.134;4.523;780;1312;1865;0.924;5.107;49.571;24.812;50
009043;Onzo;8.226;0;0;0;0;0;0;0;6.248;51.362;42.366;13
009045;Ortovero;9.659;4.949;6.17;6.937;87;123;137;0;3.209;29.454;55.461;44
009035;Magliolo;19.572;0.337;0.363;0.562;1;2;5;0.184;4.041;86.7;7.076;14
009036;Mallare;31.73;1.484;2.502;4.185;57;113;342;0;2.052;0.072;0.18;26
009037;Massimino;7.851;0;0;0;0;0;0;0.127;2.802;2.344;0;2
009038;Millesimo;15.958;6.216;7.119;7.77;567;668;708;0.608;3.39;0;0;10
009039;Mioglia;19.298;1.689;2.275;2.726;46;69;83;0.389;1.777;0;0;10
009040;Murialdo;39.221;2.351;2.519;3.032;60;75;120;0.082;0.528;0.303;0;0
009041;Nasino;22.177;0.203;0.239;0.338;10;11;18;9.686;12.779;68.246;7.72;23
009042;Noli;9.668;1.738;2.017;2.079;471;581;617;1.314;33.295;34.475;26.552;681
009044;Orco Feglino;17.313;0.306;0.433;0.468;38;51;56;0.485;27.806;51.233;12.164;170
009050;Plodio;8.645;0;0;0;0;0;0;0;1.677;0;0;1
009051;Pontinvrea;24.946;0.898;1.142;1.331;14;19;26;0.228;1.868;1.527;0.056;6
009052;Quiliano;49.936;1.163;2.031;3.699;789;1789;2994;0.28;10.928;37.466;44.012;415
009053;Rialto;19.597;0;0;0;0;0;0;0.02;23.8;51.855;22.519;138
009054;Roccavignale;17.707;0.497;0.695;1.231;12;20;22;0.051;1.643;0;0;1
009055;Sassello;100.655;0.856;1.237;1.339;77;105;121;0.6;3.291;3.518;0.152;13
009056;Savona;65.374;2.114;3.46;6.854;11113;18447;26470;0.399;3.537;9.273;67.374;480
009057;Spotorno;8.019;2.743;3.841;4.427;422;611;767;0.574;12.757;42.911;32.298;182
009058;Stella;43.681;0.101;0.13;0.602;2;3;18;0.188;9.13;42.888;39.924;524
009059;Stellanello;17.776;1.035;1.558;2.171;57;75;143;0.079;8.658;85.306;3.077;13
009061;Toirano;18.965;0.543;0.875;1.134;151;231;311;0.037;4.598;21.519;66.929;13
009060;Testico;10.287;0;0.029;0.029;0;0;0;0.389;15.155;33.401;50.938;38
009062;Tovo San Giacomo;9.447;1.186;1.313;1.683;45;45;76;1.26;12.639;61.85;17.91;276
009063;Urbe;31.169;0.484;0.545;0.549;18;22;23;3.738;2.981;17.363;0;65
009064;Vado Ligure;23.894;2.231;4.867;6.253;1893;2712;3317;0.239;4.26;17.825;54.219;98
009065;Varazze;48.01;0.587;0.858;1.416;721;1456;2834;0.598;30.777;34.566;31.169;2573
009067;Vezzi Portio;8.762;0;0;0;0;0;0;2.556;21.502;46.61;26.09;193
009068;Villanova d'Albenga;15.868;4.651;5.325;8.281;196;252;534;0.095;1.859;27.735;50.92;5
009066;Vendone;9.915;0;0;0;0;0;0;8.058;19.042;60.877;12.022;19
009069;Zuccarello;10.807;1.323;1.758;1.925;110;144;167;1.388;11.446;70.029;11.141;7
010001;Arenzano;24.305;0.658;0.905;1.173;363;704;1058;1.716;50.496;27.924;17.926;804
010003;Bargagli;16.276;0.031;0.031;0.043;5;6;7;0.627;66.589;24.508;8.079;2264
010004;Bogliasco;4.423;0.497;0.543;0.882;161;180;233;0.995;44.698;35.994;15.6;729
010005;Borzonasca;80.513;0.083;0.106;0.166;66;104;205;3.427;41.165;33.645;14.521;859
010006;Busalla;17.106;3.145;3.893;4.846;864;1036;1198;2.8;1.97;2.233;0;33
010002;Avegno;10.932;0.055;0.091;0.119;10;17;23;0;51.875;36.343;11.489;936
010007;Camogli;10.008;0.33;0.46;0.46;90;96;97;4.696;25.779;38.879;28.557;554
010008;Campo Ligure;23.74;1.201;1.71;2.022;509;749;849;12.043;5.215;9.28;0;54
010009;Campomorone;25.907;0.575;0.76;1.031;459;541;786;2.385;30.525;36.882;8.449;829
010011;Casarza Ligure;27.822;1.057;1.391;3.961;565;713;2098;5.359;7.163;42.567;42.495;362
010013;Castiglione Chiavarese;29.75;0.091;0.114;0.171;7;13;24;3.415;7.778;60.165;28.017;445
010010;Carasco;8.461;13.344;20.435;25.446;784;1607;2420;0.567;15.53;35.445;26.983;228
010012;Casella;8.066;7.054;7.811;13.204;46;51;142;4.017;5.083;2.542;0.05;278
010014;Ceranesi;30.693;0.306;0.371;0.557;119;150;213;1.886;24.944;31.131;11.162;1034
010015;Chiavari;12.28;14.617;18.518;20.611;13807;17215;18474;0.554;25.195;33.974;19.039;1579
010016;Cicagna;11.288;2.764;3.145;4.819;206;236;449;0.186;34.16;41.478;15.326;405
010017;Cogoleto;20.723;1.124;1.597;2.109;981;1250;1663;1.486;29.605;27.39;37.509;348
010021;Davagna;20.525;0.122;0.132;0.141;6;7;9;2.533;67.917;22.378;6.543;1277
010018;Cogorno;9.087;6.361;9.046;9.97;2064;2870;3080;0.011;13.657;36.25;41.345;464
010019;Coreglia Ligure;8.002;1.387;1.75;2.237;6;11;19;0.362;33.404;45.176;17.058;83
010022;Fascia;11.254;0.711;0.8;0.88;0;0;0;7.126;6.131;1.937;0;34
010020;Crocefieschi;11.725;0;0;0;0;0;0;3.096;10.729;0.068;0;36
010023;Favale di Malvaro;16.616;0.331;0.397;0.451;7;29;46;11.332;52.702;14.534;3.424;266
009046;Osiglia;28.174;3.092;3.283;3.51;45;59;82;0.067;2.126;0;0;27
009047;Pallare;21.332;1.261;2.199;2.944;63;148;236;0.127;1.003;0.319;0;2
009048;Piana Crixia;30.445;2.197;2.982;3.744;34;55;75;0;3.442;0;0;42
009049;Pietra Ligure;9.844;5.059;7.72;10.707;1439;2280;3264;0.315;3.291;22.989;51.95;190
010030;Lorsica;17.718;0.485;0.564;0.666;28;36;46;1.236;30.59;21.199;7.1;159
010031;Lumarzo;25.508;0.024;0.039;0.047;4;7;9;3.336;57.296;35.475;3.552;888
010032;Masone;29.441;1.416;1.715;2.609;354;606;880;1.45;2.656;4.806;0.112;129
010033;Mele;16.934;0.094;0.1;0.106;35;35;38;2.15;29.255;37.31;29.267;663
010034;Mezzanego;28.65;0.834;1.033;1.075;111;147;162;0.485;37.026;33.581;22.545;300
010040;Ne;63.521;0.924;1.1;1.411;448;539;641;0.567;36.731;32.522;25.171;601
010024;Fontanigorda;16.163;0.903;1.015;1.287;1;1;1;5.197;11.619;18.122;0;155
010025;Genova;240.654;2.721;3.751;4.759;48546;78207;101864;2.627;28.557;31.939;26.024;30148
010026;Gorreto;18.876;1.51;1.679;1.881;17;25;36;2.887;4.895;30.785;0;3
010027;Isola del Cantone;47.967;0.936;1.203;1.428;155;194;232;6.156;3.204;4.29;0;20
010028;Lavagna;13.868;9.908;10.542;11.415;7119;7431;7716;0.014;14.696;26.024;38.181;205
010029;Leivi;9.71;2.616;2.945;3.296;38;59;77;1.164;39.145;52.925;5.819;656
010035;Mignanego;16.272;1.057;1.346;1.475;251;288;307;3.896;35.706;39.454;6.213;786
010036;Moconesi;16.309;0.773;1.006;2.226;90;145;445;2.821;27.42;33.583;16.439;880
010037;Moneglia;15.611;0.57;0.743;0.846;206;292;348;4.958;12.203;57.107;21.709;243
010038;Montebruno;17.679;1.686;1.918;3.032;48;61;97;0.933;2.551;6.697;0;1
010039;Montoggio;47.725;0.899;1.14;1.404;208;333;492;1.186;1.222;4.976;0.067;70
010045;Propata;16.931;1.406;1.406;1.406;0;0;0;4.979;8.995;22.804;0;35
010046;Rapallo;33.63;1.335;3.381;4.808;2100;7707;12070;0.149;38.177;33.277;23.646;1279
010047;Recco;9.786;1.349;2.902;4.476;276;1536;3443;0.235;45.044;30.656;19.855;1311
010048;Rezzoaglio;104.719;1.655;2.116;2.256;54;117;137;1.786;4.048;2.013;0.049;202
010049;Ronco Scrivia;30.111;2.78;3.424;4.327;662;930;1073;2.972;6.22;0.06;0;98
010050;Rondanina;12.808;2.865;2.865;2.865;1;1;1;4.653;5.879;4.708;0;14
010051;Rossiglione;47.593;0.786;0.96;1.141;444;689;936;6.102;4.656;0.664;0;272
010052;Rovegno;44.086;1.561;1.762;1.973;1;5;14;7.953;6.553;8.903;0;136
010053;San Colombano Certenoli;41.575;3.223;3.697;4.178;372;540;749;0.967;36.459;40.113;19.187;853
010054;Santa Margherita Ligure;10.055;1.88;2.815;3.053;1284;2188;2378;2.616;19.413;32.66;39.682;540
010055;Sant'Olcese;21.902;0.868;1.201;1.817;413;485;775;8.849;37.919;37.832;12.944;1754
010056;Santo Stefano d'Aveto;54.773;0.949;0.953;0.953;7;7;7;5.979;6.883;1.176;0.002;511
010057;Savignone;21.7;1.217;1.355;2.055;284;309;435;6.078;7.719;10.037;0.014;829
010058;Serra Riccò;26.206;1.565;1.786;2.278;282;308;614;2.511;37.785;45.337;10.723;1557
010059;Sestri Levante;33.624;1.951;3.441;7.01;1726;4126;9711;1.523;15.852;47.222;19.581;372
010060;Sori;13.066;0.39;0.543;0.727;292;410;527;0.696;36.078;46.954;15.253;1176
010061;Tiglieto;24.537;0.717;0.721;0.721;2;2;2;4.243;2.894;8.746;0.004;111
010062;Torriglia;60.015;1.068;1.078;1.086;4;4;4;1.268;2.769;2.668;0.005;197
010065;Valbrevenna;34.671;0.254;0.291;0.3;10;10;10;2.189;3.331;5.088;0;75
010066;Vobbia;33.426;0.159;0.182;0.335;38;45;58;4.526;4.458;7.527;0;69
010067;Zoagli;7.788;0.193;0.193;0.193;23;23;23;0.514;47.65;30.329;20.506;528
010063;Tribogna;7.078;2.049;2.515;5.75;29;41;78;5.948;36.889;50.452;5.849;262
010064;Uscio;9.633;0.052;0.052;0.052;0;0;0;0.986;39.261;43.258;14.627;781
011001;Ameglia;14.194;23.728;40.855;41.419;2082;2824;2927;3.114;2.98;20.311;27.364;14
011002;Arcola;16.538;28.238;33.626;34.66;3834;4341;4518;0.411;0.139;35.524;22.989;65
011003;Beverino;34.945;12.537;13.418;14.377;328;371;517;1.686;1.708;22.332;60.235;15
011004;Bolano;14.566;4.957;8.321;9.831;1073;1826;2247;1.188;13.051;37.347;36.173;553
011005;Bonassola;9.19;0.675;0.936;0.936;110;148;148;2.481;10.914;32.535;42.709;34
011006;Borghetto di Vara;27.337;5.012;5.275;5.436;241;246;254;6.771;3.497;5.355;79.266;99
011008;Calice al Cornoviglio;33.754;1.481;1.706;1.778;16;18;22;5.487;12.384;31.564;48.922;93
011009;Carro;31.792;0.645;0.975;1.038;2;4;7;0;1.573;25.878;71.515;2
011010;Carrodano;21.863;2.877;3.449;3.769;13;21;25;0.005;1.651;16.32;78.47;6
011011;Castelnuovo Magra;15.017;10.342;19.897;21.183;320;1768;1909;0.639;12.06;43.464;22.634;245
011007;Brugnato;11.901;12.461;13.293;23.519;77;93;907;10.402;4.907;6.092;55.18;53
011012;Deiva Marina;14.086;0.433;0.902;1.526;78;147;333;4.6;14.497;42.39;33.104;179
011013;Follo;23.27;8.358;11.087;13.606;1187;1434;1620;0.344;4.431;27.232;53.094;74
011014;Framura;19.26;0.431;0.872;0.94;7;12;14;4.19;12.316;28.183;44.714;197
011015;La Spezia;51.586;1.851;4.145;4.191;5603;17755;17775;2.388;10.609;15.882;42.161;2996
011016;Lerici;16.013;6.688;7.1;7.175;361;546;559;1.505;8.743;15.5;48.954;856
011017;Levanto;36.814;0.272;1.619;1.622;273;1949;1949;2.016;15.236;29.684;48.699;476
011018;Maissana;45.427;0.361;0.531;0.59;9;18;18;0.253;4.136;38.079;56.973;52
011019;Monterosso al Mare;10.943;1.133;1.243;1.27;261;289;299;6.141;8.261;35.639;47.163;267
011020;Luni;13.856;12.24;13.518;17.076;1916;2100;2977;0.433;4.489;48.607;35.739;160
011022;Portovenere;7.658;2.455;2.559;2.559;295;299;299;1.149;5.746;10.786;53.695;45
011021;Pignone;17.746;2.457;2.671;2.671;131;150;150;2.97;2.147;11.586;80.57;28
011023;Riccò del Golfo di Spezia;37.763;1.456;1.933;2.336;222;290;430;0.23;2.659;13.492;80.693;65
011024;Riomaggiore;10.292;0.34;0.457;0.486;77;117;134;6.044;6.073;33.647;49.563;70
011025;Rocchetta di Vara;32.664;2.501;2.513;2.526;74;75;75;8.297;6.922;31.178;52.158;54
011026;Santo Stefano di Magra;13.853;8.265;17.065;20.414;634;1637;2108;0;3.848;27.366;48.574;53
011027;Sarzana;34.543;27.818;42.376;46.105;3262;7643;8796;0;1.251;19.451;31.868;42
011028;Sesta Godano;67.776;1.8;2.234;2.352;58;70;77;0.896;7.222;18.284;71.357;66
011029;Varese Ligure;137.588;1.558;1.941;2.106;112;205;294;4.154;5.041;36.28;46.06;120
011030;Vernazza;12.302;0.61;0.61;0.61;203;204;204;8.649;15.924;35.45;38.636;263
011031;Vezzano Ligure;18.368;28.185;36.275;37.353;1019;1387;1479;0.915;1.524;26.47;31.228;75
011032;Zignago;28.701;0.613;0.613;0.613;0;0;0;9.338;9.791;33.758;46.748;40
012001;Agra;2.828;0;0;0;0;0;0;4.066;0.035;0;0;5
015070;Cernusco sul Naviglio;13.31;0;0;0;0;0;0;0;0;0;0;0
017090;Lodrino;16.499;0.849;1.158;1.188;7;7;7;7.097;50.409;0.091;0;254
012002;Albizzate;3.886;2.007;7.488;9.47;25;99;182;0;0;0;0;0
015171;Peschiera Borromeo;23.221;1.748;12.437;22.045;5;1086;1762;0;0;0;0;0
012003;Angera;17.726;26.96;30.351;32.906;147;392;660;0.011;0;0.011;0;0
012004;Arcisate;12.126;8.395;8.535;12.667;217;253;575;4.049;0.074;0.981;0;74
012005;Arsago Seprio;10.506;0;0.723;0.723;0;0;0;0;0;0;0;0
017092;Lonato del Garda;68.195;8.498;10.803;11.624;777;2175;2275;0;0;0.82;0;0
012006;Azzate;4.506;8.677;9.01;19.574;224;225;296;0.599;0.044;1.309;0;11
017095;Lozio;23.743;0.046;0.046;0.147;0;0;0;7.56;25.578;0.097;0;7
017096;Lumezzane;31.718;1.602;1.602;2.424;918;918;2144;1.624;0.003;0.823;0;793
012007;Azzio;2.172;3.085;3.453;3.453;5;5;5;0.967;0;0;0;2
012010;Bedero Valcuvia;2.564;0.195;2.067;2.457;0;3;11;0;0.078;0;0;0
012008;Barasso;3.94;0;0.406;2.056;0;1;73;0.964;9.543;1.421;0;23
012071;Galliate Lombardo;3.275;30.687;32.489;35.237;2;4;6;0;0;0;0;0
012011;Besano;3.432;4.254;4.254;4.808;79;79;83;2.914;5.041;0.728;0;26
012073;Gazzada Schianno;4.841;1.322;1.735;4.338;55;66;258;0;0;0;0;0
017101;Malonno;31.457;5.112;5.62;8.574;700;739;2097;9.298;4.692;6.711;0;89
012012;Besnate;7.477;0.201;2.421;2.421;0;49;49;0;0;0;0;0
012013;Besozzo;13.945;11.517;11.782;12.076;1;5;18;0.007;0;0;0;0
017104;Marcheno;22.739;0.677;0.888;2.397;298;346;947;1.935;1.355;2.414;0;55
012014;Biandronno;9.521;53.818;54.354;55.099;122;158;221;0;0;0;0;0
012019;Brenta;4.182;7.891;9.684;19.177;138;185;975;0.598;1.841;9.852;0;29
012015;Bisuschio;7.03;1.166;6.97;9.858;92;215;652;2.802;0.811;2.745;0;203
012026;Busto Arsizio;30.66;0.059;0.134;1.106;0;0;46;0;0;0;0;0
017105;Marmentino;18.035;0.261;0.283;0.283;0;0;0;0.904;7.058;0.017;0;6
012016;Bodio Lomnago;4.039;17.9;19.039;20.574;7;10;20;0;0;0;0;0
012044;Castelseprio;3.751;4.932;7.305;13.117;0;0;1;0.347;0;0;0;0
012017;Brebbia;6.869;22.187;23.278;25.928;36;65;123;0.175;0.233;0;0;2
017106;Marone;23.931;39.731;39.881;41.448;142;215;1293;0.355;22.962;1.96;0;138
012020;Brezzo di Bedero;9.948;38.812;38.973;39.204;10;14;20;0.653;0;0.01;0;2
017111;Monte Isola;12.605;66.013;66.386;66.505;95;152;177;1.174;1.365;6.196;0;29
012021;Brinzio;6.396;0;0.141;0.141;0;0;0;0.031;0;0;0;0
012082;Inarzo;2.434;38.948;44.659;47.864;25;28;30;0;0;0;0;0
012022;Brissago-Valtravaglia;6.085;0.148;0.148;2.777;10;10;343;1.2;0;2.695;0;12
012083;Induno Olona;12.366;2.135;2.426;3.607;220;232;418;0.34;0.736;0.016;0;4
012023;Brunello;1.62;1.79;4.938;5.864;1;2;3;0;0;0;0;0
012024;Brusimpiano;5.906;33.762;33.864;39.282;60;64;877;3.657;22.858;5.334;0;80
012025;Buguggiate;2.505;11.737;12.854;14.651;1;1;1;2.515;1.118;1.756;0;7
012027;Cadegliano-Viconago;10.272;0.74;12.315;12.373;0;71;71;0.701;10.027;4.975;0;32
017112;Monticelli Brusati;10.891;0.358;1.46;1.873;9;339;405;0.588;1.001;2.415;0;11
012029;Cairate;11.264;3.862;15.279;19.709;42;487;800;0;0.178;0;0;0
012030;Cantello;9.133;0.668;1.423;1.599;0;1;1;0.219;0.745;0;0;2
012031;Caravate;5.127;0.215;0.234;1.989;0;0;3;2.867;0.78;0;0;47
010041;Neirone;30.256;0.139;0.142;0.235;29;30;64;5.781;50.089;28.146;7.116;629
017116;Muscoline;10.078;0.685;0.833;0.962;1;1;1;0;0;0;0;0
017117;Nave;27.212;1.628;2.209;12.921;806;982;6307;1.893;1.349;3.348;0;21
012032;Cardano al Campo;9.42;0.18;0.372;2.707;5;10;77;0;0;0;0;0
017118;Niardo;22.157;1.155;4.816;12.348;159;189;1865;5.89;21.253;8.043;0;120
010042;Orero;15.988;0.588;0.782;0.882;56;77;89;2.977;24.4;38.829;16.369;206
020018;Cavriana;36.874;0.48;0.586;0.586;4;5;5;0;0;0;0;0
012033;Carnago;6.222;0.916;1.736;1.736;0;33;33;0;0;0;0;0
017124;Ono San Pietro;13.78;1.27;1.277;9.797;3;3;962;27.823;0.464;15.82;0;13
012034;Caronno Pertusella;8.545;5.196;11.363;28.66;13;128;2172;0;0;0;0;0
017125;Orzinuovi;47.868;6.497;6.902;11.421;59;66;127;0;0;0;0;0
012035;Caronno Varesino;5.749;0.209;1.739;2.07;0;2;2;0.052;0;0.017;0;0
017133;Palazzolo sull'Oglio;23.039;3.368;3.689;4.045;708;746;787;0;0;0;0;0
012036;Casale Litta;10.588;9.634;10.55;11.324;4;4;4;0;0;0;0;0
017136;Passirano;13.391;1.71;1.71;1.71;15;15;15;0;0;0;0;0
017137;Pavone del Mella;11.614;1.223;2.6;12.847;2;5;95;0;0;0;0;0
012037;Casalzuigno;7.326;0.655;1.31;1.638;1;2;3;0.137;0.15;4.245;0;8
012038;Casciago;4.045;0;0;0.643;0;0;48;1.335;0.247;0;0;2
017141;Pezzaze;21.489;0.005;2.187;2.55;0;514;595;0.084;6.157;4.244;0;507
012039;Casorate Sempione;6.909;0;0;0;0;0;0;0;0;0;0;0
012045;Castelveccana;20.81;35.478;36.742;38.582;24;53;272;0.404;0.284;1.389;0;19
012040;Cassano Magnago;12.324;4.885;20.837;39.224;171;1410;5866;0;0;0;0;0
012041;Cassano Valcuvia;4;0.4;0.6;3.275;0;1;3;19.05;0.2;5.925;0;163
012056;Cremenaga;4.551;0.747;4.153;10.305;28;151;423;5.164;8.394;6.152;0;48
012042;Castellanza;6.921;0.477;0.477;5.086;65;65;802;0;0;0;0;0
017142;Pian Camuno;10.945;0.85;6.222;29.566;6;358;3511;6.323;35.085;35.322;0;679
012043;Castello Cabiaglio;6.982;0.043;2.965;3.738;0;2;14;0;0;0.931;0;0
012057;Crosio della Valle;1.441;0;6.731;6.731;0;1;1;0;0;0;0;0
012046;Castiglione Olona;6.9;1.275;1.319;7.884;26;26;107;0;0;0;0;0
017143;Pisogne;49.227;12.956;15.323;18.008;1690;3248;5988;1.375;6.448;11.496;0;937
020019;Ceresara;37.611;4.711;5.387;5.387;1228;1231;1231;0;0;0;0;0
012047;Castronno;3.759;6.571;12.876;14.259;58;185;262;0;0;0;0;0
017145;Polpenazze del Garda;9.12;0;0;0.241;0;0;1;0;0.132;0;0;2
020027;Gonzaga;49.883;0;16.615;100.028;0;1441;9138;0;0;0;0;0
012048;Cavaria con Premezzo;3.32;6.235;6.596;26.084;64;66;1027;0;0;0;0;0
012049;Cazzago Brabbia;4.004;69.281;70.579;72.003;57;60;62;0;0;0;0;0
012050;Cislago;11.134;0.62;6.862;7.006;1;5;5;0;0;0;0;0
017149;Pontevico;29.207;14.544;14.544;16;347;347;399;0;0;0;0;0
012051;Cittiglio;11.107;1.278;1.936;1.936;241;374;374;0.207;0;0.063;0;12
017150;Pontoglio;11.086;18.077;21.911;21.911;1138;1654;1654;0;0;0;0;0
017151;Pozzolengo;21.326;2.987;2.987;3.024;14;14;14;0;0;0;0;0
012052;Clivio;2.984;0.134;0.838;0.838;0;5;5;0.067;0;0;0;0
012061;Curiglia con Monteviasco;10.854;0.037;0.037;0.276;0;0;0;11.572;0.94;8.439;0;0
012053;Cocquio-Trevisago;9.806;0.061;0.061;1.03;0;0;2;0;0;0.367;0;0
017156;Provaglio d'Iseo;16.16;5.328;5.712;10.978;23;25;1053;0;2.172;5.6;0;88
012054;Comabbio;4.687;0.341;0.341;0.341;8;8;8;0;0;0.235;0;0
012066;Duno;2.494;0;0;0;0;0;0;0.441;0.601;0;0;0
012055;Comerio;5.539;0.036;7.962;8.287;0;3;8;0.217;0.704;0.469;0;0
017157;Provaglio Val Sabbia;14.851;0;0.135;0.162;0;0;0;9.292;1.441;1.562;0;14
012058;Cuasso al Monte;16.184;1.112;1.767;3.312;56;70;678;1.885;0.995;3.269;0;54
017158;Puegnago del Garda;10.972;0;0;5.386;0;0;423;2.607;8.002;0;0;194
012059;Cugliate-Fabiasco;6.544;2.094;2.109;11.002;82;82;1907;1.222;3.698;8.909;0;168
017159;Quinzano d'Oglio;21.453;12.693;13.998;18.734;44;48;66;0;0;0;0;0
012060;Cunardo;6.059;2.426;2.426;4.258;30;30;55;0.957;0.512;0.033;0;23
017161;Rezzato;18.206;11.315;11.32;11.414;2524;2524;2566;0;0;0;0;0
010043;Pieve Ligure;3.557;0.084;0.225;0.253;8;20;24;1.378;46.416;36.098;14.394;971
017162;Roccafranca;19.132;5.039;12.837;12.936;11;24;25;0;0;0;0;0
012062;Cuveglio;7.488;0.775;8.093;15.732;30;57;1671;7.198;0.093;6.303;0;24
012063;Cuvio;5.959;2.249;7.283;13.543;31;63;720;0.201;0;6.259;0;30
010044;Portofino;2.531;0.869;0.909;1.067;92;95;123;0;21.81;35.362;40.972;12
017163;Rodengo Saiano;12.859;0;0;3.787;0;0;245;0.023;0.016;0.84;0;0
020030;Mantova;63.808;28.413;28.413;70.187;6428;6428;32550;0;0;0;0;0
012064;Daverio;4.025;0.174;0.174;1.317;0;0;5;0.149;0;0;0;0
012069;Ferrera di Varese;1.506;0;0.066;0.133;0;0;0;0.332;0.066;0;0;0
012065;Dumenza;18.415;0;0;0.809;0;0;236;6.413;0.081;11.219;0;13
012067;Fagnano Olona;8.681;2.361;10.632;13.178;22;421;427;0;0;0;0;0
012070;Gallarate;20.985;1.725;2.764;12.228;464;467;6106;0;0;0;0;0
012068;Ferno;8.634;0.243;0.243;6.845;0;0;524;0;0;0;0;0
017166;Rovato;26.094;0;0;0;0;0;1;0;0;0;0;0
020031;Marcaria;89.789;10.443;19.242;58.551;266;419;4771;0;0;0;0;0
012072;Gavirate;12.002;21.321;21.655;30.212;257;297;1751;1.483;0.008;10.848;0;37
012074;Gemonio;3.674;1.225;1.225;1.252;2;2;3;0.027;0;0;0;4
013021;Bene Lario;5.585;2.399;3.062;4.423;0;1;39;3.205;0.34;1.397;0;4
012075;Gerenzano;9.787;0.409;0.409;0.47;0;0;0;0;0;0;0;0
017170;Salò;27.305;39;39.029;39.685;38;44;289;0.846;1.798;0.535;0;60
012076;Germignaga;4.682;44.831;47.181;58.586;261;576;2558;3.439;1.089;9.035;0;65
017176;Sellero;14.471;1.652;1.7;6.62;82;82;420;5.328;2.218;15.127;0;31
012077;Golasecca;7.436;4.451;4.451;4.451;0;0;0;0;0.04;0;0;0
012078;Gorla Maggiore;5.158;3.121;3.121;3.16;0;0;0;0;0;0;0;0
012079;Gorla Minore;7.481;2.714;12.926;13.461;127;137;194;0;0;0;0;0
012086;Lavena Ponte Tresa;4.442;12.584;15.443;23.075;250;694;2068;0.405;2.927;6.866;0;532
012080;Gornate Olona;4.696;2.534;6.112;12.053;7;37;100;0.043;0;0;0;0
012110;Orino;3.725;0.215;0.215;0.215;4;4;4;0.134;0.081;0;0;0
012081;Grantola;2.021;1.039;4.701;32.558;37;121;916;0.544;0.99;17.269;0;58
017177;Seniga;13.572;38.513;39.891;43.184;59;59;344;0;0;0;0;0
017178;Serle;18.427;0;0;0;0;0;0;0.005;0.005;0;0;1
012084;Ispra;15.909;43.994;45.32;46.093;198;341;419;0.251;0;0;0;39
012116;Ranco;6.763;61.008;61.674;62.561;71;102;133;0;0;0;0;0
012085;Jerago con Orago;3.874;0.774;1.265;1.265;14;14;14;0;0;0;0;0
012117;Saltrio;3.439;0;0;0;0;0;0;0;0;9.974;0;0
012087;Laveno-Mombello;23.53;45.053;49.116;50.072;266;931;1530;0.871;0.272;0.429;0;72
012120;Sesto Calende;25.038;19.219;20.237;21.843;688;735;1745;0;1.274;0;0;11
012089;Lonate Ceppino;4.83;3.768;4.079;7.433;12;13;56;0;0.021;0;0;0
012090;Lonate Pozzolo;29.258;14.181;14.205;25.59;70;70;1538;0;0;0;0;0
017184;Temù;43.257;2.548;3.549;6.591;67;83;613;11.42;2.099;8.068;0;49
012088;Leggiuno;13.189;53.499;53.969;54.265;69;112;143;0;0;0;0;0
017185;Tignale;45.857;21.955;21.96;21.973;0;0;0;8.88;2.538;0;0;37
012091;Lozza;1.71;4.269;5.439;35.614;15;15;112;0;0;0;0;0
017190;Trenzano;20.102;1.169;1.249;1.249;102;102;102;0;0;0;0;0
012092;Luino;20.934;30.252;31.079;33.314;357;1062;2101;1.247;0.459;1.209;0;25
012093;Luvinate;4.071;0;0;7.074;0;0;23;3.365;0.368;1.67;0;2
012096;Malnate;9.001;6.921;13.01;13.754;104;136;200;0.022;0.422;0.278;0;1
012097;Marchirolo;5.49;0.182;16.193;19.927;26;55;567;0.073;0.619;1.093;0;3
013025;Blessagno;3.56;0;0;0;0;0;0;3.652;0.056;4.691;0;0
012098;Marnate;4.846;2.249;3.26;5.159;122;217;304;0;0;0;0;0
012099;Marzio;1.858;0;0.054;0.054;0;0;0;0.108;0.054;0;0;0
012100;Masciago Primo;1.808;0.553;0.94;0.94;0;1;1;0;0;0;0;0
012122;Solbiate Olona;4.931;2.677;2.677;3.143;26;26;96;0;0;0;0;0
012101;Mercallo;5.482;0;0;0;0;0;0;0;0;0;0;0
012123;Somma Lombardo;30.505;5.458;7.484;9.13;34;38;63;0;0;0;0;0
017191;Treviso Bresciano;17.733;0;0;0.028;0;0;0;7.675;2.273;6.496;0;3
012102;Mesenzana;4.956;1.069;3.773;20.864;34;78;1080;1.453;1.533;20.743;0;72
017192;Urago d'Oglio;10.68;10.094;14.054;15.019;37;106;194;0;0;0;0;0
012103;Montegrino Valtravaglia;10.059;0.219;0.656;1.342;0;4;42;3.33;0.229;1.581;0;16
017193;Vallio Terme;14.857;0.464;2.416;5.708;8;192;631;3.197;3.386;3.298;0;201
012104;Monvalle;4.541;45.409;48.558;52.279;71;210;261;1.013;0.022;0;0;8
013026;Blevio;5.472;33.114;33.443;34.01;41;52;109;14.565;3.308;1.298;0;37
012105;Morazzone;5.602;0;0.018;0.018;0;0;0;0;0;0;0;0
017194;Valvestino;31.12;0;0.228;0.228;0;0;0;0.913;2.735;0.051;0.077;0
012106;Mornago;12.236;0;0.074;0.074;0;0;0;0;0;0;0;0
017195;Verolanuova;25.76;0.78;0.78;0.78;405;405;405;0;0;0;0;0
012107;Oggiona con Santo Stefano;2.761;2.934;5.433;10.612;32;32;239;0;0;0;0;0
012132;Varano Borghi;3.317;8.803;11.336;13.808;0;12;35;0.241;0;0;0;1
017189;Tremosine sul Garda;72.682;15.028;15.034;15.173;12;16;134;0.466;0.334;0.117;0.045;63
012113;Porto Ceresio;5.337;46.918;47.124;47.798;1637;1645;1719;2.998;2.604;0.075;0;164
012108;Olgiate Olona;7.207;1.929;1.998;4.371;398;414;841;0;0;0;0;0
012133;Varese;54.839;10.069;11.03;13.31;254;348;799;0.354;0.491;1.311;0;44
017196;Verolavecchia;21.063;5.089;6.148;8.793;16;17;24;0;0;0;0;0
012109;Origgio;7.915;0.556;0.72;0.758;0;0;0;0;0;0;0;0
017197;Vestone;12.964;3.517;3.811;9.31;216;273;1368;1.535;9.071;11.193;0;41
017198;Vezza d'Oglio;54.147;2.61;3.269;7.472;80;135;851;3.553;1.529;5.206;0;109
012114;Porto Valtravaglia;16.358;35.848;36.123;37.633;63;108;290;1.589;0;1.608;0;68
017201;Villanuova sul Clisi;9.101;1.538;2.263;5.296;179;293;662;4.725;0.374;4.197;0;14
012115;Rancio Valcuvia;4.484;7.293;26.695;30.731;48;93;277;0.558;0.758;3.925;0;46
017202;Vione;35.265;3.17;4.574;6.02;13;27;130;36.107;1.925;5.589;0;24
012118;Samarate;16.02;0.437;0.437;7.784;33;33;697;0;0;0;0;0
012119;Saronno;11.057;0.579;3.419;10.211;245;2039;6711;0;0;0;0;0
012121;Solbiate Arno;3.026;3.833;8.328;13.781;83;276;457;0;0;0;0;0
017205;Zone;19.681;2.205;2.474;3.679;8;24;48;1.311;35.715;4.045;0;34
017206;Piancogno;14.302;1.391;5.566;17.487;50;422;3430;9.656;16.354;4.16;0;269
012124;Sumirago;11.746;0;0;0;0;0;0;0;0;0;0;0
012125;Taino;7.631;0.341;2.621;6.08;1;7;46;0.249;0.157;0.812;0;8
012141;Sangiano;2.221;0.54;1.396;1.396;0;0;0;0.45;0;2.251;0;0
012126;Ternate;4.695;10.564;11.203;11.778;0;2;2;0;0;0;0;0
013005;Albiolo;2.839;0;0;2.959;0;0;13;0;0;0;0;0
012127;Tradate;21.498;0.247;20.686;22.225;16;102;187;0;0;0;0;0
012128;Travedona-Monate;9.597;0;0;0;0;0;0;0.01;0;0;0;0
013006;Alserio;1.992;0;0;0;0;0;0;0;0;0;0;0
012129;Tronzano Lago Maggiore;11.061;45.493;45.584;45.701;0;0;0;2.025;0.118;15.261;0;4
013011;Argegno;4.112;54.061;54.232;54.426;89;99;112;1.289;5.715;0;0;90
017199;Villa Carcina;14.219;0.886;2.665;8.306;77;366;3313;0.169;0.359;3.699;0;22
012130;Uboldo;10.736;1.053;11.28;19.812;1;29;51;0;0;0;0;0
018005;Arena Po;22.487;27.478;37.573;45.604;67;643;697;0;0;0;0;0
012131;Valganna;12.418;20.986;20.994;30.311;27;27;197;51.578;0.612;5.194;0;87
018013;Belgioioso;24.687;49.982;49.982;50.642;22;22;23;0;0;0;0;0
012134;Vedano Olona;7.085;14.453;15.85;16.994;112;114;131;0.028;0;0;0;0
018014;Bereguardo;17.858;45.291;45.291;45.291;0;0;0;0;0;0;0;0
012136;Venegono Inferiore;5.879;0.017;5.29;5.29;0;241;241;0;0;0;0;0
023032;Erbè;16.099;0.012;0.851;0.851;0;3;3;0;0;0;0;0
012137;Venegono Superiore;6.734;0.163;2.911;2.911;3;738;738;0;0;0;0;0
018019;Bornasco;12.929;0.588;3.218;9.15;0;2;18;0;0;0;0;0
012138;Vergiate;21.783;0;0.05;0.05;0;0;0;0;0;0;0;0
012139;Viggiù;9.263;2.105;2.159;3.584;9;9;49;2.192;0;0;0;1
018021;Brallo di Pregola;46.144;1.012;1.012;1.012;0;0;0;4.742;8.135;17.196;0;27
012140;Vizzola Ticino;7.606;20.444;29.569;48.015;2;3;12;0;0;0;0;0
018022;Breme;18.81;19.856;23.854;56.656;15;18;488;0;0;0;0;0
020036;Monzambano;30.019;1.153;1.153;4.224;20;20;246;0;0;0;0;0
012142;Maccagno con Pino e Veddasca;41.956;20.931;21.27;22.538;189;327;1263;5.222;2.29;16.467;0;103
012143;Cadrezzate con Osmate;8.245;0.97;0.97;0.97;8;8;8;0;0;0;0;0
013015;Barni;5.716;0;0;2.379;0;0;11;6.053;5.021;1.714;0;4
012144;Bardello con Malgesso e Bregano;7.581;2.585;2.612;2.665;2;2;3;0.013;0;0;0;0
018027;Candia Lomellina;27.919;17.522;20.094;68.924;6;13;465;0;0;0;0;0
013003;Albavilla;10.379;0.019;4.047;4.076;1;76;76;0.848;4.336;0.578;0;97
013004;Albese con Cassano;7.951;0.88;0.906;1.421;3;3;58;1.056;2.691;1.811;0;2
018029;Canneto Pavese;5.815;1.238;1.255;3.921;18;19;109;1.187;21.393;2.236;0;98
013007;Alzate Brianza;7.583;0.013;0.013;0.013;0;0;0;0;0;0;0;0
013009;Anzano del Parco;3.245;0;0;0;0;0;0;0;0;0;0;0
018030;Carbonara al Ticino;14.781;34.808;34.808;68.953;23;23;170;0;0;0;0;0
020037;Motteggiana;24.789;31.466;34.907;100.036;94;107;2516;0;0;0;0;0
013010;Appiano Gentile;12.769;0;0.282;0.282;0;1;1;0;0;0;0;0
020038;Ostiglia;39.831;14.752;14.755;100.01;149;149;6940;0;0;0;0;0
013012;Arosio;2.631;0;0.038;0.038;0;1;1;0;0;0;0;0
020039;Pegognaga;46.569;1.26;5.669;100.026;1372;1412;7244;0;0;0;0;0
013013;Asso;6.511;0.046;0.799;4.116;0;52;675;2.196;2.98;6.174;0;85
020045;Porto Mantovano;37.441;13.467;13.467;38.776;22;22;365;0;0;0;0;0
013022;Beregazzo con Figliaro;3.809;3.702;3.702;3.728;2;2;2;0;0;0;0;0
020052;Roncoferraro;63.433;3.736;3.736;85.571;715;715;6795;0;0;0;0;0
020053;Roverbella;62.98;12.267;12.285;12.285;1511;1519;1519;0;0;0;0;0
013023;Binago;7.119;0.871;0.969;0.969;1;1;1;0;0;0;0;0
013024;Bizzarone;2.67;1.236;4.419;4.419;3;12;12;1.049;0;0;0;3
013028;Bregnano;6.161;0.081;0.114;0.909;0;0;0;0;0;0;0;0
020055;San Benedetto Po;69.941;16.162;42.617;100.023;224;1256;7724;0;0;0;0;0
013029;Brenna;4.85;1.546;2.928;2.928;0;1;1;0.103;15.052;0;0;59
018158;Torre de' Negri;4.009;24.345;24.345;24.769;15;15;16;0;0;0;0;0
013030;Brienno;8.972;33.861;33.917;34.006;18;22;28;1.048;3.6;1.226;0;19
013036;Cadorago;7.149;0;0;0;0;0;0;0.21;0;0;0;4
013034;Bulgarograsso;3.773;0.053;0.212;1.14;0;5;64;0;0;0;0;0
013032;Brunate;2.035;0;0;0;0;0;0;6.978;0.491;0;0;50
013041;Cantù;23.253;0.297;0.968;1.071;12;124;141;0;0;0;0;0
018159;Torre d'Isola;16.463;17.652;17.652;17.992;31;31;32;0;0;0;0;0
013035;Cabiate;3.178;0.094;0.094;0.094;5;5;6;0.692;0;0;0;0
018160;Torrevecchia Pia;16.502;0.788;0.903;1.163;0;0;1;0;0;0;0;0
020066;Viadana;103.841;27.217;27.462;100.041;83;85;19157;0;0;0;0;0
013037;Caglio;6.517;0.138;0.138;0.138;0;0;0;1.918;2.747;0.061;0;0
013040;Campione d'Italia;2.676;67.227;67.601;73.617;31;41;1037;0;0.149;5.493;0;0
013042;Canzo;11.105;0;0.045;3.845;1;14;1563;12.652;0.342;3.791;0;62
018166;Val di Nizza;29.683;0.869;0.869;0.869;42;42;42;1.553;5.653;4.807;0;14
020070;Volta Mantovana;50.393;3.191;4.324;8.803;631;660;929;0;0;0;0;0
013043;Capiago Intimiano;5.717;0;0;0;0;0;0;0;0;0;0;0
013046;Carimate;5.172;5.626;8.778;9.455;15;23;43;0.135;0.155;0;0;0
020072;Borgo Mantovano;41.169;17.083;23.787;100.012;167;268;5619;0;0;0;0;0
020071;Borgo Virgilio;69.987;14.668;14.721;99.971;771;771;14396;0;0;0;0;0
013044;Carate Urio;6.944;21.861;24.136;24.539;63;102;166;0.058;0.85;2.146;0;7
013074;Colonno;5.612;32.644;32.769;32.805;24;51;62;5.987;3.493;3.938;0;50
013045;Carbonate;4.987;0;0.521;0.521;0;0;0;0;0;0;0;0
013075;Como;37.119;6.56;7.737;9.219;372;2996;6654;6.986;1.123;0.183;0;1300
013047;Carlazzo;12.733;4.155;5.615;6.668;607;814;874;5.678;8.042;4.076;0;422
020073;Borgocarbonara;30.495;33.448;34.963;100.003;236;244;2123;0;0;0;0;0
013048;Carugo;4.207;0.19;3.946;11.719;1;311;1311;0.071;0.095;0;0;0
013055;Cassina Rizzardi;3.507;0;0;0;0;0;0;0;0;0;0;0
021001;Aldino/Aldein;62.688;0;0.6;0.6;-1;69;69;4.79;0.777;0.713;0.056;63
013052;Caslino d'Erba;6.89;0.015;0.348;0.377;0;2;3;6.792;6.865;1.524;0;13
021002;Andriano/Andrian;4.891;0;12.819;12.819;-1;52;52;5.97;8.485;1.206;0;4
013053;Casnate con Bernate;5.23;0.249;2.18;2.275;10;17;17;0;0;0;0;0
021003;Anterivo/Altrei;11.064;0;0.018;0.018;-1;0;0;7.231;2.278;1.6;2.187;0
013058;Castelmarte;1.972;3.499;3.499;3.499;28;28;28;0.507;0;0.406;0;0
013059;Castelnuovo Bozzente;3.622;0;0;0;0;0;0;0;0;0;0;0
013062;Cavargna;14.975;0;0;0;0;0;0;20.968;21.075;6.117;0;62
013083;Cremia;10.138;21.316;21.375;21.493;9;14;25;0.562;0.178;0.444;0;3
013063;Cerano d'Intelvi;5.548;0;0.306;0.306;0;0;0;4.001;6.615;1.766;0;30
013064;Cermenate;8.183;0.11;0.342;0.342;0;0;0;0;0;0;0;0
013113;Griante;6.546;64.497;64.62;64.91;22;27;40;0.581;0;0;0;10
013065;Cernobbio;12.281;14.372;15.341;18.541;47;191;1276;0.48;9.242;2.923;0;186
013077;Corrido;6.192;0;0;0.048;0;0;1;0.452;27.003;19.186;0;13
013071;Claino con Osteno;12.903;35.565;35.651;36.511;15;21;104;0.209;0.008;0.767;0;1
018174;Verretto;2.709;0;0;0;0;0;0;0;0;0;0;0
013085;Cusino;9.647;0.259;0.259;0.912;0;0;0;1.959;10.698;4.416;0;0
013087;Dizzasco;3.608;2.023;2.19;2.19;0;0;0;6.292;4.185;0.139;0;12
013089;Domaso;6.276;59.799;61.106;67.352;131;226;808;0.765;1.769;7.696;0;154
021004;Appiano sulla strada del vino/Eppan an der Weinstraße;59.45;0;9.939;9.939;-1;2272;2272;3.896;3.114;0.407;0.024;49
021005;Avelengo/Hafling;27.395;0;0;0;-1;0;0;0.445;0.953;0.303;0;25
013068;Cirimido;2.626;0;0;0;0;0;0;0;0;0;0;0
013119;Laglio;6.196;33.231;34.28;35.878;59;104;302;3.244;1.969;5.31;0;1
013084;Cucciago;4.931;1.562;2.231;2.413;0;0;0;0;0;0;0;0
021006;Badia/Abtei;83.07;0;0.005;0.005;-1;0;0;4.121;9.75;5.11;0;330
021007;Barbiano/Barbian;24.511;0;0.012;0.012;-1;0;0;6.948;3.549;2.374;0;100
013092;Dosso del Liro;23.488;0.238;1.235;1.354;0;0;0;5.65;8.562;0;0;1
013095;Erba;17.802;0.663;1.916;8.993;195;321;2424;0.815;5.516;2.758;0;94
013097;Eupilio;6.937;27.735;31.368;31.728;10;38;39;0.418;0.62;0.303;0;6
021008;Bolzano/Bozen;52.291;0;9.29;9.29;-1;11378;11378;13.301;3.918;1.184;0;2220
013098;Faggeto Lario;17.523;8.617;8.651;8.737;8;12;25;1.86;5.861;3.932;0;13
021009;Braies/Prags;90.221;0;1.394;1.394;-1;115;115;0.791;1.542;0.605;0;6
013099;Faloppio;4.141;0.024;0.072;0.435;0;0;3;4.999;0;0;0;23
021010;Brennero/Brenner;114.292;0;0.001;0.001;-1;0;0;16.414;3.832;0.835;0;212
013100;Fenegrò;5.36;0;0;0.075;0;0;0;0;0;0;0;0
021011;Bressanone/Brixen;84.699;0;3.017;3.017;-1;3967;3967;1.847;2.033;1.603;0;282
013101;Figino Serenza;4.956;2.926;2.926;2.926;9;9;9;0.525;3.208;0;0;20
013102;Fino Mornasco;7.297;0.425;0.617;1.014;7;8;15;0.014;0;0;0;0
013106;Garzeno;28.738;0.171;0.171;0.383;0;0;0;2.986;27.476;14.503;0;94
021012;Bronzolo/Branzoll;7.54;0;15.756;15.756;-1;260;260;16.074;0.57;0.623;0;19
013107;Gera Lario;7.179;64.354;79.593;93.774;334;580;794;1.045;2.298;0.585;0;290
013110;Grandate;2.817;0.603;1.349;7.242;0;0;1;0;0;0;0;0
021013;Brunico/Bruneck;44.997;0;9.312;9.312;-1;3664;3664;2.82;0.86;3.189;0;37
021014;Caines/Kuens;1.634;0;0;0;-1;0;0;4.039;1.346;1.04;0;2
013111;Grandola ed Uniti;16.899;0.012;0.012;1.823;0;0;53;1.03;7.74;3.687;0;9
013114;Guanzate;6.905;1.101;1.101;1.651;1;1;2;0;0;0;0;0
013118;Inverigo;9.924;1.129;7.245;8.958;1;19;39;0;0;0;0;0
021015;Caldaro sulla strada del vino/Kaltern an der Weinstraße;48.13;0;5.629;5.629;-1;329;329;6.019;3.607;0.665;0.01;67
013120;Laino;6.682;0;0;0;0;0;0;0.06;2.23;2.005;0;0
013139;Magreglio;3.082;0.032;0.032;0.032;0;0;0;0;0;0;0;0
013121;Lambrugo;1.841;1.195;7.605;8.039;1;5;5;0;0;0;0;0
013123;Lasnigo;5.526;0.851;0.851;2.515;0;0;0;0.579;21.263;1.665;0;3
013126;Lezzeno;20.704;32.718;32.776;34.143;175;199;862;2.613;2.309;3.516;0;59
013143;Mariano Comense;13.803;0.014;0.036;1.645;0;3;742;0;0;0;0;0
021016;Campo di Trens/Freienfeld;95.386;0;0;0;-1;0;0;6.974;4.122;2.31;0;196
013128;Limido Comasco;4.564;0;0;4.82;0;0;98;0;0;0;0;0
013144;Maslianico;1.288;2.096;4.27;11.025;35;113;556;0;0.854;7.065;0;5
013129;Lipomo;2.304;0;0.391;0.391;0;30;30;0;0;0;0;2
013160;Musso;3.706;30.869;30.923;34.296;23;25;281;4.317;1.727;26.74;0;25
013130;Livo;33.134;1.542;1.548;4.077;4;4;132;17.034;8.623;2.882;0;3
013090;Dongo;7.044;24.319;25.767;40.857;137;280;2579;3.436;20.926;24.361;0;104
013134;Longone al Segrino;1.604;0;0;0;0;0;0;0;2.307;4.925;0;1
013131;Locate Varesino;6.013;0;0.432;0.965;0;1;9;0;0;0;0;0
021017;Campo Tures/Sand in Taufers;163.98;0;0.005;0.005;-1;0;0;0.22;0.204;0.001;0;13
021018;Castelbello-Ciardes/Kastelbell-Tschars;53.791;0;0;0;-1;0;0;0.028;0;0;0;0
013133;Lomazzo;9.477;0.791;0.865;2.005;1;1;2;0;0;0;0;0
021019;Castelrotto/Kastelruth;117.95;0;0.915;0.915;-1;696;696;4.928;2.117;1.781;0.014;222
013135;Luisago;2.161;0.879;19.759;21.425;11;40;73;0;0;0;0;0
021021;Chienes/Kiens;33.68;0;0;0;-1;0;0;8.159;3.097;0.671;0;378
021022;Chiusa/Klausen;51.289;0;1.581;1.581;-1;1171;1171;1.922;1.431;2.092;0;449
013136;Lurago d'Erba;4.678;0;0;0;0;0;0;0;0;0;0;0
021023;Cornedo all'Isarco/Karneid;40.611;0;0.167;0.167;-1;22;22;9.547;3.447;2.544;0;238
013137;Lurago Marinone;3.849;0;0;0.052;0;0;0;0;0;0;0;0
013184;Pigra;4.533;0;0;0;0;0;0;10.832;9.221;0.971;0;5
013138;Lurate Caccivio;5.936;0;0;0.017;0;0;0;0;0.017;0;0;0
021024;Cortaccia sulla strada del vino/Kurtatsch an der Weinstraße;29.268;0;0.096;0.096;-1;0;0;9.334;6.02;1.613;0.502;294
013145;Menaggio;11.77;51.3;51.58;53.636;74;145;659;1.436;1.954;8.003;0;58
021025;Cortina sulla strada del vino/Kurtinig an der Weinstraße;1.999;0;58.079;58.079;-1;213;213;0;0;0;0;0
021026;Corvara in Badia/Corvara;38.836;0;0;0;-1;0;0;4.068;7.465;1.038;0.077;7
013147;Merone;3.281;7.193;23.956;24.383;86;161;161;0;0;0;0;0
021027;Curon Venosta/Graun im Vinschgau;209.647;0;0;0;-1;0;0;2.01;0.374;0.163;0;39
013152;Moltrasio;8.897;15.724;15.893;16.298;38;53;109;0.045;4.26;1.293;0;11
013186;Pognana Lario;5.075;25.438;26.03;26.207;26;50;62;0.374;0.296;0.315;0;0
013153;Monguzzo;3.727;0.295;0.295;0.295;13;13;13;0.107;0.215;0;0;10
016129;Lurano;4.047;0;0;0;0;0;0;0;0;0;0;0
013154;Montano Lucino;5.223;0;0;0;0;0;0;0.038;0;0;0;7
016134;Mezzoldo;18.838;1.269;1.285;1.677;9;10;36;1.587;0.849;3.456;0;0
021028;Dobbiaco/Toblach;125.28;0;0.032;0.032;-1;0;0;0.001;0;0;0;0
013155;Montemezzo;9.015;0.011;0.011;0.011;0;0;0;0.666;6.844;7.676;0;8
013163;Novedrate;2.921;0.103;0.308;1.575;0;0;0;0.514;1.027;0;0;0
013157;Montorfano;3.517;0.057;0.057;0.938;3;3;33;0.171;0;0.284;0;1
016147;Oltressenda Alta;17.324;5.553;5.992;6.055;8;8;8;25.214;3.775;14.038;0;29
016148;Oneta;18.664;0.118;0.118;0.118;0;0;0;26.64;1.548;0.054;0;23
013159;Mozzate;10.703;0.178;1.074;1.112;46;54;74;0;0;0;0;0
016149;Onore;11.782;4.04;8.844;10.389;40;103;151;2.266;2.283;4.762;0;1
013161;Nesso;15.03;27.585;27.618;28.084;42;45;50;0.373;4.019;8.21;0;1
016158;Parre;22.279;6.558;7.096;10.189;28;57;1469;21.33;3.272;4.21;0;72
013165;Olgiate Comasco;10.952;0.009;2.63;3.287;0;12;12;0;0;0;0;0
021029;Egna/Neumarkt;23.569;0;19.81;19.81;-1;1850;1850;19.627;3.212;5.651;0;296
013169;Oltrona di San Mamette;2.697;0;0;0.408;0;0;1;0;0;0;0;0
013183;Pianello del Lario;9.796;26.317;26.399;27.675;6;17;237;0.255;10.31;24.775;0;15
013170;Orsenigo;4.461;1.435;1.435;1.524;26;26;26;0;0;0;0;0
021030;Falzes/Pfalzen;33.131;0;0.721;0.721;-1;133;133;0.157;0.528;3.193;0;35
013178;Peglio;10.575;0.047;0.047;0.303;0;0;0;1.929;7.66;2.156;0;0
021020;Cermes/Tscherms;6.624;0;0.015;0.015;-1;0;0;4.906;1.268;1.464;0;26
013188;Ponte Lambro;3.38;0.71;1.006;1.183;59;88;101;2.929;0.562;2.367;0;20
021031;Fiè allo Sciliar/Völs am Schlern;43.943;0;0;0;-1;0;0;5.323;2.499;1.088;0;150
021032;Fortezza/Franzensfeste;61.772;0;0;0;-1;0;0;14.502;1.201;0.589;0;176
013185;Plesio;16.904;0.899;0.899;0.899;0;0;0;3.118;5.922;3.029;0;52
021033;Funes/Villnöß;81.381;0;0.002;0.002;-1;0;0;0.007;0;0;0;0
021034;Gais/Gais;60.615;0;4.311;4.311;-1;832;832;3.319;2.156;0.69;0;111
013187;Ponna;5.811;0;0;0;0;0;0;0.034;0.447;1.996;0;0
013192;Proserpio;2.299;0;0;0;0;0;0;0;0.174;0;0;0
013189;Porlezza;18.64;17.318;17.72;26.309;128;241;3212;1.314;0.386;8.09;0;125
021037;Laces/Latsch;78.706;0;0.006;0.006;-1;0;0;0.005;0;0;0;0
013193;Pusiano;3.203;40.4;41.805;48.704;154;195;673;3.403;0.624;4.995;0;81
013203;Sala Comacina;4.734;20.68;20.849;21.103;27;45;76;1.162;3.126;0.063;0;2
013195;Rezzago;4.075;0.834;0.834;0.834;0;0;0;2.38;2.699;0;0;0
013197;Rodero;2.521;1.15;1.15;1.587;1;1;1;0.516;0;0;0;1
013201;Rovellasca;3.568;2.018;2.466;3.335;30;56;92;0;0;0;0;0
021038;Lagundo/Algund;23.672;0;0.004;0.004;-1;0;0;4.127;3.506;1.094;0;131
013202;Rovello Porro;5.532;1.627;2.928;3.416;56;91;137;0;0;0;0;0
021039;Laion/Lajen;37.472;0;0.651;0.651;-1;202;202;11.171;2.22;0.173;0;224
013204;San Bartolomeo Val Cavargna;10.508;0;0;0.01;0;0;0;3.883;37.99;0.01;0;323
013223;Torno;7.529;26.219;26.418;26.591;30;42;61;6.163;3.692;0.85;0;40
013206;San Fermo della Battaglia;5.78;0;0;0;0;0;0;0.069;0.502;0;0;2
021040;Laives/Leifers;24.108;0;4.248;4.248;-1;1544;1544;11.336;3.92;2.846;0;366
013207;San Nazzaro Val Cavargna;12.993;0;0;0;0;0;0;16.878;32.925;0;0;135
013226;Trezzone;3.909;0.179;0.179;0.179;0;0;0;0;9.03;9.414;0;3
013211;Schignano;10.117;0.089;0.119;0.119;0;0;0;6.84;6;4.122;0;56
013236;Veleso;5.861;2.406;2.406;4.248;1;1;1;0.546;6.688;1.877;0;1
013212;Senna Comasco;2.787;0;1.256;1.256;0;25;25;0;0;0;0;0
021041;Lana/Lana;36.124;0;5.071;5.071;-1;1479;1479;7.029;4.39;17.293;0;210
013216;Sorico;24.437;16.798;30.609;32.529;215;526;770;0.082;9.232;6.944;0;31
013217;Sormano;10.743;6.823;8.48;9.169;19;29;29;0.503;3.286;4.729;0;5
013246;Zelbio;4.595;2.742;2.764;2.829;1;1;1;1.132;2.503;2.59;0;1
013218;Stazzona;7.294;0;0;0;0;0;0;2.372;9.775;65.273;0;6
014010;Buglio in Monte;27.716;3.518;3.518;13.068;1;1;1253;4.001;2.504;6.112;0;22
021042;Lasa/Laas;110.223;0;0;0;-1;0;0;2.202;1.816;0.807;0;53
013222;Tavernerio;11.888;0;0;0;0;0;0;4.652;3.07;0.631;0;74
013227;Turate;10.282;0;0.272;0.272;0;0;0;0;0;0;0;0
014020;Chiuro;51.757;3.87;4.177;8.675;5;7;1768;2.489;1.306;5.553;0;0
013229;Valbrona;13.647;7.797;7.804;11.534;27;27;1097;0.601;2.191;3.715;0;28
021043;Lauregno/Laurein;13.885;0;0.115;0.115;-1;1;1;0.007;3.817;11.588;9.694;10
021044;Luson/Lüsen;74.413;0;0.374;0.374;-1;64;64;1.351;0.642;0.02;0;72
013232;Valmorea;3.132;3.001;3.799;3.799;3;4;4;0.096;1.022;0;0;1
013233;Val Rezzo;6.611;0;0;0;0;0;0;0.832;3.857;17.728;0;3
013234;Valsolda;31.74;16.44;16.465;16.629;32;37;82;9.77;10.208;0.425;0;229
021045;Magrè sulla strada del vino/Margreid an der Weinstraße;13.864;0;0.115;0.115;-1;0;0;18.696;6.29;3.376;1.06;126
013238;Veniano;3.152;0;0;0;0;0;0;0;0;0;0;0
014021;Cino;5.071;0;0;3.471;0;0;134;1.025;1.913;1.913;0;0
013239;Vercana;15.008;7.636;7.796;7.822;0;0;0;5.017;4.331;0.027;0;1
014033;Grosio;126.915;3.555;3.683;5.613;47;70;2547;6.742;0.728;0.977;0;68
013242;Vertemate con Minoprio;5.747;3.323;3.671;3.706;5;9;9;0.052;0;0;0;0
014034;Grosotto;53.124;2.332;2.92;4.919;12;17;381;2.396;6.155;1.35;0;5
013245;Villa Guardia;7.858;0;2.265;3.385;0;4;6;0;0;0;0;0
014035;Madesimo;85.654;0.17;0.309;0.844;17;19;119;15.127;6.123;1.118;0;19
021035;Gargazzone/Gargazon;4.914;0;0;0;-1;0;0;3.602;3.175;1.526;0;50
013248;San Siro;18.787;42.535;42.593;44.616;42;54;430;12.328;5.009;6.132;0;42
013249;Gravedona ed Uniti;39.869;7.638;7.984;11.264;95;213;2085;6.777;6.822;20.668;0;75
014036;Lanzada;117.165;2.289;2.289;2.675;24;24;712;2.853;1.459;5.038;0;2
013250;Bellagio;29.059;29.316;29.368;30.383;104;124;248;2.915;1.982;3.063;0;124
014037;Livigno;227.293;3.231;3.428;4.752;188;322;1351;6.693;4.349;5.333;0;492
013251;Colverde;8.581;0.559;0.711;1.562;5;6;41;0.07;1.55;0;0;22
014044;Montagna in Valtellina;44.971;3.291;5.793;7.841;59;277;980;3.418;2.001;2.19;0;65
013252;Tremezzina;29.415;25.15;25.307;27.139;222;278;946;2.832;4.861;1.809;0;363
014046;Novate Mezzola;99.744;3.522;4.095;5.96;24;42;1766;4.885;58.936;3.816;0;38
021036;Glorenza/Glurns;13.219;0;3.185;3.185;-1;214;214;2.443;1.74;0.643;0;0
013253;Alta Valle Intelvi;24.951;0.008;0.032;0.22;0;2;3;1.475;0.361;3.479;0;2
021046;Malles Venosta/Mals;247.425;0;0.392;0.392;-1;783;783;1.238;1.618;0.761;0;394
013254;Centro Valle Intelvi;19.657;0.137;0.32;1.307;0;2;230;3.398;1.043;3.19;0;25
013255;Solbiate con Cagno;7.623;0;0.079;0.761;0;0;9;0;0.052;0;0;0
021047;Marebbe/Enneberg;160.226;0.016;0.019;0.019;-1;0;0;0.002;0.003;0.002;0;0
021048;Marlengo/Marling;12.863;0;0.288;0.288;-1;2;2;5.59;9.912;0.871;0;524
013256;Uggiate con Ronago;7.871;1.715;2.681;5.158;27;31;56;5.971;0.114;0.013;0;92
021049;Martello/Martell;142.796;0;0;0;-1;0;0;0;0.199;0.008;0.025;0
014001;Albaredo per San Marco;18.961;0.865;0.865;0.96;0;0;0;10.949;4.272;0.723;0;36
021050;Meltina/Mölten;36.954;0;0.338;0.338;-1;139;139;0.907;0.844;0.436;0;27
021051;Merano/Meran;26.34;0;18.39;18.39;-1;9529;9529;7.008;5.513;2.369;0;628
014002;Albosaggia;34.346;2.786;9.02;16.517;56;105;1834;0.876;0.192;7.061;0;25
014003;Andalo Valtellino;6.775;1.815;6.48;18.923;64;64;526;1.506;21.845;9.181;0;87
021052;Monguelfo-Tesido/Welsberg-Taisten;46.436;0;1.581;1.581;-1;324;324;2.089;1.955;0.235;0;61
021053;Montagna sulla strada del vino/Montan an der Weinstraße;19.51;0;2.348;2.348;-1;416;416;14.869;6.028;3.542;0.01;76
014004;Aprica;20.365;6.074;7.38;11.073;83;106;1067;20.044;8.804;3.113;0;100
014005;Ardenno;17.144;4.153;4.188;26.919;256;256;3013;5.541;7.565;10.546;0;423
014006;Bema;19.222;0;0;0.016;0;0;0;0.25;7.398;0.016;0;1
021054;Moso in Passiria/Moos in Passeier;193.528;0;0;0;-1;0;0;5.312;3.88;0.675;0;663
021055;Nalles/Nals;12.24;0;0.033;0.033;-1;0;0;7.263;2.557;0.792;0;335
014007;Berbenno di Valtellina;35.595;2.95;3.447;18.371;33;104;1456;8.678;4.675;9.392;0;110
021056;Naturno/Naturns;67.113;0;0;0;-1;0;0;15.084;1.629;0.825;0;405
014008;Bianzone;17.106;0.953;1.181;20.192;41;41;1195;2.9;0.62;20.572;0;38
014009;Bormio;41.436;7.566;7.597;12.004;120;120;2213;0.854;39.087;4.223;0;87
014011;Caiolo;32.972;4.704;6.454;13.196;18;19;732;3.67;0.143;4.54;0;16
014012;Campodolcino;48.488;0.219;3.426;5.174;43;48;639;1.015;11.135;5.649;0;74
014013;Caspoggio;7.272;0.303;0.303;5.129;0;0;7;0.784;15.635;10.974;0;15
021057;Naz-Sciaves/Natz-Schabs;15.96;0;0.388;0.388;-1;88;88;1.924;1.278;0.407;0;16
021058;Nova Levante/Welschnofen;51.096;0;0;0;-1;0;0;0.043;1.161;0.016;0.053;0
014014;Castello dell'Acqua;14.07;3.547;4.52;13.596;10;27;348;1.393;1.329;11.883;0;6
021059;Nova Ponente/Deutschnofen;112.493;0;0;0;-1;0;0;4.377;2.939;2.858;1.331;109
014015;Castione Andevenno;17.038;3.146;6.503;14.855;11;32;477;1.702;1.726;5.728;0;11
021060;Ora/Auer;11.788;0;4.03;4.03;-1;33;33;21.522;1.323;1.01;0;37
014016;Cedrasco;14.421;4.084;5.936;10.651;10;10;451;2.358;1.949;5.943;0;9
021061;Ortisei/St. Ulrich;24.156;0;0;0;-1;0;0;0.447;0.965;0.48;0;79
014017;Cercino;5.695;2.722;7.217;15.944;13;91;430;0.14;0.053;4.864;0;0
014047;Pedesina;6.3;0.016;0.016;0.016;0;0;0;21.905;4.016;5.476;0;0
014018;Chiavenna;10.774;4.167;5.801;12.586;558;751;3495;50.622;6.451;11.361;0;165
014019;Chiesa in Valmalenco;107.598;2.764;3.074;3.922;117;157;1362;2.694;1.359;10.776;0;176
014022;Civo;25.136;0.752;0.752;0.939;4;4;11;1.277;11.605;0.187;0;8
014023;Colorina;17.789;6.903;8.668;21.395;10;58;1433;3.761;6.853;11.861;0;10
021062;Parcines/Partschins;55.409;0;0;0;-1;0;0;10.253;2.13;0.274;0;191
014024;Cosio Valtellino;23.99;1.859;3.126;22.751;49;100;4438;0.679;3.593;11.88;0;110
021063;Perca/Percha;30.35;0;0;0;-1;0;0;2.741;1.898;0.814;0;32
014025;Dazio;3.734;2.571;2.571;18.72;5;5;348;0.937;19.229;15.72;0;7
021064;Plaus/Plaus;4.866;0;0;0;-1;0;0;1.254;5.96;0.555;0;18
021065;Ponte Gardena/Waidbruck;2.328;0;2.491;2.491;-1;40;40;41.881;4.124;0.73;0;14
014026;Delebio;22.438;13.437;26.183;40.574;64;64;3014;1.386;4.105;7.202;0;67
014027;Dubino;13.239;4.018;22.819;44.943;1;198;2860;1.065;5.982;3.052;0;190
014028;Faedo Valtellino;4.799;4.48;6.731;11.44;3;3;297;6.335;1.334;15.337;0;6
014029;Forcola;15.899;2.428;3.183;12.85;1;1;691;1.962;1.151;2.422;0;3
014030;Fusine;37.641;3.448;5.712;8.977;33;36;595;4.479;4.033;7.627;0;26
014031;Gerola Alta;37.426;1.55;2.301;2.53;0;2;41;1.78;2.525;0.708;0;1
014032;Gordona;62.793;3.749;4.897;11.449;7;25;1574;3.876;24.358;7.971;0;9
014038;Lovero;13.461;3.818;4.806;19.88;1;1;633;6.285;2.325;43.518;0;2
021066;Postal/Burgstall;6.692;0;0.314;0.314;-1;54;54;44.351;2.63;1.659;0;69
014039;Mantello;3.784;13.478;40.196;45.56;83;263;416;7.109;0.317;3.277;0;94
014055;Rasura;6;0;0;0;0;0;0;10.617;1.217;2.067;0;0
014040;Mazzo di Valtellina;15.325;0.959;3.961;11.628;0;18;930;0.411;2.734;27.158;0;1
014041;Mello;11.429;0.726;0.726;1.654;0;0;0;1.269;2.73;1.207;0;7
014043;Mese;4.145;14.258;20.434;49.457;10;41;1562;13.438;6.224;34.113;0;18
014045;Morbegno;14.816;4.043;8.336;33.72;202;803;11212;0.587;0.688;19.135;0;78
014048;Piantedo;6.805;3.086;3.086;32.388;37;37;1212;1.484;3.571;8.861;0;40
014053;Postalesio;10.584;4.554;7.001;21.523;21;28;393;6.557;3.883;19.964;0;31
014062;Spriana;7.685;2.121;2.433;3.357;0;0;0;14.886;8.874;1.002;0;12
014049;Piateda;70.8;1.698;1.873;4.9;115;168;1593;1.403;0.22;1.318;0;95
014050;Piuro;84.253;0.436;0.554;2.111;55;64;1455;10.884;2.792;11.265;0;89
014051;Poggiridenti;2.899;3.76;24.077;47.361;28;182;1136;1.725;0.069;17.799;0;38
014052;Ponte in Valtellina;67.726;1.543;1.745;7.031;29;30;1919;18.345;7.666;9.701;0;14
014056;Rogolo;12.825;0.195;4.663;8.382;3;6;515;0.468;29.52;1.622;0;19
014067;Torre di Santa Maria;44.28;2.669;2.669;3.076;31;31;109;4.566;1.71;2.346;0;80
021067;Prato allo Stelvio/Prad am Stilfserjoch;51.002;0;1.422;1.422;-1;117;117;1.518;0.974;1.527;0;47
014054;Prata Camportaccio;27.938;0.53;2.595;16.368;51;53;2406;6.436;13.372;6.922;0;43
014065;Teglio;115.318;5.291;7.414;11.399;60;331;1893;5.116;3.243;5.906;0;75
014057;Samolaco;45.795;4.297;13.154;27.418;88;350;1861;0.854;29.918;4.885;0;89
014058;San Giacomo Filippo;61.85;0.663;0.949;1.062;10;10;10;16.196;7.801;5.597;0;23
014059;Sernio;9.523;4.211;4.977;19.658;42;69;481;9.367;10.889;15.153;0;22
014060;Sondalo;95.452;6.136;6.528;12.755;91;149;3236;21.36;9.611;9.848;0;117
014061;Sondrio;20.869;7.652;13.714;26.067;180;1679;17267;6.133;22.493;13.345;0;357
014063;Talamona;21.051;12.36;12.745;30.939;34;43;4553;17.918;0.793;15.253;0;22
014072;Valdisotto;89.571;4.707;4.709;6.414;245;246;2129;10.451;5.84;7.92;0;170
014064;Tartano;47.265;10.733;11.452;11.452;17;18;18;20.738;4.771;1.572;0;49
014069;Traona;6.367;6.078;15.706;49.097;50;63;1813;0.707;0;8.183;0;70
015002;Abbiategrasso;47.778;26.977;26.977;28.838;19;19;22;0;0;0;0;0
014066;Tirano;32.374;1.94;2.706;17.681;250;290;8290;7.287;5.477;13.894;0;128
014068;Tovo di Sant'Agata;11.146;1.014;4.127;14.265;2;3;566;0.556;2.207;55.598;0;3
014073;Valfurva;214.988;2.226;2.226;2.586;128;128;1323;2.509;3.161;5.047;0.024;107
014074;Val Masino;116.708;1.191;3.238;4.636;101;182;777;1.426;2.607;2.381;0;104
014070;Tresivio;15.013;1.425;2.544;13.249;23;25;354;1.565;4.263;10.518;0;29
023033;Erbezzo;31.969;0;0;0;0;0;0;0;0;0;0.006;0
014077;Villa di Chiavenna;32.522;0.055;0.215;1.368;0;0;87;10.255;2.036;2.94;0;39
014078;Villa di Tirano;24.739;1.863;2.708;19.237;19;130;2389;1.184;2.85;11.848;0;130
014071;Valdidentro;226.723;8.903;8.914;10.633;241;243;1847;6.759;17.64;13.329;0;940
014075;Verceia;11.377;22.598;22.721;26.079;110;129;952;7.99;7.937;8.394;0;40
021068;Predoi/Prettau;86.357;0;0;0;-1;0;0;1.473;1.888;0.601;0;110
021069;Proves/Proveis;18.369;0;0.196;0.196;-1;1;1;2.232;11.574;20.921;13.692;15
014076;Vervio;12.405;2.612;3.765;5.949;0;9;31;2.048;0.387;0.943;0;0
021070;Racines/Ratschings;203.284;0;1.483;1.483;-1;677;677;1.485;1.125;0.553;0;195
021071;Rasun-Anterselva/Rasen-Antholz;121.604;0;0;0;-1;0;0;3.557;2.525;0.154;0;109
015005;Albairate;14.982;0;0;0;0;0;0;0;0;0;0;0
021072;Renon/Ritten;111.36;0;0.022;0.022;-1;1;1;0.74;0.358;0.018;0.028;35
015007;Arconate;8.421;0;0;0;0;0;0;0;0;0;0;0
015009;Arese;6.585;0.683;0.699;3.341;65;65;117;0;0;0;0;0
021073;Rifiano/Riffian;35.943;0;0;0;-1;0;0;2.473;1.077;0.448;0;52
015010;Arluno;12.359;0;0;0;0;0;0;0;0;0;0;0
015011;Assago;8.052;0;0;0;0;0;0;0;0;0;0;0
015012;Bareggio;11.384;0;0;0;0;0;0;0;0;0;0;0
021074;Rio di Pusteria/Mühlbach;83.823;0;0;0;-1;0;0;6.678;1.478;0.388;0;136
015014;Basiano;4.592;1.437;1.437;1.437;31;31;31;0;0;0;0;0
021075;Rodengo/Rodeneck;29.618;0;0.689;0.689;-1;91;91;1.762;2.195;0.996;0;22
015015;Basiglio;8.492;0;0;0;0;0;0;0;0;0;0;0
021076;Salorno sulla strada del vino/Salurn an der Weinstraße;33.125;0;17.935;17.935;-1;784;784;3.656;1.968;0.562;0.278;244
021077;San Candido/Innichen;79.847;0;0;0;-1;0;0;0.333;1.226;0.922;0;108
015016;Bellinzago Lombardo;4.59;2.702;17.233;23.072;187;908;1142;0;0;0;0;0
015024;Binasco;3.872;0;0.026;0.026;0;0;0;0;0;0;0;0
015019;Bernate Ticino;12.162;26.287;26.287;37.272;26;26;39;0;0;0;0;0
015022;Besate;12.742;19.361;19.361;19.361;0;0;0;0;0;0;0;0
015027;Bollate;13.099;1.977;2.267;10.36;453;512;1611;0;0;0;0;0
021079;San Genesio Atesino/Jenesien;68.837;0;0.003;0.003;-1;0;0;7.295;3.52;1.61;0;163
015026;Boffalora sopra Ticino;7.653;24.252;24.252;25.206;16;16;17;0;0;0;0;0
015032;Bresso;3.382;0.828;13.808;40.39;60;4410;16179;0;0;0;0;0
021080;San Leonardo in Passiria/St. Leonhard in Passeier;88.78;0;0;0;-1;0;0;0.381;0.011;0.009;0;9
015035;Bubbiano;2.935;0;0;0;0;0;0;0;0;0;0;0
015036;Buccinasco;12.006;0;0;0;0;0;0;0;0;0;0;0
021081;San Lorenzo di Sebato/St. Lorenzen;51.46;0;3.719;3.719;-1;694;694;4.767;3.797;3.714;0;104
015038;Buscate;7.832;0;0;0;0;0;0;0;0;0;0;0
019073;Pieranica;2.729;0;0;0;0;0;0;0;0;0;0;0
015040;Bussero;4.575;1.071;5.158;22.383;0;0;1693;0;0;0;0;0
021082;San Martino in Badia/St. Martin in Thurn;75.943;0;0.043;0.043;-1;60;60;0.916;1.517;0.374;0;37
021083;San Martino in Passiria/St. Martin in Passeier;30.238;0;0;0;-1;0;0;7.643;4.964;2.295;0;180
015041;Busto Garolfo;12.987;0;0;0;0;0;0;0;0;0;0;0
021084;San Pancrazio/St. Pankraz;63.172;0;0;0;-1;0;0;0.006;0.033;0.024;0.044;0
015042;Calvignasco;1.877;0;0;0;0;0;0;0;0;0;0;0
021085;Santa Cristina Valgardena/St. Christina in Gröden;31.923;0;0;0;-1;0;0;0.877;6.058;0.379;0.013;51
015044;Cambiago;7.227;0.512;0.678;1.176;71;106;276;0;0;0;0;0
021086;Sarentino/Sarntal;302.27;0;0;0;-1;0;0;3.439;1.676;0.695;0;816
015046;Canegrate;5.254;0.856;1.066;5.748;59;59;256;0;0;0;0;0
021087;Scena/Schenna;48.13;0;0.002;0.002;-1;0;0;0.002;0.004;0;0;1
021088;Selva dei Molini/Mühlwald;104.787;0;0;0;-1;0;0;3.304;2.23;2.393;0;172
015050;Carpiano;17.243;0.081;0.104;0.22;0;0;0;0;0;0;0;0
015051;Carugate;5.371;0;0;0;0;0;0;0;0;0;0;0
021089;Selva di Val Gardena/Wolkenstein in Gröden;56.24;0;0;0;-1;0;0;0.091;0.935;0.427;0.034;0
021091;Senales/Schnals;209.837;0;0;0;-1;0;0;7.327;1.347;0.551;0;175
015055;Casarile;7.325;0;5.16;5.16;0;5;5;0;0;0;0;0
021092;Sesto/Sexten;80.431;0;0.867;0.867;-1;695;695;0.277;0.693;0.689;0;258
023038;Grezzana;49.49;0.129;0.129;0.493;263;263;653;0.523;0.016;0.034;0;54
015058;Casorezzo;6.595;0;0;0;0;0;0;0;0;0;0;0
015061;Cassinetta di Lugagnano;3.318;0;0;0;0;0;0;0;0;0;0;0
015059;Cassano d'Adda;18.57;7.254;15.369;18.487;30;151;328;0;0;0;0;0
015060;Cassina de' Pecchi;7.147;0.895;20.176;22.961;5;140;993;0;0;0;0;0
015062;Castano Primo;19.173;12.173;12.173;25.223;10;10;10;0;0;0;0;0
015071;Cerro al Lambro;9.963;1.526;2.088;13.59;0;0;8;0;0;0;0;0
021093;Silandro/Schlanders;115.172;0;0.632;0.632;-1;380;380;1.62;1.481;0.715;0;171
015072;Cerro Maggiore;10.121;0;0;0;0;0;0;0;0;0;0;0
021094;Sluderno/Schluderns;20.718;0;2.833;2.833;-1;173;173;2.568;0.738;0.594;0;45
015074;Cesano Boscone;3.949;0;0;0;0;0;0;0;0;0;0;0
015076;Cesate;5.768;1.474;1.474;12.205;48;48;384;0;0;0;0;0
021095;Stelvio/Stilfs;141.622;0;0;0;-1;0;0;2.089;0.089;1.662;0.134;20
021096;Terento/Terenten;42.161;0;0;0;-1;0;0;0.365;0.27;0.759;0;5
015077;Cinisello Balsamo;12.724;0;0;0;0;0;0;0;0;0;0;0
015078;Cisliano;14.676;0;0;0;0;0;0;0;0;0;0;0
015081;Cologno Monzese;8.403;16.47;47.935;56.278;4931;19134;27624;0;0;0;0;0
015082;Colturano;4.164;1.369;3.026;32.973;0;1;24;0;0;0;0;0
015085;Corbetta;18.687;0;0;0;0;0;0;0;0;0;0;0
021097;Terlano/Terlan;18.569;0;12.122;12.122;-1;838;838;6.096;4.061;0.802;0;205
015086;Cormano;4.473;1.028;4.807;12.475;117;699;2738;0;0;0;0;0
021098;Termeno sulla strada del vino/Tramin an der Weinstraße;19.424;0;27.935;27.935;-1;2061;2061;11.754;3.763;1.143;0.015;245
015087;Cornaredo;11.067;0;0;0.081;0;0;0;0;0;0;0;0
015093;Corsico;5.366;0;0;0;0;0;0;0;0;0;0;0
015096;Cuggiono;14.925;12.241;12.241;12.248;10;10;10;0;0;0;0;0
021099;Tesimo/Tisens;38.125;0;0;0;-1;0;0;3.793;3.229;0.653;0.076;105
015167;Pantigliate;5.692;1.124;1.124;1.124;0;0;0;0;0;0;0;0
015177;Pozzo d'Adda;4.294;0.186;0.186;0.186;0;0;0;0;0;0;0;0
015168;Parabiago;14.308;1.041;1.698;2.635;106;107;277;0;0;0;0;0
015169;Paullo;8.821;0.408;0.408;0.408;8;8;8;0;0;0;0;0
015189;Rozzano;12.243;0.637;0.637;0.637;13;13;13;0;0;0;0;0
015170;Pero;5.002;2.099;2.179;12.115;329;344;2495;0;0;0;0;0
023039;Illasi;25.003;0.912;0.912;0.912;7;7;7;0;0;0;0;0
015172;Pessano con Bornago;6.663;2.251;7.684;23.308;101;446;6132;0;0;0;0;0
015173;Pieve Emanuele;12.914;0.952;2.129;2.571;1;8;9;0;0;0;0;0
015175;Pioltello;13.092;0;0.252;0.252;0;1;1;0;0;0;0;0
015176;Pogliano Milanese;4.785;4.765;5.183;54.148;213;253;5449;0;0;0;0;0
015191;San Colombano al Lambro;16.55;6.344;7.45;11.202;13;19;81;0;0;0;0;0
015178;Pozzuolo Martesana;12.139;0.453;1.137;1.367;11;11;15;0;0;0;0;0
015181;Rescaldina;8.03;0.112;0.112;2.192;0;0;0;0;0;0;0;0
015182;Rho;22.241;9.289;12.419;27.715;3616;5745;13399;0;0;0;0;0
015192;San Donato Milanese;12.813;2.833;10.24;22.953;3;6;5815;0;0;0;0;0
015179;Pregnana Milanese;5.074;9.559;10.327;13.796;71;71;74;0;0;0;0;0
015211;Settimo Milanese;10.719;0;0;0;0;0;0;0;0;0;0;0
021100;Tires/Tiers;42.195;0;0;0;-1;0;0;2.036;5.005;0.472;0.081;75
015183;Robecchetto con Induno;13.928;13.914;13.914;22.257;13;13;23;0;0;0;0;0
021102;Trodena nel parco naturale/Truden im Naturpark;20.562;0;0;0;-1;0;0;6.789;1.551;0.467;0.214;34
015184;Robecco sul Naviglio;19.785;10.907;10.907;11.741;13;13;14;0;0;0;0;0
015185;Rodano;13.073;0;21.931;21.931;0;146;146;0;0;0;0;0
015188;Rosate;18.763;0;0.005;0.005;0;0;0;0;0;0;0;0
015194;San Giorgio su Legnano;2.168;0;0;0;0;0;0;0;0;0;0;0
015195;San Giuliano Milanese;30.904;1.883;5.549;12.908;4;242;321;0;0;0;0;0
021103;Tubre/Taufers im Münstertal;46.266;0;2.261;2.261;-1;259;259;2.308;3.225;2.014;0;22
015200;Santo Stefano Ticino;4.966;0;0;0;0;0;0;0;0;0;0;0
015219;Trezzano Rosa;3.427;1.196;5.69;5.69;12;514;514;0;0;0;0;0
015201;San Vittore Olona;3.481;22.178;22.321;37.001;361;380;1109;0;0;0;0;0
016002;Adrara San Rocco;9.225;0.325;0.358;0.358;21;24;24;3.285;6.396;0;0;7
021104;Ultimo/Ulten;208.118;0;0;0;-1;0;0;1.666;1.343;0.492;0.131;200
015202;San Zenone al Lambro;7.236;4.077;4.491;10.572;1;1;36;0;0;0;0;0
015204;Sedriano;7.753;0;0;0;0;0;0;0;0;0;0;0
015205;Segrate;17.322;0;5.721;9.092;0;1935;3781;0;0;0;0;0
015206;Senago;8.599;2.012;2.779;3.628;145;145;160;0;0;0;0;0
015209;Sesto San Giovanni;11.699;2.53;11.804;17.711;77;967;1916;0;0;0;0;0
015210;Settala;17.424;0.62;0.62;0.62;2;2;2;0;0;0;0;0
021101;Tirolo/Tirol;25.618;0;0.012;0.012;-1;0;0;0.062;0.039;0.105;0;3
015213;Solaro;6.676;0.794;0.794;7.564;87;87;1924;0;0;0;0;0
021105;Vadena/Pfatten;13.664;0;6.843;6.843;-1;5;5;24.671;1.332;0.937;0;109
015220;Trezzano sul Naviglio;10.766;0;0;0;0;0;0;0;0;0;0;0
021106;Valdaora/Olang;49.059;0;0;0;-1;0;0;0.004;0.002;0;0;0
015221;Trezzo sull'Adda;13.053;7.086;7.853;14.081;129;130;370;0.161;0;0;0;29
015222;Tribiano;6.996;2.273;2.487;2.487;175;175;175;0;0;0;0;0
016167;Pognano;3.286;0;0.426;0.426;0;0;0;0;0;0;0;0
015224;Truccazzano;21.984;6.591;38.61;48.526;233;669;962;0;0;0;0;0
015226;Turbigo;8.519;19.556;19.556;35.016;11;11;74;0;0;0;0;0
016170;Ponte San Pietro;4.581;10.762;11.526;17.005;593;625;972;0;0;0;0;0
015229;Vanzago;6.053;0.116;0.116;2.115;0;0;34;0;0;0;0;0
016171;Pontida;10.377;0.569;0.723;2.66;0;0;88;0.193;0;1.898;0;0
015230;Vaprio d'Adda;7.063;4.375;9.373;17.811;10;82;119;0;0;0;0;0
015236;Vernate;14.544;0;1.038;1.038;0;14;14;0;0;0;0;0
016182;Rogno;15.81;4.858;5.756;24.345;35;154;2491;0.417;41.657;4.2;0;192
015237;Vignate;8.553;0;0.666;5.46;0;0;2;0;0;0;0;0
016183;Romano di Lombardia;19.383;4.004;4.014;6.97;13;13;43;0;0;0;0;0
016184;Roncobello;25.387;1.394;1.517;2.115;3;30;130;22.89;0.398;0.997;0;32
015242;Vimodrone;4.742;0;0;1.392;0;0;24;0;0;0;0;0
015243;Vittuone;6.133;0;0;0;0;0;0;0;0;0;0;0
016187;Rovetta;24.534;7.113;7.492;12.244;147;184;2018;15.244;3.037;3.591;0;56
015244;Vizzolo Predabissi;5.65;1.646;1.965;16.531;1;18;43;0;0;0;0;0
015247;Zibido San Giacomo;24.605;0;0.102;0.102;0;107;107;0;0;0;0;0
016188;San Giovanni Bianco;31.026;1.263;1.457;3.059;343;450;1821;2.069;0.387;1.399;0;59
015248;Villa Cortese;3.548;0;0;0;0;0;0;0;0;0;0;0
016005;Almè;2;2.4;2.8;7.65;1;3;18;1.9;0;0;0;13
015249;Vanzaghello;5.563;2.247;2.247;6.04;1;1;1;0;0;0;0;0
016006;Almenno San Bartolomeo;10.607;0.914;1.537;2.866;1;3;7;2.951;0.434;1.405;0;26
016190;San Pellegrino Terme;22.953;0.919;1.52;3.738;276;440;2079;8.783;1.451;3.429;0;524
015250;Baranzate;2.772;0.938;0.938;24.784;50;50;1210;0;0;0;0;0
016008;Alzano Lombardo;13.684;3.742;3.822;14.711;312;333;6621;3.427;3.172;11.583;0;87
016191;Santa Brigida;13.804;1.724;1.724;1.739;0;0;0;3.586;1.21;0;0;34
015251;Vermezzo con Zelo;10.737;0;0;0;0;0;0;0;0;0;0;0
016001;Adrara San Martino;12.605;0.571;0.611;0.611;79;89;89;0.873;8.282;0.056;0;61
016003;Albano Sant'Alessandro;5.353;7.585;14.795;15.262;691;1211;1367;0.075;1.887;0.205;0;44
016004;Albino;31.807;2.15;3.144;9.995;480;935;3365;1.254;3.653;2.996;0;198
016007;Almenno San Salvatore;4.73;5.645;6.934;11.184;115;175;426;0.233;1.416;3.362;0;14
016009;Ambivere;3.275;0;0.214;17.863;0;3;792;0;3.115;0;0;6
016013;Arzago d'Adda;9.308;0;0;0;0;0;0;0;0;0;0;0
016014;Averara;10.693;1.693;1.693;2.534;9;9;12;8.501;0.047;0.888;0;6
016010;Antegnate;9.727;0;0;0;0;0;0;0;0;0;0;0
016024;Bergamo;40.243;2.627;2.848;4.428;2635;2640;4050;0;0;0.9;0;0
016194;Scanzorosciate;10.689;0.43;0.44;2.591;54;67;1120;0;0;0;0;0
016011;Arcene;4.347;0;0.322;0.322;0;4;4;0;0;0;0;0
016012;Ardesio;54.437;9.549;10.561;11.375;352;543;1284;10.489;9.865;3.055;0;356
016046;Calusco d'Adda;8.334;3.132;3.228;3.276;200;200;200;0.108;0.696;0;0;2
016015;Aviatico;8.484;0;0;0;0;0;0;4.29;1.803;8.581;0;3
016016;Azzano San Paolo;4.292;2.144;2.19;2.19;585;585;585;0;0;0;0;0
016017;Azzone;17.289;8.902;9.341;9.445;5;5;30;31.066;0.763;0.127;0;24
016055;Carobbio degli Angeli;6.821;7.11;10.805;12.667;146;612;781;0.337;0;0;0;1
016018;Bagnatica;6.549;7.024;7.085;7.085;186;187;187;0.015;0;0;0;0
016056;Carona;44.154;0.437;0.578;0.901;8;12;42;0.958;0.335;0.457;0;5
016019;Barbata;7.981;0;0;0;0;0;0;0;0;0;0;0
016057;Carvico;4.589;0;0;0.479;0;0;8;0.174;9.392;0;0;4
016195;Schilpario;63.969;13.275;17.942;17.942;14;557;557;29.45;17.967;0;0;448
016020;Bariano;7.071;7.552;11.993;29.458;1;67;215;0;0;0;0;0
016053;Caravaggio;33.388;0.063;8.824;8.824;0;4279;4279;0;0;0;0;0
016021;Barzana;2.074;0.289;0.289;0.386;1;1;1;0;0;0;0;0
016062;Castelli Calepio;10.153;2.945;3.132;5.644;84;91;144;0;0.039;0;0;0
016199;Serina;27.338;1.416;1.438;1.814;1;1;1;6.336;0.867;0.388;0;4
016022;Bedulita;4.268;0;0;0;0;0;0;0;0.656;0.703;0;0
016200;Solto Collina;11.768;4.402;4.419;8.311;0;0;264;6.645;16.553;4.087;0;92
016023;Berbenno;6.145;0;0;0.277;0;0;25;0.586;0.732;7.73;0;6
016025;Berzo San Fermo;5.864;0.648;0.989;0.989;14;14;14;0;2.575;0;0;10
016201;Songavazzo;12.945;7.122;16.315;16.338;5;6;6;0.78;0.765;0.834;0;0
016026;Bianzano;6.67;1.364;3.928;3.928;3;5;5;1.694;3.673;0.405;0;13
016027;Blello;2.201;0;0.136;1.181;0;0;0;1.772;12.721;0;0;5
016202;Sorisole;12.246;0.269;0.31;3.283;1;1;180;5.798;11.098;0.098;0;112
016028;Bolgare;8.591;10.243;19.486;21.232;222;1034;1361;0;0;0;0;0
016204;Sovere;17.998;1.867;7.301;15.441;86;220;1556;16.569;2.167;8.651;0;123
016029;Boltiere;4.208;0;0;0;0;0;0;0;0;0;0;0
016063;Castel Rozzone;1.707;0;13.181;13.181;0;428;428;0;0;0;0;0
016030;Bonate Sopra;6.151;4.373;4.568;14.437;127;127;394;0;0;0;0;0
016031;Bonate Sotto;6.468;8.782;23.964;29.762;117;425;462;0;0;0;0;0
016064;Castione della Presolana;42.5;3.096;9.522;10.619;11;323;919;2.993;2.699;1.259;0;44
016032;Borgo di Terzo;1.831;1.584;4.151;7.81;40;129;253;0.546;0.273;0.273;0;3
016033;Bossico;7.105;0.042;0.042;0.042;0;0;0;0.535;0.324;0.521;0;0
016034;Bottanuco;5.773;0.104;0.121;2.772;0;0;0;0;0;0;0;0
016071;Cerete;14.047;2.634;2.705;2.734;1;1;1;5.574;3.139;4.008;0;22
016219;Treviglio;32.22;0;0;0;0;0;0;0;0;0;0;0
016035;Bracca;5.465;2.47;2.543;2.836;27;40;44;11.491;2.635;7.685;0;33
016040;Brignano Gera d'Adda;12.111;0.107;15.193;15.193;0;915;915;0;0;0;0;0
016036;Branzi;26.187;0.748;0.928;1.986;24;25;159;6.893;1.329;1.054;0;24
016037;Brembate;5.533;4.175;4.753;15.579;323;343;553;0.705;0;0;0;66
016038;Brembate di Sopra;4.139;7.248;9.398;15.318;232;292;459;0;0;0;0;0
016078;Colere;18.627;3.833;4.016;4.289;31;31;33;33.301;1.154;1.235;0;48
016041;Brumano;8.218;0;0;0;0;0;0;0.134;18.666;6.607;0;4
016042;Brusaporto;4.995;1.221;1.241;1.241;1;1;1;0.08;0;0;0;0
016043;Calcinate;15.083;0.888;1.054;2.128;4;5;10;0;0;0;0;0
016044;Calcio;15.668;8.227;11.782;12.593;40;573;577;0;0;0;0;0
016047;Calvenzano;6.724;0;0;0;0;0;0;0;0;0;0;0
016081;Comun Nuovo;6.445;0;0;0;0;0;0;0;0;0;0;0
016048;Camerata Cornello;12.944;1.028;1.406;1.777;33;98;157;0.17;0;0.023;0;0
016049;Canonica d'Adda;3.205;9.485;17.317;40.437;11;98;546;0;0;0;0;0
016091;Dalmine;11.808;2.371;3.76;7.055;0;0;0;0;0;0;0;0
016050;Capizzone;4.679;0.171;0.171;0.171;0;0;0;0.94;0.513;0.94;0;36
016092;Dossena;19.558;0;1.677;1.677;0;4;4;4.898;1.34;0.358;0;129
016051;Capriate San Gervasio;5.785;8.124;8.591;23.578;64;115;485;0;0;0;0;0
016079;Cologno al Serio;18.519;5.184;5.184;8.856;76;76;87;0;0;0;0;0
016052;Caprino Bergamasco;8.784;2.186;2.561;2.618;38;39;45;7.297;1.867;4.645;0;56
016058;Casazza;7.113;2.77;5.16;17.869;239;503;2171;4.4;1.631;12.793;0;36
016093;Endine Gaiano;21.067;0;0.29;4.509;0;53;1301;0.047;0.304;4.182;0;37
016059;Casirate d'Adda;10.175;0;0.786;0.786;0;1;1;0;0;0;0;0
016080;Colzate;6.748;7.143;8.669;9.232;190;436;562;12.922;2.979;2.09;0;178
016060;Casnigo;13.622;2.936;4.221;5.733;24;62;89;43.378;1.035;2.298;0;137
016061;Cassiglio;13.677;7.078;7.158;7.787;19;19;83;2.552;0.548;0.548;0;0
016065;Castro;2.589;59.405;60.062;68.019;47;90;486;7.261;2.781;7.261;0;64
016103;Foppolo;16.143;0.849;1.332;1.332;7;7;7;8.883;12.792;0;0;5
016230;Vedeseta;19.292;1.736;5.629;5.629;0;3;3;11.849;18.059;13.151;0;142
016066;Cavernago;7.652;5.123;5.619;11.383;1;1;6;0;0;0;0;0
016108;Gandino;29.023;5.709;6.019;9.072;110;131;1181;9.565;0.782;3.415;0;24
016243;Vilminore di Scalve;41.001;3.417;3.993;5.549;3;3;216;19.839;18.143;5.961;0;89
016067;Cazzano Sant'Andrea;2.024;3.162;3.409;4.397;26;31;31;5.287;4.249;2.421;0;30
016068;Cenate Sopra;6.973;3.241;3.241;15.503;178;178;1348;7.414;2.209;12.204;0;156
016069;Cenate Sotto;4.617;2.253;4.808;5.415;19;32;42;1.083;1.559;0.412;0;44
016070;Cene;8.599;1.675;2.151;9.199;302;468;1850;0.349;1.942;3.407;0;181
016072;Chignolo d'Isola;5.546;4.345;4.345;8.583;279;279;794;0.054;0;0;0;0
016125;Lenna;12.738;2.606;3.768;9.295;21;28;144;12.443;0.039;2.23;0;13
016073;Chiuduno;6.885;17.865;17.865;17.865;106;106;106;0.959;0;0;0;5
016074;Cisano Bergamasco;7.816;2.354;3.774;16.249;15;41;216;6.602;1.011;0.205;0;116
016075;Ciserano;5.307;0;0.188;0.188;0;0;0;0;0;0;0;0
016083;Cortenuova;7.349;6.518;6.518;6.518;92;92;92;0;0;0;0;0
016247;Costa Serina;12.297;0.325;0.325;0.74;1;1;55;0.537;2.732;5.53;0;13
016076;Cividate al Piano;9.728;7.422;14.525;14.628;74;95;95;0;0;0;0;0
016077;Clusone;26.19;0.462;0.615;1.214;4;9;245;0.691;0.695;2.665;0;11
016082;Corna Imagna;4.502;0.022;0.022;0.222;2;2;21;2.066;0.644;11.573;0;6
016246;Zogno;35.212;1.204;2.116;4.746;65;225;2085;0.486;10.113;1.752;0;73
016084;Costa di Mezzate;5.223;8.731;9.726;10.205;784;795;796;0.498;0.172;0.268;0;3
016248;Algua;8.323;4.986;4.986;4.986;12;12;12;5.635;16.725;0.048;0;58
016085;Costa Valle Imagna;4.212;0;0;0;0;0;0;0.047;0.641;0.071;0;0
016086;Costa Volpino;18.666;13.897;27.012;29.562;964;3540;3817;21.086;1.613;4.875;0;610
021107;Val di Vizze/Pfitsch;142.121;0;0;0;-1;0;0;2.927;1.558;0.578;0;105
016087;Covo;12.944;3.299;3.299;3.299;22;22;22;0;0;0;0;0
021108;Valle Aurina/Ahrntal;187.888;0;0;0;-1;0;0;0;0;0;0;0
016088;Credaro;3.414;3.163;3.456;5.067;249;257;327;0;0;0;0;0
016089;Curno;4.687;4.737;4.779;6.038;800;801;826;0;0;0;0;0
016090;Cusio;9.407;0.223;0.223;0.223;31;31;31;0.744;22.887;0;0;13
016094;Entratico;4.145;1.134;1.327;3.595;36;38;264;0;8.83;0;0;23
021109;Valle di Casies/Gsies;110.134;0;0;0;-1;0;0;2.67;1.669;0.338;0;118
016096;Fara Gera d'Adda;10.793;12.378;12.869;15.899;370;381;718;0;0;0;0;0
021110;Vandoies/Vintl;110.818;0;0;0;-1;0;0;4.737;2.345;0.938;0;409
016097;Fara Olivana con Sola;5.041;1.448;1.785;11.287;0;0;13;0;0;0;0;0
021111;Varna/Vahrn;70.342;0;0.003;0.003;-1;0;0;3.146;0.812;0.256;0;59
021112;Verano/Vöran;22.009;0;0.168;0.168;-1;31;31;0.164;0.995;0.336;0;10
016098;Filago;5.423;3.909;6.989;9.091;27;35;62;0.018;0;0;0;0
016099;Fino del Monte;4.288;0.303;0.303;11.287;1;1;690;3.242;9.095;10.354;0;2
016101;Fontanella;17.797;0;0;0;0;0;0;0;0;0;0;0
021113;Villabassa/Niederdorf;18.033;0;6.704;6.704;-1;684;684;0.66;1.952;1.165;0;7
016100;Fiorano al Serio;1.059;4.816;20.963;21.152;30;637;646;0.094;3.399;1.322;0;1
021114;Villandro/Villanders;43.95;0;0;0;-1;0;0;0.66;1.98;1.117;0;148
021115;Vipiteno/Sterzing;32.965;0;0.064;0.064;-1;1;1;0.874;1.338;1.317;0;26
016102;Fonteno;10.929;0;0;0;0;0;0;0;14.887;0;0;53
016104;Foresto Sparso;7.868;0.61;0.737;0.788;109;133;143;2.885;0.013;0;0;12
016105;Fornovo San Giovanni;7.045;6.629;6.671;11.128;1;1;3;0;0;0;0;0
016106;Fuipiano Valle Imagna;4.28;0;0;0;0;0;0;5.304;65.935;0;0;195
016107;Gandellino;25.134;5.443;6.159;9.903;131;199;791;20.916;1.615;2.073;0;135
016109;Gandosso;3.127;0;0;0;0;0;0;0;0;0;0;0
021116;Velturno/Feldthurns;24.584;0;0.061;0.061;-1;2;2;2.253;2.188;1.167;0;123
021117;La Valle/Wengen;38.918;0;0;0;-1;0;0;1.801;0.547;2.454;0;4
016110;Gaverina Terme;5.196;0;0;0;0;0;0;0.808;4.33;0.154;0;11
016111;Gazzaniga;14.423;2.115;2.392;4.59;336;522;1486;13.381;2.926;6.372;0;80
016113;Ghisalba;10.588;7.102;7.282;12.731;3;3;7;0;0;0;0;0
016114;Gorlago;5.698;7.529;14.005;16.128;133;818;842;2.229;0;0;0;3
016115;Gorle;2.498;8.086;8.807;23.659;2;2;147;0;0;0;0;0
016116;Gorno;10;0.14;1.43;1.97;0;44;45;0.35;0.76;0.6;0;13
016117;Grassobbio;8.741;7.585;8.237;18.911;1;1;614;0;0;0;0;0
016118;Gromo;20.072;3.831;4.384;7.184;44;60;446;16.595;0.244;3.756;0;8
016119;Grone;7.777;1.196;2.096;2.212;16;17;17;0.887;3.035;0;0;6
021118;Senale-San Felice/Unsere Liebe Frau im Walde-St. Felix;27.631;0;0.022;0.022;-1;0;0;0;2.595;8.82;8.165;17
016120;Grumello del Monte;9.941;0;0;0;0;0;0;0;0.362;0;0;2
016121;Isola di Fondra;12.833;0.397;0.436;0.935;19;21;33;25.886;0.405;0.507;0;3
016122;Isso;5.059;0;0;0;0;0;0;0;0;0;0;0
022001;Ala;119.855;0;5.961;5.961;0;6287;6287;0;29.917;25.596;16.93;192
022156;Roncegno Terme;38.083;0;16.976;16.976;0;2154;2154;0;15.408;32.277;31.232;222
016123;Lallio;2.156;3.154;3.571;3.571;10;10;10;0;0;0;0;0
022003;Aldeno;8.975;0;51.476;51.476;0;2722;2722;0;20.423;19.454;6.039;173
022005;Andalo;11.378;0;0.105;0.105;0;0;0;0;5.388;14.449;16.11;1
016124;Leffe;6.691;1.121;2.227;2.541;161;236;300;2.212;2.974;0;0;59
016126;Levate;5.531;7.25;22.943;22.943;76;1155;1155;0;0;0;0;0
022006;Arco;63.218;0;6.392;6.392;0;3891;3891;0;14.728;23.707;20.966;206
016127;Locatello;3.789;0.106;0.106;1.24;9;9;49;0.264;7.152;0.106;0;5
023043;Lazise;63.146;56.897;56.905;57.093;123;133;293;0;0;0;0;0
016128;Lovere;7.925;31.256;32.492;35.811;135;427;1400;4.896;5.274;3.71;0;617
016130;Luzzana;3.485;0.717;1.865;3.529;4;39;51;2.324;0.143;4.39;0;4
022007;Avio;68.888;0.425;6.194;6.216;0;2213;2213;0.007;28.972;25.748;15.319;138
016131;Madone;3.069;0.13;0.293;0.293;0;0;0;0;0;0;0;0
016132;Mapello;8.658;0.023;0.023;0.185;0;0;3;0;0.335;0;0;1
016133;Martinengo;22.051;3.75;3.75;3.995;10;10;12;0;0;0;0;0
016135;Misano di Gera d'Adda;6.105;0;0;0;0;0;0;0;0;0;0;0
022009;Baselga di Pinè;41.071;0;3.888;3.888;0;654;654;0;7.619;13.934;23.554;131
022011;Bedollo;27.459;0;3.401;3.401;0;216;216;0;6.694;12.029;31.44;20
016136;Moio de' Calvi;6.356;0;0;0.047;0;0;0;0.236;0.079;0.063;0;0
022013;Besenello;25.912;0;11.08;11.08;0;2070;2070;0;19.373;21.399;16.699;14
016137;Monasterolo del Castello;8.753;1.44;6.466;15.389;99;163;647;10.785;23.866;8.877;0;162
016139;Montello;1.816;22.852;30.727;34.747;532;606;757;0;0;0;0;0
018032;Casatisma;5.495;0.182;0.182;0.182;0;0;0;0;0;0;0;0
016140;Morengo;9.566;3.972;5.321;15.273;1;2;278;0;0;0;0;0
016141;Mornico al Serio;6.923;5.489;5.489;5.489;3;3;3;0;0;0;0;0
016142;Mozzanica;9.465;36.027;37.961;67.036;2418;2481;2846;0;0;0;0;0
016143;Mozzo;3.647;7.458;8.473;9.213;347;348;461;0.192;0.027;0;0;2
016144;Nembro;15.235;2.724;6.629;10.968;318;1019;1806;3.275;0.079;0.039;0;4
016145;Olmo al Brembo;7.903;2.746;2.746;2.746;5;5;5;0.519;12.438;0;0;12
016146;Oltre il Colle;32.892;2.812;2.812;2.812;2;2;2;1.447;0.596;0;0;5
016150;Orio al Serio;3.041;0;0;0;0;0;0;0;0;0;0;0
016151;Ornica;15.096;1.285;1.418;1.524;25;30;42;10.533;1.464;2.345;0;1
016152;Osio Sopra;5.182;1.389;1.544;2.2;2;3;4;0.965;0;0;0;1
018033;Casei Gerola;24.805;4.721;64.628;72.493;9;1639;2197;0;0;0;0;0
016153;Osio Sotto;7.586;0.936;1.015;1.239;4;4;11;0.712;0;0;0;1
016154;Pagazzano;5.235;0;0.287;0.287;0;0;0;0;0;0;0;0
016251;Solza;1.228;18.73;18.73;18.73;489;489;489;0;0;0;0;0
016155;Paladina;2.087;23.047;24.149;30.714;1253;1289;1364;2.971;0;0;0;159
016156;Palazzago;13.96;0.509;0.509;0.659;119;119;136;0.007;0.186;0;0;1
016252;Sant'Omobono Terme;16.433;0.195;0.438;1.406;40;81;392;10.223;2.239;9.755;0;431
016157;Palosco;10.793;11.285;18.549;19.216;265;1316;1355;0;0;0;0;0
016159;Parzanica;9.819;40.187;40.381;40.422;13;20;21;8.31;1.192;0.896;0;16
016253;Val Brembilla;31.438;0.2;1.419;2.077;101;175;546;0.875;12.097;4.332;0;145
018036;Castana;5.277;0;0;0;0;0;0;21.774;26.019;3.487;0;103
016160;Pedrengo;3.6;1.056;1.056;1.611;3;3;3;0;0;0;0;0
017007;Artogne;21.019;4.153;4.648;16.024;35;69;2582;7.35;33.07;8.088;0;255
016161;Peia;4.48;0.156;0.223;0.268;8;12;12;0.067;2.701;9.732;0;2
016162;Pianico;2.738;0.183;0.219;0.219;0;0;0;0.073;0.219;0.037;0;0
017009;Bagnolo Mella;31.346;5.439;7.376;7.376;314;352;352;0;0;0;0;0
016164;Piazza Brembana;6.765;1.567;1.759;2.616;7;9;83;0.222;0.547;2.528;0;9
016165;Piazzatorre;24.238;5.883;5.887;6.3;0;0;29;3.981;0.52;1.939;0;16
016163;Piario;1.545;10.55;15.405;19.094;0;0;3;0;3.43;0;0;2
017010;Bagolino;109.198;2.736;4.597;5.793;180;1181;2016;26.827;2.062;10.231;0.043;1110
018049;Cigognola;7.876;3.352;6.463;7.504;37;82;89;10.805;10.475;3.377;0;40
016166;Piazzolo;4.152;2.192;2.192;2.36;1;1;6;0.024;0.698;0.626;0;0
017011;Barbariga;11.336;0;0;0;0;0;0;0;0;0;0;0
016168;Ponte Nossa;5.59;11.181;13.47;17.138;294;418;468;27.209;36.905;2.701;0;258
016169;Ponteranica;8.445;0.142;0.367;0.497;6;46;77;0.166;1.113;0;0;1
016172;Pontirolo Nuovo;11.098;0;0;0;0;0;0;0;0;0;0;0
017018;Bienno;46.806;0.342;1.318;3.406;3;4;2547;9.512;5.397;1.671;0;52
016173;Pradalunga;8.198;5.087;5.575;10.088;587;589;1765;0.195;0.659;0.22;0;15
017019;Bione;17.287;0;0;0;0;0;0;3.488;3.656;1.423;0;18
016174;Predore;10.956;32.539;33.032;34.41;101;217;707;7.959;0.867;2.501;0;22
016175;Premolo;17.625;2.945;3.149;3.172;6;6;6;0.709;13.214;0.295;0;4
016176;Presezzo;2.282;1.315;3.637;6.31;35;180;483;0;0;0;0;0
017020;Borgo San Giacomo;29.53;6.001;7.687;10.457;38;41;92;0;0;0;0;0
016177;Pumenengo;10.114;21.357;21.762;21.762;47;47;47;0;0;0;0;0
016178;Ranica;4.061;5.122;5.811;19.552;165;228;643;1.133;2.758;0.788;0;115
023044;Legnago;79.273;2.827;2.827;51.902;180;180;2597;0;0;0;0;0
016179;Ranzanico;7.214;1.622;1.982;5.268;1;25;292;7.014;6.321;6.127;0;29
016180;Riva di Solto;8.521;53.843;54.031;54.677;39;60;129;0.399;2.969;0.645;0;10
016185;Roncola;5.068;0;0;0;0;0;0;0.276;4.972;3.039;0;19
017023;Botticino;18.482;2.435;3.295;7.64;72;94;2100;11.747;5.773;3.263;0;276
016186;Rota d'Imagna;6.03;0.116;0.116;0.315;0;0;0;6.65;9.353;2.869;0;73
016189;San Paolo d'Argon;5.247;7.28;10.787;16.276;277;424;678;0.019;0.286;0.057;0;3
016193;Sarnico;6.663;31.562;32.718;33.979;512;743;804;0.48;0;1.591;0;9
023045;Malcesine;69.278;29.779;29.779;30.139;313;313;436;7.017;1.093;1.9;0.424;273
016196;Sedrina;5.846;2.566;2.703;10.263;3;3;490;0.171;0.171;3.011;0;0
017024;Bovegno;47.989;0.16;0.44;0.944;3;30;189;2.103;5.093;0.594;0;92
016197;Selvino;6.528;0.475;0.475;0.475;0;0;0;1.455;8.318;7.996;0;11
016198;Seriate;12.553;2.932;5.377;34.008;455;651;10506;0;0;0;0;0
016206;Spirano;9.611;21.788;21.788;21.788;1925;1925;1925;0;0;0;0;0
017030;Brione;6.897;0;0;0;0;0;0;5.263;0.406;0;0;7
016203;Sotto il Monte Giovanni XXIII;5.023;0.378;0.398;9.994;6;6;235;0.02;0.956;7.784;0;11
016205;Spinone al Lago;1.974;4.255;4.965;19.858;14;16;345;1.064;0.051;15.096;0;3
017028;Breno;59.935;2.838;3.239;5.474;69;314;1003;15.362;2.925;1.882;0.045;13
017029;Brescia;90.35;4.153;5.559;28.966;6049;8284;72116;0.121;0.489;0;0;17
016207;Stezzano;9.374;0.075;2.294;2.294;0;6;6;0;0;0;0;0
016208;Strozza;3.825;0.131;0.157;0.157;0;0;0;2.614;0.052;4.889;0;1
017031;Caino;17.308;0.468;0.618;4.304;162;181;1402;0.318;0.202;3.807;0;0
016209;Suisio;4.541;4.448;5.593;9.447;2;2;4;0.22;0.132;0;0;0
016210;Taleggio;47.126;4.577;4.675;4.675;8;9;9;26.947;1.751;0.051;0;32
017034;Calvisano;44.827;10.596;15.181;24.793;1082;1219;1974;0;0;0;0;0
016211;Tavernola Bergamasca;11.171;39.916;40.319;40.918;92;154;316;1.092;4.637;1.012;0;89
016212;Telgate;8.303;0.072;0.072;0.072;0;0;0;0;0;0;0;0
017035;Capo di Ponte;18.107;2.579;3.8;12.995;88;429;1776;10.068;4.755;7.732;0;31
016213;Terno d'Isola;4.133;0.048;2.153;5.371;0;58;251;0;0;0;0;0
017044;Casto;21.336;1.345;1.865;2.39;1;273;307;9.838;3.346;10.705;0;257
016214;Torre Boldone;3.479;0.029;0.029;0.029;1;1;1;0;0;0;0;0
017046;Cazzago San Martino;22.341;0.967;1.016;1.047;25;27;27;0;0;0;0;0
016215;Torre de' Busi;8.967;0.067;0.067;0.335;0;0;1;14.152;13.193;0.234;0;215
016216;Torre de' Roveri;2.69;2.119;4.981;6.506;58;208;210;5.056;0;0;0;11
017047;Cedegolo;11.083;2.156;2.156;4.593;203;203;278;4.051;3.753;5.152;0;34
016217;Torre Pallavicina;10.624;13.018;13.055;13.94;15;15;15;0;0;0;0;0
016218;Trescore Balneario;13.514;3.13;6.371;7.141;81;306;393;0.947;0.984;0;0;12
016220;Treviolo;8.416;4.67;5.644;9.518;0;0;4;0;0;0;0;0
016221;Ubiale Clanezzo;7.345;2.968;12.226;16.174;0;85;134;0;8.795;0.626;0;12
016227;Valnegra;2.23;0;3.543;5.605;0;9;23;6.906;0;1.928;0;0
017050;Ceto;32.301;5.532;6.325;11.089;138;215;1458;3.631;2.124;4.511;0.034;31
016222;Urgnano;14.778;7.904;7.904;11.226;128;128;145;0;0;0;0;0
016223;Valbondione;96.89;2.968;3.678;4.138;183;260;535;67.764;1.041;4.422;0;172
016224;Valbrembo;3.84;19.609;32.422;36.536;391;883;1168;0.026;0;0;0;0
016225;Valgoglio;31.89;4.318;4.826;4.967;18;68;68;49.972;4.447;4.183;0;28
016226;Valleve;14.764;4.01;4.531;4.531;5;5;5;14.109;3.441;0;0;1
016229;Valtorta;30.898;1.618;2.282;2.757;1;73;86;38.591;1.139;0.599;0;59
016232;Verdellino;3.816;0;6.971;6.971;0;232;232;0;0;0;0;0
017052;Chiari;37.959;0;0;0;0;0;0;0;0;0;0;0
017053;Cigole;9.931;3.977;11.127;22.646;4;12;38;0;0;0;0;0
016233;Verdello;7.35;0.109;2.259;2.259;0;258;258;0;0;0;0;0
016234;Vertova;15.695;1.778;2.549;3.702;242;363;786;8.327;10.545;0.025;0;205
016235;Viadanica;5.448;0.275;0.312;0.312;0;0;0;0.404;0.018;0;0;0
016236;Vigano San Martino;3.756;2.05;7.801;10.011;26;240;415;0.852;4.26;3.727;0;103
016237;Vigolo;12.31;0.024;0.024;0.024;2;2;2;1.186;2.876;0.812;0;9
016238;Villa d'Adda;5.982;1.956;2.641;4.497;3;5;8;0.05;0.033;0.15;0;0
023051;Mozzecane;24.852;0;0;0;0;0;0;0;0;0;0;0
016239;Villa d'Almè;6.486;2.066;4.317;7.616;40;238;624;1.187;0.247;0;0;5
017054;Cimbergo;24.713;3.071;3.079;3.128;1;1;1;1.194;1.513;0.04;0;3
016240;Villa di Serio;4.603;1.977;2.411;23.181;24;76;3123;0.065;0;0.999;0;11
017061;Concesio;19.074;0.792;4.891;12.572;10;557;4568;0.152;0.262;4.451;0;9
016241;Villa d'Ogna;5.159;3.237;8.141;10.816;103;227;659;18.453;7.753;2.772;0;95
016242;Villongo;6.042;3.161;3.774;5.015;189;272;497;0.132;2.019;0.166;0;27
016244;Zandobbio;6.432;0.855;6.032;6.234;23;249;252;0.031;0;0;0;0
016245;Zanica;14.952;0.281;0.281;0.649;0;0;1;0;0;0;0;0
016249;Cornalba;9.251;0;0;0;0;0;0;26.916;0.724;1.632;0;3
017062;Corte Franca;13.973;2.991;3.95;9.067;28;61;1389;0;0.773;3.993;0;20
016250;Medolago;3.8;0.842;1.289;2.368;0;1;1;0;0.053;0;0;0
017051;Cevo;35.469;0.598;0.598;1.133;3;3;6;6.47;13.124;0.753;0.068;12
017063;Corteno Golgi;82.605;2.173;2.661;4.005;119;128;500;16.405;3.677;19.611;0;89
017001;Acquafredda;9.546;1.362;7.909;76.88;2;22;1330;0;0;0;0;0
017002;Adro;14.289;0.007;0.014;0.014;0;0;0;0;0;0;0;0
017067;Desenzano del Garda;59.262;25.801;25.846;26.553;77;88;150;0.046;0;0.02;0;1
017003;Agnosine;13.555;0;0;0.531;0;0;6;4.825;1.158;2.767;0;22
017004;Alfianello;13.717;8.333;8.333;9.091;18;18;19;0;0;0;0;0
017005;Anfo;23.831;17.884;18.295;19.303;23;45;246;21.699;0.902;6.559;0;49
017006;Angolo Terme;30.56;1.06;1.486;2.444;57;122;825;1.96;54.11;1.459;0;137
017008;Azzano Mella;10.57;4.834;20.085;52.044;25;663;760;0;0;0;0;0
017012;Barghe;5.492;5.426;8.048;17.407;71;126;644;29.151;2.167;7.684;0;68
017013;Bassano Bresciano;9.42;0;2.197;2.197;0;57;57;0;0;0;0;0
017014;Bedizzole;26.443;6.962;14.431;16.277;81;1127;1149;0;0;0;0;0
017015;Berlingo;4.593;0;0;0;0;0;0;0;0;0;0;0
017016;Berzo Demo;15.463;0.867;1.216;3.059;14;17;390;0.019;12.313;9.228;0;20
017068;Edolo;88.903;2.103;2.118;3.968;72;109;1250;2.182;1.52;1.229;0.009;59
017017;Berzo Inferiore;21.915;3.345;4.773;11.759;16;16;1994;16.929;11.681;12.471;0;34
017021;Borgosatollo;8.42;7.435;10.998;11.021;1093;1165;1166;0;0;0;0;0
017022;Borno;30.496;2.954;3.089;14.241;92;92;1447;10.772;3.689;11.467;0;332
017025;Bovezzo;6.411;0.234;1.31;2.574;15;87;174;0.608;0.873;0;0;0
017069;Erbusco;16.24;0;0.006;0.905;0;0;143;0;0;0;0;0
017026;Brandico;8.38;0;0;0;0;0;0;0;0;0;0;0
017027;Braone;13.357;3.998;4.125;9.598;89;100;614;6.416;1.303;6.124;0;69
017032;Calcinato;33.296;10.827;19.693;24.336;1615;1869;2003;0.003;0;0;0;1
017033;Calvagese della Riviera;11.737;0.758;2.948;3.911;34;156;186;0;0;0;0;0
017036;Capovalle;22.947;0;0.057;0.057;0;0;0;14.573;6.445;2.462;0;9
017070;Esine;30.306;3.293;4.989;12.905;290;748;2927;15.179;7.903;4.372;0;207
017037;Capriano del Colle;13.968;0.83;11.397;44.931;1;648;2146;0;0;0;0;0
017038;Capriolo;10.601;3.613;4.509;7.377;14;18;36;0.34;0;0.066;0;1
017039;Carpenedolo;29.842;3.756;6.544;27.227;38;68;545;0;0;0;0;0
017075;Gardone Val Trompia;26.656;0.788;0.897;2.686;306;368;2358;15.036;0.525;1.321;0;210
017040;Castegnato;9.205;1.771;1.771;2.118;516;516;516;0;0;0;0;0
017076;Gargnano;76.751;25.327;25.355;25.845;50;71;400;2.27;1.96;0.459;0;101
017041;Castelcovati;6.14;0;0;0;0;0;0;0;0;0;0;0
017077;Gavardo;29.796;2.161;2.718;5.417;490;846;1480;1.087;0.258;1.191;0;59
017078;Ghedi;60.84;0.86;2.891;3.013;162;256;258;0;0;0;0;0
017079;Gianico;13.381;9.192;9.67;21.433;328;329;2097;9.155;57.275;10.403;0;356
017042;Castel Mella;7.528;4.37;24.23;99.854;48;1929;10756;0;0;0;0;0
017081;Gussago;25.089;3.699;3.699;8.123;246;246;1059;0.179;0.55;1.439;0;21
017043;Castenedolo;26.195;9.853;13.01;13.033;1282;1334;1334;0;0;0;0;0
017045;Castrezzato;13.632;0.205;1.064;1.064;1;3;3;0;0;0;0;0
017048;Cellatica;6.546;12.42;12.42;13.321;103;103;109;0;0;0;0;0
017049;Cerveno;21.553;3.359;4.194;12.564;13;31;596;3.907;1.002;8.365;0;30
017055;Cividate Camuno;3.307;23.163;51.769;59.178;97;682;1413;0.06;1.512;6.985;0;7
017082;Idro;22.89;29.284;29.747;33.049;211;308;1000;2.822;1.381;3.189;0.057;155
017056;Coccaglio;12.047;0;0;0;0;0;0;0;0;0;0;0
017057;Collebeato;5.27;0.74;3.643;22.808;4;97;2639;2.922;0.076;0;0;4
017058;Collio;53.475;0.449;0.602;0.948;280;375;808;1.502;4.165;9.326;0;230
017059;Cologne;13.788;0;0;0;0;0;0;0;0;0;0;0
017083;Incudine;19.666;2.095;2.288;5.741;21;35;182;5.843;0.147;3.142;0;13
017060;Comezzano-Cizzago;15.437;0;0;0;0;0;0;0;0;0;0;0
017064;Corzano;12.296;0;0;0;0;0;0;0;0;0;0;0
017065;Darfo Boario Terme;36.071;9.634;11.816;30.226;1376;2305;11411;5.037;48.144;10.818;0;853
017066;Dello;23.321;13.023;15.008;22.941;1388;1444;1629;0;0;0;0;0
017071;Fiesse;16.016;0;0;0.044;0;0;0;0;0;0;0;0
017089;Limone sul Garda;23.026;38.153;38.326;43.09;34;48;610;0.582;9.411;3.991;0.035;203
017072;Flero;9.837;0;0;2.806;0;0;51;0;0;0;0;0
017073;Gambara;31.586;0;0.006;0.006;0;0;0;0;0;0;0;0
017074;Gardone Riviera;21.393;29.454;29.454;29.636;18;19;62;1.127;0.538;0.145;0;42
017080;Gottolengo;29.284;0;5.734;5.734;0;618;618;0;0;0;0;0
017084;Irma;4.935;0;0.122;1.682;0;0;0;0.547;1.277;1.074;0;1
017085;Iseo;28.419;46.793;50.389;56.402;880;2425;5596;1.031;1.027;6.344;0;210
023085;Terrazzo;20.527;6.338;6.338;6.338;14;14;14;0;0;0;0;0
017086;Isorella;15.328;0;0;0;0;0;0;0;0;0;0;0
017087;Lavenone;31.823;0.864;2.583;2.765;19;20;20;27.813;2.241;9.556;0;13
017088;Leno;58.452;5.191;6.087;7.89;56;59;72;0;0;0;0;0
017091;Lograto;12.433;0;0;0;0;0;0;0;0;0;0;0
017093;Longhena;3.471;0;0.346;0.346;0;30;30;0;0;0;0;0
017109;Moniga del Garda;14.653;72.013;72.033;72.238;5;6;15;0;0;0.136;0;0
017094;Losine;6.255;7.754;9.305;23.517;5;11;200;2.366;1.615;14.724;0;6
017097;Maclodio;5.096;0;0;0;0;0;0;0;0;0;0;0
017098;Magasa;19.111;0;0;0;0;0;0;0.209;0.539;0.026;0.042;1
017099;Mairano;11.528;0.13;0.382;0.382;0;86;86;0;0;0;0;0
017110;Monno;31.026;1.834;1.892;1.895;0;0;0;13.892;0.619;7.603;0;22
017100;Malegno;6.894;1.726;2.451;2.988;234;337;448;17.058;1.523;3.061;0;35
017102;Manerba del Garda;36.629;69.347;69.358;69.524;10;10;23;0;0;0;0;0
017103;Manerbio;27.884;4.128;5.437;12.527;75;144;1058;0;0;0;0;0
017107;Mazzano;15.727;2.257;2.257;4.947;162;162;1131;3.478;0;0;0;136
017108;Milzano;8.491;3.05;7.325;16.9;2;5;32;0;0;0;0;0
017113;Montichiari;81.661;6.479;12.929;21.361;1007;1392;2046;0;0;0;0;0
017114;Montirone;10.518;0;0;0;0;0;0;0;0;0;0;0
017115;Mura;12.507;0;0;0.016;0;0;0;0.024;0.008;0.12;0;0
017119;Nuvolento;7.458;11.491;11.491;11.625;1716;1716;1716;0;0;0.027;0;0
017120;Nuvolera;13.312;2.614;2.614;2.704;172;172;172;0.503;0;0.353;0;165
017121;Odolo;6.544;0;0;4.645;0;0;173;0.183;0.29;5.058;0;0
017126;Orzivecchi;9.938;0;0;0;0;0;0;0;0;0;0;0
017129;Padenghe sul Garda;26.809;64.758;64.766;64.978;2;3;9;0;0.048;0.007;0;4
017122;Offlaga;23.033;10.815;12.565;17.761;145;155;462;0;0;0;0;0
017123;Ome;9.848;0.274;0.274;0.599;9;9;22;0.406;0.437;0.325;0;2
017127;Ospitaletto;9.29;0.065;0.151;0.151;0;0;0;0;0;0;0;0
017128;Ossimo;14.858;0.013;0.081;0.081;0;0;0;5.519;0.249;0.175;0;3
017130;Paderno Franciacorta;5.608;0;0.695;0.695;0;31;31;0;0;0;0;0
017131;Paisco Loveno;35.866;4.72;4.787;4.787;83;83;83;5.147;10.45;4.402;0;99
017132;Paitone;8.003;2.824;2.824;2.836;212;212;212;0.012;0;0.025;0;0
017134;Paratico;6.181;12.587;16.082;17.182;105;497;522;0.194;0.841;5.468;0;0
018052;Confienza;26.806;2.242;3.913;3.913;1;2;2;0;0;0;0;0
017135;Paspardo;11.154;2.681;2.878;3.272;0;0;0;1.049;0.045;1.434;0;0
017138;San Paolo;18.818;0;0.388;0.388;0;0;0;0;0;0;0;0
017139;Pertica Alta;20.915;0;0.096;0.096;0;0;0;6.589;1.186;4.461;0;12
017140;Pertica Bassa;30.126;0.03;0.266;0.266;2;17;17;21.34;2.569;14.758;0;79
017144;Polaveno;9.201;0;0.391;0.609;0;66;107;2.489;5.315;0.033;0;94
017146;Pompiano;15.273;0;0;0;0;0;0;0;0;0;0;0
018059;Cozzo;17.586;0;0;0.006;0;0;0;0;0;0;0;0
017147;Poncarale;12.643;0;1.803;1.803;0;526;526;0;0;0;0;0
017155;Prevalle;9.989;1.872;2.423;3.654;12;16;24;0;0;0;0;0
017148;Ponte di Legno;100.426;6.327;7.543;8.752;59;91;337;7.237;2.528;7.096;0.098;11
017152;Pralboino;17.162;6.392;7.697;14.223;6;11;32;0;0;0;0;0
017153;Preseglie;11.452;0;0;0.07;0;0;0;2.192;4.855;3.187;0;12
017160;Remedello;21.462;0.895;1.025;37.042;3;3;858;0;0;0;0;0
017164;Roè Volciano;5.821;1.735;2.062;2.079;130;154;155;0.103;0.034;8.796;0;0
017165;Roncadelle;9.374;4.993;5.91;67.858;978;1025;9006;0;0;0;0;0
017167;Rudiano;9.846;13.752;18.718;18.942;98;353;354;0;0;0;0;0
017168;Sabbio Chiese;18.447;1.746;2.472;5.54;174;262;347;6.126;0.146;1.42;0;64
017169;Sale Marasino;16.587;19.099;19.208;24.652;147;179;2011;28.974;3.678;5.667;0;165
017171;San Felice del Benaco;20.217;66.39;66.405;66.696;19;19;41;0;0;0.218;0;0
017173;San Zeno Naviglio;6.253;1.615;1.919;1.919;0;1;1;0;0;0;0;0
018060;Cura Carpignano;10.995;0.864;3.865;4.493;18;18;26;0;0;0;0;0
018061;Dorno;30.567;0;9.576;9.671;0;7;7;0;0;0;0;0
017172;San Gervasio Bresciano;10.536;0;0;0;0;0;0;0;0;0;0;0
018062;Ferrera Erbognone;19.171;8.753;21.147;23.901;8;17;19;0;0;0;0;0
017179;Sirmione;26.248;71.903;71.945;73.072;307;313;474;0;0;0;0;0
018064;Fortunago;17.825;1.24;1.24;1.24;1;1;1;16.926;16.297;3.736;0;32
018065;Frascarolo;24.175;30.573;31.016;99.789;2;2;1214;0;0;0;0;0
017180;Soiano del Lago;5.773;0;0;0;0;0;0;0;0;0;0;0
017181;Sonico;60.892;2.613;3.501;6.904;35;72;745;23.931;1.677;9.696;0;66
017182;Sulzano;10.44;17.241;17.72;25.929;94;183;890;6.13;41.485;3.113;0;317
017183;Tavernole sul Mella;19.807;0.424;0.495;0.495;65;65;65;15.53;0.162;1.096;0;21
017186;Torbole Casaglia;13.439;5.313;10.723;51.589;41;67;3602;0;0;0;0;0
017187;Toscolano-Maderno;58.17;35.596;35.609;37.894;434;446;3096;0.34;0.289;2.292;0;185
017188;Travagliato;17.736;0;1.528;1.528;0;296;296;0;0;0;0;0
017200;Villachiara;16.865;11.272;11.521;21.465;13;13;25;0;0;0;0;0
017203;Visano;11.224;22.915;31.023;56.13;760;776;1177;0;0;0;0;0
017204;Vobarno;53.221;0.701;3.065;3.998;300;696;1283;10.874;1.612;1.094;0;143
018001;Alagna;8.344;0;0.048;0.048;0;0;0;0;0;0;0;0
018003;Albonese;4.328;0;2.565;2.565;0;68;68;0;0;0;0;0
018067;Gambarana;11.776;12.976;13.137;98.972;3;3;242;0;0;0;0;0
018068;Gambolò;51.703;9.98;9.98;10.123;13;13;13;0;0;0;0;0
018004;Albuzzano;15.449;0.362;0.44;0.505;0;0;0;0;0;0;0;0
018006;Badia Pavese;5.057;0;0.079;100.079;0;0;402;0;0;0;0;0
018007;Bagnaria;16.664;3.253;4.297;6.109;9;12;193;11.984;9.037;1.788;0;34
018008;Barbianello;11.712;1.597;7.838;20.372;4;48;171;0;0;0;0;0
018009;Bascapè;13.338;0;0;0;0;0;0;0;0;0;0;0
018011;Bastida Pancarana;12.5;62.224;62.224;100.08;12;12;1032;0;0;0;0;0
018069;Garlasco;39.176;0.074;0.074;0.074;0;0;0;0;0;0;0;0
022017;Bleggio Superiore;32.674;0;0.701;0.701;0;6;6;0;29.057;23.101;16.772;9
018012;Battuda;7.143;0;0;0;0;0;0;0;0;0;0;0
018015;Borgarello;4.881;0;0;0;0;0;0;0;0;0;0;0
018016;Borgo Priolo;28.81;0.007;0.007;0.007;0;0;0;7.393;19.934;0;0;125
018073;Godiasco Salice Terme;20.61;3.159;3.159;7.681;49;49;880;2.232;14.639;5.119;0;18
018017;Borgoratto Mormorolo;16.104;0;0;0;0;0;0;26.236;10.258;2.447;0;61
018018;Borgo San Siro;17.639;19.122;19.122;19.122;35;35;35;0;0;0;0;0
018020;Bosnasco;4.836;0.558;0.558;0.558;0;0;0;0.476;4.404;0.289;0;3
018023;Bressana Bottarone;12.695;9.87;9.87;61.56;2;2;680;0;0;0;0;0
018024;Broni;20.847;1.353;5.425;8.898;34;103;163;0;0.01;2.36;0;0
017174;Sarezzo;17.679;1.77;3.852;9.503;879;1972;6337;2.223;0.419;4.073;0;335
018025;Calvignano;6.984;0;0;0;0;0;0;2.692;20.275;6.773;0;12
018078;Landriano;15.587;1.495;1.777;2.014;25;25;25;0;0;0;0;0
022022;Borgo Valsugana;52.363;0;10.597;10.597;0;5631;5631;0;25.549;26.49;16.873;90
018026;Campospinoso Albaredo;12.443;14.787;45.335;67.685;7;32;475;0;0;0;0;0
018031;Casanova Lonati;4.63;3.715;33.521;69.568;2;16;298;0;0;0;0;0
018088;Mede;32.894;0;0;2.219;0;0;6;0;0;0;0;0
018034;Casorate Primo;9.688;0;0;0;0;0;0;0;0;0;0;0
018035;Cassolnovo;31.735;16.628;16.628;25.656;28;28;37;0;0;0;0;0
018037;Casteggio;17.662;1.144;1.144;1.144;73;73;73;0.895;2.57;0.408;0;16
017175;Saviore dell'Adamello;84.268;2.334;2.956;3.164;0;3;3;23.513;1.136;1.202;0.577;135
022025;Brentonico;62.74;0;0.422;0.422;0;21;21;0;11.294;21.567;18.479;244
018038;Castelletto di Branduzzo;11.791;0.967;1.069;34.628;15;15;457;0;0;0;0;0
022026;Bresimo;41.014;0;1.943;1.943;0;141;141;0;14.612;26.745;32.218;23
018039;Castello d'Agogna;10.744;6.748;12.993;15.525;48;196;242;0;0;0;0;0
018040;Castelnovetto;18.214;1.169;5.194;5.194;1;3;3;0;0;0;0;0
018041;Cava Manara;17.259;48.479;48.485;77.195;544;544;4348;0;0;0;0;0
022029;Caderzone Terme;18.607;0;7.691;7.691;0;509;509;0;20.847;27.92;24.894;24
018042;Cecima;10.124;1.748;1.768;3.24;1;1;16;1.985;7.576;2.924;0;6
022034;Caldonazzo;21.413;0;32.499;32.499;0;3113;3113;0;25.513;17.317;22.398;27
018043;Ceranova;4.598;0.022;0.152;0.239;0;0;0;0;0;0;0;0
018091;Mezzana Rabattone;7.064;47.862;47.862;100.085;103;103;502;0;0;0;0;0
018044;Ceretto Lomellina;7.379;18.783;33.243;33.243;1;3;3;0;0;0;0;0
018045;Cergnago;13.56;2.478;5.406;5.406;2;4;4;0;0;0;0;0
018046;Certosa di Pavia;10.805;0;0;0;0;0;0;0;0;0;0;0
018047;Cervesina;12.411;48.546;48.844;63.242;28;62;289;0;0;0;0;0
018048;Chignolo Po;23.388;6.119;17.107;66.795;82;106;1025;0;0;0;0;0
023087;Tregnago;37.365;0.056;0.056;0.056;17;17;17;0;0;0;0;0
018050;Cilavegna;18.051;0.072;0.072;0.072;0;0;0;0;0;0;0;0
018051;Codevilla;12.955;0;0;0;0;0;0;1.721;5.913;0.301;0;3
018053;Copiano;4.34;0.737;1.613;2.765;0;0;0;0;0;0;0;0
018099;Monticelli Pavese;20.192;40.095;42.675;100.079;1;5;711;0;0;0;0;0
018054;Corana;12.871;30.184;30.184;61.223;9;9;665;0;0;0;0;0
018057;Corvino San Quirico;4.373;0;0;0;0;0;0;4.756;14.818;0.526;0;8
018100;Montù Beccaria;15.493;1.769;1.943;3.027;28;28;47;21.339;23.056;3.124;0;109
022035;Calliano;10.199;0;16.57;16.57;0;1459;1459;0;30.905;15.845;8.54;24
018058;Costa de' Nobili;11.824;1.971;4.491;92.101;0;1;350;0;0;0;0;0
018063;Filighera;8.248;0.606;0.618;0.849;0;0;0;0;0;0;0;0
018066;Galliavola;9.231;18.059;29.748;29.748;1;2;2;0;0;0;0;0
018071;Gerenzago;5.411;0;0;0;0;0;0;0;0;0;0;0
018072;Giussago;24.722;0;0;0;0;0;0;0;0;0;0;0
018077;Inverno e Monteleone;9.641;0;0;0;0;0;0;0;0;0;0;0
018074;Golferenzo;4.421;0;0;0;0;0;0;24.519;23.343;3.506;0;38
018075;Gravellona Lomellina;20.344;1.961;1.961;1.961;0;0;0;0;0;0;0;0
018076;Gropello Cairoli;26.216;6.073;6.073;6.073;10;10;10;0;0;0;0;0
018102;Mortara;51.969;0.566;0.589;0.589;18;18;18;0;0;0;0;0
018079;Langosco;15.82;12.939;15.032;86.764;2;2;414;0;0;0;0;0
018084;Lungavilla;6.821;0;0.132;0.132;0;0;0;0;0;0;0;0
018080;Lardirago;5.342;0.73;4.642;8.049;0;1;11;0;0;0;0;0
022036;Campitello di Fassa;25.023;0;4.236;4.236;0;459;459;0;22.551;28.55;18.403;26
018081;Linarolo;13.166;46.407;46.407;46.423;68;68;68;0;0;0;0;0
022037;Campodenno;25.023;0;2.546;2.546;0;10;10;0;15.69;22.863;15.246;26
018082;Lirio;1.746;2.806;2.978;3.036;6;6;6;30.756;21.764;7.388;0;29
018105;Oliva Gessi;3.91;0;0;0;0;0;0;12.634;26.982;0;0;25
018085;Magherno;5.253;1.713;2.037;3.122;0;0;0;0;0;0;0;0
018106;Ottobiano;24.979;0.208;0.224;0.224;0;0;0;0;0;0;0;0
018089;Menconico;28.138;0.945;0.945;0.945;1;1;1;2.342;12.243;13.91;0;24
018083;Lomello;22.359;14.71;26.142;27.971;118;153;215;0;0;0;0;0
022038;Canal San Bovo;125.682;0.056;3.326;3.326;0;314;314;0;24.202;36.07;19.759;156
022039;Canazei;67.017;0;3.436;3.436;0;1282;1282;0;28.287;28.185;15.769;58
018086;Marcignago;10.176;0;0;0;0;0;0;0;0;0;0;0
018087;Marzano;9.29;1.615;1.722;1.927;7;7;7;0;0;0;0;0
018092;Mezzanino;12.51;35.556;48.841;100.088;47;56;1494;0;0;0;0;0
018093;Miradolo Terme;9.556;0;0;0;0;0;0;0;0;0;0;0
022040;Capriana;12.819;0;2.465;2.465;0;3;3;0;8.612;17.279;26.968;10
018094;Montalto Pavese;19.065;0.016;0.021;0.021;1;1;1;25.403;16.842;2.182;0;97
018095;Montebello della Battaglia;15.741;0;0;0;0;0;0;1.423;0;0.013;0;7
018096;Montecalvo Versiggia;11.404;0.973;1.017;1.035;1;1;1;19.59;20.037;4.726;0;53
018097;Montescano;2.405;2.245;2.453;2.62;1;2;2;17.547;18.669;11.809;0;35
022042;Carisolo;25.122;0;3.797;3.797;0;137;137;0;32.474;32.983;17.646;11
022159;Ronzone;5.297;0;0;0;0;0;0;0;0.623;4.474;8.099;0
018098;Montesegale;14.974;0.467;0.467;1.549;5;5;18;6.985;22.178;1.776;0;20
018101;Mornico Losana;8.299;0;0;0;0;0;0;19.267;22.099;3.976;0;63
018103;Nicorvo;8.076;15.057;50.904;51.857;5;205;279;0;0;0;0;0
018104;Olevano di Lomellina;15.381;10.545;26.695;27.918;3;7;7;0;0;0;0;0
018107;Palestro;18.806;32.628;37.057;54.717;0;16;74;0;0;0;0;0
018090;Mezzana Bigli;19.02;36.514;53.733;100.084;7;319;1108;0;0;0;0;0
018145;San Zenone al Po;6.893;37.85;40.94;100.073;20;20;598;0;0;0;0;0
018146;Sartirana Lomellina;29.542;18.31;21.654;27.771;3;6;7;0;0;0;0;0
018108;Pancarana;6.102;31.039;39.135;99.836;4;32;316;0;0;0;0;0
018143;Santa Maria della Versa;18.474;1.234;1.277;1.315;124;126;127;20.396;30.41;5.64;0;146
022045;Castel Condino;11.101;0;1.162;1.162;0;4;4;0;14.611;26.52;28.232;19
022047;Castello-Molina di Fiemme;54.559;0;3.253;3.253;0;320;320;0;14.366;29.999;22.667;47
018144;Sant'Angelo Lomellina;10.497;0;0;0;0;0;0;0;0;0;0;0
022048;Castello Tesino;112.834;0;0.752;0.752;0;7;7;0;20.176;35.073;20.501;15
018147;Scaldasole;11.574;0;0;0;0;0;0;0;0;0;0;0
022049;Castelnuovo;13.144;0;29.291;29.291;0;932;932;0;24.483;30.196;22.117;31
018148;Semiana;9.721;0;0;0;0;0;0;0;0;0;0;0
022050;Cavalese;45.375;0;4.97;4.97;0;1079;1079;0;14.191;20.93;21.245;142
022051;Cavareno;9.485;0;0.148;0.148;0;0;0;0;1.381;6.895;7.907;0
018149;Silvano Pietra;13.671;11.491;12.516;58.672;6;6;272;0;0;0;0;0
018150;Siziano;11.788;0.127;0.127;0.204;1;1;1;0;0;0;0;0
018151;Sommo;14.873;20.104;20.104;90.385;2;2;215;0;0;0;0;0
022052;Cavedago;10.028;0;0.489;0.489;0;0;0;0;14.41;18.209;15.876;2
022053;Cavedine;38.23;0;3.387;3.387;0;976;976;0;8.271;15.817;21.985;22
018152;Spessa;12.231;58.033;58.033;97.564;2;2;358;0;0;0;0;0
018153;Stradella;18.835;3.578;6.716;10.199;153;380;511;0;3.536;1.343;0;22
018154;Suardi;9.848;48.599;48.934;100.081;0;0;651;0;0;0;0;0
018155;Torrazza Coste;16.228;0;0;0;0;0;0;4.634;9.317;0.012;0;37
018156;Torre Beretti e Castellaro;17.66;8.8;8.8;44.575;2;2;492;0;0;0;0;0
018157;Torre d'Arese;4.493;2.493;3.784;4.763;2;2;2;0;0;0;0;0
018161;Torricella Verzate;3.627;0;0;0;0;0;0;6.7;12.6;1.847;0;29
018162;Travacò Siccomario;17.078;58.596;60.329;99.883;202;692;4361;0;0;0;0;0
022059;Cinte Tesino;30.297;0;2.4;2.4;0;0;0;0;18.923;28.198;22.804;3
018163;Trivolzio;3.831;0;0;0;0;0;0;0;0;0;0;0
018164;Tromello;35.498;4.876;4.876;4.876;673;673;673;0;0;0;0;0
018165;Trovo;8.155;0;0;0;0;0;0;0;0;0;0;0
018167;Valeggio;9.854;0;0;0;0;0;0;0;0;0;0;0
018168;Valle Lomellina;27.236;0;0;0;0;0;0;0;0;0;0;0
018169;Valle Salimbene;7.186;18.244;18.244;18.244;11;11;11;0;0;0;0;0
018171;Varzi;57.615;1.638;1.711;2.201;2;4;175;4.126;8.076;10.048;0;71
018172;Velezzo Lomellina;8.172;4.369;19.567;21.231;2;11;12;0;0;0;0;0
018173;Vellezzo Bellini;8.196;0;0;0;0;0;0;0;0;0;0;0
022060;Cis;5.498;0;3.001;3.001;0;1;1;0;24.645;27.283;20.08;0
018175;Verrua Po;11.44;6.626;21.993;100.087;1;4;1319;0;0;0;0;0
018176;Vidigulfo;16.143;0.235;0.867;1.14;0;1;4;0;0;0;0;0
018177;Vigevano;81.364;22.154;22.154;23.16;182;182;211;0;0;0;0;0
018178;Villa Biscossi;4.878;0;0;0;0;0;0;0;0;0;0;0
019078;Quintano;2.862;0;0;0;0;0;0;0;0;0;0;0
019061;Motta Baluffi;16.468;26.421;66.323;100.055;2;88;980;0;0;0;0;0
018179;Villanova d'Ardenghi;6.609;27.115;27.115;27.115;137;137;137;0;0;0;0;0
018180;Villanterio;14.767;1.571;2.228;2.478;45;46;47;0;0;0;0;0
022061;Civezzano;15.572;0;4.752;4.752;0;176;176;0;7.822;12.028;13.203;158
019060;Moscazzano;8.153;7.973;14.608;48.007;3;5;79;0;0;0;0;0
022062;Cles;39.166;0;0.36;0.36;0;17;17;0;8.908;20.763;16.361;22
022064;Commezzadura;22.025;0;9.012;9.012;0;750;750;0;15.982;24.345;21.121;61
019063;Olmeneta;9.154;1.792;1.792;1.792;0;0;0;0;0;0;0;0
019082;Ripalta Guerina;2.974;32.919;37.424;37.424;3;4;4;0;0;0;0;0
019064;Ostiano;19.489;14.66;18.816;43.856;91;490;609;0;0;0;0;0
019065;Paderno Ponchielli;23.962;1.786;1.786;1.786;56;56;56;0;0;0;0;0
019066;Palazzo Pignano;8.821;0;0;0;0;0;0;0;0;0;0;0
022071;Dambel;5.145;0;1.361;1.361;0;0;0;0;6.472;9.388;10.943;1
019067;Pandino;22.295;0;0;0;0;0;0;0;0;0;0;0
022074;Denno;10.644;0;5.13;5.13;0;25;25;0;6.586;9.292;14.59;34
019068;Persico Dosimo;20.637;11.368;11.382;11.382;2065;2065;2065;0;0;0;0;0
022081;Fai della Paganella;12.129;0;1.286;1.286;0;48;48;0;14.659;16.951;15.409;9
019069;Pescarolo ed Uniti;16.543;5.694;5.694;5.694;1055;1055;1055;0;0;0;0;0
022083;Fiavè;24.282;0;1.474;1.474;0;1;1;0;25.397;20.649;18.137;15
019070;Pessina Cremonese;22.017;11.859;18.795;28.383;130;467;471;0;0;0;0;0
019072;Pianengo;5.763;25.091;26.323;36.96;3;3;5;0;0;0;0;0
022085;Fierozzo;17.943;0;2.525;2.525;0;14;14;0;16.263;20.041;48.074;61
022087;Folgaria;71.625;0;0.761;0.761;0;7;7;0.077;11.003;11.28;12.927;19
019074;Pieve d'Olmi;19.437;15.825;45.588;72.974;7;1036;1102;0;0;0;0;0
022091;Garniga Terme;13.098;0;0.672;0.672;0;0;0;0;17.552;27.791;17.682;11
022092;Giovo;20.814;0;1.427;1.427;0;6;6;0;8.057;13.102;20.438;16
019075;Pieve San Giacomo;14.85;0;0.404;4.222;0;0;1;0;0;0;0;0
019076;Pizzighettone;32.061;6.818;9.959;55.288;613;621;5177;0;0;0;0;0
022093;Giustino;39.387;0;2.077;2.077;0;478;478;0;27.918;24.308;20.357;45
019077;Pozzaglio ed Uniti;20.574;14.363;14.363;14.363;187;187;187;0;0;0;0;0
022095;Grigno;46.381;0.382;9.006;9.008;8;1148;1148;0.032;30.614;16.789;9.142;108
019079;Ricengo;12.548;8.408;10.536;18.84;4;5;213;0;0;0;0;0
022097;Imer;27.729;0.014;5.031;5.031;1;935;935;0;30.773;29.503;19.536;113
019080;Ripalta Arpina;6.956;12.608;13.729;35.638;4;4;16;0;0;0;0;0
022098;Isera;14.092;0;4.847;4.847;0;221;221;0;9.445;22.502;13.873;56
019081;Ripalta Cremasca;11.779;9.814;11.673;12.531;7;35;64;0;0;0;0;0
022102;Lavarone;26.312;0;0.103;0.103;0;0;0;0.065;5.347;13.005;10.702;1
019083;Rivarolo del Re ed Uniti;27.333;0;0;100.048;0;0;2077;0;0;0;0;0
022103;Lavis;12.436;0;14.908;14.908;0;794;794;0;2.067;9.151;4.334;59
019084;Rivolta d'Adda;30.401;7.378;17.937;38.397;48;1807;2518;0;0;0;0;0
019085;Robecco d'Oglio;17.994;10.565;21.49;23.463;18;57;175;0;0;0;0;0
019062;Offanengo;12.584;0;0;0.048;0;0;5;0;0;0;0;0
019086;Romanengo;15.047;0;0;0;0;0;0;0;0;0;0;0
022104;Levico Terme;62.828;0;19.507;19.507;0;6779;6779;0;17.511;18.576;23.97;168
022106;Livo;15.218;0;1.682;1.682;0;1;1;0;16.467;21.948;27.224;4
019087;Salvirola;7.365;0;0;0;0;0;0;0;0;0;0;0
022108;Lona-Lases;11.373;0;1.609;1.609;0;3;3;0;12.196;24.936;30.186;16
022109;Luserna;8.197;0;0;0;0;0;0;0;2.098;7.234;8.54;0
019088;San Bassano;13.926;0;3.957;3.957;0;321;321;0;0;0;0;0
019089;San Daniele Po;22.682;28.238;59.893;100.057;37;164;1419;0;0;0;0;0
022110;Malé;26.528;0;2.827;2.827;0;53;53;0;13.559;28.702;36.301;8
022112;Massimeno;21.032;0;2.335;2.335;0;0;0;0;19.57;17.911;19.28;0
019090;San Giovanni in Croce;16.214;6.149;6.149;73.11;98;98;1863;0;0;0;0;0
019091;San Martino del Lago;10.38;2.534;19.557;98.825;177;290;472;0;0;0;0;0
022113;Mazzin;23.628;0;4.787;4.787;0;298;298;0;25.584;30.955;19.887;14
019092;Scandolara Ravara;17.076;0;0;100.053;0;0;1466;0;0;0;0;0
022114;Mezzana;27.35;0;5.17;5.17;0;609;609;0;9.777;27.466;27.795;45
019093;Scandolara Ripa d'Oglio;5.72;8.059;17.343;17.378;2;4;4;0;0;0;0;0
019101;Spineda;10.107;0;0;100.049;0;0;633;0;0;0;0;0
019094;Sergnano;12.309;8.555;14.014;37.355;5;428;1860;0;0;0;0;0
019095;Sesto ed Uniti;26.494;0.785;0.845;6.198;3;4;4;0;0;0;0;0
019096;Solarolo Rainerio;11.425;1.278;7.484;72.753;1;4;571;0;0;0;0;0
019097;Soncino;45.32;7.641;7.979;10.635;49;68;82;0;0;0;0;0
019098;Soresina;28.568;0;0;0;0;0;0;0;0;0;0;0
019099;Sospiro;18.959;0;0;25.328;0;0;210;0;0;0;0;0
022115;Mezzano;48.845;0;4.105;4.105;0;1043;1043;0;21.056;29.405;22.573;69
022116;Mezzocorona;25.353;0;14.18;14.18;0;508;508;0;32.655;15.229;14.172;80
019100;Spinadesco;17.212;56.286;56.292;80.409;392;392;582;0;0;0;0;0
022117;Mezzolombardo;13.879;0;24.735;24.735;0;4539;4539;0;26.234;12.27;13.812;75
019102;Spino d'Adda;20.019;3.192;7.578;25.186;972;1120;1149;0;0;0;0;0
019105;Torlino Vimercati;5.769;0;0;0;0;0;0;0;0;0;0;0
022124;Nago-Torbole;28.384;0.018;0.546;0.578;0;71;71;0.025;7.659;18.708;19.349;15
022118;Moena;82.594;0;3.133;3.133;0;876;876;0;18.315;28.279;20.095;82
019103;Stagno Lombardo;40.195;38.43;69.461;99.109;517;686;1566;0;0;0;0;0
019104;Ticengo;7.982;0;0;0;0;0;0;0;0;0;0;0
022120;Molveno;34.116;0;1.539;1.539;0;264;264;0;35.886;25.961;11.716;28
022123;Mori;34.483;0;2.868;2.868;0;562;562;0;11.206;25.236;13.934;43
019106;Tornata;10.165;0;0;3.758;0;0;1;0;0;0;0;0
019107;Torre de' Picenardi;34.229;3.108;7.771;18.432;713;728;770;0;0;0;0;0
022130;Ospedaletto;16.747;0;21.329;21.329;0;697;697;0;60.16;15.627;6.497;69
019108;Torricella del Pizzo;23.223;74.168;74.607;100.052;37;37;678;0;0;0;0;0
022131;Ossana;25.249;0;8.986;8.986;0;440;440;0;44.655;27.478;11.739;96
019109;Trescore Cremasco;5.918;0;0;0;0;0;0;0;0;0;0;0
022133;Palù del Fersina;16.648;0;3.838;3.838;0;11;11;0;21.21;19.858;25.631;12
022134;Panchià;20.211;0;5.507;5.507;0;564;564;0;24.719;30.147;18.886;41
019110;Trigolo;16.061;0;0;0;0;0;0;0;0;0;0;0
022160;Roverè della Luna;10.415;0;18.233;18.233;0;1441;1441;0;52.232;15.065;10.331;90
022135;Ronzo-Chienis;13.208;0;0;0;0;0;0;0;7.162;16.922;10.918;0
019111;Vaiano Cremasco;6.152;0;0;0;0;0;0;0;0;0;0;0
022136;Peio;162.302;0;2.833;2.833;0;1127;1127;0;24.009;33.005;21.696;63
022137;Pellizzano;48.361;0;4.09;4.09;0;547;547;0;15.475;32.702;29.902;26
019112;Vailate;9.693;0;0;0;0;0;0;0;0;0;0;0
019114;Volongo;8.12;17.303;17.475;50.369;4;4;37;0;0;0;0;0
019113;Vescovato;17.437;7.685;7.685;7.685;1222;1222;1222;0;0;0;0;0
020002;Asola;73.481;10.235;14.156;21.476;718;1479;2053;0;0;0;0;0
020003;Bagnolo San Vito;49.203;22.131;27.445;100.026;65;237;5874;0;0;0;0;0
019115;Voltido;12.242;0;6.739;7.932;0;230;230;0;0;0;0;0
019116;Piadena Drizzona;31.691;7.059;11.795;42.372;4;70;584;0;0;0;0;0
020001;Acquanegra sul Chiese;28.014;12.351;12.99;59.831;19;20;1042;0;0;0;0;0
020007;Bozzolo;18.822;2.407;2.407;67.915;2;2;204;0;0;0;0;0
020008;Canneto sull'Oglio;25.875;12.557;18.427;49.956;171;183;729;0;0;0;0;0
020010;Casalmoro;13.696;1.964;4.074;36.032;13;35;343;0;0;0;0;0
020014;Castel d'Ario;22.569;18.676;18.676;24.467;1186;1186;1190;0;0;0;0;0
023098;Zimella;20.099;22.374;25.121;26.797;123;145;168;0;0;0;0;0
020011;Casaloldo;16.85;3.169;4.018;4.018;83;92;92;0;0;0;0;0
020015;Castel Goffredo;42.404;11.527;12.725;12.725;171;1083;1083;0;0;0;0;0
020012;Casalromano;12.023;8.334;8.334;21.792;105;105;113;0;0;0;0;0
020016;Castellucchio;46.339;0.559;4.146;9.517;354;802;1011;0;0;0;0;0
022138;Pelugo;22.978;0;4.909;4.909;0;303;303;0;28.893;24.075;19.91;1
020013;Castelbelforte;22.342;72.993;72.997;72.997;2789;2789;2789;0;0;0;0;0
020017;Castiglione delle Stiviere;42.023;1.047;1.254;1.254;16;40;40;0;0;0;0;0
020020;Commessaggio;11.649;0.009;0.009;100.043;0;0;1169;0;0;0;0;0
020021;Curtatone;67.471;5.45;5.515;67.177;986;1065;5226;0;0;0;0;0
020022;Dosolo;25.541;45.253;45.253;100.02;98;98;3385;0;0;0;0;0
020024;Gazoldo degli Ippoliti;12.999;0;5.377;5.377;0;727;727;0;0;0;0;0
022139;Pergine Valsugana;54.303;0;14.916;14.916;0;3575;3575;0;8.395;20.573;18.778;346
020025;Gazzuolo;22.487;5.803;5.803;100.04;9;9;2392;0;0;0;0;0
020026;Goito;78.877;2.536;8.839;37.744;637;1353;6134;0;0;0;0;0
020028;Guidizzolo;22.414;3.614;3.904;3.904;435;485;485;0;0;0;0;0
022142;Pieve Tesino;69.234;0;2.874;2.874;0;39;39;0;19.139;33.183;22.711;28
020029;Magnacavallo;28.2;32.475;37.167;100.007;616;632;1669;0;0;0;0;0
020032;Mariana Mantovana;8.913;0.426;0.426;0.426;0;0;0;0;0;0;0;0
020033;Marmirolo;42.033;3.859;3.861;6.473;4316;4316;4621;0;0;0;0;0
020034;Medole;25.729;0.373;0.373;0.373;42;42;42;0;0;0;0;0
020035;Moglia;31.849;2.195;50.215;100.022;22;4297;5923;0;0;0;0;0
020041;Piubega;16.601;3.223;10.228;10.228;33;83;83;0;0;0;0;0
020042;Poggio Rusco;42.287;65.902;73.422;100.007;2965;2980;6521;0;0;0;0;0
020043;Pomponesco;12.559;16.801;16.801;100.04;5;5;1763;0;0;0;0;0
020044;Ponti sul Mincio;11.719;2.005;2.005;5.896;2;2;25;0;0;0;0;0
020046;Quingentole;14.379;21.232;22.804;100.014;67;70;1194;0;0;0;0;0
020047;Quistello;45.433;11.199;15.086;100.02;108;3300;5722;0;0;0;0;0
024014;Breganze;21.761;0;0;0.437;0;0;5;0;0;0;0;0
020048;Redondesco;19.093;1.66;13.921;13.921;168;207;207;0;0;0;0;0
020050;Rivarolo Mantovano;25.545;0;0;99.139;0;0;2608;0;0;0;0;0
020051;Rodigo;41.687;7.628;17.718;23.278;526;781;896;0;0;0;0;0
020054;Sabbioneta;37.27;0;0;100.046;0;0;4313;0;0;0;0;0
020056;San Giacomo delle Segnate;15.978;1.352;10.339;100.019;6;865;1779;0;0;0;0;0
020060;Schivenoglia;12.955;0;10.753;100.015;0;398;1240;0;0;0;0;0
020057;San Giorgio Bigarello;51.535;4.16;4.16;4.16;906;906;906;0;0;0;0;0
020058;San Giovanni del Dosso;15.396;8.301;11.126;100.013;39;46;1298;0;0;0;0;0
020059;San Martino dall'Argine;16.939;3.631;3.631;91.292;2;2;526;0;0;0;0;0
022143;Pinzolo;69.321;0;3.263;3.263;0;387;387;0;14.56;22.423;25.919;25
020062;Serravalle a Po;26.202;26.986;26.986;100.015;92;92;1593;0;0;0;0;0
022144;Pomarolo;9.229;0;1.419;1.419;0;3;3;0;6.891;24.997;19.861;9
020063;Solferino;13.083;0.405;0.405;0.405;1;1;1;0;0;0;0;0
020061;Sermide e Felonica;79.828;47.543;49.768;100;1022;1169;7726;0;0;0;0;0
020068;Villimpenta;14.843;11.736;11.736;80.799;469;469;1255;0;0;0;0;0
022002;Albiano;9.937;0;2.647;2.647;0;8;8;0;3.935;11.019;23.83;11
022147;Predazzo;109.965;0;3.511;3.511;0;1226;1226;0;16.697;26.521;21.417;59
022150;Rabbi;132.787;0;3.757;3.757;0;883;883;0;25.769;27.279;27.785;139
020064;Sustinente;26.272;25.518;25.518;100.019;63;63;2240;0;0;0;0;0
020065;Suzzara;61.099;13.868;26.639;100.033;68;2861;20545;0;0;0;0;0
022015;Bieno;11.711;0;2.118;2.118;0;1;1;0;21.937;30.715;22.005;3
022018;Bocenago;8.453;0;9.488;9.488;0;292;292;0;11.345;30.131;36.756;16
022021;Bondone;19.185;0.198;3.894;3.93;0;351;351;0;29.982;32.327;19.213;24
022032;Calceranica al Lago;3.395;0;22.121;22.121;0;833;833;0;4.094;19.323;17.084;85
022033;Caldes;20.809;0;7.583;7.583;0;147;147;0;23.903;27.334;23.721;36
022043;Carzano;1.82;0;52.802;52.802;0;199;199;0;16.099;20.165;11.154;11
022054;Cavizzana;3.377;0;17.945;17.945;0;231;231;0;16.109;33.432;23.808;1
022153;Riva del Garda;40.725;0.022;13.82;13.82;0;12338;12338;0;22.468;20.99;29.125;568
022155;Romeno;9.128;0;1.085;1.085;0;0;0;0;10.462;4.689;3.462;4
022058;Cimone;9.797;0;1.46;1.46;0;0;0;0;37.032;27.468;14.515;16
022068;Croviana;4.989;0;11.565;11.565;0;420;420;0;28.843;24.835;16.476;7
022078;Drena;8.337;0;1.199;1.199;0;13;13;0;14.849;16.913;23.977;27
022079;Dro;27.953;0;3.946;3.946;0;101;101;0;25.421;14.975;6.489;55
022089;Fornace;7.224;0;3.461;3.461;0;50;50;0;2.741;12.458;16.348;18
022090;Frassilongo;16.681;0;1.75;1.75;0;3;3;0;14.286;35.34;29.081;26
022127;Nogaredo;3.615;0;21.079;21.079;0;639;639;0;1.853;6.362;12.254;49
022128;Nomi;6.489;0;28.695;28.695;0;2;2;0;11.666;26.522;9.37;3
022129;Novaledo;7.965;0;34.237;34.237;0;947;947;0;22.473;32.116;21.582;65
022165;Samone;4.902;0;5.59;5.59;0;325;325;0;18.972;23.154;16.687;14
022167;San Michele all'Adige;15.996;0;14.216;14.216;0;254;254;0;12.259;14.685;14.072;26
022168;Sant'Orsola Terme;15.364;0;3.873;3.873;0;11;11;0;12.516;16.89;25.404;30
022177;Sover;14.822;0;4.507;4.507;0;2;2;0;9.277;17.575;28.539;8
022157;Ronchi Valsugana;10.003;0;1.699;1.699;0;9;9;0;4.359;18.295;57.293;10
022161;Rovereto;50.984;0;2.915;2.915;0;597;597;0;4.782;22.272;9.65;101
022162;Ruffrè-Mendola;6.58;0;0.137;0.137;0;0;0;0;1.125;5.122;10.486;0
022163;Rumo;30.854;0;1.073;1.073;0;2;2;0;18.613;23.977;26.518;2
022164;Sagron Mis;11.062;0;0.389;0.389;0;11;11;0;37.136;28.404;13.117;10
022169;Sanzeno;7.875;0;1.333;1.333;0;0;0;0;9.206;6.324;9.244;4
022170;Sarnonico;12.19;0;0.451;0.451;0;0;0;0;2.461;6.349;6.497;1
022171;Scurelle;29.997;0;6.714;6.714;0;174;174;0;16.102;32.157;21.419;8
022172;Segonzano;20.712;0;3.988;3.988;0;9;9;0;10.81;18.274;28.525;7
022173;Sfruz;11.809;0;0.068;0.068;0;0;0;0;4.835;17.182;25.125;0
022176;Soraga di Fassa;19.745;0;4.133;4.133;0;541;541;0;14.738;19.762;17.696;80
022183;Storo;62.932;0.03;5.951;5.952;1;1502;1502;0.01;27.126;24.555;22.569;149
022184;Strembo;38.331;0;5.773;5.773;0;466;466;0;48.893;24.348;12.423;17
022188;Telve;64.747;0;5.294;5.294;0;1639;1639;0;14.699;28.557;27.081;15
022189;Telve di Sopra;17.716;0;1.993;1.993;0;1;1;0;14.699;30.882;27.828;7
022191;Tenno;28.301;0;0.929;0.929;0;23;23;0;36.773;29.783;12.943;73
022190;Tenna;3.115;0;0.931;0.931;0;1;1;0;5.618;14.222;14.831;5
022193;Terragnolo;39.566;0;1.195;1.195;0;1;1;0;27.857;36.888;18.862;18
022195;Terzolas;5.589;0;10.521;10.521;0;315;315;0;11.469;28.538;22.043;9
022196;Tesero;50.545;0;2.473;2.473;0;227;227;0;20.283;27.213;19.276;117
022199;Tione di Trento;33.446;0;3.077;3.077;0;20;20;0;11.921;17.886;22.128;23
022200;Ton;26.285;0;2.294;2.294;0;7;7;0;19.285;19.471;19.026;39
022202;Torcegno;15.193;0;5.397;5.397;0;227;227;0;14.191;27.684;27.704;17
022203;Trambileno;50.699;0;0.54;0.54;0;4;4;0;10.791;28.099;19.138;28
022205;Trento;157.84;0;13.104;13.104;0;25738;25738;0;14.157;18.939;14.163;1181
022209;Valfloriana;39.328;0;2.494;2.494;0;2;2;0;11.086;22.62;29.531;6
022210;Vallarsa;77.863;0;1.025;1.025;0;4;4;0.006;36.688;31.296;13.547;22
022213;Vermiglio;95.634;0;3.669;3.669;0;1169;1169;0;22.311;25.189;23.181;101
022216;Vignola-Falesina;11.951;0;0.77;0.77;0;1;1;0;9.497;31.094;30.876;16
022179;Spiazzo;71.06;0;3.377;3.377;0;924;924;0;27.584;29.862;18.424;83
022222;Villa Lagarina;24.129;0;2.628;2.628;0;1444;1444;0;19.545;25.563;11.252;129
022224;Volano;10.74;0;22.84;22.84;0;227;227;0;6.155;24.479;11.695;3
022226;Ziano di Fiemme;35.747;0;4.487;4.487;0;631;631;0;26.232;26.108;15.38;31
022228;Comano Terme;68.113;0;1.348;1.348;0;106;106;0;23.426;18.845;17.7;93
022229;Ledro;156.372;0;1.431;1.431;0;251;251;0;25.395;31.828;25.145;155
022230;Predaia;80.048;0;1.077;1.077;0;8;8;0;7.799;9.356;12.096;20
022231;San Lorenzo Dorsino;73.912;0;0.793;0.793;0;4;4;0;40.932;26.74;12.235;32
022232;Valdaone;177.083;0;1.147;1.147;0;6;6;0.014;28.305;31.748;19.145;20
022233;Dimaro Folgarida;36.533;0;10.486;10.486;0;1575;1575;0;33.471;19.032;14.108;44
022234;Pieve di Bono-Prezzo;24.681;0;2.605;2.605;0;235;235;0;23.812;32.961;24.16;205
022235;Altavalle;33.547;0;1.744;1.744;0;3;3;0;7.628;18.148;25.564;12
022236;Altopiano della Vigolana;45.003;0;4.011;4.011;0;1334;1334;0;22.116;21.116;13.848;209
022237;Amblar-Don;19.964;0;0.531;0.531;0;1;1;0;4.869;6.637;14.426;3
022238;Borgo Chiese;53.712;0;3.824;3.824;0;694;694;0;24.71;28.537;24.762;79
022239;Borgo Lares;22.62;0;4.094;4.094;0;258;258;0;24.987;30.871;23.714;4
022240;Castel Ivano;34.82;0;13.949;13.949;0;1211;1211;0;34.974;22.981;16.798;50
022241;Cembra Lisignago;24.106;0;1.203;1.203;0;3;3;0;5.721;18.02;24.944;26
022242;Contà;19.469;0;0.637;0.637;0;0;0;0;10.535;13.159;12.656;3
022243;Madruzzo;28.94;0;2.958;2.958;0;139;139;0;7.889;16.683;14.015;103
022244;Porte di Rendena;40.713;0;5.694;5.694;0;1291;1291;0;22.054;27.274;25.284;10
022180;Spormaggiore;30.2;0;0.921;0.921;0;2;2;0;23.636;26.626;19.04;5
022245;Primiero San Martino di Castrozza;200.049;0;2.809;2.809;0;3057;3057;0;25.417;29.905;17.979;494
022246;Sella Giudicarie;85.757;0;1.884;1.884;0;175;175;0;19.763;29.752;25.817;89
022247;Tre Ville;81.487;0;1.708;1.708;0;59;59;0;22.57;24.401;18.895;25
022248;Vallelaghi;72.446;0;1.786;1.786;0;616;616;0;20.222;22.036;13.763;163
022249;Ville d'Anaunia;89.132;0;0.959;0.959;0;22;22;0;29.144;22.76;12.701;28
022250;San Giovanni di Fassa-Sèn Jan;99.822;0;5.746;5.746;0;2430;2430;0;24.418;31.252;18.414;142
022251;Terre d'Adige;16.577;0;36.828;36.828;0;1353;1353;0;24.896;11.257;7.438;15
022252;Borgo d'Anaunia;63.229;0;1.06;1.06;0;42;42;0;4.792;13.418;13.211;54
022253;Novella;46.589;0;0.691;0.691;0;2;2;0;6.555;15.766;18.605;19
022254;Ville di Fiemme;46.149;0;0.923;0.923;0;47;47;0;7.253;13.693;21.903;44
023001;Affi;9.881;2.641;3.32;5.404;88;102;172;0;0;0;0;0
023002;Albaredo d'Adige;28.253;8.923;8.923;8.923;179;179;179;0;0;0;0;0
023004;Arcole;18.866;16.548;18.462;19.405;226;249;259;0;0;0;0;0
023003;Angiari;13.471;7.512;7.512;7.512;82;82;82;0;0;0;0;0
023005;Badia Calavena;26.938;0.007;0.007;0.03;0;0;15;0.178;0.037;0.004;0;1
023006;Bardolino;57.322;71.693;71.712;71.957;219;242;441;0.195;0;0;0;4
023007;Belfiore;26.447;51.352;54.38;56.676;1485;1615;1696;0;0;0;0;0
023008;Bevilacqua;12.201;0;0;0.148;0;0;0;0;0;0;0;0
022181;Sporminore;17.471;0;4.087;4.087;0;33;33;0;26.822;28.281;20.033;14
023009;Bonavigo;17.995;8.13;8.13;8.13;28;28;28;0;0;0;0;0
023010;Boschi Sant'Anna;8.966;0;0;0;0;0;0;0;0;0;0;0
023011;Bosco Chiesanuova;64.799;0;0;0;0;0;0;0;0.103;0.003;0.063;0
023012;Bovolone;41.273;1.713;3.634;3.634;117;139;139;0;0;0;0;0
023013;Brentino Belluno;25.984;8.925;13.204;13.839;12;142;153;18.254;5.719;0.073;0.062;178
023015;Bussolengo;24.226;2.675;2.724;3.224;460;469;511;0;0;0;0;0
023014;Brenzone sul Garda;51.583;40.942;40.946;41.364;134;134;314;0.291;0.112;0.091;0;81
023016;Buttapietra;17.269;0;0;0;0;0;0;0;0;0;0;0
023017;Caldiero;10.378;51.908;53.989;55.916;1021;1111;1172;0;0;0;0;0
023018;Caprino Veronese;47.317;2.872;3.259;4.647;399;465;774;0.015;0.042;0.099;0;0
023019;Casaleone;38.603;0;0;87.612;0;0;3179;0;0;0;0;0
023020;Castagnaro;34.799;0.04;0.04;88.31;10;10;1540;0;0;0;0;0
023021;Castel d'Azzano;9.732;0;0;0;0;0;0;0;0;0;0;0
023022;Castelnuovo del Garda;34.43;14.871;14.871;14.964;1;1;2;0;0;0;0;0
023023;Cavaion Veronese;12.909;1.673;1.727;1.743;155;155;155;0;0;0;0;0
023024;Cazzano di Tramigna;12.271;0.196;0.196;0.196;0;0;0;0;0;0;0;0
023025;Cerea;70.295;0.28;0.861;38.243;0;0;603;0;0;0;0;0
023026;Cerro Veronese;10.057;0;0;0;0;0;0;0;0;0.05;0;0
023027;Cologna Veneta;42.834;0.747;0.962;1.163;20;26;45;0;0;0;0;0
023028;Colognola ai Colli;20.897;7.69;7.949;8.398;191;210;231;0;0;0;0;0
023030;Costermano sul Garda;16.744;2.974;3.422;4.634;30;49;82;0;0;0;0;0
023031;Dolcè;30.95;10.853;11.625;12.039;196;356;395;3.015;1.111;0.281;0.41;42
023029;Concamarise;7.914;0;0;0;0;0;0;0;0;0;0;0
023034;Ferrara di Monte Baldo;26.89;0;2.704;2.704;0;1;1;0.216;2.644;0.268;0.108;2
023035;Fumane;34.211;0;0;0;0;0;0;0.57;0.345;0.178;0.026;87
023040;Isola della Scala;69.829;0;0.332;0.332;0;4;4;0;0;0;0;0
023041;Isola Rizza;16.678;0;0;0;0;0;0;0;0;0;0;0
023042;Lavagno;14.651;10.607;18.067;18.845;2224;3110;3163;0;0;0;0;0
023036;Garda;14.369;53.24;53.24;54.284;55;57;464;5.213;0;0;0;133
022182;Stenico;49.146;0;1.671;1.671;0;1;1;0;39.741;26.973;18.209;20
023037;Gazzo Veronese;56.654;0.058;0.058;75.823;1;1;4060;0;0;0;0;0
023046;Marano di Valpolicella;18.622;0;0;0;0;0;0;0.124;0.107;0.081;0;2
023047;Mezzane di Sotto;19.708;0;0.624;0.624;0;10;10;0;0;0;0;0
023048;Minerbe;29.65;0;0;0;0;0;0;0;0;0;0;0
023049;Montecchia di Crosara;21.063;0.973;1.329;11.375;45;46;99;0;0.176;0;1.173;1
023050;Monteforte d'Alpone;20.47;30.435;34.739;38.466;3828;4170;4303;0;0;0;0;0
023052;Negrar di Valpolicella;40.45;0;0;0;0;0;0;0.064;0.403;0.007;0;33
023053;Nogara;38.778;0;0;0;0;0;0;0;0;0;0;0
023054;Nogarole Rocca;29.136;0.103;0.148;0.148;1;1;1;0;0;0;0;0
023055;Oppeano;46.726;0;1.134;1.134;0;2;2;0;0;0;0;0
023058;Pescantina;19.721;4.655;4.832;12.261;756;788;2787;0;0;0;0;0
023056;Palù;13.61;0;0;0;0;0;0;0;0;0;0;0
023057;Pastrengo;9.002;2.477;2.544;3.033;11;11;13;0;0;0;0;0
023059;Peschiera del Garda;18.26;17.349;17.388;19.261;146;147;228;0;0;0;0;0
023060;Povegliano Veronese;18.528;0;0;0;0;0;0;0;0;0;0;0
023061;Pressana;17.389;0;0;0;0;0;0;0;0;0;0;0
023062;Rivoli Veronese;18.427;9.258;9.54;10.631;107;110;131;6.48;0;0;0;24
023063;Roncà;18.149;0;0;0;0;0;0;0;0.011;0.011;0.028;0
023064;Ronco all'Adige;42.814;7.909;8.429;8.429;482;485;485;0;0;0;0;0
023065;Roverchiara;19.646;6.016;6.016;6.016;4;4;4;0;0;0;0;0
023067;Roverè Veronese;36.574;0;0;0;0;0;0;0.041;0;0.005;0;0
023068;Salizzole;30.695;0;0;0;0;0;0;0;0;0;0;0
023069;San Bonifacio;33.792;49.5;53.323;55.676;6920;7302;7442;0;0;0;0;0
023066;Roveredo di Guà;10.16;0;0;0;0;0;0;0;0;0;0;0
023070;San Giovanni Ilarione;25.403;0;0;0;0;0;0;0.461;0.209;1.874;1.472;15
023071;San Giovanni Lupatoto;19.011;3.929;3.929;3.929;125;125;125;0;0;0;0;0
023072;Sanguinetto;13.505;0;0;19.704;0;0;74;0;0;0;0;0
023073;San Martino Buon Albergo;34.709;12.769;19.272;23.305;1516;3064;3515;0;0;0;0;0
023074;San Mauro di Saline;11.238;0;0;0;0;0;0;0;0.044;0.009;0;0
023075;San Pietro di Morubio;16.117;0;0;0;0;0;0;0;0;0;0;0
023086;Torri del Benaco;46.291;71.658;71.658;71.833;129;129;228;0.002;0;0;0;0
023088;Trevenzuolo;26.946;0.256;0.468;0.468;1;1;1;0;0;0;0;0
023089;Valeggio sul Mincio;63.959;1.087;1.146;4.02;19;21;194;0;0;0;0;0
023076;San Pietro in Cariano;20.231;0.158;0.203;0.227;10;18;25;0;0;0;0;0
023077;Sant'Ambrogio di Valpolicella;23.5;0.374;0.391;0.391;44;45;45;0.123;0.838;0.013;0.004;60
023078;Sant'Anna d'Alfaedo;43.428;0;0;0;0;0;0;0.187;0.046;0.06;0.025;1
023079;San Zeno di Montagna;28.239;0;0;0.145;0;0;0;0;0;0;0;0
023080;Selva di Progno;41.333;0;0;0;0;0;0;0.893;0.295;0.06;0.111;8
023081;Soave;22.721;4.929;8.754;12.565;1568;2370;3552;0;0;0;0;0
023082;Sommacampagna;40.823;0.774;0.904;0.904;7;8;8;0;0;0;0;0
023083;Sona;41.12;0.469;0.589;0.589;4;5;5;0;0;0;0;0
023084;Sorgà;31.535;0.178;0.178;0.536;0;0;1;0;0;0;0;0
023093;Vestenanova;24.182;0;0;0;0;0;0;0.029;0.393;0.281;0.637;1
023094;Vigasio;30.763;0;0;0;0;0;0;0;0;0;0;0
023095;Villa Bartolomea;52.987;1.844;1.844;89.377;4;4;2655;0;0;0;0;0
023096;Villafranca di Verona;57.335;0.277;0.3;0.3;6;7;7;0;0;0;0;0
023097;Zevio;54.872;15.274;15.41;15.52;109;110;110;0;0;0;0;0
024001;Agugliaro;14.696;9.547;9.744;10.384;52;53;58;0;0;0;0;0
024005;Altissimo;15.086;0;0.245;0.245;0;84;84;0;0.119;0;0;0
024002;Albettone;20.211;0.757;1.306;4.582;6;9;22;0;0;0;0;0
024003;Alonte;11.142;0;0;0;0;0;0;0;0;0;0;0
024004;Altavilla Vicentina;16.724;2.864;4.018;13.549;66;163;1513;0;0;0;0;0
024006;Arcugnano;41.549;3.305;5.081;14.754;135;543;1119;0;0;0;0;0
024007;Arsiero;41.395;0;1.817;1.817;0;1514;1514;0.679;2.131;0.07;1.005;134
024008;Arzignano;34.19;1.076;2.89;2.948;18;1088;1089;0;0.015;0;0;1
024009;Asiago;162.916;0;0.245;0.245;0;164;164;0;0.032;0.469;0.157;0
024013;Bolzano Vicentino;19.842;4.596;4.596;47.057;91;91;4214;0;0;0;0;0
024010;Asigliano Veneto;8.066;0;0;0;0;0;0;0;0;0;0;0
024012;Bassano del Grappa;47.059;4.297;4.405;4.904;859;887;1201;0.404;0.113;0.004;0.021;46
024015;Brendola;25.568;0;0.102;1.259;0;46;54;0;0;0;0;0
024017;Brogliano;12.155;0;0.148;0.148;0;4;4;0;2.304;0.115;0.033;34
024018;Caldogno;15.863;23.192;25.632;35.592;2006;2268;3390;0;0;0;0;0
024019;Caltrano;22.657;0;0.494;0.494;0;120;120;0;0;0;0;0
024020;Calvene;11.478;0;0.758;0.758;0;111;111;0;0;0;0;0
024016;Bressanvido;8.44;0.427;0.427;2.595;2;2;12;0;0;0;0;0
024021;Camisano Vicentino;30.021;1.815;4.387;26.791;241;266;2819;0;0;0;0;0
024022;Campiglia dei Berici;11.04;0;0;0;0;0;0;0;0;0;0;0
024024;Carrè;8.739;0;4.303;4.303;0;18;18;0;0;0;0;0
024025;Cartigliano;7.377;20.55;20.55;20.55;98;98;98;0;0;0;0;0
024026;Cassola;12.723;0;0;0;0;0;0;0;0;0;0;0
024027;Castegnero;11.62;0;24.785;30.043;0;531;595;0;0;0;0;0
024028;Castelgomberto;17.437;0;1.388;4.318;0;39;64;0;0.063;0;0;1
024029;Chiampo;22.604;0;4.557;4.557;0;1667;1667;0;2.455;1.863;0;35
024030;Chiuppano;4.711;0;1.826;1.826;0;31;31;0;0;0;0;0
024032;Cogollo del Cengio;36.263;0.108;2.716;3.373;58;760;1109;0;0;0;0.022;0
024034;Cornedo Vicentino;23.56;0;2.19;4.414;0;746;775;0;0.501;1.023;0;13
024035;Costabissara;13.132;1.378;3.115;23.652;19;63;2596;0;0;0.624;1.142;0
024036;Creazzo;10.528;2.346;2.84;16.233;443;450;2927;0;0;0;0;0
024037;Crespadoro;30.201;0;0;0;0;0;0;0.301;0.182;0;0;12
024038;Dueville;20.018;12.329;17.894;24.633;367;746;1086;0;0;0;0;0
024039;Enego;52.603;0.711;0.892;0.905;4;41;41;0.418;0.236;0.048;0.165;4
024040;Fara Vicentino;15.175;0;0;0;0;0;0;0;0;0;0;0
024041;Foza;35.209;0;0.091;0.091;0;1;1;0;0;0;0;0
024042;Gallio;47.866;0;0.113;0.113;0;0;0;0;0;0;0;0
024043;Gambellara;12.996;28.747;33.48;34.518;278;475;519;0;0;0.154;0;0
024044;Gambugliano;7.95;0;1.157;7.145;0;8;24;0;0;0;0;0
024046;Grisignano di Zocco;17.02;4.113;6.146;49.448;68;84;1660;0;0;0;0;0
024047;Grumolo delle Abbadesse;15.014;5.541;5.541;75.243;102;102;3446;0;0;0;0;0
024048;Isola Vicentina;26.479;0;0.638;3.055;0;44;147;0;0;0.011;0;0
024049;Laghi;22.237;0;0.715;0.715;0;5;5;0;2.392;0.643;0.486;4
024050;Lastebasse;18.797;0.591;1.596;1.596;0;3;3;0;1.298;0.713;0.122;7
024051;Longare;22.774;24.91;46.882;55.44;536;1852;2068;0;0;0;0;0
024052;Lonigo;49.423;12.763;14.163;17.152;826;926;1030;0;0.02;0;0;1
024053;Lugo di Vicenza;14.564;0;0.645;0.81;0;147;180;0;0;0;0;0
024055;Malo;30.528;0;0.095;0.177;0;46;72;0;0;0;0;0
024057;Marostica;36.524;0;0.687;0.687;0;119;119;0;0.016;0.016;0;1
024060;Montebello Vicentino;21.475;8.591;9.136;17.22;222;227;344;0;0;0;0;0
024061;Montecchio Maggiore;30.54;0;0.406;0.612;0;191;195;0;0;0;0;0
024056;Marano Vicentino;12.725;0;0;0;0;0;0;0;0;0;0;0
024062;Montecchio Precalcino;14.42;0;0;0;0;0;0;0;0;0;0;0
024063;Monte di Malo;23.748;0;0.366;1.352;0;23;26;0;0;0;0;0
024064;Montegalda;17.413;11.084;50.531;57.411;239;1606;1813;0;0;0;0;0
024066;Monteviale;8.439;0.521;1.872;7.868;12;97;132;0;0;0;0;0
024067;Monticello Conte Otto;10.241;2.422;2.627;5.8;120;144;478;0;0;0;0;0
024065;Montegaldella;13.574;10.785;10.822;48.939;128;128;1125;0;0;0;0;0
024068;Montorso Vicentino;9.295;0;3.615;3.615;0;279;279;0;0;0.237;0;0
024070;Mussolente;15.431;0;0;0;0;0;0;0;0;0;0;0
024071;Nanto;14.351;0;29.385;36.234;0;900;1063;0;0;0;0;0
024072;Nogarole Vicentino;9.093;0;0;0;0;0;0;0;0;0;0;0
024074;Noventa Vicentina;22.879;0;0;0.647;0;0;7;0;0;0;0;0
024075;Orgiano;18.084;0;0.205;0.205;0;24;24;0;0;0;0;0
024073;Nove;8.151;16.587;16.587;16.587;53;53;53;0;0;0;0;0
023090;Velo Veronese;18.902;0;0;0;0;0;0;0;0;0.005;0;0
024076;Pedemonte;12.592;1.676;4.034;4.145;26;159;167;4.725;5.98;0.667;0.5;184
024078;Piovene Rocchette;12.903;0;13.563;13.563;0;2911;2911;0.031;0.457;0.054;0;36
024079;Pojana Maggiore;28.615;0;0;0;0;0;0;0;0;0;0;0
024080;Posina;43.635;0;2.069;2.069;0;32;32;0.619;3.488;0.545;1.199;45
024081;Pove del Grappa;9.841;2.002;2.215;2.632;36;36;55;0;0;0;0;0
024077;Pianezze;5.013;0;0;0;0;0;0;0;0;1.396;0;0
024082;Pozzoleone;11.272;15.206;15.206;15.206;55;55;55;0;0;0;0;0
024083;Quinto Vicentino;17.487;5.947;11.38;85.017;118;1036;4927;0;0;0;0;0
024084;Recoaro Terme;60.148;0;0.171;0.171;0;23;23;2.336;1.46;0.607;0.073;264
024085;Roana;78.146;0;0.022;0.022;0;0;0;0;0;0;0;0
024086;Romano d'Ezzelino;21.36;0;0;0;0;0;0;0;0;0;0;0
024087;Rosà;24.325;0;0;0;0;0;0;0;0;0;0;0
024088;Rossano Veneto;10.596;0;0;0;0;0;0;0;0;0;0;0
024089;Rotzo;28.25;0;0;0;0;0;0;0;0.007;0.004;0.025;0
024091;Sandrigo;27.991;3.18;3.18;17.87;51;51;386;0;0;0;0;0
024095;Santorso;13.208;0;7.488;7.488;0;1516;1516;0;0;0;0;0
024090;Salcedo;6.116;0;0;0;0;0;0;0;0;0;0;0
024094;San Pietro Mussolino;4.108;0;4.163;4.163;0;236;236;0;0;0;0;0
024096;San Vito di Leguzzano;6.126;0;0;0;0;0;0;0;0;0;0;0
024097;Sarcedo;13.853;0;0;0;0;0;0;0;0;0;0;0
024098;Sarego;23.922;0;0.364;0.364;0;6;6;0;0;0;0;0
024100;Schio;66.206;0;0.826;0.826;0;653;653;0.018;0;0;0;0
024101;Solagna;15.812;1.796;3.535;4.168;212;588;750;0.828;0.835;0.209;0;21
024102;Sossano;20.898;0;0.077;0.077;0;0;0;0;0;0;0;0
024099;Schiavon;12.012;0;0;1.124;0;0;3;0;0;0;0;0
024103;Sovizzo;15.661;0.294;0.785;18.875;5;18;389;0;0;0;0;0
024104;Tezze sul Brenta;17.95;5.398;5.398;5.398;43;43;43;0;0;0;0;0
024105;Thiene;19.703;0;0;0;0;0;0;0;0;0;0;0
024107;Torrebelvicino;20.74;0;4.6;4.6;0;1088;1088;0;0.024;0.005;0;0
024108;Torri di Quartesolo;18.673;40.411;45.327;90.43;4919;6917;11570;0;0;0;0;0
024106;Tonezza del Cimone;13.941;0;0;0;0;0;0;0;0;0;0;0
024110;Trissino;21.957;3.398;4.377;5.37;70;114;130;0;4.363;1.143;0.1;113
023091;Verona;198.897;7.546;7.973;9.574;18139;19185;29079;0;0;0;0;0
024111;Valdagno;50.216;0;0.978;1.478;0;1202;1447;0.137;2.37;1.282;0.267;94
024112;Valdastico;23.949;2.631;4.626;6.581;35;352;500;7.875;1.169;0.209;0.017;130
024113;Valli del Pasubio;49.345;0;0.101;0.101;0;30;30;0;1.212;0.732;0.091;5
024115;Velo d'Astico;21.904;0;6.917;6.917;0;218;218;14.842;1.242;4.387;15.303;16
024116;Vicenza;80.516;22.564;27.077;47.605;13347;19025;44682;0;0;0;0;0
024117;Villaga;23.225;0;0.116;0.116;0;1;1;0;0;0;0;0
024118;Villaverla;15.788;4.047;5.447;5.941;25;33;36;0;0;0;0;0
024122;Zugliano;13.73;0;0;0;0;0;0;0;0;0;0;0
024123;Val Liona;27.844;0;0.891;0.988;0;114;117;0;0;0;0;0
024119;Zanè;7.645;0;0;0;0;0;0;0;0;0;0;0
024120;Zermeghedo;2.971;1.178;2.322;2.322;0;135;135;0;0;0;0;0
024124;Barbarano Mossano;33.486;0;5.94;10.153;0;433;639;0;0;0;0;0
024125;Valbrenta;93.368;4.206;5.494;6.548;2021;2671;3288;3.18;0.705;0.132;0.02;1368
024121;Zovencedo;9.044;0;0.487;0.487;0;2;2;0;0;0;0;0
024126;Colceresa;19.404;0;0;1.716;0;0;55;0;0;1.376;0;0
024127;Lusiana Conco;61.191;0;0.145;0.145;0;40;40;0.036;0.008;0;0;0
025001;Agordo;23.742;2.801;5.463;5.796;35;35;37;3.824;2.557;2.363;3.344;99
025002;Alano di Piave;36.521;3.22;3.22;3.275;86;86;104;0.093;0.014;0;0;0
025003;Alleghe;29.714;3.015;8.541;8.986;193;195;335;3.16;0.569;0.182;0.017;94
025004;Arsiè;64.761;4.385;4.855;4.855;45;45;45;0;0.517;0.053;0.167;0
025005;Auronzo di Cadore;220.558;2.058;6.588;6.717;302;356;358;0.487;0.674;0.224;1.664;18
025006;Belluno;147.221;4.891;5.725;5.79;464;475;575;0.046;0.257;0.018;0.211;5
025007;Borca di Cadore;26.755;1.226;11.863;11.901;2;230;230;1.697;1.682;5.748;0;192
025008;Calalzo di Cadore;43.507;5.376;11.332;11.332;0;0;0;1.31;0.6;0;0;0
025010;Cencenighe Agordino;18.13;4.964;5.643;7.347;499;504;879;13.712;9.305;2.096;0.066;146
025011;Cesiomaggiore;82.089;1.749;2.825;2.901;86;89;93;0.032;1.294;0.04;0.16;13
025012;Chies d'Alpago;44.971;0.929;11.056;11.056;11;15;15;2.889;3.758;0.781;0.053;137
025014;Colle Santa Lucia;15.339;0.332;1.441;1.441;0;0;0;1.715;5.639;0.398;0;35
025015;Comelico Superiore;96.091;0.586;5.364;5.442;38;38;38;0.142;0.88;2.519;0.91;11
025016;Cortina d'Ampezzo;252.81;1.599;7.467;7.474;252;351;351;2.519;2.299;2.662;1.577;195
025013;Cibiana di Cadore;21.587;0;10.631;10.631;0;26;26;1.788;1.353;0;0;37
025017;Danta di Cadore;7.954;0;0;0;0;0;0;0;1.018;0;0;0
025018;Domegge di Cadore;50.357;3.678;8.99;8.99;0;0;0;0;0.463;0.062;0;0
025019;Falcade;52.795;1.534;3.305;3.366;114;170;197;3.112;2.822;1.21;1.513;115
025021;Feltre;99.788;5.99;6.529;6.625;213;216;220;0.054;0.608;0.096;0.538;14
025022;Fonzaso;27.618;7.162;9.588;11.637;62;65;78;0;0;0;0;0
025023;Canale d'Agordo;45.955;2.335;4.034;4.034;159;190;190;0.013;2.141;0.633;0.679;12
025025;Gosaldo;48.473;0;2.088;2.088;0;130;130;1.114;10.69;1.098;1.952;128
025026;Lamon;54.352;2.039;3.35;3.35;11;11;11;0;5.078;0.598;2.819;2
025027;La Valle Agordina;48.672;2.2;6.918;6.918;147;148;148;1.892;3.959;0.101;2.461;188
025029;Limana;39.12;6.892;7.587;7.664;117;118;119;0.102;0.115;0;0;1
025030;Livinallongo del Col di Lana;100.005;0.395;1.247;1.254;22;34;34;0.716;4.744;0.678;0.401;49
025032;Lorenzago di Cadore;27.349;0.611;6.907;6.907;0;0;0;0.015;0.161;0.051;0;0
025033;Lozzo di Cadore;30.404;1.319;1.723;1.723;0;0;0;0.105;0.862;0.016;0;20
025035;Ospitale di Cadore;39.782;3.195;5.711;6.101;39;42;85;0.121;0.561;0;0;1
025036;Pedavena;25.055;0;0.004;0.004;0;0;0;0;2;0.407;0;14
025037;Perarolo di Cadore;43.944;3.773;5.969;6.028;85;89;89;0.221;0.74;0.462;0;20
025039;Pieve di Cadore;67.171;1.566;7.299;7.299;1;1;1;0.188;0.319;0.015;0.009;0
025040;Ponte nelle Alpi;58.14;9.985;11.072;12.262;304;305;327;0.043;0.382;0;0;2
025043;Rivamonte Agordino;23.304;1.262;2.999;2.999;2;15;15;0;0.991;0.596;0;4
025044;Rocca Pietore;73.288;2.13;6.675;6.796;64;137;193;0.824;2.681;0.637;3.992;47
025045;San Gregorio nelle Alpi;19.118;0;0;0;0;0;0;0;1.104;0.272;0;5
025046;San Nicolò di Comelico;24.159;0.091;8.916;8.916;0;0;0;0.004;0.029;0.021;0.19;1
025047;San Pietro di Cadore;52.127;2.91;12.003;12.011;277;292;300;0.263;1.826;5.23;0.223;43
025048;Santa Giustina;35.923;26.434;26.434;26.443;190;190;190;0.006;0.006;0;0;0
025049;San Tomaso Agordino;19.181;1.303;1.616;1.616;86;107;107;1.861;0.573;0.302;0.235;26
025050;Santo Stefano di Cadore;100.62;3.192;11.185;11.402;664;664;707;0.007;0.043;0.273;0;0
025051;San Vito di Cadore;61.616;0.948;12.508;12.62;26;200;200;1.644;0.536;0.81;0;66
025053;Sedico;91.203;8.345;9.838;9.949;187;193;199;0;1.219;0.403;0;1
025054;Selva di Cadore;33.327;1.581;3.697;3.697;19;61;61;2.896;5.506;1.29;0.441;74
025055;Seren del Grappa;62.529;2.308;2.445;2.847;72;73;176;0;0.006;0;0;0
025056;Sospirolo;65.858;5.726;6.071;6.081;110;112;113;0.002;0;0;0;0
025057;Soverzene;14.792;10.83;11.08;11.08;20;20;20;0;0.75;0.047;0;0
025058;Sovramonte;50.542;1.427;3.459;3.459;12;12;12;0;3.498;1.011;1.729;0
025059;Taibon Agordino;90.059;2.574;8.25;8.258;159;166;166;2.224;0.711;0.026;0.026;14
025060;Tambre;45.277;0.031;3.165;3.165;0;0;0;0.384;2.403;0.298;0;19
025062;Vallada Agordina;12.999;1.885;7.177;7.177;0;85;85;1.215;3.246;3.408;1.162;33
025063;Valle di Cadore;40.639;2.01;5.101;5.101;0;8;8;1.553;2.424;0.002;1.683;8
025065;Vigo di Cadore;70.066;1.496;8.7;8.7;0;0;0;0.096;1.24;0.006;0;0
025066;Vodo Cadore;46.877;0.369;3.281;3.326;0;35;83;0.254;0.043;0.066;0.111;30
025067;Voltago Agordino;23.469;0;3.826;3.826;0;0;0;0.2;1.398;0.758;0;11
025069;Zoppè di Cadore;4.332;0;0;0;0;0;0;0;1.223;1.777;0;0
025070;Quero Vas;45.914;8.202;9.063;9.219;81;90;94;0.179;0.111;0;0;0
025071;Longarone;122.362;4.392;7.162;8.017;34;34;397;0.271;0.577;0.067;0;0
025072;Alpago;80.34;11.014;13.745;17.501;147;173;901;0.334;2.848;0.419;0;183
025073;Val di Zoldo;141.651;1.145;6.451;6.527;218;227;295;1.063;1.497;0.693;0.001;23
025074;Borgo Valbelluna;167.692;7.634;7.782;7.845;508;608;675;0.165;1.106;0.193;0;19
026001;Altivole;21.939;2.894;2.894;2.894;105;105;105;0;0;0;0;0
026002;Arcade;8.298;1.446;1.446;1.446;10;10;10;0;0;0;0;0
026003;Asolo;25.367;2.208;2.208;2.208;357;357;357;0;0;0;0;0
026004;Borso del Grappa;33.139;0;0;0;0;0;0;0;0;0;0;0
026005;Breda di Piave;25.778;16.456;27.748;35.887;1276;2192;2524;0;0;0;0;0
026006;Caerano di San Marco;12.112;5.829;5.829;5.829;894;894;894;0;0;0;0;0
026007;Cappella Maggiore;11.101;0;0;0.306;0;0;30;0.018;0.342;0.153;0;4
026008;Carbonera;19.86;4.688;4.688;5.413;542;542;769;0;0;0;0;0
026009;Casale sul Sile;26.918;11.743;12.438;27.305;1239;1276;3732;0;0;0;0;0
026010;Casier;13.407;6.847;7.086;9.391;447;489;840;0;0;0;0;0
026012;Castelfranco Veneto;51.609;3.329;3.329;11.056;1020;1020;8715;0;0;0;0;0
026013;Castello di Godego;18.132;0.938;0.938;2.78;2;2;65;0;0;0;0;0
026011;Castelcucco;8.792;0;0;0;0;0;0;0;0;0;0;0
026014;Cavaso del Tomba;18.973;0.669;0.669;3.563;4;4;23;0;0;0;0;0
026015;Cessalto;28.178;12.13;21.421;94.056;471;638;3435;0;0;0;0;0
026016;Chiarano;19.923;21.202;40.24;99.895;435;1022;3695;0;0;0;0;0
026017;Cimadolmo;17.9;62.564;62.575;62.704;390;391;398;0;0;0;0;0
026018;Cison di Valmarino;28.812;0;0;0;0;0;0;0;0;0;0;0
026019;Codognè;21.751;0;0;36.389;0;0;2388;0;0;0;0;0
026020;Colle Umberto;13.568;1.496;1.496;2.285;116;116;180;0;0;0;0;0
026021;Conegliano;36.393;0.294;0.368;4.817;5;6;627;0;0.096;0.047;0;1
026022;Cordignano;26.249;2.263;2.263;9.528;561;561;2003;0.232;0;0.213;0.004;1
026023;Cornuda;12.527;0.112;0.112;5.452;4;4;103;0;0.08;0;0;1
026025;Crocetta del Montello;26.551;44.401;44.401;44.401;852;852;852;0;0;0;0;0
026026;Farra di Soligo;28.332;0.692;0.692;6.191;37;37;556;0;0;0;0;0
026027;Follina;24.081;0;0;0;0;0;0;0;0;0;0;0
026028;Fontanelle;35.353;6.678;7.96;52.887;299;342;2341;0;0;0;0;0
026029;Fonte;14.597;0.247;0.247;0.247;4;4;4;0;0;0;0;0
026030;Fregona;42.723;0;0;0;0;0;0;0.054;0.225;0.016;0.005;8
026031;Gaiarine;28.777;5.661;5.661;24.558;122;122;1228;0;0;0;0;0
026032;Giavera del Montello;20.188;7.242;7.242;7.242;345;345;345;0;0;0;0;0
026033;Godega di Sant'Urbano;24.342;0;0;9.358;0;0;259;0;0;0;0;0
026034;Gorgo al Monticano;27.088;20.459;21.02;97.611;708;734;4159;0;0;0;0;0
026035;Istrana;26.478;3.293;3.482;3.614;31;33;34;0;0;0;0;0
026036;Loria;23.25;0;0;1.277;0;0;245;0;0;0;0;0
026037;Mansuè;27.094;17.118;17.295;54.787;221;222;2613;0;0;0;0;0
026038;Mareno di Piave;27.718;3.579;3.579;9.045;93;93;423;0;0;0;0;0
026039;Maser;25.857;2.939;2.939;2.939;193;193;193;0;0;0;0;0
026040;Maserada sul Piave;28.752;52.835;53.975;60.451;1205;1284;2175;0;0;0;0;0
026041;Meduna di Livenza;15.379;54.555;55.634;99.779;2310;2374;2947;0;0;0;0;0
026042;Miane;30.884;0;0;0;0;0;0;0;0;0;0;0
026043;Mogliano Veneto;46.257;7.562;9.026;16.828;2278;2567;5451;0;0;0;0;0
026044;Monastier di Treviso;25.261;59.329;72.729;99.905;1102;2362;4087;0;0;0;0;0
026045;Monfumo;11.455;0.323;0.323;1.484;3;3;12;0;0;0;0;0
026046;Montebelluna;48.988;3.311;3.311;3.311;2005;2005;2005;0;0;0;0;0
026047;Morgano;11.761;6.139;6.547;9.37;176;182;250;0;0;0;0;0
026049;Motta di Livenza;37.777;47.089;47.362;99.553;9160;9193;10677;0;0;0;0;0
026050;Nervesa della Battaglia;34.973;14.079;14.079;14.937;394;394;492;0;0;0;0;0
026048;Moriago della Battaglia;13.757;27.615;27.615;35.974;56;56;540;0;0;0;0;0
026051;Oderzo;42.353;8.528;21.037;87.134;1853;2169;18133;0;0;0;0;0
026052;Ormelle;18.823;19.466;21.176;75.259;465;499;3130;0;0;0;0;0
026053;Orsago;10.706;0;0;0.047;0;0;6;0;0;0;0;0
026055;Paese;38.083;0.055;0.055;0.055;1;1;1;0;0;0;0;0
026056;Pederobba;27.316;21.866;21.866;23.949;277;277;316;0;0.004;0;0;0
026057;Pieve di Soligo;19.038;1.544;1.544;10.363;171;171;721;0;0;0;0;0
026058;Ponte di Piave;32.436;57.054;78.302;99.901;5185;7417;8312;0;0;0;0;0
026059;Ponzano Veneto;22.284;1.342;1.342;4.124;25;25;208;0;0;0;0;0
026060;Portobuffolè;5.08;42.539;42.539;83.031;34;34;774;0;0;0;0;0
026061;Possagno;12.11;0;0;0;0;0;0;0;0;0;0;0
026062;Povegliano;12.927;1.361;1.361;1.361;46;46;46;0;0;0;0;0
026063;Preganziol;23.025;5.494;5.494;6.423;621;621;797;0;0;0;0;0
026064;Quinto di Treviso;19.099;5.519;5.618;17.394;438;444;1728;0;0;0;0;0
026065;Refrontolo;13.035;0;0;0;0;0;0;0;0;0.038;0;0
026066;Resana;24.891;6.392;6.392;9.682;706;706;1049;0;0;0;0;0
026067;Revine Lago;18.793;2.293;2.293;3.884;12;12;18;0;0;0;0;0
026068;Riese Pio X;30.644;3.146;3.146;3.146;374;374;374;0;0;0;0;0
026069;Roncade;61.776;10.444;20.217;48.705;966;1361;3319;0;0;0;0;0
026070;Salgareda;27.551;75.613;98.294;99.895;5702;6461;6599;0;0;0;0;0
026071;San Biagio di Callalta;48.504;31.496;37.413;50.037;3030;3398;4542;0;0;0;0;0
026072;San Fior;17.817;0;0;24.061;0;0;332;0;0;0;0;0
026073;San Pietro di Feletto;19.264;0;0;3.436;0;0;92;0.119;0.353;0.504;0.197;10
026074;San Polo di Piave;20.983;0.562;0.562;20.417;34;34;458;0;0;0;0;0
026075;Santa Lucia di Piave;19.921;12.876;12.876;13.197;40;40;110;0;0;0;0;0
026076;San Vendemiano;18.488;0.022;0.022;9.633;0;0;88;0;0;0;0;0
026077;San Zenone degli Ezzelini;19.966;0;0;0;0;0;0;0;0;0;0;0
026078;Sarmede;18.013;0;0.028;1.099;0;0;70;0.05;0.533;0.128;0;6
026079;Segusino;18.228;5.327;5.684;6.095;30;31;118;0.159;0.955;0.082;0;72
026080;Sernaglia della Battaglia;20.144;30.888;30.922;46.158;410;410;1964;0;0;0;0;0
026081;Silea;18.933;8.504;8.974;14.118;702;729;932;0;0;0;0;0
026082;Spresiano;25.685;27.541;27.541;31.625;223;223;260;0;0;0;0;0
026083;Susegana;44.082;14.375;14.378;14.405;882;882;882;0;0;0;0;0
026084;Tarzo;23.906;1.887;1.933;2.585;4;4;11;0;0.117;0.033;0;1
026085;Trevignano;26.495;1.74;1.74;1.74;121;121;121;0;0;0;0;0
026086;Treviso;55.528;5.066;5.131;12.134;3390;3409;6397;0;0;0;0;0
026087;Valdobbiadene;62.894;9.177;9.177;9.548;317;317;506;0;0.006;0;0;0
026088;Vazzola;26.159;2.389;2.389;23.885;39;39;1406;0;0;0;0;0
026089;Vedelago;61.849;4.036;4.131;4.204;409;412;415;0;0;0;0;0
026090;Vidor;13.426;17.116;17.116;18.509;189;189;193;0;0;0;0;0
026091;Villorba;30.624;3.772;3.794;9.287;896;903;2587;0;0;0;0;0
026092;Vittorio Veneto;82.802;1.03;1.94;4.379;1451;1455;2699;0.865;1.03;0.03;3.53;84
026093;Volpago del Montello;44.822;2.479;2.479;2.479;434;434;434;0;0;0;0;0
026096;Pieve del Grappa;37.338;0;0;0;0;0;0;0;0;0;0;0
027001;Annone Veneto;25.934;0.783;0.783;55.163;3;3;728;0;0;0;0;0
027002;Campagna Lupia;87.591;8.444;10.647;30.57;614;1438;6920;0;0;0;0;0
026094;Zenson di Piave;9.496;61.226;71.872;99.895;597;728;1783;0;0;0;0;0
026095;Zero Branco;26.06;3.841;4.018;5.365;327;331;360;0;0;0;0;0
027003;Campolongo Maggiore;23.615;3.671;78.412;99.793;45;8210;10312;0;0;0;0;0
027004;Camponogara;21.299;0.16;42.542;82.534;2;7328;10867;0;0;0;0;0
027005;Caorle;154.79;40.056;48.875;95.856;1892;2692;11573;0;0;0;0;0
027006;Cavarzere;140.437;37.279;38.634;96.924;3161;3630;13693;0;0;0;0;0
027008;Chioggia;188.447;33.657;34.456;42.792;8227;8743;12167;0;0;0;0;0
027007;Ceggia;22.104;3.845;9.808;99.882;379;723;6213;0;0;0;0;0
027009;Cinto Caomaggiore;21.32;11.928;12.509;18.968;89;94;140;0;0;0;0;0
027010;Cona;65.111;2.391;2.695;99.923;10;12;3175;0;0;0;0;0
027011;Concordia Sagittaria;66.835;14.525;21.634;99.749;591;1282;10634;0;0;0;0;0
027012;Dolo;24.284;4.892;4.892;52.664;1132;1132;6468;0;0;0;0;0
027013;Eraclea;95.375;62.463;70.04;99.943;4824;5760;12685;0;0;0;0;0
027014;Fiesso d'Artico;6.31;9.208;11.157;11.712;271;278;279;0;0;0;0;0
027018;Gruaro;17.488;39.193;44.47;50.097;798;932;1027;0;0;0;0;0
027015;Fossalta di Piave;9.64;33.485;42.604;99.896;344;527;4214;0;0;0;0;0
027016;Fossalta di Portogruaro;31.104;8.157;33.967;52.418;445;661;1418;0;0;0;0;0
027019;Jesolo;96.942;50.39;53.921;78.922;9365;10832;24404;0;0;0;0;0
027020;Marcon;25.548;6.29;6.29;94.794;442;442;16111;0;0;0;0;0
027021;Martellago;20.17;7.863;8.22;90.823;953;970;20662;0;0;0;0;0
027022;Meolo;26.612;33.188;64.775;99.902;1032;2685;6465;0;0;0;0;0
027017;Fossò;10.182;3.565;63.2;64.82;44;3498;3506;0;0;0;0;0
027023;Mira;99.108;3.382;3.382;55.175;3148;3148;36984;0;0;0;0;0
027024;Mirano;45.677;4.714;5.195;28.791;1431;1537;8885;0;0;0;0;0
027025;Musile di Piave;44.954;62.702;75.399;99.515;8106;9397;11512;0;0;0;0;0
027026;Noale;24.698;8.179;8.519;42.57;796;863;6519;0;0;0;0;0
027027;Noventa di Piave;17.996;16.209;42.265;99.894;207;635;6843;0;0;0;0;0
027028;Pianiga;20.074;2.984;3.233;8.444;477;477;1189;0;0;0;0;0
027029;Portogruaro;102.311;16.934;37.35;84.835;2814;5652;17944;0;0;0;0;0
027030;Pramaggiore;24.215;3.134;3.477;8.078;135;139;428;0;0;0;0;0
027031;Quarto d'Altino;28.329;44.184;44.859;97.264;796;825;7980;0;0;0;0;0
027032;Salzano;17.183;14.002;21.044;99.75;2653;4089;12677;0;0;0;0;0
027033;San Donà di Piave;78.903;64.088;74.844;99.802;26132;29146;40585;0;0;0;0;0
027034;San Michele al Tagliamento;115.005;69.9;81.196;98.443;3683;6570;11947;0;0;0;0;0
027035;Santa Maria di Sala;27.968;3.229;3.229;10.212;222;222;1058;0;0;0;0;0
027036;San Stino di Livenza;67.967;8.791;8.818;95.099;1392;1398;11670;0;0;0;0;0
027037;Scorzè;33.287;6.129;8.051;21.399;1714;2118;7265;0;0;0;0;0
027038;Spinea;14.976;1.149;1.149;99.813;12;12;26862;0;0;0;0;0
027039;Stra;8.815;7.079;7.873;9.745;599;647;738;0;0;0;0;0
027040;Teglio Veneto;11.443;6.476;7.079;20.056;250;302;319;0;0;0;0;0
027041;Torre di Mosto;37.998;16.582;23.367;99.871;360;393;4737;0;0;0;0;0
027042;Venezia;418.395;4.452;4.582;29.333;63588;64592;219238;0;0;0;0;0
027043;Vigonovo;12.866;8.565;18.856;39.422;246;929;2682;0;0;0;0;0
027044;Cavallino-Treporti;45.126;0.215;0.315;8.073;8;13;1928;0;0;0;0;0
028001;Abano Terme;21.408;70.759;79.153;81.806;13455;15978;16573;0;0;0;0;0
028002;Agna;18.804;1.042;1.042;99.947;2;2;3400;0;0;0;0;0
028003;Albignasego;21.155;4.032;4.046;4.202;396;396;403;0;0;0;0;0
028004;Anguillara Veneta;21.665;7.408;7.408;34.733;179;179;961;0;0;0;0;0
028005;Arquà Petrarca;12.516;0;0;52.733;0;0;693;0;0;0;0;0
028008;Bagnoli di Sopra;34.977;1.701;1.701;99.951;44;44;3626;0;0;0;0;0
028009;Baone;24.419;0.754;0.754;24.948;7;7;586;0;0.569;0.938;1.208;60
028017;Campodarsego;25.718;6.042;6.459;30.613;1079;1150;5164;0;0;0;0;0
028006;Arre;12.344;1.077;12.006;99.951;11;124;2191;0;0;0;0;0
028007;Arzergrande;13.645;46.86;67.732;99.919;485;1797;4682;0;0;0;0;0
028010;Barbona;8.587;8.466;8.466;8.466;13;13;13;0;0;0;0;0
028015;Brugine;19.547;25.758;25.758;62.132;494;494;2726;0;0;0;0;0
028016;Cadoneghe;12.925;1.571;1.571;3.822;380;380;424;0;0;0;0;0
028011;Battaglia Terme;6.229;2.456;2.456;29.812;62;62;1209;0;1.862;0.08;0;0
028012;Boara Pisani;16.661;4.928;4.928;4.928;123;123;123;0;0;0;0;0
028013;Borgoricco;20.392;2.521;2.521;13.26;76;76;561;0;0;0;0;0
028014;Bovolenta;22.78;77.287;94.258;99.745;2775;3062;3345;0;0;0;0;0
028018;Campodoro;11.224;0;1.051;9.702;0;18;320;0;0;0;0;0
028019;Camposampiero;21.125;7.034;7.943;30.656;1000;1049;6277;0;0;0;0;0
028020;Campo San Martino;13.16;15.03;17.052;24.947;624;695;1578;0;0;0;0;0
028021;Candiana;22.268;5.595;47.921;99.933;47;1110;2468;0;0;0;0;0
028022;Carceri;9.808;2.09;2.09;60.461;9;9;519;0;0;0;0;0
028023;Carmignano di Brenta;14.683;14.731;14.731;15.344;119;119;138;0;0;0;0;0
028026;Cartura;16.279;54.948;56.121;94.969;1950;2005;4527;0;0;0;0;0
028027;Casale di Scodosia;21.315;0;0;7.347;0;0;14;0;0;0;0;0
028028;Casalserugo;15.504;82.005;85.404;88.796;3301;3738;4243;0;0;0;0;0
028029;Castelbaldo;15.175;4.244;4.244;4.244;28;28;28;0;0;0;0;0
023092;Veronella;20.88;9.248;10.618;10.752;128;162;163;0;0;0;0;0
028030;Cervarese Santa Croce;17.705;3.767;3.767;34.216;151;151;1820;0;0;0;0;0
028031;Cinto Euganeo;19.757;1.837;2.637;3.138;20;25;28;0;1.453;2.435;1.154;26
028032;Cittadella;36.661;3.388;3.388;3.388;102;102;102;0;0;0;0;0
028033;Codevigo;70.08;35.997;49.566;64.05;1644;4779;6442;0;0;0;0;0
028034;Conselve;24.286;0.675;2.907;70.156;8;44;6253;0;0;0;0;0
028035;Correzzola;42.326;49.159;51.283;99.924;2533;2628;5487;0;0;0;0;0
028036;Curtarolo;14.729;34.748;57.736;69.428;1990;3818;4942;0;0;0;0;0
028037;Este;32.807;15.494;22.523;43.914;2211;2823;7862;0;0.756;1.445;0.049;6
028038;Fontaniva;20.589;23.678;23.678;30.157;283;283;449;0;0;0;0;0
028040;Galzignano Terme;18.201;3.132;3.417;49.904;348;350;2524;0;0.088;2.621;0;1
028041;Gazzo;22.71;0;0;2.774;0;0;52;0;0;0;0;0
028039;Galliera Veneta;8.954;0.022;0.022;0.022;0;0;0;0;0;0;0;0
028042;Grantorto;14.103;11.069;11.416;18.946;49;51;223;0;0;0;0;0
028043;Granze;11.473;0.183;0.183;21.433;1;1;290;0;0;0;0;0
028044;Legnaro;14.914;25.312;25.312;51.354;729;729;2367;0;0;0;0;0
028045;Limena;15.155;19.34;19.353;29.165;415;416;2017;0;0;0;0;0
028046;Loreggia;19.116;5.472;5.508;15.003;485;485;1416;0;0;0;0;0
028048;Maserà di Padova;17.582;35.878;39.882;46.411;1145;1426;2025;0;0;0;0;0
028054;Mestrino;19.218;6.062;27.474;72.75;364;2875;8642;0;0;0;0;0
028047;Lozzo Atestino;24.073;25.352;38.051;45.491;298;399;529;0;0;0;0;0
028049;Masi;13.765;7.969;7.969;7.969;2;2;2;0;0;0;0;0
028050;Massanzago;13.251;3.668;6.083;19.576;63;124;628;0;0;0;0;0
028053;Merlara;21.346;0;0;5.373;0;0;5;0;0;0;0;0
028052;Megliadino San Vitale;15.248;0;0;27.492;0;0;537;0;0;0;0;0
028055;Monselice;50.571;4.951;17.453;39.487;592;1158;3668;0;0;0;0;0
028056;Montagnana;45.028;0;0;17.747;0;0;491;0;0;0;0;0
028057;Montegrotto Terme;15.37;50.579;52.245;59.785;8931;9160;9446;0;0.69;1.737;0.098;12
028058;Noventa Padovana;7.078;17.576;62.15;92.569;688;5838;9029;0;0;0;0;0
028062;Piacenza d'Adige;18.489;3.489;21.256;26.697;12;43;54;0;0;0;0;0
028066;Polverara;9.844;81.176;81.176;99.949;2020;2020;3104;0;0;0;0;0
028059;Ospedaletto Euganeo;21.478;0;0;47.425;0;0;795;0;0;0;0;0
028060;Padova;93.026;25.053;30.964;49.764;40964;48835;75554;0;0;0;0;0
028061;Pernumia;13.18;1.988;1.995;58.869;26;26;2401;0;0;0;0;0
028063;Piazzola sul Brenta;40.933;20.001;24.455;38.219;1176;1513;4269;0;0;0;0;0
028064;Piombino Dese;29.625;10.518;11.18;11.814;570;577;587;0;0;0;0;0
028065;Piove di Sacco;35.725;11.692;57.467;99.37;1030;10088;19007;0;0;0;0;0
028071;Rovolon;27.686;0;0.834;15.297;0;85;425;0;0.784;0.531;0.267;60
028072;Rubano;14.513;27.899;45.022;67.946;7136;8974;11303;0;0;0;0;0
028073;Saccolongo;13.799;13.958;63.106;83.955;180;3601;4145;0;0;0;0;0
028075;San Giorgio delle Pertiche;18.858;3.118;4.216;19.705;301;309;962;0;0;0;0;0
028076;San Giorgio in Bosco;28.346;25.393;30.057;34.079;529;671;760;0;0;0;0;0
028077;San Martino di Lupari;24.122;2.558;2.558;4.921;191;191;470;0;0;0;0;0
028078;San Pietro in Gu;17.9;0;0;0.642;0;0;4;0;0;0;0;0
028079;San Pietro Viminario;13.306;0.752;0.752;36.051;7;7;1315;0;0;0;0;0
028080;Santa Giustina in Colle;17.968;4.224;4.224;10.407;303;303;672;0;0;0;0;0
028082;Sant'Angelo di Piove di Sacco;13.965;0.265;17.723;39.828;0;708;2044;0;0;0;0;0
028084;Sant'Urbano;31.919;4.981;5.013;17.175;66;66;237;0;0;0;0;0
028083;Sant'Elena;8.916;4.542;22.925;23.105;14;233;237;0;0;0;0;0
028085;Saonara;13.544;0;5.235;68.215;0;780;8246;0;0;0;0;0
028086;Selvazzano Dentro;19.517;61.27;77.184;91.336;17574;18802;19757;0;0;0;0;0
028087;Solesino;10.143;0.01;0.552;2.307;0;8;9;0;0;0;0;0
028088;Stanghella;19.811;0;0;0;0;0;0;0;0;0;0;0
028089;Teolo;31.201;0.17;13.833;14.387;111;2238;2336;0.141;2.51;0.942;0.301;69
028090;Terrassa Padovana;14.813;44.616;69.25;99.919;492;824;2624;0;0;0;0;0
028091;Tombolo;11.031;2.983;2.983;2.983;5;5;5;0;0;0;0;0
028092;Torreglia;18.854;1.246;1.655;6.232;72;100;281;0;1.029;0.992;0.027;31
029023;Frassinelle Polesine;21.977;0;0;99.968;0;0;1529;0;0;0;0;0
029024;Fratta Polesine;20.963;0;0.033;99.995;0;0;2782;0;0;0;0;0
029025;Gaiba;11.99;20.784;31.71;99.983;15;51;1094;0;0;0;0;0
029026;Gavello;24.37;0;0;99.947;0;0;1605;0;0;0;0;0
029027;Giacciano con Baruchella;18.42;0;0;69.305;0;0;1540;0;0;0;0;0
029028;Guarda Veneta;17.205;11.822;11.822;99.959;19;19;1185;0;0;0;0;0
029029;Lendinara;55.055;2.305;5.493;99.693;31;59;12014;0;0;0;0;0
029030;Loreo;39.844;2.726;2.726;99.925;4;4;3568;0;0;0;0;0
029033;Occhiobello;32.326;10.728;10.728;99.975;147;147;11351;0;0;0;0;0
029037;Polesella;16.412;4.686;4.686;99.963;6;6;4079;0;0;0;0;0
029038;Pontecchio Polesine;11.531;0;0;99.965;0;0;2078;0;0;0;0;0
029031;Lusia;17.687;5.032;5.032;98.225;14;14;3570;0;0;0;0;0
029032;Melara;17.581;7.508;7.753;100.006;27;28;1870;0;0;0;0;0
029034;Papozze;21.487;22.688;22.688;99.939;39;39;1645;0;0;0;0;0
028067;Ponso;10.849;0;6.563;18.343;0;23;64;0;0;0;0;0
028068;Pontelongo;10.873;64.518;83.252;100.055;1017;2636;3901;0;0;0;0;0
029035;Pettorazza Grimani;21.454;2.717;2.717;99.939;206;206;1668;0;0;0;0;0
029036;Pincara;17.506;0;0;99.977;0;0;1262;0;0;0;0;0
029039;Porto Tolle;259.781;38.768;50.054;98.769;1762;3307;10058;0;0;0;0;0
029040;Rosolina;75.441;18.153;18.558;98.327;48;58;6479;0;0;0;0;0
029041;Rovigo;108.778;1.2;2.071;99.739;22;65;50136;0;0;0;0;0
029046;Taglio di Po;78.678;18.424;55.901;99.919;379;1173;8495;0;0;0;0;0
029047;Trecenta;35.078;4.062;6.95;99.989;11;18;2956;0;0;0;0;0
029042;Salara;14.156;4.952;5.023;99.986;4;5;1214;0;0;0;0;0
029043;San Bellino;15.826;1.062;2.376;99.975;1;2;1156;0;0;0;0;0
029044;San Martino di Venezze;31.046;3.553;3.553;99.948;7;7;4035;0;0;0;0;0
029052;Porto Viro;134.179;14.977;14.977;99.082;146;146;14645;0;0;0;0;0
029045;Stienta;24.022;7.997;10.057;99.983;16;24;3329;0;0;0;0;0
029048;Villadose;32.074;0;0;99.95;0;0;5188;0;0;0;0;0
030001;Aiello del Friuli;13.347;1.049;7.904;77.036;7;318;2217;0;0;0;0;0
029049;Villamarzana;14.151;0;0;99.972;0;0;1202;0;0;0;0;0
029050;Villanova del Ghebbo;11.751;0;0;99.762;0;0;2164;0;0;0;0;0
029051;Villanova Marchesana;18.05;8.355;8.355;99.945;8;8;1000;0;0;0;0;0
028069;Ponte San Nicolò;13.521;36.41;36.698;60.587;1241;1248;4289;0;0;0;0;0
028070;Pozzonovo;24.476;1.262;1.262;2.263;72;72;98;0;0;0;0;0
030002;Amaro;33.261;17.738;18.457;20.093;37;38;38;3.181;0.006;0;0;1
030003;Ampezzo;73.627;4.224;5.551;5.812;4;5;19;3.679;0.13;0;0;8
030004;Aquileia;37.439;17.399;35.172;88.784;449;790;3285;0;0;0;0;0
030005;Arta Terme;42.77;4.297;6.666;7.115;131;133;352;1.468;2.02;0.26;0;9
030008;Bagnaria Arsa;19.233;2.662;2.662;19.659;83;83;919;0;0;0;0;0
030009;Basiliano;43.028;1.185;8.527;8.659;126;1353;1370;0;0;0;0;0
030006;Artegna;11.221;14.312;15.979;33.687;21;22;32;0.223;0.018;0;0;35
030007;Attimis;33.237;2.07;2.392;3.499;131;253;435;0.719;0.069;0;0;7
030010;Bertiolo;26.052;11.347;35.256;35.368;131;154;155;0;0;0;0;0
030011;Bicinicco;16.008;2.099;2.099;8.027;37;37;580;0;0;0;0;0
030012;Bordano;14.904;15.519;16.116;16.492;105;129;145;11.554;0.107;0;0;56
030013;Buja;25.506;19.584;22.003;34.76;247;303;468;0;0.192;0.396;0.008;2
030018;Carlino;30.226;13.475;45.56;93.942;102;552;2677;0;0;0;0;0
030014;Buttrio;17.777;17.185;27.671;37.318;327;778;1099;0;0;0.051;0.096;0
041008;Cantiano;83.246;-1;1.383;1.383;-1;297;297;0.259;1.683;3.568;7.994;11
030015;Camino al Tagliamento;22.318;30.652;30.652;30.773;47;47;51;0;0;0;0;0
030016;Campoformido;21.932;3.119;5.672;8.526;244;1014;1023;0;0;0;0;0
030019;Cassacco;11.678;23.257;26.451;27.813;208;350;377;0;0;0.103;0.026;0
030020;Castions di Strada;32.833;11.689;54.616;56.291;34;2017;2020;0;0;0;0;0
030021;Cavazzo Carnico;39.435;13.625;13.901;16.594;114;114;157;9.045;0.079;0;0.003;28
030026;Cividale del Friuli;50.636;5.532;5.607;7.716;490;491;683;0.713;0.436;0.002;0;290
030022;Cercivento;15.782;5.291;5.291;8.187;24;24;91;2.87;0.006;0.006;0;7
030023;Cervignano del Friuli;29.167;9.206;9.86;38.797;983;985;3361;0;0;0;0;0
030024;Chiopris-Viscone;9.213;31.456;49.691;82.612;9;204;263;0;0;0;0;0
030025;Chiusaforte;100.198;0.483;2.154;3.034;15;25;363;9.507;1.6;0.089;0;95
030027;Codroipo;75.202;12.691;51.054;52.542;1045;11493;13146;0;0;0;0;0
030028;Colloredo di Monte Albano;21.751;5.784;5.807;16.087;18;18;50;0;0;0;0;0
030030;Corno di Rosazzo;12.621;11.116;11.219;14.325;113;113;218;0;0.729;0.103;0;1
030031;Coseano;23.698;4.616;33.45;33.589;115;972;975;0;0;0;0;0
030033;Dogna;70.368;0.277;1.998;2.281;5;11;109;5.495;0.379;0.163;0.006;21
030029;Comeglians;19.414;2.756;2.756;2.91;12;12;13;1.298;1.375;0.021;0.01;19
030032;Dignano;27.603;37.641;37.641;37.641;83;83;83;0;0;0;0;0
030034;Drenchia;12.008;3.473;3.473;3.498;21;21;24;11.701;0.7;0.167;0;15
030035;Enemonzo;23.76;12.685;12.845;15.109;8;8;46;1.355;4.47;1.662;0;323
030045;Grimacco;16.106;4.061;4.539;4.626;57;61;75;8.841;0.677;0.975;0;30
030036;Faedis;46.781;2.606;3.17;11.058;221;255;976;0.834;0.066;0.002;0;34
030037;Fagagna;37.186;1.818;1.821;9.928;12;12;45;0;0;0.035;0.005;0
030039;Flaibano;17.342;16.111;16.111;16.111;63;63;63;0;0;0;0;0
030040;Forni Avoltri;80.748;2.022;2.36;2.561;52;52;58;3.154;0.746;0.045;0.006;62
030041;Forni di Sopra;81.655;2.86;3.119;3.206;79;215;217;0.582;0.557;0.627;0;142
030042;Forni di Sotto;93.594;3.494;3.584;3.591;24;26;34;2.054;0.087;0.016;0;4
030043;Gemona del Friuli;56.057;5.364;7.501;9.105;203;206;312;4.29;0.564;0;0.004;12
030044;Gonars;19.817;0.959;0.959;17.667;31;31;1814;0;0;0;0;0
030046;Latisana;37.8;28.659;83.519;99.82;3967;10820;13647;0;0;0;0;0
030047;Lauco;34.758;2.713;2.716;2.817;9;9;9;1.565;0.127;0.023;0;13
030048;Lestizza;34.338;2.222;49.659;49.764;120;2610;2611;0;0;0;0;0
030088;Ravascletto;26.48;1.069;1.069;1.069;2;2;2;0.593;3.535;0;0;57
030095;Rive d'Arcano;22.566;9.412;25.135;27.001;144;784;810;0;0;0;0;0
030049;Lignano Sabbiadoro;15.713;23.535;28.715;97.486;273;470;6442;0;0;0;0;0
030051;Lusevera;53.047;1.866;3.252;3.363;53;54;61;8.979;0.632;0;0.577;6
030091;Remanzacco;30.987;13.206;14.129;41.976;56;58;1078;0;0;0;0;0
030092;Resia;119.312;1.939;1.981;2.148;7;7;21;1.489;0.122;0.003;0;11
030099;San Daniele del Friuli;34.779;18.281;19.362;21.835;37;37;88;0.003;0.003;0;0;0
030089;Raveo;12.597;7.835;17.226;19.108;26;27;146;16.091;0.079;0.016;0;2
030097;Ronchis;18.397;19.59;32.092;99.842;38;50;2054;0;0;0;0;0
030090;Reana del Rojale;20.332;22.295;22.374;38.86;502;502;1116;0;0;0;0;0
030093;Resiutta;20.361;0.805;6.139;10.103;16;17;234;13.501;4.41;0;0.029;33
030098;Ruda;19.463;14.777;21.841;91.615;8;731;2722;0;0;0;0;0
030094;Rigolato;30.77;1.514;1.527;1.573;0;1;3;1.859;1.628;0.042;0;28
030100;San Giorgio di Nogaro;25.937;7.337;7.507;52.882;384;388;2267;0;0;0;0;0
030101;San Giovanni al Natisone;24.06;19.173;20.873;45.578;134;164;1455;0;0;0;0;0
030102;San Leonardo;26.914;5.48;5.737;7.862;133;153;273;3.615;0.49;0.093;0;48
030103;San Pietro al Natisone;23.979;7.961;8.015;9.842;95;95;162;3.824;0.292;0.079;0.217;32
030104;Santa Maria la Longa;19.603;0.76;0.791;34.367;1;1;1934;0;0;0;0;0
030105;San Vito al Torre;11.922;11.869;37.771;99.363;1;207;1333;0;0;0;0;0
030106;San Vito di Fagagna;8.57;4.352;4.352;4.702;133;133;133;0;0;0;0;0
030107;Sauris;41.491;5.314;7.708;8.161;22;52;77;1.757;1.634;0.017;0.335;15
030108;Savogna;22.165;3.072;3.456;3.555;41;43;63;5.116;0.325;0;0;8
030110;Socchieve;66.115;5.047;5.273;5.696;43;62;96;1.198;2.508;0.002;0;16
030109;Sedegliano;50.422;15.152;25.296;25.326;183;736;736;0;0;0;0;0
030111;Stregna;19.691;4.114;4.134;4.134;3;3;3;1.153;0.239;0;0;11
031012;Monfalcone;20.657;14.959;16.793;31.597;1311;1437;1972;0;0;0;0;0
030112;Sutrio;20.746;4.57;4.68;4.801;14;14;14;0.077;0.14;0;0;1
030113;Taipana;65.441;0.86;0.863;0.877;8;8;17;1.47;0.063;0.008;0;1
030114;Talmassons;43.05;7.6;83.192;83.243;1;2711;2717;0;0;0;0;0
031013;Moraro;3.565;1.234;1.795;36.185;0;33;513;0;0;0;0;0
031017;Sagrado;13.939;12.368;13.33;15.525;555;759;1257;0;0;0;0;0
031014;Mossa;6.205;5.641;7.301;30.04;0;5;689;0;0;0;0;0
031015;Romans d'Isonzo;15.499;25.931;39.783;64.714;46;367;901;0;0;0;0;0
031016;Ronchi dei Legionari;17.108;1.572;1.572;4.051;388;388;676;0.041;0.035;0;0;0
031018;San Canzian d'Isonzo;33.897;54.654;62.044;80.349;188;252;1186;0;0;0;0;0
031019;San Floriano del Collio-Števerjan;10.631;18.606;20.299;22.792;24;28;33;0;3.198;0.461;0.019;16
031021;San Pier d'Isonzo;9.028;17.125;17.125;36.032;35;35;557;0;0;0;0;0
031024;Turriaco;5.175;22.841;22.841;30.802;4;4;59;0;0;0;0;0
031025;Villesse;12.053;78.827;92.359;98.158;942;1548;1648;0;0;0;0;0
031020;San Lorenzo Isontino;4.401;0.273;0.318;21.518;0;0;758;0;0;0;0;0
031022;Savogna d'Isonzo-Sovodnje ob Soči;16.976;17.89;19.569;22.332;212;285;440;0;0;0;0;0
031023;Staranzano;18.816;40.258;42.618;60.932;22;23;37;0;0;0;0;0
032001;Duino Aurisina-Devin Nabrežina;45.338;0.829;1.2;2.364;137;247;414;1.253;0.135;0.095;0;25
032003;Muggia;13.914;2.544;3.284;13.26;618;836;1659;0.022;0.654;0.057;0.022;68
032004;San Dorligo della Valle-Dolina;24.22;2.923;2.923;4.356;344;344;414;0.4;0.021;0;0;3
032002;Monrupino-Repentabor;12.61;0;0;0;0;0;0;0;0;0;0;0
033003;Besenzone;23.947;3.867;100.067;100.067;22;976;976;0;0;0;0;0
033005;Bobbio;106.522;2.788;3.388;3.749;53;75;216;4.886;22.323;0.059;0;591
033006;Borgonovo Val Tidone;51.217;7.921;9.507;10.43;312;405;417;0.531;2.245;1.455;0;26
032005;Sgonico-Zgonik;31.403;0;0;0;0;0;0;0;0;0;0;0
032006;Trieste;85.093;0.206;0.531;2.342;182;692;3196;0.266;0.35;0.027;0.054;550
033001;Agazzano;36.145;6.402;6.402;6.734;18;18;19;1.367;5.436;0.094;0;146
033002;Alseno;55.269;7.053;37.719;38.928;473;1227;1254;0.389;0.302;0;0;9
033004;Bettola;122.371;2.561;2.766;3.02;185;188;307;3.632;39.921;0.087;0;819
033011;Carpaneto Piacentino;63.076;9.493;11.678;13.625;147;212;248;0.147;0.647;0;0;12
033012;Castell'Arquato;52.748;5.081;8.171;10.802;195;360;926;0.099;1.01;0.26;0;10
033013;Castel San Giovanni;44.04;11.671;47.241;47.323;2008;7597;7687;0;0;0;0;0
033015;Cerignale;30.818;3.18;3.18;3.443;0;0;2;0.234;25.443;0.165;0;93
033016;Coli;71.69;1.25;1.356;1.445;47;70;148;1.529;29.576;0.05;0;295
033014;Castelvetro Piacentino;35.052;26.053;99.963;100.066;243;5581;5584;0;0;0;0;0
033017;Corte Brugnatella;46.309;3.718;3.718;3.898;77;77;110;3.414;23.617;0.555;0;93
033018;Cortemaggiore;36.472;14.044;100.066;100.066;258;4456;4456;0;0;0;0;0
033019;Farini;112.355;1.57;1.57;2.01;37;37;83;8.789;44.556;0;0;424
033020;Ferriere;178.495;1.496;1.496;1.715;50;50;135;5.248;24.821;0.02;0;441
033021;Fiorenzuola d'Arda;59.769;2.66;58.678;61.488;1759;4209;6700;0;0;0;0;0
033022;Gazzola;44.477;8.607;9.333;11.698;178;184;195;3.098;4.683;0;0;54
033024;Gragnano Trebbiense;34.603;12.317;16.331;22.406;69;98;194;0;0;0;0;0
033025;Gropparello;56.33;2.808;2.808;4.33;81;81;315;5.668;17.676;0.257;0;224
033026;Lugagnano Val d'Arda;54.398;5.368;6.026;7.447;129;129;419;11.668;9.237;0.055;0;249
033027;Monticelli d'Ongina;46.33;35.072;99.849;100.067;198;5381;5428;0;0;0;0;0
033023;Gossolengo;31.099;10.241;12.817;21.483;59;63;94;0;0;0;0;0
033028;Morfasso;83.934;1.129;1.129;1.129;14;14;14;13.648;26.309;0;0;450
033030;Ottone;98.949;1.487;1.487;1.693;40;40;165;0.679;20.872;0.031;0;162
033032;Piacenza;118.228;16.177;63.356;64.839;418;90518;90559;0;0;0;0;0
033033;Pianello Val Tidone;36.276;5.18;5.18;7.716;207;207;1349;24.065;15.341;0.265;0;172
033034;Piozzano;43.607;1.915;1.915;2.224;27;27;90;10.9;15.053;0.142;0;66
033035;Podenzano;44.335;2.632;3.706;17.072;48;53;180;0;0;0;0;0
033036;Ponte dell'Olio;43.915;5.529;6.226;9.757;42;72;460;3.964;8.129;2.304;0;193
033037;Pontenure;33.848;4.272;49.12;55.882;21;1613;1716;0;0;0;0;0
033038;Rivergaro;43.829;4.812;6.674;7.103;152;166;274;0.623;7.08;2.774;0;549
033039;Rottofreno;35.174;17.698;61.545;63.413;68;2201;3747;0;0;0;0;0
033040;San Giorgio Piacentino;49.194;5.966;8.725;17.065;59;94;1199;0.012;0;0;0;0
033041;San Pietro in Cerro;27.346;3.507;100.066;100.066;16;926;926;0;0;0;0;0
033042;Sarmato;27.259;29.003;66.661;66.672;40;2503;2503;0;0;0;0;0
033043;Travo;81.012;4.919;5.568;5.92;53;72;129;8.46;18.413;0.146;0;641
033044;Vernasca;72.566;4.069;4.109;5.673;33;33;98;7.91;11.053;0.107;0;195
033045;Vigolzone;42.037;7.217;8.811;13.6;46;65;190;1.156;11.043;0.264;0;99
033047;Zerba;24.127;2.686;2.686;2.74;0;0;0;0.97;14.117;0.124;0;12
033048;Ziano Piacentino;32.776;1.251;1.251;1.318;0;0;0;3.838;23.316;0.018;0;177
033049;Alta Val Tidone;100.864;2.979;2.99;4.242;177;192;972;13.898;24.912;0.383;0;632
034001;Albareto;104.103;4.042;4.544;5.741;186;248;370;3.982;11.326;4.566;0.001;344
033046;Villanova sull'Arda;36.565;20.462;100.03;100.063;70;1935;1936;0;0;0;0;0
033007;Cadeo;38.479;4.465;67.892;76.998;242;3735;4684;0;0;0;0;0
034002;Bardi;189.894;1.822;2.22;2.504;27;31;93;7.812;25.991;4.832;0;775
034003;Bedonia;169.556;1.645;1.841;2.409;164;238;758;2.173;14.571;6.482;0;388
034004;Berceto;131.704;1.774;2.134;2.477;86;95;201;8.33;26.607;5.247;0;1104
034005;Bore;43.004;1.223;1.258;1.432;1;1;1;15.206;19.108;12.027;0;283
034006;Borgo Val di Taro;151.488;2.068;2.662;3.146;1286;1382;3098;7.434;17.095;10.399;0;1610
034007;Busseto;76.591;40.024;100.063;100.063;1298;7043;7043;0;0;0;0;0
034008;Calestano;57.354;3.196;3.576;4.847;81;194;882;3.923;22.626;3.018;0;235
034009;Collecchio;58.831;10.138;14.317;23.97;120;212;642;0.653;0.08;0.107;0;13
034010;Colorno;48.406;33.812;100.052;100.052;1378;8920;8920;0;0;0;0;0
034011;Compiano;37.532;1.524;2.171;3.384;9;18;196;3.605;18.307;3.163;0;87
034012;Corniglio;165.698;1.918;2.061;2.2;16;20;31;7.951;19.403;8.301;0.002;612
034013;Felino;38.346;4.04;4.582;10.103;151;267;706;5.617;9.015;0.524;0;146
034014;Fidenza;95.117;14.211;51.831;55.466;2925;6537;9938;0.48;1.138;0.433;0;46
034015;Fontanellato;53.975;22.194;100;100.011;1249;6953;6954;0;0;0;0;0
034017;Fornovo di Taro;57.522;8.685;11.225;12.122;406;956;1235;13.051;8.857;0.73;0;725
034016;Fontevivo;26.005;12.082;99.512;100.035;403;5417;5427;0;0;0;0;0
034018;Langhirano;70.842;3.528;5.268;8.59;75;310;3919;9.174;19.243;1.196;0;726
034019;Lesignano de' Bagni;47.485;7.51;10.374;13.408;101;368;627;12.852;12.579;0.465;0;303
034020;Medesano;88.768;7.959;8.805;18.945;113;178;3306;7.139;5.717;0.483;0;290
034022;Monchio delle Corti;69.042;0.456;0.463;0.595;3;3;7;4.092;13.031;5.852;0;186
034023;Montechiarugolo;48.202;8.805;13.18;27.2;107;249;2637;0;0;0;0;0
034024;Neviano degli Arduini;105.956;2.328;2.795;3.208;43;47;64;14.189;13.188;0.637;0;660
034025;Noceto;79.173;19.257;20.664;25.329;7808;7920;8318;0.446;1.187;0.112;0;34
034026;Palanzano;69.801;1.884;2.132;2.683;9;9;39;3.974;25.193;7.415;0;452
034027;Parma;260.598;13.882;55.409;71.01;2457;73070;129090;0;0;0;0;0
034028;Pellegrino Parmense;82.079;0.807;0.847;1.846;15;15;191;11.148;13.893;5.48;0;185
034030;Roccabianca;40.459;29.674;98.455;100.057;161;2906;3069;0;0;0;0;0
034031;Sala Baganza;30.755;5.368;6.041;12.291;30;74;887;8.256;7.036;0.01;0;82
034032;Salsomaggiore Terme;81.499;3.2;5.425;10.383;526;616;7821;6.09;10.004;1.032;0;839
034033;San Secondo Parmense;37.709;39.134;99.984;100.058;1048;5517;5519;0;0;0;0;0
034035;Solignano;73.135;5.138;6.072;6.958;57;142;218;19.647;15.536;2.398;0;382
034036;Soragna;45.386;27.61;100.029;100.062;745;4872;4872;0;0;0;0;0
034038;Terenzo;72.696;2.007;2.238;2.462;17;18;20;12.961;21.082;1.988;0;359
034039;Tizzano Val Parma;78.386;2.102;2.344;2.754;11;20;69;14.111;28.241;7.241;0;696
034040;Tornolo;67.478;1.577;1.897;2.149;31;31;33;2.383;8.71;2.973;0.062;167
034041;Torrile;37.147;29.521;100.038;100.051;1403;7455;7458;0;0;0;0;0
034042;Traversetolo;54.86;11.291;13.254;20.437;351;414;1185;7.49;2.475;0.611;0;112
034044;Valmozzola;67.641;1.767;1.92;1.972;7;7;7;14.073;21.542;3.356;0;113
034045;Varano de' Melegari;64.921;8.692;10.316;11.095;114;173;308;16.019;8.356;1.97;0;233
034046;Varsi;80.064;2.244;2.454;2.527;14;15;15;15.811;29.267;4.032;0;801
034049;Sissa Trecasali;72.714;35.829;100.028;100.055;785;7991;7991;0;0;0;0;0
034051;Sorbolo Mezzani;66.971;50.192;100.027;100.049;1497;12981;12984;0;0;0;0;0
034050;Polesine Zibello;48.504;56.096;100.06;100.06;652;3348;3348;0;0;0;0;0
035001;Albinea;43.889;3.053;44.793;44.886;69;6691;6693;4.694;5.27;0;0;107
035002;Bagnolo in Piano;26.939;10.598;100.037;100.037;187;9386;9386;0;0;0;0;0
035003;Baiso;75.553;2.254;2.634;3.333;41;46;107;22.288;11.527;0.353;0;876
035004;Bibbiano;28.162;0.036;100.046;100.046;0;9965;9965;0;0;0;0;0
035008;Cadelbosco di Sopra;43.596;18.582;100.039;100.039;459;10409;10409;0;0;0;0;0
035005;Boretto;18.094;26.716;99.403;100.044;255;5145;5263;0;0;0;0;0
035006;Brescello;24.038;23.076;99.659;100.046;108;5437;5546;0;0;0;0;0
035009;Campagnola Emilia;24.393;12.61;99.975;100.033;114;5493;5493;0;0;0;0;0
035010;Campegine;22.623;22.062;100.044;100.044;391;5114;5114;0;0;0;0;0
035011;Carpineti;89.567;1.137;1.381;1.825;14;17;48;10.022;9.521;0.023;0;456
035012;Casalgrande;37.707;6.59;84.372;84.517;236;17904;17978;1.713;0.761;0;0;138
035013;Casina;63.804;0.359;1.014;1.022;42;103;104;10.495;4.569;0.025;0;232
035014;Castellarano;58.058;3.4;3.932;4.886;48;51;69;11.792;4.115;0.381;0;808
035015;Castelnovo di Sotto;35.014;12.349;100.043;100.043;277;8594;8594;0;0;0;0;0
035016;Castelnovo ne' Monti;96.68;1.228;1.902;1.987;26;55;83;15.419;12.456;0.839;0;843
035018;Canossa;53.082;3.08;4.301;5.224;133;147;226;16.196;9.395;0.011;0;348
035020;Correggio;77.51;2.42;100.031;100.031;342;24825;24825;0;0;0;0;0
035022;Gattatico;42.145;4.98;100.045;100.045;114;5899;5899;0;0;0;0;0
035024;Guastalla;52.921;20.19;40.759;100.036;159;1292;14786;0;0;0;0;0
035017;Cavriago;16.994;0;100.047;100.047;0;9698;9698;0;0;0;0;0
035021;Fabbrico;23.633;25.507;99.53;100.03;128;6692;6696;0;0;0;0;0
041009;Carpegna;28.939;-1;0;0;-1;0;0;3.183;3.072;9.955;12.405;6
035023;Gualtieri;35.644;28.325;99.921;100.039;100;6616;6639;0;0;0;0;0
035026;Luzzara;38.52;19.561;19.951;100.047;55;59;9169;0;0;0;0;0
035028;Novellara;58.106;13.205;100.036;100.036;157;13455;13455;0;0;0;0;0
035029;Poviglio;43.551;10.209;100.044;100.044;186;7045;7045;0;0;0;0;0
035030;Quattro Castella;46.306;1.751;52.507;53.17;158;10259;10375;1.522;3.559;0.188;0;57
035032;Reggiolo;42.663;1.899;13.194;100.028;4;26;9217;0;0;0;0;0
035027;Montecchio Emilia;24.387;5.815;100.045;100.045;84;10201;10201;0;0;0;0;0
035033;Reggio nell'Emilia;230.68;5.786;100.039;100.039;2837;162082;162082;0;0;0;0;0
035036;Rubiera;25.194;10.685;100.032;100.032;417;14421;14421;0;0;0;0;0
035038;San Polo d'Enza;32.293;5.942;39.56;39.705;33;4249;4250;2.951;3.496;0;0;36
035039;Sant'Ilario d'Enza;20.233;3.306;100.049;100.049;28;10939;10939;0;0;0;0;0
035040;Scandiano;50.048;3.105;64.234;64.92;529;20595;20670;7.535;4.284;0;0;307
035034;Rio Saliceto;22.562;16.647;100.031;100.031;91;6092;6092;0;0;0;0;0
035035;Rolo;14.17;16.549;88.151;100.028;39;4005;4038;0;0;0;0;0
035037;San Martino in Rio;22.717;0.326;100.035;100.035;4;7773;7773;0;0;0;0;0
035041;Toano;67.254;2.758;3.491;4.357;80;106;115;7.953;38.685;0.039;0;1718
033008;Calendasco;36.936;37.66;99.702;100.073;373;2425;2448;0;0;0;0;0
035042;Vetto;53.373;4.379;5.259;5.743;2;36;48;11.125;6.254;0.009;0;177
035043;Vezzano sul Crostolo;37.818;2.24;3.115;5.169;486;633;1169;13.531;9.726;0.264;0;495
035044;Viano;44.971;0.256;1.025;3.762;6;70;798;14.629;11.307;0;0;515
035045;Villa Minozzo;168.078;1.658;2.294;2.465;17;21;37;11.366;21.724;0.306;0.015;994
035046;Ventasso;258.173;1.495;1.791;1.806;8;12;12;8.495;23.124;0.393;0.023;2258
036001;Bastiglia;10.466;4.424;18.852;100.019;44;515;3985;0;0;0;0;0
033010;Caorso;40.981;25.087;99.395;100.068;278;4822;4830;0;0;0;0;0
036007;Castelnuovo Rangone;22.44;1.332;34.389;37.741;17;8048;8224;0;0;0;0;0
036008;Castelvetro di Modena;49.783;1.185;1.404;6.896;200;325;2693;1.163;1.284;0;0;39
036009;Cavezzo;26.772;12.584;100.019;100.019;191;7196;7196;0;0;0;0;0
036010;Concordia sulla Secchia;40.945;9.261;99.866;100.017;444;8965;8968;0;0;0;0;0
036002;Bomporto;38.874;6.928;83.742;100.015;885;8501;9761;0;0;0;0;0
036003;Campogalliano;35.689;13.648;100.025;100.028;157;8514;8514;0;0;0;0;0
036004;Camposanto;22.707;33.325;93.628;100.009;545;2909;3171;0;0;0;0;0
036005;Carpi;131.538;9.701;100.027;100.027;2851;67268;67268;0;0;0;0;0
036006;Castelfranco Emilia;102.56;7.994;99.702;99.945;4278;31577;31647;0;0;0;0;0
036012;Finale Emilia;105.125;18.263;91.907;100.002;1055;15403;15713;0;0;0;0;0
036013;Fiorano Modenese;26.232;0.202;39.166;40.504;2;11306;11323;2.684;0.339;0.229;0;24
036014;Fiumalbo;39.135;0.542;0.82;1.265;26;30;107;1.487;27.259;4.186;0.02;488
036015;Formigine;46.758;0.994;20.568;21.938;13;11186;11221;0;0;0;0;0
036016;Frassinoro;95.457;0.439;0.849;0.91;1;2;2;5.138;35.092;1.393;0.035;530
036017;Guiglia;48.296;1.623;2.638;2.638;14;23;23;9.932;9.881;0.331;1.342;148
036018;Lama Mocogno;63.907;0.596;0.712;0.712;5;6;6;3.43;32.554;4.552;0;1261
036019;Maranello;32.581;1.823;2.744;7.928;74;105;1007;2.063;2.173;0.089;0;36
036020;Marano sul Panaro;45.419;3.17;3.897;7.098;72;88;1815;8.323;7.131;0.619;0;165
036021;Medolla;26.996;8.916;100.015;100.015;1177;6322;6322;0;0;0;0;0
036022;Mirandola;137.047;17.441;99.949;100.01;416;23949;23960;0;0;0;0;0
036023;Modena;183.173;5.076;23.341;63.816;589;9046;114039;0;0;0;0;0
036024;Montecreto;31.221;1.278;1.858;1.858;7;11;11;6.464;38.452;3.001;0;232
036025;Montefiorino;45.277;2.392;3.158;3.158;18;24;24;3.037;35.711;5.086;0;467
036026;Montese;81.005;1.378;1.915;1.917;11;15;15;8.427;22.339;4.591;0;375
036027;Nonantola;55.32;14.628;99.962;100.014;787;15178;15179;0;0;0;0;0
036028;Novi di Modena;51.81;6.516;100.017;100.019;219;10972;10972;0;0;0;0;0
036029;Palagano;60.411;1.617;2.519;2.519;10;15;15;8.114;34.706;3.64;0;461
036030;Pavullo nel Frignano;143.73;1.126;1.739;1.742;104;114;115;9.764;8.931;1.787;0;781
036031;Pievepelago;76.534;0.619;1.394;1.459;24;183;183;3.001;19.18;9.532;0.084;569
036032;Polinago;53.739;1.172;1.517;1.517;15;28;28;8.915;21.798;2.812;0;449
036033;Prignano sulla Secchia;79.665;3.231;4.224;5.095;57;78;136;12.462;18.107;2.056;0;750
036035;Riolunato;44.913;0.539;0.677;0.677;1;1;1;1.191;22.599;12.395;0;285
036036;San Cesario sul Panaro;27.31;16.324;70.062;76.001;335;4571;5524;0;0;0;0;0
036037;San Felice sul Panaro;51.664;17.575;100.008;100.008;2037;11026;11026;0;0;0;0;0
036034;Ravarino;28.53;24.711;99.86;100.014;2938;6164;6165;0;0;0;0;0
036038;San Possidonio;17.058;8.665;100.023;100.023;35;3621;3621;0;0;0;0;0
036039;San Prospero;34.557;8.496;100.017;100.017;597;5841;5841;0;0;0;0;0
036040;Sassuolo;38.403;6.031;50.684;51.915;85;36878;36892;4.359;2.942;0.036;0;98
036041;Savignano sul Panaro;25.578;8.57;43.201;57.616;151;5441;8111;3.296;2.862;0.626;0;67
036042;Serramazzoni;93.96;0.557;0.934;0.996;11;18;28;7.034;13.427;0.377;0;979
036043;Sestola;52.471;1.102;1.696;1.696;13;31;31;6.748;32.229;3.6;0;755
036044;Soliera;50.928;11.609;100.022;100.022;303;15061;15061;0;0;0;0;0
036045;Spilamberto;29.792;3.592;43.384;47.711;178;9479;9548;0;0;0;0;0
036046;Vignola;22.861;4.987;39.701;43.345;146;19186;19357;0.096;0;0;0;1
036047;Zocca;69.365;1.009;2.079;2.079;13;28;28;10.647;26.75;4.43;5.163;798
037001;Anzola dell'Emilia;36.587;48.167;100.03;100.03;8402;11851;11851;0;0;0;0;0
037002;Argelato;35.103;24.873;99.997;99.997;941;9656;9656;0;0;0;0;0
037003;Baricella;45.484;26.625;99.978;99.978;696;6763;6763;0;0;0;0;0
037005;Bentivoglio;51.105;18.679;99.99;99.99;520;5358;5358;0;0;0;0;0
037006;Bologna;140.856;5.861;57.704;62.822;3956;159903;187959;0.087;6.64;0.004;0.032;445
036011;Fanano;89.906;0.76;1.255;1.333;12;22;34;1.817;22.306;11.473;0.044;921
037017;Castello d'Argile;29.071;32.727;99.997;99.997;749;6458;6458;0;0;0;0;0
037007;Borgo Tossignano;29.273;5.992;13.818;13.818;91;772;772;1.151;19.144;2.323;1.592;346
037008;Budrio;120.184;20.474;99.98;99.98;2773;18008;18008;0;0;0;0;0
037009;Calderara di Reno;40.752;94.204;100;100;11504;13148;13148;0;0;0;0;0
037010;Camugnano;96.598;2.086;3.602;3.602;26;75;75;4.812;40.679;1.656;14.891;365
037011;Casalecchio di Reno;17.333;5.729;31.224;33.485;921;12600;15881;0;1.188;0;0;7
037012;Casalfiumanese;82.029;3.918;11.279;11.279;156;728;728;0.299;30.798;0.48;0.87;213
037013;Castel d'Aiano;45.26;0.082;0.223;0.223;1;2;2;1.228;13.624;0;1.456;324
037014;Castel del Rio;52.592;2.632;6.047;6.047;44;117;117;0.81;8.882;0.599;1.042;23
037015;Castel di Casio;47.326;3.307;5.572;5.572;53;220;220;1.809;38.161;3.784;17.257;331
037016;Castel Guelfo di Bologna;28.609;17.418;99.969;99.969;223;4277;4277;0;0;0;0;0
037024;Crevalcore;102.753;4.08;99.936;100.006;1073;13443;13527;0;0;0;0;0
037025;Dozza;24.232;6.628;54.927;54.927;208;2271;2271;0;0;0;0;0
037026;Fontanelice;36.557;3.748;8.923;8.923;35;113;113;0.438;7.216;0.703;0.728;118
037027;Gaggio Montano;58.67;0.973;2.142;2.142;192;589;589;3.983;25.311;2.059;4.319;1208
037028;Galliera;37.154;99.435;99.989;99.989;5453;5462;5462;0;0;0;0;0
037030;Granarolo dell'Emilia;34.369;8.351;99.988;99.988;339;10766;10766;0;0;0;0;0
037031;Grizzana Morandi;77.402;3.017;4.647;4.647;224;572;572;3.869;37.17;1.022;8.054;747
037032;Imola;205.02;10.261;69.209;69.209;2282;41627;41627;0;1.632;0;0;28
037033;Lizzano in Belvedere;85.447;0.26;0.541;0.541;6;18;18;4.561;24.117;1.306;2.316;791
037034;Loiano;52.406;0.91;2.565;2.565;7;104;104;4.112;20.772;2.336;8.003;274
037035;Malalbergo;53.816;66.906;99.983;99.983;3350;8771;8771;0;0;0;0;0
037036;Marzabotto;74.526;5.264;10.65;10.65;601;4009;4009;0.522;8.809;0.086;1.759;76
037037;Medicina;159.106;10.872;99.969;99.969;3398;16526;16526;0;0;0;0;0
037038;Minerbio;43.067;14.974;99.981;99.981;951;8674;8674;0;0;0;0;0
037039;Molinella;127.84;15.562;99.969;99.969;1953;15651;15651;0;0;0;0;0
037040;Monghidoro;48.281;0.387;1.102;1.102;3;9;9;2.556;25.501;5.746;16.949;203
037041;Monterenzio;105.255;2.131;5.738;5.738;293;1791;1791;2.559;37.401;2.731;3.917;354
037042;Monte San Pietro;74.685;1.255;4.507;4.507;767;3212;3212;2.178;26.826;0.791;2.683;789
037044;Monzuno;65.008;2.964;5.824;5.824;235;1183;1183;1.428;20.484;1.569;8.822;381
037046;Ozzano dell'Emilia;64.947;5.922;44.943;44.943;260;4393;4393;0.61;18.765;0.071;0;407
037045;Mordano;21.452;1.636;99.953;99.953;236;4644;4644;0;0;0;0;0
037047;Pianoro;107.129;1.732;7.825;7.825;596;3921;3921;0.324;17.607;0.369;1.026;629
037048;Pieve di Cento;15.937;84.332;99.994;99.994;3249;6895;6895;0;0;0;0;0
037050;Sala Bolognese;45.637;97.69;100;100;8230;8245;8245;0;0;0;0;0
037051;San Benedetto Val di Sambro;66.468;1.13;2.618;2.618;21;48;48;2.231;25.217;1.813;5.266;519
037052;San Giorgio di Piano;30.433;4.38;99.99;99.99;219;8201;8201;0;0;0;0;0
037053;San Giovanni in Persiceto;114.411;37.87;100.004;100.004;8632;26992;26992;0;0;0;0;0
037054;San Lazzaro di Savena;44.724;5.199;42.883;42.883;530;10525;10525;0.297;5.266;0;0.481;426
037055;San Pietro in Casale;65.856;76.224;99.991;99.991;10267;11736;11736;0;0;0;0;0
037056;Sant'Agata Bolognese;34.792;1.633;100.009;100.009;361;7140;7140;0;0;0;0;0
037057;Sasso Marconi;96.449;3.27;8.927;8.927;218;1421;1421;0.647;10.492;0.056;0.476;371
037059;Vergato;59.94;2.594;5.657;5.657;1001;3561;3561;2.274;25.951;1.198;6.989;1177
037060;Zola Predosa;37.747;15.297;55.893;55.893;2818;9355;9355;0.098;1.036;0;0.056;39
037061;Valsamoggia;178.114;2.772;31.935;31.935;1543;14811;14811;0.908;21.934;0.447;2.194;972
037062;Alto Reno Terme;73.623;1.453;3.195;3.195;548;1632;1632;1.593;10.127;0.451;3.36;732
038001;Argenta;311.544;11.883;99.989;99.989;682;22133;22133;0;0;0;0;0
038003;Bondeno;174.753;53.894;99.938;99.994;3347;15102;15116;0;0;0;0;0
038004;Cento;64.742;18.487;99.981;99.997;12651;34720;34723;0;0;0;0;0
038005;Codigoro;169.275;2.583;99.907;99.913;8;12389;12389;0;0;0;0;0
038006;Comacchio;283.743;3.092;99.881;99.884;1267;22632;22633;0;0;0;0;0
038007;Copparo;157.004;25.317;99.955;99.955;1326;17017;17017;0;0;0;0;0
038008;Ferrara;405.522;44.631;99.878;99.878;43199;132545;132545;0;0;0;0;0
038010;Jolanda di Savoia;108.338;14.474;99.944;99.944;225;3003;3003;0;0;0;0;0
038014;Mesola;84.298;6.083;99.922;99.922;346;7140;7140;0;0;0;0;0
038017;Ostellato;173.341;7.912;99.943;99.943;180;6453;6453;0;0;0;0;0
038018;Poggio Renatico;79.72;100.626;100.626;100.626;9674;9674;9674;0;0;0;0;0
038011;Lagosanto;34.437;4.861;99.927;99.927;23;4952;4952;0;0;0;0;0
038012;Masi Torello;22.707;13.419;99.96;99.96;114;2368;2368;0;0;0;0;0
038019;Portomaggiore;126.643;8.239;99.956;99.956;582;12185;12185;0;0;0;0;0
038022;Vigarano Mainarda;42.121;99.741;99.741;99.741;7431;7431;7431;0;0;0;0;0
038023;Voghiera;40.064;1.924;100.622;100.622;23;3847;3847;0;0;0;0;0
038025;Goro;26.851;15.441;95.147;95.158;717;3895;3895;0;0;0;0;0
038027;Fiscaglia;116.182;5.791;99.94;99.94;189;9519;9519;0;0;0;0;0
038028;Terre del Reno;51.444;68.706;99.195;99.195;8678;10571;10571;0;0;0;0;0
038029;Riva del Po;111.822;27.899;99.948;99.949;285;8508;8508;0;0;0;0;0
038030;Tresignana;43.059;2.339;99.951;99.951;16;7364;7364;0;0;0;0;0
039001;Alfonsine;106.79;47.157;99.94;99.94;4444;12245;12245;0;0;0;0;0
039002;Bagnacavallo;79.579;23.572;99.94;99.94;2200;16715;16715;0;0;0;0;0
039003;Bagnara di Romagna;9.958;3.645;99.95;99.95;25;2348;2348;0;0;0;0;0
039004;Brisighella;194.319;3.285;5.637;5.637;387;615;615;14.129;24.818;2.821;1.188;1137
039005;Casola Valsenio;84.414;2.822;5.294;5.294;141;371;371;0.09;34.172;0.044;0;785
039006;Castel Bolognese;32.374;12.711;85.705;85.717;1662;9355;9355;0;0.176;0;0;2
039007;Cervia;82.34;33.065;99.82;99.82;3489;28894;28894;0;0;0;0;0
039008;Conselice;60.247;47.619;99.876;99.876;1888;9837;9837;0;0;0;0;0
039009;Cotignola;35.139;11.224;99.949;99.949;1709;7384;7384;0;0;0;0;0
039010;Faenza;215.757;10.25;69.85;69.85;2157;23614;23614;0.342;0.41;0.876;0.656;47
039011;Fusignano;24.55;15.332;99.939;99.939;1564;8259;8259;0;0;0;0;0
039012;Lugo;117.012;20.451;99.985;99.985;6042;32062;32062;0;0;0;0;0
039013;Massa Lombarda;37.214;24.131;100.048;100.048;1985;10449;10449;0;0;0;0;0
039014;Ravenna;653.675;30.099;99.829;99.843;18002;153724;153725;0;0;0;0;0
039015;Riolo Terme;44.258;8.95;13.661;13.661;425;733;733;0.319;33.004;0.061;0.221;460
039016;Russi;46.259;15.037;99.935;99.935;1363;12083;12083;0;0;0;0;0
039018;Solarolo;26.038;16.825;99.954;99.954;1640;4489;4489;0;0;0;0;0
040001;Bagno di Romagna;233.499;0.695;0.962;0.962;329;739;739;32.568;16.29;5.963;3.726;2598
040003;Bertinoro;57.253;11.047;38.677;38.677;1746;5585;5585;7.678;14.881;3.907;3.359;1152
040004;Borghi;30.233;3.069;3.83;4.095;26;96;99;11.448;14.53;0.251;0;237
039017;Sant'Agata sul Santerno;9.399;5.618;99.649;99.649;126;2822;2822;0;0;0;0;0
040005;Castrocaro Terme e Terra del Sole;38.95;4.095;7.574;7.574;172;486;486;13.574;16.267;4.624;6.583;184
040007;Cesena;249.461;14.341;54.123;54.123;15032;57054;57054;7.149;8.394;5.154;1.878;1317
040008;Cesenatico;45.247;46.405;99.697;99.697;9646;25410;25410;0;0;0;0;0
040009;Civitella di Romagna;117.929;1.729;2.294;2.294;140;307;307;14.67;33.61;5.79;4.023;731
040011;Dovadola;38.97;2.433;4.562;4.562;143;405;405;9.692;10.847;6.815;2.009;50
040012;Forlì;228.197;12.929;74.415;74.415;2337;104373;104373;0.436;0.899;0.302;0.059;55
040013;Forlimpopoli;24.459;27.728;95.454;95.454;2400;12911;12911;0;0;0;0;0
040014;Galeata;63.129;1.746;2.178;2.178;31;67;67;6.408;4.74;1.179;1.901;25
040018;Longiano;23.576;7.257;20.495;20.495;475;2599;2599;0.802;0.369;2.163;0;69
040019;Meldola;79.078;3.994;5.737;5.737;366;740;740;21.886;31.249;7.859;2.608;1017
040015;Gambettola;7.771;20.589;99.871;99.871;1486;10227;10227;0;0;0;0;0
040016;Gatteo;14.126;37.838;99.766;99.766;3769;8905;8905;0;0;0;0;0
040020;Mercato Saraceno;99.33;2.938;4.153;4.153;375;719;719;24.593;25.873;8.479;3.309;1661
040022;Modigliana;101.163;2.36;2.506;2.506;441;672;672;14.545;15.402;3.35;3.921;311
040028;Montiano;9.257;2.193;3.716;3.716;10;40;40;9.387;9.582;9.949;5.715;164
040031;Portico e San Benedetto;61.051;1.079;1.78;1.78;20;50;50;15.636;9.282;6.576;2.467;209
037019;Castel Maggiore;30.901;9.53;99.994;99.994;452;17507;17507;0;0;0;0;0
040032;Predappio;91.388;2.647;3.59;3.59;602;1080;1080;16.145;25.254;9.269;3.685;668
040033;Premilcuore;98.557;0.931;0.97;0.97;79;79;79;13.25;10.009;3.422;2.052;130
040036;Rocca San Casciano;50.558;1.938;3.507;3.507;130;386;386;23.86;15.57;4.63;2.716;198
040037;Roncofreddo;51.526;1.069;1.5;1.5;11;18;18;22.79;26.819;6.356;6.674;1597
040041;San Mauro Pascoli;17.327;44.335;95.614;98.309;1448;10882;10930;0;0;0;0;0
040043;Santa Sofia;148.863;0.598;0.658;0.658;261;315;315;20.744;11.322;6.071;3.061;972
040044;Sarsina;100.718;1.653;1.859;1.859;16;19;19;21.277;24.847;6.514;5.252;1576
040045;Savignano sul Rubicone;23.277;23.985;58.092;58.092;1940;5662;5662;0;0.082;0;0;31
040046;Sogliano al Rubicone;93.429;1.295;1.57;1.67;69;107;119;38.761;17.075;3.061;2.482;1473
040049;Tredozio;62.199;0.802;0.871;0.871;115;184;184;15.002;18.659;4.251;2.105;137
040050;Verghereto;117.882;0.32;0.324;0.324;10;10;10;32.486;19.548;8.833;4.379;799
037020;Castel San Pietro Terme;148.415;4.15;43.105;43.105;527;7338;7338;0.451;16.244;0;0.377;225
041001;Acqualagna;50.685;-1;2.206;2.206;-1;348;348;0.059;16.634;11.147;2.975;126
041002;Apecchio;103.109;-1;1.663;1.663;-1;483;483;0;0.944;7.405;1.843;6
041005;Belforte all'Isauro;12.29;-1;1.538;1.538;-1;97;97;0.146;5.126;12.954;4.825;7
041006;Borgo Pace;56.222;-1;1.254;1.254;-1;103;103;0;0.059;1.779;1.793;7
041007;Cagli;226.458;-1;2.112;2.112;-1;782;782;0.001;1.498;2.046;4.865;147
041010;Cartoceto;23.203;-1;1.737;1.737;-1;27;27;0.034;2.819;0.065;2.383;41
041013;Fano;120.308;-1;8.127;15.536;-1;2905;8493;0;2.227;1.977;5.756;44
041014;Fermignano;43.702;-1;3.977;3.977;-1;284;284;0.307;6.004;6.183;0.6;53
041015;Fossombrone;106.877;-1;3.119;3.119;-1;516;516;0.006;3.381;3.799;1.931;65
041016;Fratte Rosa;15.63;-1;0.595;0.595;-1;1;1;0;17.051;11.388;5.598;41
041017;Frontino;10.367;-1;0.222;0.222;-1;12;12;0;12.511;11.411;1.958;14
041018;Frontone;36.074;-1;0.114;0.114;-1;1;1;0;0.59;0.751;1.453;3
041019;Gabicce Mare;4.967;10.046;15.945;22.891;443;799;1758;5.677;1.53;0;0;12
041020;Gradara;17.526;0.029;0.04;0.137;0;1;10;8.131;1.729;0;0;103
041021;Isola del Piano;23.302;-1;0;0;-1;0;0;0;3;4.317;6.347;6
041022;Lunano;15.014;-1;5.548;5.548;-1;52;52;0;18.449;7.167;3.384;7
041023;Macerata Feltria;40.074;-1;0;0;-1;0;0;1.739;4.699;8.377;2.323;28
041025;Mercatello sul Metauro;68.353;-1;0.856;0.856;-1;54;54;0;0.456;6.417;3.715;1
041026;Mercatino Conca;13.945;2.044;2.445;3.93;57;75;143;38.394;10.728;0;0;176
041027;Mombaroccio;28.206;-1;2.07;2.07;-1;11;11;0;8.158;6.449;8.282;33
041028;Mondavio;29.635;-1;2.497;2.497;-1;117;117;0;20;6.006;3.398;166
041029;Mondolfo;24.448;-1;7.755;49.002;-1;464;7052;0.127;0.663;4.777;2.675;178
041030;Montecalvo in Foglia;18.247;-1;10.78;10.78;-1;27;27;0.548;23.598;11.01;2.165;51
041031;Monte Cerignone;18.235;1.146;1.338;1.552;3;4;5;34.593;16.786;0.483;0.411;342
041034;Montefelcino;39.006;-1;3.146;3.146;-1;139;139;0;0.456;9.058;1.225;4
041035;Monte Grimano Terme;23.968;1.636;2.403;3.075;8;12;15;29.151;23.047;0;0;273
041036;Montelabbate;19.583;-1;5.632;5.632;-1;63;63;0.056;5.04;4.121;9.411;477
041038;Monte Porzio;18.334;-1;3.005;3.005;-1;44;44;0;20.334;4.723;7.603;50
041041;Peglio;21.361;-1;1.634;1.634;-1;5;5;0;16.455;16.465;8.005;46
041043;Pergola;112.395;-1;2.334;2.334;-1;482;482;0.006;1.593;5.642;1.387;14
041044;Pesaro;153.006;0.177;7.173;7.236;46;13261;13298;1.041;3.207;2.179;3.815;231
041045;Petriano;11.271;-1;4.25;4.25;-1;374;374;0;7.08;7.754;11.836;18
041047;Piandimeleto;39.901;-1;2.328;2.328;-1;63;63;1.243;8.669;9.371;1.321;18
041048;Pietrarubbia;13.289;-1;0;0;-1;0;0;0.602;21.74;5.546;2.483;13
041049;Piobbico;48.197;-1;2.909;2.909;-1;421;421;0.232;2.255;3.243;0.537;19
041051;San Costanzo;40.886;-1;0;16.216;-1;0;975;0.039;12.305;17.263;2.187;155
041054;San Lorenzo in Campo;28.798;-1;4.459;4.459;-1;47;47;0;4.132;0.01;5.087;22
041057;Sant'Angelo in Vado;67.337;-1;1.591;1.591;-1;287;287;0;1.956;5.467;0.26;13
041058;Sant'Ippolito;19.874;-1;3.884;3.884;-1;29;29;0.106;14.934;10.33;4.931;56
041061;Serra Sant'Abbondio;32.801;-1;0.049;0.049;-1;2;2;0;1.576;0.82;7.006;24
041064;Tavoleto;12.407;0;0;0;0;0;0;24.929;5.086;0.121;0;50
041065;Tavullia;42.064;0;1.971;1.971;0;38;38;8.537;4.593;4.277;5.796;818
041066;Urbania;77.533;-1;2.244;2.244;-1;358;358;0;10.283;7.621;0.992;133
041067;Urbino;226.49;-1;1.804;1.804;-1;57;57;0;12.053;6.925;4.641;472
041068;Vallefoglia;39.551;-1;6.349;6.349;-1;207;207;0.028;4.667;10.149;4.847;76
041069;Colli al Metauro;46.168;-1;6.736;6.736;-1;133;133;0;1.319;1.96;3.611;17
041070;Terre Roveresche;70.366;-1;0.355;0.355;-1;9;9;0;23.557;8.339;9.701;374
041071;Sassocorvaro Auditore;87.548;-1;3.991;3.991;-1;101;101;2.595;13.425;5.543;1.924;102
042001;Agugliano;21.89;-1;1.083;1.083;-1;34;34;0;15.911;0.297;2.211;149
042002;Ancona;125.126;-1;1.437;1.437;-1;650;650;0.542;7.838;9.436;0.057;3203
042003;Arcevia;128.331;-1;0.718;0.718;-1;19;19;0;5.017;10.939;1.781;144
042004;Barbara;11.039;-1;0;0;-1;0;0;0;17.284;0.516;0;111
042005;Belvedere Ostrense;29.45;-1;0;0;-1;0;0;0;21.986;0.981;2.625;170
042006;Camerano;20.004;-1;9.323;9.323;-1;185;185;0;10.528;4.309;0.12;922
042007;Camerata Picena;11.892;-1;7.543;7.543;-1;40;40;0;6.744;0;0.277;81
042008;Castelbellino;6.026;-1;12.961;12.961;-1;58;58;0.929;8.895;0;0;92
042010;Castelfidardo;33.406;-1;14.039;14.039;-1;295;295;0;1.808;0.254;2.931;133
042011;Castelleone di Suasa;15.92;-1;1.765;1.765;-1;6;6;0;3.09;3.003;2.845;12
042012;Castelplanio;15.318;-1;2.2;2.2;-1;14;14;0;26.048;2.598;0.144;156
042013;Cerreto d'Esi;16.913;-1;2.72;2.72;-1;22;22;0;6.593;0.219;1.07;203
042014;Chiaravalle;17.602;-1;11.8;11.8;-1;1591;1591;0;0.892;0;0;4
042015;Corinaldo;49.279;-1;3.484;3.484;-1;90;90;0;11.812;9.251;0.03;257
042016;Cupramontana;27.403;-1;0.299;0.299;-1;3;3;0;22.009;0.887;9.492;279
042017;Fabriano;272.079;-1;0.416;0.416;-1;634;634;0.472;2.622;8.733;1.338;180
042018;Falconara Marittima;25.928;-1;24.668;24.668;-1;1844;1844;0;5.859;1.763;5.006;1139
042019;Filottrano;71.201;-1;0.081;0.081;-1;2;2;0;12.182;1.449;0.931;492
042020;Genga;73.154;-1;3.432;3.432;-1;70;70;2.182;5.374;3.048;0.949;27
042021;Jesi;108.903;-1;5.537;5.537;-1;563;563;0;12.068;0.455;0.646;354
042022;Loreto;17.895;-1;2.263;66.605;-1;253;7654;0;3.375;0.017;6.98;117
042023;Maiolati Spontini;21.492;-1;3.522;3.522;-1;25;25;0.121;20.933;1.777;5.472;119
042024;Mergo;7.278;-1;1.374;1.374;-1;11;11;0;32.33;3.792;1.525;80
042025;Monsano;14.664;-1;0;0;-1;0;0;0;9.711;0;0.689;112
042026;Montecarotto;24.385;-1;0.021;0.021;-1;0;0;0.164;13.902;9.785;0;111
042027;Montemarciano;22.311;-1;3.81;3.81;-1;1255;1255;0.013;2.066;0;0.009;60
042029;Monte Roberto;13.59;-1;5.504;5.504;-1;92;92;0;10.059;0.574;3.201;82
042030;Monte San Vito;21.814;-1;1.082;1.082;-1;11;11;0;2.824;0.225;0;35
042031;Morro d'Alba;19.461;-1;0;0;-1;0;0;0;9.121;0.277;1.084;43
042032;Numana;10.96;-1;12.536;12.536;-1;240;240;0.027;2.974;0;1.058;111
042033;Offagna;10.63;-1;0.828;0.828;-1;5;5;0.132;15.701;13.65;0;129
042034;Osimo;106.738;-1;7.455;7.455;-1;1537;1537;0;6.246;1.961;0;733
042035;Ostra;47.252;-1;6.628;6.628;-1;865;865;0;7.959;1.287;0.224;97
042036;Ostra Vetere;30.016;-1;3.848;3.848;-1;114;114;0;6.946;3.698;0.72;153
042037;Poggio San Marcello;13.363;-1;0;0;-1;0;0;0;30.891;2.193;1.429;69
042038;Polverigi;24.983;-1;0;0;-1;0;0;0;15.262;1.293;0;193
042040;Rosora;9.406;-1;2.711;2.711;-1;5;5;0.255;27.833;4.455;0;103
042041;San Marcello;25.778;-1;0;0;-1;0;0;0;29.552;0.722;4.217;247
042042;San Paolo di Jesi;10.112;-1;0;0;-1;0;0;0;7.081;8.742;0.564;46
042043;Santa Maria Nuova;18.287;-1;0;0;-1;0;0;0;20.135;5.146;0.115;244
042044;Sassoferrato;137.228;-1;0.673;0.673;-1;232;232;0.058;4.769;1.451;0.759;102
042045;Senigallia;117.995;-1;8.854;17.852;-1;10438;20969;0;4.844;2.319;13.796;274
042046;Serra de' Conti;24.543;-1;1.719;1.719;-1;10;10;0;6.124;11.005;0.102;63
042047;Serra San Quirico;49.333;-1;1.595;1.595;-1;147;147;1.397;18.657;10.378;3.379;189
042048;Sirolo;16.692;-1;3.007;3.007;-1;9;9;2.918;2.528;6.458;5.452;55
042049;Staffolo;27.496;-1;0.138;0.138;-1;1;1;0;27.557;5.288;0.538;204
042050;Trecastelli;39.256;-1;6.618;6.618;-1;499;499;0;5.485;3.072;5.1;100
043002;Apiro;53.779;-1;0;0;-1;0;0;0.015;16.506;5.21;3.531;180
043003;Appignano;22.672;-1;0;0;-1;0;0;0;18.609;15.296;0.229;121
043004;Belforte del Chienti;16.055;-1;4.989;4.989;-1;85;85;0;13.896;7.3;1.887;81
043005;Bolognola;25.865;-1;0;0;-1;0;0;0;1.643;3.665;2.13;0
043006;Caldarola;29.222;-1;0.216;0.216;-1;2;2;0;1.957;9.708;1.773;13
043007;Camerino;129.882;-1;0.244;0.244;-1;6;6;0.173;6.407;7.552;4.269;200
043008;Camporotondo di Fiastrone;8.806;-1;0;0;-1;0;0;0;27.356;8.71;3.509;65
043009;Castelraimondo;44.846;-1;0.76;0.76;-1;100;100;0.06;1.512;4.297;1.507;8
043010;Castelsantangelo sul Nera;70.673;0.2;0.216;0.246;32;32;36;4.228;2.05;0.6;0.284;27
043011;Cessapalombo;27.58;-1;0;0;-1;0;0;0.123;7.081;11.951;6.302;19
043012;Cingoli;148.197;-1;0.926;0.926;-1;56;56;0.067;11.114;1.685;3.703;335
043013;Civitanova Marche;46.122;-1;5.822;5.822;-1;502;502;0;0.987;8.176;5.618;25
043014;Colmurano;11.199;-1;0;0;-1;0;0;0;27.333;7.59;5.063;154
043015;Corridonia;61.964;-1;4.633;4.633;-1;379;379;0;0.901;18.161;3.339;16
043016;Esanatoglia;47.909;-1;0.04;0.04;-1;61;61;0.394;0.835;4.621;1.398;64
043017;Fiastra;84.48;-1;0;0;-1;0;0;0;4.721;11.445;5.522;4
043019;Fiuminata;76.217;-1;1.843;1.843;-1;39;39;0.105;3.018;0.626;0.42;8
043020;Gagliole;24.05;-1;0.304;0.304;-1;3;3;0;10.283;8.033;5.892;26
043021;Gualdo;22.223;-1;0;0;-1;0;0;0.058;15.214;18.697;5.805;57
043022;Loro Piceno;32.578;-1;0;0;-1;0;0;0;20.465;21.886;17.039;253
043023;Macerata;92.526;-1;1.99;1.99;-1;190;190;0;3.353;20.75;1.984;182
043024;Matelica;81.1;-1;0.332;0.332;-1;26;26;0.138;3.829;5.265;2.587;49
043025;Mogliano;29.258;-1;0.779;0.779;-1;9;9;0;7.642;8.781;15.028;202
043026;Montecassiano;33.357;-1;3.136;3.136;-1;275;275;0;1.421;17.577;0.315;36
043027;Monte Cavallo;38.508;-1;0;0;-1;0;0;0.208;3.726;14.966;5.547;20
043028;Montecosaro;21.878;-1;6.705;6.705;-1;531;531;0;4.767;5.138;5.974;52
043029;Montefano;33.941;-1;1.338;1.338;-1;7;7;0;8.365;8.777;2.442;117
043030;Montelupone;32.672;-1;2.547;2.547;-1;52;52;0;5.659;4.01;12.439;174
043031;Monte San Giusto;20.037;-1;0.659;0.659;-1;8;8;0;7.486;17.123;8.305;152
043032;Monte San Martino;18.467;-1;3.747;3.747;-1;16;16;0.325;25.386;13.592;4.3;114
043033;Morrovalle;42.58;-1;4.54;4.54;-1;1440;1440;0;6.327;5.676;3.556;195
043034;Muccia;25.909;-1;0.479;0.479;-1;1;1;0;0.521;13.49;0.799;1
043035;Penna San Giovanni;28.084;-1;1.463;1.463;-1;7;7;0;16.561;10.251;7.321;128
043036;Petriolo;15.646;-1;0;0;-1;0;0;0;1.125;9.721;5.235;12
043038;Pieve Torina;74.798;-1;0.38;0.38;-1;57;57;0;2.718;5.242;12.161;18
043039;Pioraco;19.452;-1;3.789;3.789;-1;167;167;9.444;11.176;12.616;0.812;151
043040;Poggio San Vicino;13.031;-1;0;0;-1;0;0;0.89;5.97;0.153;3.814;6
043041;Pollenza;39.547;-1;1.742;1.742;-1;154;154;0;4.825;7.738;9.915;125
043042;Porto Recanati;17.302;-1;18.241;34.308;-1;1636;8026;0;1.306;0;0.006;26
043043;Potenza Picena;48.595;-1;5.299;5.299;-1;925;925;0;5.785;10.692;7.054;211
043044;Recanati;103.442;-1;5.127;5.184;-1;442;444;0;6.806;12.692;1.037;642
043045;Ripe San Ginesio;10.169;-1;0;0;-1;0;0;0.138;18.704;2.852;5.959;60
043046;San Ginesio;78.02;-1;0;0;-1;0;0;0.001;13.673;8.611;6.903;228
043047;San Severino Marche;194.255;-1;0.628;0.628;-1;33;33;0;5.478;4.65;5.226;210
043048;Sant'Angelo in Pontano;27.384;-1;0;0;-1;0;0;0;10.035;5.627;10.729;44
043049;Sarnano;63.166;-1;0;0;-1;0;0;0;10.558;3.41;0.801;57
043050;Sefro;42.537;-1;0.581;0.581;-1;0;0;1.07;1.951;4.133;1.349;57
043051;Serrapetrona;37.647;-1;0;0;-1;0;0;0.255;6.933;14.469;16.065;58
043052;Serravalle di Chienti;95.987;-1;0;0;-1;0;0;0;1.601;7.878;0.424;14
043053;Tolentino;95.118;-1;1.412;1.412;-1;440;440;0;12.169;7.735;4.998;345
043054;Treia;93.536;-1;1.062;1.062;-1;111;111;0;2.489;8.28;3.827;50
043055;Urbisaglia;22.863;-1;0;0;-1;0;0;0;20.697;7.125;4.689;125
043056;Ussita;55.295;0.559;0.577;0.593;32;32;32;5.894;3.232;4.897;3.814;36
043057;Visso;100.415;0.175;0.232;0.292;122;135;191;3.816;5.84;0.765;1.986;39
043058;Valfornace;48.613;-1;1.948;1.948;-1;97;97;0;7.239;13.486;6.558;83
044001;Acquasanta Terme;138.391;0;0.206;0.234;0;54;61;0.319;0.809;1.97;0.097;48
044002;Acquaviva Picena;21.046;-1;0.366;0.366;-1;12;12;0.166;1.511;4.533;3.469;33
044005;Appignano del Tronto;23.194;0;0;1.832;0;0;31;0;13.68;1.858;0.203;56
044006;Arquata del Tronto;92.183;0;0.941;1.11;0;58;78;1.853;1.342;0.957;0;87
044007;Ascoli Piceno;158.02;1.804;3.822;4.087;920;1300;1302;0.201;4.244;1.409;0.061;363
044010;Carassai;22.238;-1;5.216;5.216;-1;39;39;0;9.583;11.579;2.001;42
044011;Castel di Lama;10.976;0;2.041;2.041;0;86;86;0.31;13.338;3.653;2.205;96
044012;Castignano;38.795;0;1.25;1.25;0;13;13;0.322;22.972;3.714;0.742;151
044013;Castorano;14.083;0;0.199;0.199;0;128;128;0;6.057;4.062;0.114;29
044014;Colli del Tronto;5.939;6.028;20.172;20.172;13;132;132;0;4.698;4.327;0;10
044015;Comunanza;54.395;-1;1.147;1.147;-1;59;59;0.017;1.044;4.359;1.32;51
044016;Cossignano;15.106;-1;1.099;1.099;-1;11;11;0.371;15.683;16.603;7.116;78
044017;Cupra Marittima;17.433;-1;5.467;11.845;-1;1384;1448;0.252;1.342;0.539;0.648;47
044020;Folignano;14.857;0;0.875;0.875;0;45;45;0.882;1.898;0.269;0.04;18
044021;Force;34.307;-1;1.574;1.574;-1;4;4;0.58;13.333;9.246;2.037;130
044023;Grottammare;18.097;-1;10.521;10.521;-1;1048;1048;0.171;3.1;10.565;1.365;108
044027;Maltignano;8.173;5.469;5.714;5.714;6;7;7;15.514;4.735;0.759;0;158
044029;Massignano;16.32;-1;5.931;35.214;-1;76;529;0.123;1.942;4.467;1.195;13
044031;Monsampolo del Tronto;15.433;3.421;17.08;17.08;40;1574;1574;0;0.246;2.171;0.214;1
044032;Montalto delle Marche;33.952;-1;3.122;3.122;-1;38;38;0.206;2.987;4.259;4.156;53
044034;Montedinove;11.933;-1;3.687;3.687;-1;8;8;0;8.95;13.936;0;23
044036;Montefiore dell'Aso;28.207;-1;11.72;26.699;-1;98;1210;0.121;8.239;9.654;3.357;74
044038;Montegallo;48.464;0;0;0.206;0;0;0;1.836;3.303;3.266;0.751;103
044044;Montemonaco;67.793;-1;0.602;0.602;-1;0;0;1.305;0.316;9.854;5.943;1
044045;Monteprandone;26.374;6.48;16.797;21.783;105;967;4874;0;10.723;2.647;0.595;136
044054;Offida;49.435;0;1.55;1.55;0;138;138;0.131;12.406;2.891;0.839;457
044056;Palmiano;12.698;0;0;0;0;0;0;0;6.253;5.024;0.11;10
044063;Ripatransone;74.277;-1;1.734;1.734;-1;30;30;0.245;7.596;9.509;3.169;147
044064;Roccafluvione;60.632;0;0.411;0.566;0;11;11;0.292;1.423;1.016;0.015;53
044065;Rotella;27.437;-1;0.893;0.893;-1;5;5;0.051;16.952;6.673;0.565;68
044066;San Benedetto del Tronto;25.472;12.845;25.09;36.263;556;5539;17994;0.086;0.294;1.029;0.51;5
044071;Spinetoli;12.582;6.263;52.154;52.154;275;5018;5018;0;3.147;1.574;0.072;33
044073;Venarotta;30.21;0;0.053;1.701;0;2;5;0;1.632;2.509;0.036;18
045001;Aulla;59.987;5.806;7.847;9.079;2435;2935;4089;1.185;3.506;57.274;21.178;139
045002;Bagnone;73.935;0.06;0.08;0.085;9;12;12;1.196;23.095;39.038;36.213;379
045003;Carrara;71.343;5.038;11.697;25.363;6865;20060;52263;7.262;11.478;21.903;34.993;3828
045004;Casola in Lunigiana;41.542;1.124;1.269;1.341;68;82;88;2.07;15.777;29.507;51.264;110
045005;Comano;53.831;0.333;0.353;0.362;4;4;4;3.067;13.492;36.028;37.833;173
045006;Filattiera;48.778;5.437;9.064;9.486;282;722;781;0.968;19.921;31.133;35.899;120
045007;Fivizzano;181.113;1.103;1.345;1.49;308;480;606;1.127;19.948;46.963;28.401;950
045008;Fosdinovo;48.395;0.155;0.401;0.448;53;294;318;2.174;4.817;45.298;44.819;84
045009;Licciana Nardi;55.678;2.899;3.452;3.853;257;390;450;1.949;23.444;47.11;17.346;461
045010;Massa;93.825;7.648;15.248;32.279;11606;25820;59825;9.525;17.761;12.428;28.419;5883
045011;Montignoso;16.709;5.608;11.922;39.775;44;716;7832;6.847;24.927;23.736;4.638;1004
045012;Mulazzo;62.505;5.865;7.486;7.798;213;235;243;3.389;19.426;25.43;42.593;275
045013;Podenzana;17.104;3.8;4.736;5.297;74;103;112;1.239;36.114;48.199;12.266;552
045014;Pontremoli;182.516;0.653;1.143;1.337;476;943;1258;2.308;10.498;37.542;46.56;255
045015;Tresana;44.451;2.697;3.399;3.665;35;46;53;1.602;15.217;52.039;27.016;168
045016;Villafranca in Lunigiana;29.32;6.726;7.841;8.349;155;240;283;0.331;16.63;49.577;11.982;173
045017;Zeri;73.619;0.251;0.261;0.265;0;0;0;4.074;19.916;23.184;52.734;502
046001;Altopascio;28.599;17.885;25.27;45.397;819;1577;3801;3.542;17.067;1.028;43.169;820
046002;Bagni di Lucca;164.706;1.341;2.202;2.354;726;1741;2070;4.283;31.579;8.117;54.328;1752
046003;Barga;66.464;5.818;6.894;7.488;626;1159;1410;6.414;21.029;6.595;58.295;1941
046004;Borgo a Mozzano;72.203;5.953;10.213;10.52;466;2303;2558;2.367;24.334;24.787;39.015;1396
046005;Camaiore;84.692;7.061;15.481;24.489;3980;9523;24119;7.221;24.003;35.006;6.114;5750
046006;Camporgiano;27.091;2.898;3.237;3.237;105;158;158;8.154;44.262;14.104;32.361;1565
046007;Capannori;156.178;10.866;27.263;46.964;1464;12328;35851;2.267;28.072;30.768;6.744;3529
046008;Careggine;24.081;2.483;2.517;2.517;3;3;3;6.449;30.406;5.116;58.029;318
046009;Castelnuovo di Garfagnana;28.482;4.954;6.478;7.429;1357;1611;2084;11.649;33.235;14.279;34.804;1296
046010;Castiglione di Garfagnana;48.525;1.412;1.451;1.451;29;29;29;2.741;29.966;3.994;62.444;428
046011;Coreglia Antelminelli;52.94;4.656;6.42;6.42;197;1337;1337;5.892;22.767;5.982;60.508;946
046013;Forte dei Marmi;9.187;7.184;12.964;99.913;277;532;7658;0;0;0;0;0
046014;Fosciandora;19.859;1.153;1.193;1.193;2;3;3;3.656;38.325;11.063;46.442;264
046015;Gallicano;31.04;6.788;7.542;7.635;369;502;502;8.312;24.069;17.706;40.912;798
046017;Lucca;185.759;12.881;21.414;33.243;10076;29762;73418;2.383;25.002;31.479;4.518;4514
046018;Massarosa;68.246;52.035;60.615;61.573;4663;16042;16648;3.49;19.573;15.525;2.362;3534
046019;Minucciano;57.285;2.566;2.886;2.929;173;237;252;9.706;25.787;24.375;39.887;564
046020;Molazzana;31.33;0.584;0.83;0.897;5;6;6;14.708;30.204;17.169;36.904;421
046021;Montecarlo;15.63;2.713;12.335;28.676;190;649;1073;2.022;5.675;42.137;5.95;159
046022;Pescaglia;70.545;1.86;3.567;3.698;346;1044;1116;1.972;23.68;26.356;45.989;768
046023;Piazza al Serchio;27.03;4.425;4.44;4.44;164;166;166;7.765;40.126;25.557;23.193;1349
046024;Pietrasanta;42.269;5.782;15.115;57.42;1295;3559;19442;2.874;10.693;21.728;4.166;1202
046025;Pieve Fosciana;28.755;3.676;3.749;4.347;70;79;82;7.355;33.455;4.271;53.81;413
046026;Porcari;17.889;30.326;44.027;86.327;1302;2653;6992;2.135;9.414;10.386;4.964;158
046027;San Romano in Garfagnana;26.157;1.617;1.617;1.617;9;9;9;7.933;36.518;19.654;34.943;1178
046028;Seravezza;39.468;0.025;1.903;15.577;2;800;10405;3.061;11.326;54.343;15.739;492
046030;Stazzema;80.64;0.34;0.35;0.35;18;18;18;7.449;25.559;30.205;36.788;1600
046031;Vagli Sotto;41.219;2.722;2.737;2.737;27;27;27;6.327;31.483;3.183;59.007;783
046033;Viareggio;32.726;28.21;39.837;99.239;1720;9016;61842;1.485;0;0;0;6
046034;Villa Basilica;36.573;0.536;0.536;1.859;34;34;204;2.732;25.237;16.066;55.962;523
046035;Villa Collemandina;34.79;1.13;1.265;1.319;5;5;6;5.444;36.427;9.626;48.465;457
046036;Fabbriche di Vergemoli;42.547;1.102;1.427;1.427;69;86;86;7.568;16.558;14.492;61.382;251
046037;Sillano Giuncugnano;81.294;1.854;2.122;2.122;14;16;16;3.829;43.492;8.057;43.735;707
047002;Agliana;11.695;79.88;99.863;99.88;12311;16792;16792;0;0;0;0;0
047003;Buggiano;16.064;0;4.009;25.629;0;202;2907;2.16;10.39;31.904;11.971;77
047005;Lamporecchio;22.25;2.876;5.429;12.813;158;272;888;2.072;15.874;31.622;35.231;425
047006;Larciano;24.969;0.336;16.857;34.683;1;374;1827;0.545;6.552;18.943;42.172;84
047007;Marliana;43.032;0;0;0.228;0;0;20;1.566;9.721;33.875;53.581;211
047008;Massa e Cozzile;16.012;0;17.755;26.499;0;3263;5854;7.076;12.609;32.944;18.773;385
047009;Monsummano Terme;32.601;9.693;24.364;48.29;85;1203;13619;0.764;2.736;27.729;15.211;63
047010;Montale;32.117;9.416;12.623;19.18;3069;3943;7237;5.377;0.866;28.599;44.244;74
047011;Montecatini-Terme;17.686;0.045;7.424;24.415;8;3818;11161;0.164;19.439;44.289;2.816;595
047012;Pescia;79.125;1.206;6.759;14.732;256;2094;11300;0.422;19.798;24.293;40.064;622
047013;Pieve a Nievole;12.667;17.613;57.235;74.509;621;4431;7579;0.253;2.747;18.268;0.884;42
047014;Pistoia;236.502;7.974;17.08;27.472;11361;29322;72644;0.223;8.875;22.179;18.016;2279
047016;Ponte Buggianese;29.523;14.077;99.8;100.03;44;8728;8771;0;0.542;0;0;23
047017;Quarrata;45.947;36.947;44.423;50.532;11934;15478;18443;0.185;0.932;30.607;12.791;151
047018;Sambuca Pistoiese;77.239;0.84;1.863;1.863;59;171;171;0.034;4.34;0.144;0.254;116
047020;Serravalle Pistoiese;41.99;4.692;12.16;20.795;572;2872;6710;2.358;26.206;32.158;17.588;891
047021;Uzzano;7.85;1.682;2.968;25.898;82;147;2280;1.236;25.057;28.153;2.446;174
047022;Chiesina Uzzanese;7.251;0.317;99.807;100.028;6;4476;4479;0;5.696;0;0;108
047023;Abetone Cutigliano;74.992;1.011;1.156;1.156;36;48;48;4.592;30.725;5.881;45.123;1008
047024;San Marcello Piteglio;134.726;1.108;2.127;2.127;307;1376;1376;3.801;24.455;5.266;47.496;3337
048001;Bagno a Ripoli;74.099;2.987;4.78;9.715;3890;5511;10071;3.873;14.923;45.519;25.555;1103
048002;Barberino di Mugello;133.325;0.393;0.857;7.942;675;1144;1831;23.054;20.693;14.867;26.585;1330
048004;Borgo San Lorenzo;146.363;2.808;5.333;7.252;2891;4534;6028;13.986;11.897;17.874;36.092;1165
048005;Calenzano;76.822;1.83;3.011;14.864;84;666;12192;2.946;19.845;35.064;28.146;691
048006;Campi Bisenzio;28.741;12.672;66.48;100.045;2073;23802;42929;0;0;0;0;0
048008;Capraia e Limite;24.917;8.087;11.261;13.754;2369;5268;5834;2.978;18.931;28.844;39.014;683
048010;Castelfiorentino;66.344;3.34;16.675;30.771;133;3970;11471;0.265;4.514;30.533;31.096;96
048011;Cerreto Guidi;49.305;19.564;24.643;39.947;2749;3140;4106;8.297;17.522;21.312;17.489;1028
048012;Certaldo;75.275;4.954;7.089;15.749;569;1236;11801;28.387;13.391;29.657;12.219;893
048013;Dicomano;61.632;1.769;2.212;3.841;244;583;2287;25.203;33.57;15.677;13.229;1318
048014;Empoli;62.422;12.281;19.753;64.431;2196;6532;43629;3.46;6.546;16.606;12.034;455
048015;Fiesole;42.193;0.725;1.998;3.757;203;1747;3425;8.753;34.2;47.743;7.212;2102
048017;Firenze;102.308;6.833;37.268;57.669;8595;182966;327996;1.472;7.679;24.807;13.065;3053
048018;Firenzuola;271.959;1.62;5.945;5.945;95;1364;1364;0.796;29.989;2.255;2.742;464
048019;Fucecchio;65.176;16.465;32.158;48.727;595;10071;15921;0.526;0.594;3.303;52.048;55
048020;Gambassi Terme;83.231;2.178;3.061;6.322;122;275;734;0.117;6.371;34.729;50.879;248
048021;Greve in Chianti;169.374;0.971;1.546;2.907;814;1638;3141;2.248;19.778;36.359;39.264;1524
048022;Impruneta;48.714;1.326;2.81;4.422;454;1201;2785;2.841;29.959;46.311;16.203;2822
048024;Lastra a Signa;42.899;7.368;11.287;13.464;5649;7565;9009;9.075;19.935;39.199;18.861;1174
048025;Londa;59.289;0.002;0.002;0.293;0;0;449;3.523;21.029;26.135;49.245;384
048026;Marradi;154.052;1.1;1.285;1.285;352;355;355;4.498;2.834;3.026;2.043;61
048027;Montaione;104.758;1.012;1.339;6.205;5;5;64;0.242;6.489;20.807;65.614;20
048028;Montelupo Fiorentino;24.658;6.671;29.102;36.483;549;9677;11459;4.441;19.531;28.21;11.282;504
048030;Montespertoli;124.882;1.243;1.924;7.662;338;562;1692;24.355;35.709;24.113;7.295;3453
048031;Palazzuolo sul Senio;109.103;2.167;3.761;3.761;356;478;478;0.166;3.837;0;0.062;14
048032;Pelago;54.56;1.534;2.084;2.828;674;1625;2219;11.191;35.139;20.984;31.19;2361
048033;Pontassieve;114.398;1.378;2.917;4.327;1361;5805;9621;2.937;42.371;33.108;18.782;2543
048035;Reggello;121.646;4.161;6.457;6.987;1216;1977;2265;10.618;21.727;14.963;43.677;2613
048036;Rignano sull'Arno;54.144;2.353;3.385;4.704;526;987;1504;3.906;25.689;29.937;36.73;1127
048037;Rufina;45.88;2.72;3.686;5.458;1424;3185;4235;11.929;27.786;29.209;24.815;1206
048038;San Casciano in Val di Pesa;107.828;0.936;1.752;5.496;94;465;967;10.694;34.855;37.83;10.864;2000
048039;San Godenzo;99.199;0.032;0.044;0.231;0;0;46;6.775;20.755;17.789;25.102;308
048041;Scandicci;59.692;8.624;21.633;28.344;5178;32533;45777;4.47;5.436;42.657;23.584;340
048043;Sesto Fiorentino;48.811;1.825;25.986;38.168;2305;9967;43452;9.135;10.717;29.913;12.444;618
048044;Signa;18.799;61.902;75.743;80.02;4138;9224;10962;0.33;0.963;10.761;4.021;117
048046;Vaglia;56.941;0.207;0.279;2.35;40;75;388;11.285;31.575;47.024;8.844;2485
048049;Vicchio;138.861;1.926;3.413;5.709;117;504;1041;7.471;19.9;27.685;29.641;944
048050;Vinci;54.185;6.637;11.149;19.633;4032;6940;7943;5.527;13.399;41.456;22.303;658
048052;Figline e Incisa Valdarno;97.901;4.527;10.737;14.464;2625;10254;13985;12.313;16.926;3.218;52.479;2525
048053;Scarperia e San Piero;115.81;0.897;1.698;5.535;186;545;2371;15.508;24.836;27.266;21.301;1466
048054;Barberino Tavarnelle;122.991;1.193;2.299;4.597;199;400;1134;9.815;24.381;36.482;23.655;1229
049001;Bibbona;65.614;6.322;18.949;55.695;319;1228;2090;0.361;5.282;25.249;30.362;2
049002;Campiglia Marittima;83.276;20.4;48.785;67.986;2549;7568;11287;0.191;20.246;7.886;18.11;500
049003;Campo nell'Elba;55.787;12.164;12.333;14.079;2216;2265;2662;2.986;2.16;8.251;76.918;78
049004;Capoliveri;39.561;12.042;12.047;17.401;351;351;645;1.453;0.728;25.08;61.262;8
049005;Capraia Isola;19.365;5.241;5.252;5.252;31;34;34;0.036;0;96.566;1.926;9
049006;Castagneto Carducci;142.315;2.473;12.867;51.622;122;582;6870;0.079;5.374;23.462;29.232;73
049007;Cecina;42.636;20.49;30.889;99.02;637;1885;27967;0.101;0.781;0;45.161;58
049008;Collesalvetti;107.99;18.61;30.34;48.361;1066;2134;8132;1.619;7.702;26.969;11.393;493
049009;Livorno;105.072;5.569;10.818;41.219;1749;9036;149847;5.487;13.276;27.684;18.244;2147
049010;Marciana;45.451;6.812;6.926;7.408;220;241;369;2.161;2.299;32.541;60.375;270
049011;Marciana Marina;5.858;13.469;13.469;17.31;1179;1179;1499;7.989;23.643;55.309;4.643;677
049012;Piombino;130.744;17.503;36.221;67.732;609;1492;24270;0.382;7.526;12.562;12.248;839
049013;Porto Azzurro;13.339;13.937;14.244;17.565;1386;1392;1412;0.472;1.394;46.885;33.983;20
049014;Portoferraio;48.28;11.957;11.957;19.772;1365;1365;6091;0;0.017;37.454;42.993;1
049017;Rosignano Marittimo;120.827;4.933;16.323;44.375;239;3217;23394;5.075;8.03;24.883;28.691;972
049018;San Vincenzo;33.276;5.268;16.3;69.561;304;484;5463;1.497;1.689;5.286;19.104;17
049019;Sassetta;26.747;1.256;2.176;2.95;1;2;3;0.112;1.406;63.495;26.882;1
049020;Suvereto;92.381;6.449;13.151;35.078;62;156;1512;0.124;4.869;40.257;24.619;74
049021;Rio;36.53;9.411;9.411;9.521;897;897;930;11.029;28.749;43.498;11.716;1293
050001;Bientina;29.49;25.239;79.457;81.295;84;5770;5805;0.102;26.009;9.373;7.426;317
050002;Buti;23.026;0.495;5.737;9.216;69;604;1934;1.933;14.458;68.527;4.838;80
050003;Calci;25.105;0;7.357;10.368;0;894;1689;2.999;3.318;26.433;62.589;227
050004;Calcinaia;14.891;11.148;83.399;87.536;442;11433;11493;0.799;0.551;5.11;5.762;11
050005;Capannoli;22.725;16.207;22.759;58.433;62;91;2816;3.969;5.377;0.092;31.666;134
050006;Casale Marittimo;14.359;0.091;0.118;20.057;4;4;138;5.836;7.528;26.882;59.085;80
050008;Cascina;78.606;33.744;74.581;100.045;4539;9939;43833;0;0;0;0;0
050009;Castelfranco di Sotto;48.248;12.272;34.316;42.646;158;8680;8884;1.045;3.235;1.21;56.487;4
050010;Castellina Marittima;45.574;1.365;7.267;21.021;21;318;593;7.313;23.36;24.137;39.393;781
050011;Castelnuovo di Val di Cecina;89.017;6.613;7.286;7.721;28;30;30;1.226;22.766;54.7;20.583;251
050012;Chianni;61.992;1.007;3.107;10.392;2;19;45;4.375;20.019;24.758;40.92;89
050014;Fauglia;42.425;1.728;14.159;34.407;30;372;676;2.866;14.845;27.404;11.682;317
050015;Guardistallo;23.61;7.315;12.91;26.874;100;115;148;10.296;18.035;6.582;49.106;219
050016;Lajatico;72.665;3.175;8.246;17.096;8;53;138;5.671;9.496;42.443;24.54;53
050019;Montecatini Val di Cecina;154.95;3.231;7.28;13.821;70;383;480;4.857;29.173;20.083;35.58;265
050020;Montescudaio;20.152;15.016;27.069;43.251;259;379;789;4.312;11.116;11.14;40.408;129
050021;Monteverdi Marittimo;98.074;2.429;4.73;5.373;7;43;44;7.356;27.864;46.162;14.733;199
050022;Montopoli in Val d'Arno;30.173;20.492;31.979;46.147;711;1828;2692;0.063;1.004;0;52.623;71
050024;Palaia;73.644;0.91;1.605;15.454;25;189;1658;13.169;18.861;3.115;48.605;721
050025;Peccioli;92.537;3.394;9.104;33.745;42;115;460;5.854;9.991;16.345;42.313;226
050026;Pisa;185.156;38.626;60.816;99.911;26166;40386;85855;0;0;0;0;0
050027;Pomarance;227.843;7.595;10.686;11.468;88;126;134;7.202;33.711;31.473;23.768;796
050023;Orciano Pisano;11.622;0.843;4.569;20.324;1;4;29;14.214;17.699;21.511;31.165;75
050028;Ponsacco;19.883;16.039;43.952;81.653;233;7127;14889;0.282;0.412;0;15.154;3
050029;Pontedera;46.035;11.561;50.362;69.497;1964;21218;24684;0.087;2.029;0.093;29.786;89
050030;Riparbella;58.961;4.562;7.88;10.712;55;133;182;5.841;27.493;25.144;33.843;268
050031;San Giuliano Terme;91.94;20.488;66.381;76.4;3446;19719;27713;0.869;2.038;5.933;14.575;96
050032;San Miniato;102.583;7.299;21.093;42.214;642;7409;18932;0.686;4.485;0.116;51.946;1548
050033;Santa Croce sull'Arno;16.789;8.839;58.401;71.112;2090;11888;12143;0.274;1.751;2.835;22.306;18
050034;Santa Luce;66.622;4.33;14.393;23.563;23;87;185;9.513;33.553;16.898;29.433;287
050035;Santa Maria a Monte;38.035;4.246;35.557;46.502;56;4718;6235;0.289;2.371;8.561;40.202;305
050036;Terricciola;43.283;4.198;12.582;30.661;33;128;1576;4.907;15.008;15.121;36.723;500
050037;Vecchiano;67.72;62.289;88.1;89.696;4649;11660;11743;1.283;2.713;4.773;1.144;290
050038;Vicopisano;26.868;6.528;41.343;46.211;213;4551;6705;0.227;6.45;26.909;18.126;232
050039;Volterra;252.638;3.029;5.585;8.692;415;509;596;7.085;13.102;35.79;36.435;1418
050040;Casciana Terme Lari;81.398;7.675;15.376;30.076;497;1155;3779;5.457;17.613;30.997;13.854;1190
050041;Crespina Lorenzana;46.44;7.433;19.795;44.22;239;690;2830;2.237;14.065;25.676;6.837;287
051001;Anghiari;130.919;1.901;4.362;4.632;67;115;119;0.108;5.226;1.689;6.768;97
051002;Arezzo;384.754;2.035;8.463;15.791;3351;15998;39840;1.711;6.513;13.675;19.249;1539
051003;Badia Tedalda;118.717;0.557;0.566;0.63;2;2;3;0.185;12.328;0;0.002;217
051004;Bibbiena;86.512;3.371;5.731;10.914;227;828;2771;8.148;39.747;19.088;20.314;2526
051005;Bucine;131.646;2.274;3.073;8.214;308;545;2191;0.732;4.046;4.883;81.234;242
051006;Capolona;47.556;2.393;4.092;8.317;324;748;2428;1.035;22.977;26.754;39.118;243
051007;Caprese Michelangelo;66.53;0;0;0;0;0;0;0.069;13.164;0.669;0.873;79
051008;Castel Focognano;56.628;1.762;5.566;7.982;134;997;1784;3.269;31.737;23.407;34.343;579
051010;Castel San Niccolò;83.27;0.478;1.797;2.799;48;435;714;0.962;34.135;10.355;52.39;1162
051011;Castiglion Fibocchi;25.463;0;0.326;13.651;0;9;831;2.341;6.064;1.394;89.506;18
051012;Castiglion Fiorentino;111.426;14.512;24.5;42.765;396;1217;6482;1.082;7.334;24.798;22.051;346
051013;Cavriglia;60.868;0.284;0.499;3.327;100;204;1269;7.206;10.764;12.397;65.644;442
051014;Chitignano;14.894;3.243;3.243;3.458;11;11;16;3.626;47.549;29.3;18.793;750
051015;Chiusi della Verna;102.321;1.264;1.545;2.498;38;73;380;14.898;36.212;24.321;14.868;626
051016;Civitella in Val di Chiana;100.326;0.418;7.272;17.918;2;284;1385;0.642;4.262;8.557;69.639;62
051017;Cortona;342.736;1.319;13.962;19.271;65;2154;3011;0.427;4.497;19.733;11.234;339
051018;Foiano della Chiana;40.783;0.025;27.279;54.285;1;560;1732;0.451;4.823;25.719;12.633;160
051020;Loro Ciuffenna;86.869;0.024;0.024;0.863;9;9;527;3.434;20.432;2.911;73.216;403
051021;Lucignano;44.931;1.024;18.479;32.43;9;212;420;1.055;5.152;13.826;46.264;117
051022;Marciano della Chiana;23.695;0;26.812;46.799;0;148;1533;0.329;5.735;37.839;12.53;101
051023;Montemignaio;25.943;0;0;0.235;0;0;0;24.415;27.345;8.792;39.448;166
051024;Monterchi;29.416;14.638;18.762;19.384;289;372;401;0;3.213;0.061;0.01;15
051025;Monte San Savino;89.806;0.647;16.03;26.406;17;367;2252;0.402;3.698;15.311;54.335;99
051026;Montevarchi;56.633;2.412;5.626;25.372;546;4795;21159;4.058;23.416;5.696;43.987;1249
051027;Ortignano Raggiolo;36.302;2.518;3.961;4.256;26;228;231;5.584;31.905;6.768;51.628;243
051030;Pieve Santo Stefano;156.087;0.417;0.42;0.425;368;370;376;0.231;12.034;1.681;0.739;243
051031;Poppi;97.082;3.056;4.943;8.494;211;695;1516;2.674;30.615;26.403;30.8;1134
051033;San Giovanni Valdarno;21.45;7.65;19.319;38.648;342;6004;15812;10.522;23.408;16.774;10.956;403
051034;Sansepolcro;91.193;3.106;3.664;10.568;308;319;626;0.259;2.699;0.133;0.401;154
051035;Sestino;80.23;0;0.02;0.02;0;0;0;8.077;22.044;0.014;0;217
051037;Subbiano;77.842;1.014;1.748;3.251;392;573;1526;9.554;13.339;30.713;30.379;332
051038;Talla;59.887;0.043;0.872;1.166;0;135;142;2.45;21.89;15.691;59.25;283
051039;Terranuova Bracciolini;85.531;3.877;5.579;11.987;516;1327;4676;12.961;22.496;15.573;38.95;1655
051040;Castelfranco Piandiscò;55.991;0.682;2.591;4.383;121;1196;1860;15.124;18.171;10.78;49.363;580
051041;Pratovecchio Stia;138.226;0.407;0.567;1.576;174;368;1749;6.485;28.485;19.946;43.431;1506
051042;Laterina Pergine Valdarno;70.536;3.351;6.092;11.027;44;151;646;3.441;6.994;13.275;66.971;307
052001;Abbadia San Salvatore;58.993;0.826;0.929;1.132;0;0;0;0.451;43.186;4.694;2.7;241
052002;Asciano;215.644;3.365;10.328;20.286;506;1024;3958;10.396;21.065;33.176;20.056;349
052003;Buonconvento;64.844;14.705;20.33;39.927;107;519;2863;9.597;9.745;27.08;21.024;67
052004;Casole d'Elsa;148.704;0.983;4.469;11.834;14;47;550;7.007;12.63;19.537;52.781;262
052005;Castellina in Chianti;99.735;1.157;1.605;3.457;8;13;26;2.465;14.024;29.262;49.094;136
052006;Castelnuovo Berardenga;177.107;2.406;8.992;14.863;143;341;1417;0.931;8.261;18.539;63.425;355
052007;Castiglione d'Orcia;141.539;2.77;13.683;17.182;14;90;137;12.621;30.594;33.956;16.584;386
052008;Cetona;53.545;5.633;6.495;6.916;10;15;17;0.28;16.043;0.319;0.028;233
052009;Chianciano Terme;36.561;0.139;2.484;7.905;64;85;119;4.423;12.759;35.221;16.096;893
052010;Chiusdino;141.567;1.821;9.574;17.961;5;26;47;2.511;11.199;29.236;42.317;122
052011;Chiusi;58.07;22.838;31.078;42.004;498;1071;2230;2.511;19.544;12.755;10.713;2170
052012;Colle di Val d'Elsa;92.035;0.264;0.316;9.794;11;12;843;1.838;8.376;18.637;59.037;968
052013;Gaiole in Chianti;128.883;0.228;0.27;4.935;1;2;561;0.002;3.514;5.32;88.11;10
052015;Montepulciano;165.54;17.787;22.671;35.561;399;868;1819;1.079;5.222;34.708;19.354;496
052016;Monteriggioni;99.814;2.725;3.353;12.611;167;491;987;0.381;1.983;15.627;61.075;184
053016;Monte Argentario;60.477;1.622;2.588;2.646;1724;2065;2091;4.304;31.432;50.811;5.078;1871
053017;Montieri;108.205;5.654;6.71;7.333;30;40;53;4.221;18.415;42.399;34.495;416
053018;Orbetello;226.875;29.854;40.075;59.757;1141;1876;6764;0.482;2.192;3.222;40.127;76
053019;Pitigliano;101.959;1.52;1.754;4.765;9;9;63;0.673;7.283;0;0;251
053020;Roccalbegna;124.859;2.042;3.528;6.203;6;6;34;35.345;20.558;35.869;5.798;496
053021;Roccastrada;284.464;6.836;6.891;27.575;463;464;3850;2.749;8.887;23.122;36.227;1569
053022;Santa Fiora;63.451;0.716;0.952;2.536;1;2;15;10.752;33.547;0.837;0;310
053023;Scansano;273.56;4.422;4.511;9.134;70;72;370;10.524;19.54;32.754;29.965;374
053024;Scarlino;88.321;7.581;19.122;45.999;623;1121;2644;0.24;2.152;3.603;49.793;28
053025;Seggiano;49.429;5.444;6.259;7.071;18;22;25;28.518;44.037;20.702;6.561;596
053026;Sorano;174.558;1.067;1.263;3.065;36;70;175;2.455;11.349;1.637;0.128;863
053027;Monterotondo Marittimo;102.693;7.239;11.253;13.94;41;59;68;4.06;26.791;45.804;13.836;363
053028;Semproniano;81.653;2.493;3.057;5.615;4;5;9;14.314;47.95;17.792;5.711;345
054001;Assisi;187.195;2.714;3.745;10.856;610;808;4708;0.082;5.559;7.326;1.967;722
054002;Bastia Umbra;27.599;6.21;15.338;30.363;475;2128;3936;0;0;0;0;0
054003;Bettona;45.075;14.984;18.509;20.038;499;631;703;0;1.36;0.821;1.025;20
054004;Bevagna;56.222;11.401;18.742;24.905;684;1063;2142;0;5.777;2.522;1.741;87
054005;Campello sul Clitunno;49.762;0.157;0.611;0.81;1;5;13;0;2.464;6.696;3.014;7
054006;Cannara;32.809;9.93;12.423;34.058;1338;1650;3481;0;2.368;4.349;0.887;21
054007;Cascia;180.833;0.208;0.379;0.446;57;112;147;0.149;3.511;1.785;0.747;102
054008;Castel Ritaldi;22.441;8.092;12.433;17.49;216;460;640;0;3.721;1.462;0.472;15
054009;Castiglione del Lago;205.265;0.137;0.14;7.683;8;8;190;0.096;1.404;9.124;16.347;68
054010;Cerreto di Spoleto;74.783;0.765;0.875;0.952;58;75;97;0.595;6.013;5.449;0.249;107
054011;Citerna;23.529;17.413;39.415;47.941;923;1693;2016;0;3.341;0.353;0.778;46
054012;Città della Pieve;110.942;11.286;15.751;19.654;564;660;1153;0.301;2.542;3.428;23.926;88
054013;Città di Castello;387.312;2.982;5.218;6.228;408;682;1639;0;6.734;4.778;3.679;489
054014;Collazzone;55.563;10.77;12.341;13.061;123;179;193;0;6.063;5.882;0.981;195
054015;Corciano;63.724;0.764;4.053;7.471;26;154;350;0;0.556;1.392;0.224;141
054016;Costacciaro;41.06;0;0;0;0;0;0;0.015;4.087;11.997;0.772;3
054017;Deruta;44.559;8.449;15.499;16.502;141;309;404;0;3.384;1.369;0.738;299
054018;Foligno;264.656;7.149;10.283;15.319;11358;22774;30154;0.028;2.154;5.931;13.487;266
054019;Fossato di Vico;35.39;0.93;1.871;2.218;2;3;4;0.011;3.015;5.838;1.498;8
054021;Giano dell'Umbria;44.475;0.133;0.238;0.36;39;45;72;0;1.808;0.94;5.219;58
054022;Gualdo Cattaneo;96.624;0.81;1.411;1.894;23;53;78;0;4.735;2.284;1.136;151
054023;Gualdo Tadino;124.283;1.005;1.456;1.728;24;98;163;0.14;6.433;5.257;2.584;131
054020;Fratta Todina;17.428;13.26;16.037;18.287;106;129;155;0;2.944;8.417;0.126;18
054024;Gubbio;525.768;0.936;1.333;1.761;73;169;489;0.027;9.716;9.015;1.923;464
054025;Lisciano Niccone;35.182;0.685;4.954;5.676;7;46;60;0;7.546;2.044;0.725;35
054026;Magione;129.733;0.21;0.873;2.767;10;29;151;0;0.938;1.02;0.398;23
054027;Marsciano;161.528;8.429;14.807;16.453;406;909;1416;0;2.314;1.165;0.522;117
054028;Massa Martana;78.408;1.374;1.542;1.636;28;35;39;0.064;3.577;2.113;12.802;182
054029;Monte Castello di Vibio;31.949;7.49;9.212;10.645;86;107;125;0;11.531;13.453;0.222;103
054030;Montefalco;69.512;12.087;13.94;16.173;352;462;591;0;5.957;1.565;1.929;126
054031;Monteleone di Spoleto;62.165;0;0;0;0;0;0;0.069;3.298;1.884;1.242;13
054032;Monte Santa Maria Tiberina;72.528;0;0;0;0;0;0;0;13.159;7.408;1.235;124
054033;Montone;51.094;1.846;2.881;3.216;33;54;61;0.004;14.612;2.691;1.529;240
054034;Nocera Umbra;157.164;0.309;0.335;0.367;56;69;96;0;5.982;2.454;1.248;269
054035;Norcia;275.567;0.028;0.028;0.028;25;25;25;0.439;3.872;5.788;10.701;98
054038;Passignano sul Trasimeno;81.332;0.001;0.001;0.001;0;0;0;0;4.028;3.803;0.722;41
054039;Perugia;449.633;3.146;4.975;6.486;1937;4083;6418;0.037;4.602;1.992;1.206;4978
054040;Piegaro;99.072;1.267;2.064;2.569;26;39;52;0;2.474;2.555;2.266;32
054036;Paciano;16.906;0;0;20.951;0;0;81;0;2.597;1.834;73.288;6
054037;Panicale;79.257;0.531;0.78;3.306;33;64;87;0;1.446;0.985;23.322;22
054041;Pietralunga;140.415;0;0;0;0;0;0;0;10.258;6.241;1.417;362
054042;Poggiodomo;40.094;0;0;0;0;0;0;0.085;7.121;6.153;0.359;7
054043;Preci;82.02;0;0;0;0;0;0;0.049;3.531;1.767;0.644;12
054044;San Giustino;79.979;0.713;4.596;7.147;244;342;504;0;7.246;8.473;12.818;24
054046;Scheggia e Pascelupo;64.15;0;0;0;0;0;0;0.042;6.617;4.906;2.581;23
054047;Scheggino;35.849;2.324;2.837;3.021;53;135;185;0.212;7.122;6.142;0.82;14
054048;Sellano;85.838;0.047;0.097;0.118;1;2;2;0.1;2.825;1.785;0.714;54
054045;Sant'Anatolia di Narco;46.548;1.835;2.112;2.211;11;19;23;1.459;14.735;9.554;2.331;60
054049;Sigillo;26.474;0;0;0;0;0;0;0;5.945;12.556;1.145;5
054050;Spello;61.644;6.296;10.072;38.085;699;1111;3018;0;2.266;11.583;0.571;67
054051;Spoleto;348.137;2.633;4.23;6.244;2127;4038;9192;0.422;3.902;4.085;4.614;464
054052;Todi;222.856;5.5;6.604;7.591;405;609;988;0;12.819;7.741;1.161;874
054053;Torgiano;37.646;14.286;20.284;26.545;144;255;1186;0;3.222;1.45;0.746;89
054054;Trevi;71.185;19.104;23.488;27.473;729;1020;1818;0;0.568;10.022;0.235;2
054055;Tuoro sul Trasimeno;55.885;0;0.023;0.023;0;0;0;0;1.752;5.377;8.365;13
054056;Umbertide;200.831;1.918;3.833;4.754;218;541;1088;0.465;12.091;5.266;2.005;479
054057;Valfabbrica;92.302;1.463;1.983;2.156;59;96;116;0;13.306;4.47;1.667;321
055001;Acquasparta;81.606;0.592;0.797;0.919;11;15;19;0;6.583;2.912;0.373;52
054058;Vallo di Nera;36.221;0.947;1.543;1.684;12;48;59;1.38;7.255;4.202;0.45;49
054059;Valtopina;40.574;1.708;1.861;1.982;86;98;112;0.002;8.966;2.127;1.183;54
055002;Allerona;82.612;0.383;0.531;0.568;2;2;29;0.073;20.173;13.126;2.501;93
055004;Amelia;132.496;0.062;0.133;0.165;2;6;8;0;6.469;2.894;0.774;463
055005;Arrone;41.032;1.784;3.98;4.45;384;656;775;0.87;4.955;4.66;1.318;99
055007;Baschi;68.569;1.862;1.954;2.008;12;13;13;0.05;8.351;7.362;0.707;474
055008;Calvi dell'Umbria;46.006;0;0;0;0;0;0;0;3.793;0.311;0.057;110
055003;Alviano;23.895;8.211;8.211;8.211;13;13;13;0.293;3.98;5.825;0.008;117
055006;Attigliano;10.512;32.068;32.135;32.306;37;37;37;0.485;0.01;0;0.067;44
055009;Castel Giorgio;42.144;0;0;0;0;0;0;0;1.545;2.211;0.043;6
055010;Castel Viscardo;26.216;6.298;9.666;11.123;8;363;536;0.404;12.893;12.508;4.833;95
055011;Fabro;34.55;7.572;15.407;17.106;329;620;776;0.232;4.26;11.479;0.608;127
055012;Ferentillo;69.586;2.197;3.193;3.338;99;147;180;1.028;6.899;4.407;2.459;101
055013;Ficulle;64.619;3.48;4.59;4.773;29;37;38;0;3.847;9.884;1.204;44
055014;Giove;15.088;6.237;6.25;6.29;24;25;25;0.08;15.304;9.392;0.106;181
055015;Guardea;39.381;7.201;7.201;7.201;2;2;2;0;2.336;3.888;1.653;28
055016;Lugnano in Teverina;29.83;0.275;0.275;0.275;0;0;0;0;5.548;5.193;2.259;63
055017;Montecastrilli;62.428;0.109;0.141;0.152;4;6;6;0;9.863;1.972;0.224;255
055018;Montecchio;49.217;0.959;0.959;0.959;1;1;1;0;1.195;2.56;2.442;35
055023;Orvieto;281.269;3.005;4.736;5.252;458;2002;2893;0.06;4.944;4.317;0.687;351
055024;Otricoli;27.411;2.572;2.656;2.805;14;15;15;0;9.215;1.521;0.69;169
055025;Parrano;40.091;2.584;2.896;3.061;4;5;5;0;4.707;4.694;0.484;33
055019;Montefranco;10.087;3.757;9.388;10.201;13;283;356;0.04;4.521;0.744;1.596;15
055020;Montegabbione;51.059;0.063;0.325;0.345;0;1;1;0;3.976;2.989;0.574;44
055021;Monteleone d'Orvieto;24.098;16.093;18.333;20.836;10;11;74;0;3.714;4.789;0.033;47
055022;Narni;197.983;7.878;8.564;9.233;357;486;747;0.608;9.248;1.215;0.649;651
055026;Penna in Teverina;10.003;5.938;6.758;6.938;9;11;11;0.21;18.005;15.585;0.14;83
055030;San Venanzo;169.452;0.172;0.218;0.223;1;2;2;0.023;4.397;5.085;1.269;67
055027;Polino;19.568;0.005;0.005;0.005;5;5;5;0.797;3.444;0.521;0.271;20
055028;Porano;13.604;0;0;0;0;0;0;0;1.919;0.235;0.051;9
055029;San Gemini;27.896;0.208;0.251;0.287;27;33;39;0;10.26;2.022;0.419;102
055031;Stroncone;71.155;0.621;0.899;1.214;42;44;46;0.028;5.151;1.726;0.282;285
055032;Terni;212.426;4.782;6.838;8.359;6552;10982;16244;0.401;3.146;6.476;0.909;845
055033;Avigliano Umbro;51.339;0;0;0;0;0;0;0;3.547;1.194;0.086;32
056001;Acquapendente;131.602;1.624;1.624;1.624;11;11;11;0.752;22.212;0.065;0.565;468
056003;Bagnoregio;72.808;0;0;0;0;0;0;1.402;9.425;4.629;0.494;197
056002;Arlena di Castro;21.871;0;0;0;0;0;0;0.434;0;0.48;0;108
056004;Barbarano Romano;37.564;0;0;0;0;0;0;3.74;0.5;1.462;0;216
056005;Bassano Romano;37.546;0;0;0;0;0;0;0.583;1.42;0.202;0.306;32
056012;Canino;124.038;3.064;4.25;5.129;2;3;10;0.382;2.299;0.031;0;829
056013;Capodimonte;61.291;0.61;0.62;0.625;4;4;4;0.113;0;0;0;5
056014;Capranica;40.968;0;0;0;0;0;0;0.186;0.046;0.002;0.22;318
056006;Bassano in Teverina;12.168;0.814;0.814;0.814;1;1;1;0.049;11.826;0;2.219;26
056007;Blera;92.914;0;0;0;0;0;0;5.16;0.492;1.879;0;713
056008;Bolsena;63.572;0.862;0.862;0.862;169;169;169;1.537;0.747;0.431;0;540
056009;Bomarzo;39.645;13.096;13.096;13.235;11;11;11;0.59;2.406;0.013;0.976;66
056010;Calcata;7.632;0;0;0;0;0;0;0.642;0.275;0;1.035;57
056011;Canepina;20.848;0;0;0;0;0;0;0;0.019;0;0.528;12
037021;Castenaso;35.733;6.988;99.986;99.986;196;14352;14352;0;0;0;0;0
056015;Caprarola;57.577;0;0;0;0;0;0;0.04;0.03;0;0.063;75
056016;Carbognano;17.411;0;0;0;0;0;0;19.959;0.046;0;0.052;1244
056017;Castel Sant'Elia;23.915;0;0;0;0;0;0;0.627;0.284;0;0.523;204
056018;Castiglione in Teverina;19.889;0;0;0;0;0;0;0.845;12.625;2.861;1.901;265
056020;Cellere;37.195;0;0;1.565;0;0;1;1.191;9.762;0;0;366
056019;Celleno;23.824;0;0;0;0;0;0;0.453;10.275;0;0.151;64
056021;Civita Castellana;84.221;7.94;8.685;8.978;167;212;219;0.213;0.394;0.005;0.36;248
037022;Castiglione dei Pepoli;65.761;1.285;3.019;3.019;20;62;62;1.162;30.179;0.973;11.528;668
056022;Civitella d'Agliano;32.955;0.768;0.768;0.768;1;1;1;0.364;5.162;3.113;0.255;45
056023;Corchiano;33.031;0;0;0;0;0;0;0.015;0.154;0;0.242;64
056024;Fabrica di Roma;34.786;0;0;0;0;0;0;4.924;0.052;0;0.011;893
056025;Faleria;25.678;0;0;0;0;0;0;0.047;0.078;0;0.903;0
056026;Farnese;52.375;0.651;0.934;2.037;1;1;2;1.722;5.634;0;0;114
056027;Gallese;37.173;6.499;7.382;7.562;44;156;174;0.105;0.137;0.005;0.204;47
056035;Montalto di Castro;190.046;8.275;10.489;11.831;194;305;350;0.173;1.812;0.223;0;48
056036;Montefiascone;104.93;0;0;0;0;0;0;0.541;0.794;0.212;0.169;396
056037;Monte Romano;86.237;1.059;1.317;1.429;0;0;0;0.202;0.333;1.189;0;0
056028;Gradoli;43.808;0;0;0;0;0;0;0.404;0.139;0.454;0;182
056029;Graffignano;29.102;11.25;11.25;11.329;2;2;2;0.127;0.787;0.062;0.237;37
056030;Grotte di Castro;33.42;0.039;0.039;0.039;0;0;0;0.691;0.509;0;0;152
056031;Ischia di Castro;104.943;1.918;2.256;3.28;0;1;2;0.463;6.414;0;0;980
056032;Latera;22.429;0.731;1.008;2.43;1;2;4;2.318;8.048;0;0;272
056033;Lubriano;16.691;0;0;0;0;0;0;0.773;9.73;2.558;0.617;80
056034;Marta;33.54;0.403;0.716;0.832;14;16;17;0;0.122;0.024;0;10
056038;Monterosi;10.683;0;0;0;0;0;0;0;0.693;0;0.028;6
056039;Nepi;83.71;0;0;0;0;0;0;0.043;0.059;0;0.164;1
056040;Onano;24.508;0;0;0;0;0;0;0.2;0.526;0;0.151;7
056042;Orte;69.559;17.601;18.292;18.527;813;1043;1102;0.745;2.956;0.06;0.093;531
056045;Ronciglione;52.526;0;0;0;0;0;0;0.088;0.017;0;0.131;91
056050;Tarquinia;279.628;9.085;14.398;16.221;843;1149;1255;1.107;0.146;1.688;0;598
056052;Tuscania;208.681;1.152;1.636;1.799;6;9;10;1.039;0.334;0.651;0;186
056041;Oriolo Romano;19.311;0;0;0;0;0;0;0.44;0.254;0.502;0;101
056043;Piansano;26.605;0;0;0;0;0;0;0.804;0.064;0.12;0;918
056044;Proceno;42.014;4.701;4.701;4.701;15;15;15;0;11.399;0.557;0.809;39
056046;Villa San Giovanni in Tuscia;5.279;0;0;0;0;0;0;6.668;0.947;2.254;0;99
056048;Soriano nel Cimino;78.536;0;0;0;0;0;0;0.208;3.793;0.015;0.194;43
056049;Sutri;60.941;0;0;0;0;0;0;0.056;0.177;0.03;0.589;68
056047;San Lorenzo Nuovo;26.735;0;0;0;0;0;0;1.212;0.337;1.014;0;59
056051;Tessennano;14.731;0;0;0;0;0;0;0.407;0;0.224;0;50
056053;Valentano;43.495;0.667;1.094;2.226;0;1;2;2.088;4.674;0;0;305
056054;Vallerano;15.453;0;0;0;0;0;0;0.104;0.039;0.013;0.201;65
056055;Vasanello;28.962;0;0;0;0;0;0;0.104;0.045;0;0.425;0
056056;Vejano;44.307;0;0;0;0;0;0;3.331;0.666;0.167;0;300
056057;Vetralla;113.771;0;0;0;0;0;0;0.157;1.463;0.296;0;320
056058;Vignanello;20.527;0;0;0;0;0;0;0.024;0.078;0;0.76;21
056059;Viterbo;406.227;0;0;0;0;0;0;0.175;1.779;0.083;0.169;501
056060;Vitorchiano;30.143;0;0;0;0;0;0;0.275;3.961;0.056;0.547;184
057001;Accumoli;87.343;0;1.58;1.58;0;24;24;3.848;3.866;2.957;0.007;44
057002;Amatrice;174.385;0;1.345;1.415;0;16;16;0.642;2.79;4.429;0.636;44
057003;Antrodoco;63.904;0.144;0.175;0.332;287;351;653;1.408;1.701;0.468;0.199;173
057004;Ascrea;13.976;0;0;0;0;0;0;0.358;2.397;0;1.159;31
057005;Belmonte in Sabina;23.645;0;0;0;0;0;0;0.309;0.575;0;0.368;8
057006;Borbona;47.948;0;0;0;0;0;0;0.14;0.44;0.517;0.115;3
057007;Borgorose;145.804;0.064;0.064;0.064;17;17;17;0.34;1.726;1.513;0.369;4
057008;Borgo Velino;18.293;0.733;0.951;1.902;54;69;290;0.022;2.591;0;0.022;13
057009;Cantalice;37.624;0;0;0;0;0;0;0.279;0.468;1.672;0.635;20
057010;Cantalupo in Sabina;10.621;0;0;0;0;0;0;1.817;8.436;0;0.725;65
057011;Casaprota;14.546;0;0;0;0;0;0;0.007;10.883;0;0.474;73
057016;Cittaducale;71.253;5.977;6.196;6.306;59;61;62;0.451;0.97;0.051;0.168;84
057017;Cittareale;59.66;0;0;0;0;0;0;0.184;0.669;0.189;0.201;0
057012;Casperia;25.309;0;0;0;0;0;0;0;0.616;0;0.174;10
057013;Castel di Tora;15.491;0;0;0;0;0;0;0;0.362;0.174;0.129;2
057018;Collalto Sabino;22.37;0;0;0;0;0;0;0.295;2.959;0.076;0.89;20
057014;Castelnuovo di Farfa;8.842;0;0;0;0;0;0;0.045;2.488;0;0.068;30
057021;Collevecchio;26.948;3.937;4.802;4.976;10;12;12;0;4.193;0;0.115;90
057022;Colli sul Velino;12.755;18.722;20.572;20.949;0;0;0;0;0.102;0;0.039;0
057015;Castel Sant'Angelo;31.27;9.252;9.514;9.639;377;394;399;1.8;1.225;3.681;0.934;139
057019;Colle di Tora;14.372;0;0;0;0;0;0;0;0.104;0.209;0.898;0
057020;Collegiove;10.613;0;0;0;0;0;0;0.207;1.15;1.743;0.179;6
057024;Configni;22.926;0;0.009;0.013;0;0;0;0.017;12.946;0.004;0.035;35
057030;Frasso Sabino;4.39;0;0;0;0;0;0;0.068;16.196;0.638;0.387;86
057023;Concerviano;21.39;0;0;0;0;0;0;0.033;0.355;0;0.224;12
057025;Contigliano;53.545;19.761;20.538;20.794;161;166;168;0.073;0.03;0;0.314;4
057027;Fara in Sabina;54.962;0.031;0.071;0.073;16;26;27;0.06;1.152;0;0.744;87
057028;Fiamignano;100.618;0;0;0;0;0;0;0.438;3.011;0.665;0.292;126
057029;Forano;17.685;22.409;23.381;23.523;89;93;94;0;2.872;0;0.113;53
057026;Cottanello;36.691;0;0;0;0;0;0;0.071;0.856;0.079;0.082;16
057032;Labro;11.742;0;0;0;0;0;0;0.026;0.928;0;0.145;1
057033;Leonessa;204.016;0;0;0;0;0;0;0.036;0.128;0.515;0.171;13
057034;Longone Sabino;34.334;0;0;0;0;0;0;0.038;0.498;0.038;0.163;1
057035;Magliano Sabina;43.162;21.519;22.029;22.548;116;121;130;0.016;4.27;0;0.54;62
057039;Montasola;12.747;0;0;0;0;0;0;0;2.228;0;0.126;5
057036;Marcetelli;11.084;0;0;0;0;0;0;0.18;1.822;0;0.162;8
057040;Montebuono;19.681;0;0;0;0;0;0;0.163;0.843;0;0.32;7
057037;Micigliano;36.852;0;0;0;0;0;0;0.51;1.256;1.948;0.524;53
057038;Mompeo;10.892;0;0;0;0;0;0;0;12.404;0;0.165;69
057041;Monteleone Sabino;19.04;0;0;0;0;0;0;0.278;0.636;0;0.189;112
057042;Montenero Sabino;22.587;0;0;0;0;0;0;0.412;1.257;0;0.208;37
057031;Greccio;17.853;12.547;12.799;12.973;102;110;123;1.647;30.107;0;0.039;771
057045;Morro Reatino;15.731;0;0;0;0;0;0;0.324;9.434;0;2.276;10
057043;Monte San Giovanni in Sabina;30.757;0;0;0;0;0;0;0.094;0.709;0.042;0.228;8
057044;Montopoli di Sabina;37.94;3.226;3.321;3.413;19;21;21;0.032;1.31;0;0.896;78
057050;Petrella Salto;102.93;0;0;0;0;0;0;0.106;2.109;0.575;0.507;92
057051;Poggio Bustone;22.381;6.345;6.443;6.528;35;35;36;1.461;2.985;0;1.399;199
057052;Poggio Catino;14.981;0;0;0;0;0;0;0.1;2.156;0;0.154;22
057046;Nespolo;8.645;0;0;0;0;0;0;0;0.15;0;0.162;0
057047;Orvinio;24.689;0;0;0;0;0;0;0.036;1.324;0;0.207;22
057048;Paganico Sabino;9.314;0;0;0;0;0;0;3.618;1.943;0.709;1.879;3
057049;Pescorocchiano;94.773;0;0;0;0;0;0;0.173;2.141;0.404;0.502;28
057053;Poggio Mirteto;26.395;6.069;6.232;6.289;498;509;512;0.057;1.735;0.004;0.061;41
057054;Poggio Moiano;26.947;0;0;0;0;0;0;0;1.47;0;0.037;12
057055;Poggio Nativo;16.455;0;0;0;0;0;0;0.152;3.671;0;1.538;43
058025;Castel San Pietro Romano;15.289;0;0;0;0;0;0;13.114;0.183;0.007;0.026;74
057057;Posta;66.013;0.056;0.056;0.056;44;44;44;0.109;1.521;2.081;0.336;20
058020;Carpineto Romano;86.289;1.606;1.606;1.606;74;74;74;23.652;0.074;0.294;0.097;651
057056;Poggio San Lorenzo;8.67;0;0;0;0;0;0;0;0.358;0;0.83;9
058021;Casape;5.379;0;0;0;0;0;0;0.056;0.372;0;0.297;1
058022;Castel Gandolfo;14.185;0;0;0;0;0;0;1.819;0.381;0;0.296;30
058023;Castel Madama;28.803;2.222;2.222;2.222;16;16;16;0;0.222;0;0.437;47
058024;Castelnuovo di Porto;30.565;10.054;11.389;11.916;35;44;121;0.056;1.381;0;0.429;56
058028;Cervara di Roma;31.743;0;0;0;0;0;0;0.23;0.762;1.408;0.072;81
058029;Cerveteri;134.51;1.397;1.546;1.601;430;518;562;1.413;0.329;1.741;0;584
058030;Ciciliano;18.847;0;0;0;0;0;0;0;1.321;0;0.027;0
058033;Civitella San Paolo;20.749;0;0;0;0;0;0;0;0.868;0;0.053;48
058031;Cineto Romano;10.367;0.048;0.048;0.048;0;0;0;0;1.987;0;0.241;2
058032;Civitavecchia;74.495;0.526;1.081;1.369;132;206;310;0.801;0.134;0.338;0;32
058034;Colleferro;26.989;2.26;3.598;3.998;110;214;268;2.92;0;0.226;0.926;513
058026;Cave;17.879;0;0;0;0;0;0;23.542;0.324;0.733;0.397;932
058027;Cerreto Laziale;12.075;0;0;0;0;0;0;0;0.629;0;0;62
058035;Colonna;3.548;0;0;0;0;0;0;0;0;0;0.338;0
058036;Fiano Romano;41.186;20.087;22.243;23.095;224;249;265;0;0.26;0;0.129;61
058037;Filacciano;5.658;40.597;41.357;41.375;0;0;0;0;0.672;0.018;0.035;1
058038;Formello;31.334;0.016;0.016;0.016;0;0;0;0.006;0.38;0;0.179;73
058039;Frascati;22.488;0.382;0.387;0.467;40;40;50;0;0.16;0;0.129;13
058040;Gallicano nel Lazio;25.878;0.015;0.015;0.015;0;0;0;0;0.162;0;0.564;3
058043;Genzano di Roma;17.901;0;0;0;0;0;0;3.843;0.162;0.168;0;384
058059;Mentana;24.268;0;0;0;0;0;0;0;0.676;0;0.103;77
058060;Monte Compatri;24.555;0.517;1.507;2.961;8;57;62;0.391;0.069;0;0.338;1372
058041;Gavignano;15.043;1.496;1.496;1.622;2;2;2;2.406;0.306;0.199;0.632;57
058042;Genazzano;32.065;0.228;0.543;0.577;1;3;4;5.149;0.106;2.426;1.276;662
058044;Gerano;10.124;0;0;0;0;0;0;0.751;0.444;0;0.02;4
058046;Grottaferrata;18.401;0.212;0.217;0.239;12;13;14;0.255;1.902;0;0.043;74
058047;Guidonia Montecelio;79.845;1.493;1.715;37.282;152;195;45089;0;0.65;0.064;0.465;19
058045;Gorga;26.19;0.107;0.107;0.107;0;0;0;16.033;0.073;0.237;0.034;58
058048;Jenne;31.451;0;0;0;0;0;0;0;0;0.327;0.146;0
058049;Labico;11.753;0;0;0;0;0;0;12.729;0;0;0.689;657
058050;Lanuvio;43.804;0.174;0.174;0.174;113;113;113;0.107;0.263;0.126;0;283
058051;Licenza;17.985;0;0;0;0;0;0;0.678;2.697;0;0.083;13
058052;Magliano Romano;20.517;0;0;0;0;0;0;0.005;0.205;0.058;0.127;0
058053;Mandela;13.717;1.998;1.998;1.998;2;2;2;0.292;10.359;0;0.08;58
058054;Manziana;23.999;0;0;0;0;0;0;1.596;0.258;0.429;0;34
058055;Marano Equo;7.654;18.226;18.33;18.33;0;0;0;0;6.036;0;1.411;0
058057;Marino;24.181;0.012;0.012;0.012;0;0;0;0.136;0.004;0;0.079;175
058058;Mazzano Romano;29.067;0;0;0;0;0;0;0.144;0.241;0.014;0.124;61
058056;Marcellina;15.379;0;0;0;0;0;0;0;0.15;0;0.254;1
058061;Monteflavio;16.842;0;0;0;0;0;0;0;0.659;0.267;0.036;7
058064;Monte Porzio Catone;9.125;0;0;0;0;0;0;0;0;0;0.099;0
058069;Nazzano;12.397;16.633;18.714;19.779;0;0;0;0.056;3.711;0;0.161;23
058062;Montelanico;35.14;0.982;0.982;0.982;2;2;2;23.039;0.125;0.048;0.026;383
058063;Montelibretti;45.426;10.686;11.271;11.425;169;174;181;0;1.33;0.165;0.09;38
058065;Monterotondo;40.772;16.131;21.166;21.853;860;7319;7957;0;0.684;0;0.228;76
058067;Moricone;19.587;0;0;0;0;0;0;0;0.071;0;0.128;0
058068;Morlupo;24.084;0;0;0;0;0;0;0.054;4.812;0.477;0.673;251
058074;Palestrina;47.015;0;0;0;0;0;0;9.563;0.111;0.264;0.417;868
058066;Montorio Romano;23.393;0;0;0;0;0;0;0;2.184;0;0.085;58
058070;Nemi;7.325;0;0;0;0;0;0;31.072;0.15;0;0;291
058073;Olevano Romano;26.16;0.13;0.134;0.134;1;1;1;5.52;0.183;7.584;1.131;178
058071;Nerola;17.096;0;0;0;0;0;0;0;0.497;0;0.398;3
058075;Palombara Sabina;75.803;0;0;0;0;0;0;0;1.187;0.02;0.088;120
058076;Percile;17.758;0;0;0;0;0;0;0.13;2.106;0;0.496;32
058077;Pisoniano;12.92;0;0;0;0;0;0;3.104;0.975;1.223;1.78;1
058078;Poli;21.759;0.221;0.221;0.221;0;0;0;0.515;2.661;0;0.078;187
058079;Pomezia;86.517;0;0;0;0;0;0;0.002;0.092;0.084;0.007;54
058080;Ponzano Romano;19.52;29.344;30.492;31.245;104;108;110;0;1.383;0;0.164;54
058081;Riano;25.512;14.272;14.703;14.871;2;2;2;0;0.513;0;0.949;9
058082;Rignano Flaminio;38.539;0;0;0;0;0;0;0.016;0.405;0;0.176;29
058097;Santa Marinella;49.189;1.706;3.759;4.747;851;2338;2888;1.094;0.972;3.491;0;701
058083;Riofreddo;12.384;0;0;0;0;0;0;0;0.291;0;0.218;19
058098;Sant'Angelo Romano;21.357;0;0;0;0;0;0;0;2.121;0;0.229;48
058099;Sant'Oreste;43.917;4.918;5.071;5.146;0;0;0;0.082;2.147;0;0.253;104
058084;Rocca Canterano;15.837;1.118;1.118;1.118;0;0;0;1.452;10.842;1.2;0.612;9
058103;Subiaco;63.231;1.322;1.322;1.322;217;217;217;0.014;1.291;0.036;0.232;169
058104;Tivoli;68.207;6.555;7.197;17.047;1105;1280;10858;0.221;0.031;0.026;0.334;760
058085;Rocca di Cave;11.085;0.496;0.496;0.496;0;0;0;25.286;0;0;0;36
058086;Rocca di Papa;39.716;0;0;0;0;0;0;15.233;0.295;0;0.038;465
058087;Roccagiovine;8.407;0;0;0;0;0;0;0.381;3.866;0;0.071;18
058088;Rocca Priora;28.265;0;0;0;0;0;0;16.02;0.609;0.032;0.555;1859
058105;Tolfa;168.275;0.457;1.101;1.266;4;11;14;2.594;0.178;3.039;0;223
058089;Rocca Santo Stefano;9.572;0;0;0;0;0;0;0.052;5.338;0;0.763;117
058108;Vallepietra;52.94;0;0;0;0;0;0;0.121;1.165;0.457;4.938;1
058111;Velletri;118.266;0;0;0;0;0;0;2.24;0.343;0.2;0;407
058072;Nettuno;71.923;0;0;0.046;0;0;0;0.146;0.004;0;0;73
058092;Roviano;8.502;15.726;15.726;15.726;7;7;7;0;0;0;2.388;0
058093;Sacrofano;28.427;0;0;0;0;0;0;0.049;0.57;0;0.053;222
058094;Sambuci;8.305;0;0;0;0;0;0;0;0;0;0.072;0
058095;San Gregorio da Sassola;35.466;0.663;0.674;1.173;1;1;2;0.006;0.226;0;0.361;24
058096;San Polo dei Cavalieri;42.529;0;0;0;0;0;0;0;0.172;0.275;0.28;3
058100;San Vito Romano;12.662;0;0;0;0;0;0;7.953;5.686;14.571;0;859
058110;Valmontone;40.913;0.117;0.117;0.117;1;1;1;14.118;0;0.166;0.631;2236
058101;Saracinesco;11.16;2.885;2.885;2.885;0;0;0;0.403;0.009;0;0.09;7
058102;Segni;60.858;1.224;1.563;1.993;35;44;58;14.966;0.03;0.143;1.272;179
058106;Torrita Tiberina;10.779;26.422;29.159;29.613;102;112;114;0.158;3.154;0;0.148;34
058107;Trevignano Romano;38.995;0;0;0;0;0;0;0.059;0.351;0.049;0;110
058109;Vallinfreda;16.718;0;0;0;0;0;0;0;3.487;0.042;0.042;0
058112;Vicovaro;35.944;2.662;2.662;2.662;165;165;165;0;3.692;0;1.099;15
058090;Roiate;10.35;0.116;0.116;0.116;0;0;0;13.295;1.478;0.87;0.029;54
058091;Roma;1288.188;6.57;9.083;15.189;41944;96576;389737;0.04;0.296;0.01;0.156;2219
058113;Vivaro Romano;12.537;0;0;2.273;0;0;0;0.279;0.391;0;0.734;15
058115;Lariano;22.489;0;0;0;0;0;0;7.999;0.08;0.498;0;13
058119;San Cesareo;23.643;0;0;0;0;0;0;0;0;0;0.059;0
058120;Fiumicino;215.093;11.468;22.425;26.892;24536;28131;35578;0.32;0.588;0.062;0;56
058122;Fonte Nuova;19.927;0;0;0;0;0;0;0;2.509;0;0.035;156
059001;Aprilia;178.082;0.216;0.216;0.216;54;54;54;0.004;0.356;0.04;0;119
059002;Bassiano;32.4;0.528;0.528;0.583;6;6;7;3.444;0.105;0.08;0;44
059003;Campodimele;38.383;0.406;0.406;0.406;0;0;0;36.61;0;0;0.935;186
059004;Castelforte;29.704;4.232;7.696;8.288;15;46;48;20.401;0;0.04;0.343;884
059005;Cisterna di Latina;144.157;0.405;2.957;2.957;463;661;661;0.142;0.134;0;0;10
060010;Arpino;56.212;0.18;0.486;0.495;10;67;73;7.811;0.817;5.831;1.879;346
060011;Atina;29.875;0.844;3.187;9.001;7;52;303;18.664;0;0.88;2.069;183
060012;Ausonia;19.638;0.306;0.306;0.306;0;0;0;24.921;0.285;11.203;2.139;307
060013;Belmonte Castello;14.054;0;0;0;0;0;0;45.233;0.925;1.58;0.889;184
060014;Boville Ernica;28.173;0;0;0;0;0;0;4.568;0.018;2.992;1.725;338
060015;Broccostella;11.793;0.399;0.907;2.51;1;2;55;2.569;0.288;4.477;1.866;68
060016;Campoli Appennino;32.427;0.537;0.537;0.537;0;0;0;34.592;0.188;3.204;0.478;204
060017;Casalattico;28.377;0.645;0.807;1.255;0;0;1;41.051;0;0;0.691;177
060018;Casalvieri;27.271;0.396;0.686;2.688;1;4;9;7.044;0.004;3.066;4.976;93
060019;Cassino;83.415;1.845;3.569;5.094;186;401;516;9.061;0.032;0.339;0.403;2883
060020;Castelliri;15.321;1.031;1.07;3.518;50;50;177;5.195;1.018;0;3.538;83
060022;Castrocielo;27.905;2.279;2.741;2.741;179;198;198;20.312;0;0;0;874
060021;Castelnuovo Parano;9.882;0;0;0;0;0;0;15.918;0;3.754;0.081;113
060023;Castro dei Volsci;58.45;3.244;3.817;4.082;169;203;215;11.658;0.275;1.535;0.559;336
060024;Ceccano;61.039;6.347;7.997;11.28;547;993;1872;7.549;0.469;1.676;0.87;286
060025;Ceprano;38.03;2.677;3.332;3.889;108;150;178;1.047;0;0.071;0.034;97
060026;Cervaro;39.409;0.053;0.65;0.65;150;184;184;13.34;0.104;2.512;0.906;1081
060027;Colfelice;14.518;2.294;2.542;2.542;0;0;0;2.79;0;0;0;28
060028;Collepardo;24.678;0.028;0.028;0.028;0;0;0;22.583;0;0.835;0.43;48
060029;Colle San Magno;44.989;0.022;0.022;0.022;0;0;0;26.68;0;0;0.016;96
060030;Coreno Ausonio;26.384;0;0;0;0;0;0;9.555;0.045;0.424;0.087;299
060031;Esperia;108.565;0.31;0.773;0.823;10;29;30;21.661;0.056;1.423;0.49;287
060032;Falvaterra;12.733;4.461;4.854;5.922;7;8;13;5.6;2.812;9;3.487;16
060033;Ferentino;81;0.37;0.758;2.541;12;28;129;4.098;0.11;0.995;0.247;307
060034;Filettino;78.069;0;0;0;0;0;0;0.774;1.435;0.895;0.024;101
060035;Fiuggi;32.977;0;0;0;0;0;0;15.535;0.036;0;0;1690
060036;Fontana Liri;16.109;0;0;0;0;0;0;8.275;3.166;0;0.217;67
060037;Fontechiari;16.148;0.836;0.873;0.985;16;17;19;3.332;0;1.208;4.465;45
060038;Frosinone;46.844;1.24;3.215;3.416;204;297;376;1.678;0.414;2.148;1.023;773
060040;Gallinaro;17.739;0;0;0;0;0;0;5.305;0.462;12.633;3.912;67
060041;Giuliano di Roma;33.512;0.158;0.158;0.158;2;2;2;8.251;0.116;1.012;0.263;152
060043;Isola del Liri;15.988;3.146;4.216;10.095;400;649;1933;4.203;1.958;0;2.683;197
060039;Fumone;14.836;0;0;0;0;0;0;5.183;0.162;0.613;0.101;75
060042;Guarcino;40.373;0;0;0;0;0;0;22.173;0;0.238;0.079;243
060044;Monte San Giovanni Campano;48.714;0.185;0.24;0.24;4;7;7;6.238;0.487;1.761;2.162;259
060045;Morolo;26.561;1.706;1.706;10.926;78;78;227;23.614;0.173;4.861;0;598
060046;Paliano;70.636;0.497;0.66;1.529;7;9;20;2.756;0.101;3.798;1.125;100
060047;Pastena;42.161;1.637;1.637;1.637;8;8;8;11.02;0;0.821;0;51
060048;Patrica;27.362;2.463;12.912;13.57;12;36;39;15.927;0;0.044;0.124;69
060049;Pescosolido;44.889;0.655;0.655;0.655;3;3;3;34.962;2.802;0;0.851;261
060050;Picinisco;62.147;0.463;0.463;0.615;1;1;2;33.015;0.618;4.19;0.906;99
060051;Pico;32.931;0.589;0.589;0.589;5;5;5;9.447;0.48;3.134;0.786;387
060052;Piedimonte San Germano;17.334;2.625;2.683;2.683;660;679;679;6.45;0;0.219;0;1499
060054;Pignataro Interamna;24.409;15.011;17.469;17.694;168;195;198;1.504;0.102;0.258;0.68;80
060053;Piglio;35.381;0;0;0;0;0;0;25.847;0.071;0.602;0.449;1224
060055;Pofi;30.681;1.594;2.337;2.379;41;64;65;1.385;0.186;0.476;1.03;27
060056;Pontecorvo;88.801;2.914;3.767;4.614;278;843;1039;4.216;0.975;1.685;0.072;558
060058;Ripi;31.613;0;0;0;0;0;0;1.667;0.066;3.141;1.05;21
060059;Rocca d'Arce;11.583;0;0;0;0;0;0;24.035;0.371;7.52;0.483;258
060060;Roccasecca;43.332;2.059;3.286;3.392;132;215;217;9.889;0.025;0.104;0.332;541
060057;Posta Fibreno;9.804;1.591;1.754;1.887;59;59;60;23.062;0;0;0.316;290
060061;San Biagio Saracinisco;31.214;0.25;0.253;0.253;0;0;0;24.729;1.028;6.757;13.375;53
060062;San Donato Val di Comino;37.634;2.421;2.421;2.421;71;71;71;65.513;0;0.614;0.242;1395
060063;San Giorgio a Liri;15.705;11.907;17.192;17.192;72;254;254;16.676;0;0;0.267;84
060064;San Giovanni Incarico;24.71;2.388;3.306;3.367;34;49;49;4.921;0.85;6.54;2.064;274
060065;Sant'Ambrogio sul Garigliano;9.026;29.67;32.085;32.085;68;74;74;0.687;0;7.379;0.986;2
060066;Sant'Andrea del Garigliano;17.107;9.026;9.359;9.359;27;28;28;14.053;0.152;1.344;1.461;136
060067;Sant'Apollinare;18.019;36.611;42.605;42.611;377;544;544;12.875;0;0.943;0.305;84
060068;Sant'Elia Fiumerapido;41.103;0.229;0.92;1.119;46;78;81;31.538;0.38;0.652;0.421;1185
060069;Santopadre;21.598;0.032;0.032;0.032;0;0;0;11.909;1.116;8.908;0.759;62
060070;San Vittore del Lazio;27.504;0;0;0;0;0;0;20.553;0.229;2.821;0.08;178
060071;Serrone;15.394;0;0;0;0;0;0;42.257;0.299;2.41;0.435;1168
060072;Settefrati;50.677;0.643;0.643;0.643;3;3;3;34.507;0.053;1.898;0.629;124
060073;Sgurgola;19.231;1.659;2.538;9.5;53;86;156;15.569;9.219;1.154;0.634;404
060074;Sora;72.179;5.208;8.807;15.872;1583;3463;14622;32.545;1.179;0.179;0.544;2622
060075;Strangolagalli;10.568;0.246;0.454;0.454;2;4;4;2.64;0.691;6.993;1.476;27
060076;Supino;35.59;1.7;3.557;8.016;4;9;39;29.86;0.143;0.056;0;743
060077;Terelle;31.644;0.673;0.673;0.673;3;3;3;28.081;1.507;0.373;0.228;60
060078;Torre Cajetani;11.993;0.175;0.175;0.175;0;0;0;11.715;0;0.233;0.2;30
060079;Torrice;18.06;0;0;0;0;0;0;2.757;0.975;7.996;2.348;102
060080;Trevi nel Lazio;54.322;0;0;0;0;0;0;0.081;0.116;0.131;0.035;1
060081;Trivigliano;12.64;0;0;0;0;0;0;3.441;0;0.095;0.324;8
060082;Vallecorsa;39.276;0;0;0;0;0;0;1.166;0.023;0.003;0;43
060083;Vallemaio;18.538;0;0;0;0;0;0;30.095;0.086;1.969;2.562;180
060084;Vallerotonda;59.656;0.223;0.223;0.223;1;1;1;13.331;0.104;0.401;0.426;174
060085;Veroli;119.656;1.544;1.581;1.6;241;256;261;25.896;0.276;1.816;1.914;1531
060087;Vico nel Lazio;45.842;0.039;0.039;0.039;0;0;0;34.706;0.05;0.659;0.116;167
060088;Villa Latina;17.034;0.393;0.393;0.816;6;6;6;37.654;0;2.747;1.333;358
060086;Vicalvi;8.208;0;0;0;0;0;0;16.728;0;3.155;3.302;42
060089;Villa Santa Lucia;17.767;3.726;4.418;4.418;326;376;376;24.118;0;0.839;0;446
060090;Villa Santo Stefano;20.099;2.518;3.542;3.821;21;31;33;0.159;0.109;0.503;0;26
060091;Viticuso;20.859;0.23;0.23;0.23;0;0;0;6.05;0;0.177;0;18
061003;Alvignano;38.127;5.671;6.171;6.171;62;65;65;7.019;0.115;3.766;0.299;452
061008;Caianello;15.678;0;0;0;0;0;0;5.696;0;0.517;1.097;33
061001;Ailano;16.056;10.034;12.512;13.702;24;30;32;4.821;0.442;2.118;1.302;81
061002;Alife;64.317;8.945;20.377;21.599;267;2696;2821;12.679;0;0.35;0;878
061004;Arienzo;14.008;5.875;7.039;7.067;1110;1339;1340;44.039;20.395;1.892;0.314;587
061005;Aversa;8.852;0;0;0;0;0;0;0;0;0;0;0
061006;Baia e Latina;24.433;10.42;11.12;11.12;60;63;63;15.835;0;0.135;0;284
061007;Bellona;11.778;5.077;8.473;8.473;25;62;62;19.095;0;0;0;331
061009;Caiazzo;37.04;3.882;6.477;6.477;46;298;298;8.755;0.127;6.156;0.246;196
061010;Calvi Risorta;15.958;0.639;0.639;0.639;112;112;112;13.761;0.081;0.445;0.301;658
061011;Camigliano;6.017;0.299;0.299;0.299;0;0;0;29.816;0;0;0;48
061012;Cancello ed Arnone;49.301;8.872;92.033;95.207;180;5374;5407;0;0;0;0;0
061013;Capodrise;3.436;0;0;0;0;0;0;0;0;0;0;0
061014;Capriati a Volturno;18.386;11.966;24.209;27.07;49;98;110;25.748;0;3.851;0;171
061015;Capua;48.603;18.824;52.242;52.242;610;985;985;6.452;0;0;0;135
061017;Carinola;59.229;1.027;6.372;7.252;10;46;51;8.943;0;0.054;0.152;329
061052;Mondragone;56.104;5.215;29.467;33.58;231;1188;1632;7.493;0;0.258;0;111
061073;Ruviano;24.151;7.445;8.335;8.335;60;66;66;4.588;0.331;7.308;1.192;72
061016;Carinaro;6.316;0;0;0;0;0;0;0;0;0;0;0
061018;Casagiove;6.357;0;0;0;0;0;0;3.98;0;0;0;7
061024;Castel di Sasso;20.401;1.809;3.284;3.284;14;31;31;18.185;0.75;4.225;0.162;136
061019;Casal di Principe;23.513;0;17.344;17.344;0;6;6;0;0;0;0;0
061020;Casaluce;9.558;0;0.23;0.23;0;0;0;0;0;0;0;0
061021;Casapulla;2.923;0;0;0;0;0;0;0.616;0;0;0;2
061022;Caserta;54.069;2.774;2.833;2.833;2410;2413;2413;19.59;0.967;0.559;0;4556
061025;Castello del Matese;21.773;0;0;0;0;0;0;22.771;0;0.886;0.147;92
061023;Castel Campagnano;17.478;18.326;18.509;18.641;151;173;201;6.482;0.755;4.537;1.442;85
061026;Castel Morrone;25.344;5.465;6.905;6.905;204;208;208;22.644;0.016;0.797;0;283
061027;Castel Volturno;74.851;13.428;80.581;80.581;2511;13636;13636;0;0;0;0;0
061028;Cervino;8.208;1.803;2.351;2.351;304;394;394;25.037;23.757;3.923;2.948;553
061029;Cesa;2.737;0;0;0;0;0;0;0;0;0;0;0
061030;Ciorlano;28.651;4.614;13.535;16.802;9;74;95;10.614;0;0.534;0.258;81
061031;Conca della Campania;26.467;0;0;0;0;0;0;12.533;0;0.858;0.083;47
061032;Curti;1.689;0;0;0;0;0;0;0;0;0;0;0
061039;Galluccio;32.113;0.028;0.028;0.028;0;0;0;13.941;0;2.242;0.003;189
061057;Piedimonte Matese;41.429;0.881;3.135;3.355;918;1881;1908;20.515;0;0.065;0.282;3246
061033;Dragoni;25.784;5.182;5.709;5.709;17;19;19;15.184;0;0;0;169
061034;Fontegreca;9.711;0.196;2.616;3.553;0;1;1;23.005;0;5.54;0;163
061044;Letino;31.589;0.772;0.772;0.772;2;2;2;26.968;0.592;1.152;1.222;71
061059;Pietravairano;33.493;9.136;11.292;11.292;59;63;63;16.974;0.024;0.313;0;695
061035;Formicola;15.674;2.137;2.137;2.137;49;50;50;37.406;0;0;0.077;390
061036;Francolise;40.924;0.762;15.475;24.059;22;727;1496;1.85;0.037;0.078;0.09;9
061049;Marcianise;30.235;0.003;0.003;0.003;0;0;0;0;0;0;0;0
058114;Zagarolo;28.027;0;0;0;0;0;0;0.014;1.21;0.025;0.467;337
061037;Frignano;9.858;0;0;0;0;0;0;0;0;0;0;0
061038;Gallo Matese;31.129;0;0;0;0;0;0;6.916;0;1.092;0.196;6
061040;Giano Vetusto;10.927;4.768;4.786;4.786;242;242;242;31.463;0;2.498;0.018;385
061041;Gioia Sannitica;54.423;1.933;3.181;3.181;85;87;87;18.906;0.187;3.333;0.331;691
061042;Grazzanise;47.05;12.916;97.32;98.079;144;7066;7072;0;0;0;0;0
061043;Gricignano di Aversa;9.978;0;0;0;0;0;0;0;0;0;0;0
061045;Liberi;17.589;0.91;0.915;0.915;1;1;1;22.969;0.193;0;0.438;91
061046;Lusciano;4.557;0;0;0;0;0;0;0;0;0;0;0
061050;Marzano Appio;28.304;0;0;0;0;0;0;11.083;0;0.537;1.353;76
061051;Mignano Monte Lungo;53.095;0.122;0.122;0.122;1;1;1;27.104;0;0.599;0.023;455
061047;Macerata Campania;7.615;0;0;0;0;0;0;0;0;0;0;0
061048;Maddaloni;36.672;0.412;0.412;0.412;107;107;107;3.88;3.1;0.998;0.417;190
061053;Orta di Atella;10.834;0;0;0;0;0;0;0;0;0;0;0
061060;Pignataro Maggiore;32.378;0.781;9.142;10.195;0;0;0;4.54;0;0;0;652
061054;Parete;5.608;0;0;0;0;0;0;0;0;0;0;0
061055;Pastorano;14.021;0;0;0.007;0;0;0;3.823;0;0;0;120
061061;Pontelatone;32.171;3.674;10.426;10.426;7;7;7;23.801;0.193;0.995;0.302;194
061056;Piana di Monte Verna;23.495;6.848;21.494;21.494;445;540;540;16.808;0.502;3.388;0.157;805
061058;Pietramelara;23.934;3.698;3.702;3.702;69;69;69;28.754;0;0;0.297;352
061062;Portico di Caserta;1.913;0;0;0;0;0;0;0;0;0;0;0
061064;Pratella;33.744;14.589;18.311;18.311;134;296;296;7.492;0.056;2.359;0.851;63
061065;Presenzano;31.889;3.754;3.995;3.995;55;59;59;16.294;0;0;0;233
061076;San Gregorio Matese;56.499;0.678;0.678;0.678;1;1;1;30.533;0;0.172;0.11;54
061063;Prata Sannita;21.209;0.042;0.387;0.387;0;1;1;16.564;0;3.187;0.556;61
061066;Raviscanina;24.64;4.854;5.739;5.739;78;95;95;27.24;0;0.061;0.199;337
061069;Rocca d'Evandro;49.532;7.65;9.033;9.055;113;133;133;18.38;0.236;3.802;2.023;238
061067;Recale;3.22;0;0;0;0;0;0;0;0;0;0;0
061070;Roccamonfina;31.038;0;0;0;0;0;0;13.326;0;0;0.251;134
061080;San Potito Sannitico;23.131;0.821;0.821;0.821;7;7;7;20.764;0;0.095;0;274
061068;Riardo;16.48;1.802;1.808;1.808;7;7;7;11.808;0;0;0;130
061071;Roccaromana;27.712;3.461;3.468;3.468;22;22;22;41.008;0;0.242;0.112;270
061072;Rocchetta e Croce;13.005;1.153;1.161;1.161;1;1;1;23.506;1.123;5.613;0.631;64
061074;San Cipriano d'Aversa;6.19;0;0;0;0;0;0;0;0;0;0;0
061075;San Felice a Cancello;27.179;3.282;7.749;10.655;1859;4095;5218;31.212;11.984;6.056;0.567;2506
061077;San Marcellino;4.61;0;0;0;0;0;0;0;0;0;0;0
061083;Santa Maria Capua Vetere;15.92;0;4.052;4.052;0;0;0;0;0;0;0;0
061078;San Nicola la Strada;4.727;0;0;0;0;0;0;0;0;0;0;0
061084;Santa Maria la Fossa;29.73;14.393;99.492;99.492;29;2682;2682;0;0;0;0;0
061079;San Pietro Infine;13.717;2.114;2.114;2.114;0;0;0;55.916;0;0;0;59
061081;San Prisco;7.785;2.376;2.376;2.376;1;1;1;26.641;0;0;0;7
061085;San Tammaro;36.967;0;81.803;81.803;0;45;45;0;0;0;0;0
061082;Santa Maria a Vico;10.835;2.63;3.055;3.064;582;612;616;21.144;11.241;1.938;0;462
061086;Sant'Angelo d'Alife;33.523;4.305;6.273;6.425;59;86;88;26.826;0;0;0;745
061087;Sant'Arpino;3.201;0;2.937;2.937;0;306;306;0;0;0;0;0
058116;Ladispoli;26.179;1.192;3.274;4.251;582;3484;4496;0;0.619;0;0;52
058117;Ardea;72.131;0.324;0.324;0.324;149;149;149;0.177;0.032;0;0;269
061088;Sessa Aurunca;162.195;9.557;13.696;15.729;1244;1691;1830;15.318;0.046;0.224;0.791;1340
061091;Teano;89.43;0.041;0.12;0.136;1;2;2;8.14;0.004;0.086;0.341;326
061089;Sparanise;18.765;0;0;0;0;0;0;0.693;0;0;0;68
061090;Succivo;7.212;0;0;0;0;0;0;0;0;0;0;0
061092;Teverola;6.699;0;0;0;0;0;0;0;0;0;0;0
061093;Tora e Piccilli;12.394;0;0;0;0;0;0;9.658;0;1.025;0.056;17
061094;Trentola Ducenta;6.655;0;0;0;0;0;0;0;0;0;0;0
061095;Vairano Patenora;43.523;6.576;7.412;7.44;13;13;13;8.336;0.023;3.414;0.018;365
061096;Valle Agricola;24.42;0.221;0.225;0.225;0;0;0;35.066;0.082;1.31;1.163;178
061097;Valle di Maddaloni;10.901;3.706;3.706;3.706;14;14;14;27.098;0;0.147;0;126
061099;Villa Literno;61.825;0;0.068;0.068;0;1;1;0;0;0;0;0
061098;Villa di Briano;8.547;0;0;0;0;0;0;0;0;0;0;0
061100;Vitulazio;22.97;0;4.057;5.869;0;7;10;1.646;0;0;0;37
061101;Falciano del Massico;46.72;3.089;13.577;17.941;340;340;340;14.818;0;0;0.028;538
061102;Cellole;36.793;4.452;15.209;15.859;46;204;220;0.076;0;0;0;0
062004;Apollosa;21.12;0.559;1.155;1.354;5;10;14;5.142;5.54;18.603;0.076;94
062019;Castelvenere;15.436;0.667;2.196;2.196;3;10;10;0.168;0;0.369;0;9
058118;Ciampino;13.005;1.369;2.176;2.499;1135;1397;1462;0;0;0;0;0
061103;Casapesenna;3.048;0;0;0;0;0;0;0;0;0;0;0
062008;Benevento;130.873;4.018;7.36;8.019;560;1141;1438;0.896;0.572;4.543;0.39;118
062020;Castelvetere in Val Fortore;34.573;0.495;6.748;6.774;2;47;47;5.042;23.177;0;8.871;236
061104;San Marco Evangelista;5.687;0;0;0;0;0;0;0;0;0;0;0
062012;Calvi;22.306;0.991;1.188;1.367;8;9;11;0.027;0.646;0.708;1.085;12
062001;Airola;14.92;3.097;11.508;12.641;24;284;385;8.646;1.944;0.221;0;214
062002;Amorosi;11.222;31.982;34.441;35.484;222;238;254;0.036;0;0;0;0
062003;Apice;49.038;4.476;6.595;7.029;76;107;114;3.611;8.314;1.352;2.274;205
062005;Arpaia;4.961;9.111;9.333;9.373;955;987;989;49.063;10.824;2.459;0;615
062013;Campolattaro;17.586;2.053;2.07;2.076;4;4;4;2.314;4.987;14.113;0;20
062006;Arpaise;6.657;0;0;0;0;0;0;3.575;5.678;18.417;2.118;48
062007;Baselice;47.817;1.131;7.671;7.742;4;46;46;6.178;31.273;0.525;14.79;355
062009;Bonea;11.463;5.766;5.766;5.766;18;18;18;35.767;0.07;0.829;0;226
062015;Casalduni;23.34;0.026;0.03;0.03;0;0;0;5.604;3.925;23.453;1.105;103
062010;Bucciano;7.94;7.04;9.559;9.95;29;52;56;50.479;0;0;0;236
062016;Castelfranco in Miscano;43.397;0;0.233;0.233;0;0;0;8.634;3.744;16.692;1.454;40
062017;Castelpagano;38.255;0.687;0.693;0.693;6;7;7;8.694;0.784;13.007;0.366;61
062011;Buonalbergo;25.079;0.662;1.128;1.228;3;5;5;5.71;22.337;0.231;1.276;371
062014;Campoli del Monte Taburno;9.804;0;0;0;0;0;0;3.59;10.894;22.991;0.388;164
062018;Castelpoto;11.779;1.706;1.817;1.978;4;4;4;5.136;2.25;9.916;0.331;29
062021;Cautano;19.718;0.086;0.086;0.091;0;0;0;30.414;0.441;6.36;0.259;644
062027;Dugenta;16.052;12.241;15.68;16.191;58;66;67;0.449;0;0.012;0.168;4
062022;Ceppaloni;23.803;1.193;1.575;1.76;9;11;12;2.411;4.886;18.792;0.571;60
062023;Cerreto Sannita;33.353;0.201;0.207;0.21;7;7;7;9.31;4.836;15.288;0.771;415
062024;Circello;45.664;1.496;2.203;3.326;19;32;43;10.801;0.742;16.753;2.786;151
062025;Colle Sannita;37.275;0.609;2.296;2.296;4;40;40;4.799;2.806;12.41;0.808;101
062026;Cusano Mutri;58.859;0.493;0.669;0.683;15;22;22;34.474;0.593;11.322;1.976;788
062028;Durazzano;12.905;0.287;0.287;0.287;0;0;0;19.791;7.478;2.069;0.093;296
062029;Faicchio;43.989;5.074;6.806;7.334;80;119;129;30.303;0;0.739;0;368
062031;Foiano di Val Fortore;41.309;1.017;6.05;6.125;17;73;76;4.428;41.19;0;5.786;270
062032;Forchia;5.455;6.783;8.231;8.598;180;239;302;48.671;12.887;1.925;4.748;330
062030;Foglianise;11.766;4.513;5.125;5.363;32;36;37;13.488;0.348;2.72;0.799;816
062033;Fragneto l'Abate;20.574;4.024;5.478;5.731;12;17;18;2.532;8.19;13.507;0;41
062035;Frasso Telesino;21.816;0.367;0.371;0.371;0;0;0;29.332;0.119;8.828;0;759
062042;Montefalcone di Val Fortore;41.938;0.308;4.576;4.597;0;40;40;17.917;24.753;6.886;5.503;20
062043;Montesarchio;26.507;0.083;0.143;0.155;1;4;4;6.934;1.596;9.575;0.034;682
062044;Morcone;101.331;0.533;0.617;0.822;22;26;38;4.365;1.197;12.125;1.397;134
062034;Fragneto Monforte;24.492;0.241;0.241;0.241;2;2;2;4.422;4.757;13.886;0.584;91
062036;Ginestra degli Schiavoni;14.787;0;0;0;0;0;0;17.603;23.054;0.812;3.848;83
062041;Molinara;24.164;0.546;1.287;1.287;4;5;5;2.475;24.007;0.257;0.364;143
062037;Guardia Sanframondi;21.097;10.172;12.566;12.566;6;21;21;5.186;3.783;9.404;2.536;1525
062038;Limatola;18.381;26.832;33.464;34.187;341;994;1110;10.076;0.419;2.475;0;672
062039;Melizzano;17.591;11.227;11.233;11.233;58;58;58;9.755;0;11.688;0.125;72
062040;Moiano;20.203;4.143;4.331;4.435;131;134;136;28.743;4.148;0.703;0;1521
062045;Paduli;45.299;3.212;4.841;4.841;13;28;28;8.214;13.117;0.013;0;165
062046;Pago Veiano;23.749;3.895;5.074;5.074;30;41;41;1.613;31.366;0.004;0;353
062051;Pietraroja;35.813;0.039;0.039;0.039;0;0;0;14.919;2.024;14.69;0.249;26
062052;Pietrelcina;28.254;0.832;1.03;1.03;4;5;5;1.787;2.771;6.233;0.343;63
062053;Ponte;17.915;5.694;9.272;10.98;30;169;175;5.186;1.836;10.433;1.485;320
062047;Pannarano;11.799;0.941;0.949;0.949;4;4;4;31.876;1.763;10.094;2.051;311
062054;Pontelandolfo;29.029;0.069;0.069;0.069;1;1;1;7.854;4.847;6.607;0.231;157
062048;Paolisi;5.978;5.32;10.672;12.178;302;359;377;41.653;2.175;1.439;0;575
062049;Paupisi;6.833;19.991;22.245;23.05;148;155;158;42.09;1.244;8.283;0;659
062060;San Leucio del Sannio;9.946;1.458;1.709;1.88;7;9;11;2.755;0.543;7.239;0.01;24
062050;Pesco Sannita;24.154;3.2;4.633;4.633;25;34;34;3.039;18.171;0;0.178;243
062055;Puglianello;8.761;8.275;8.275;8.275;29;29;29;0.205;0;0;0;1
062056;Reino;23.638;4.565;5.58;6.037;42;49;52;6.1;29.101;0.558;1.578;338
062057;San Bartolomeo in Galdo;82.663;1.121;7.779;7.968;10;65;67;9.824;13.061;0;0.347;180
062058;San Giorgio del Sannio;22.339;0.631;0.779;0.779;4;5;5;0;0.779;2.243;0;5
062059;San Giorgio La Molara;65.765;1.223;2.489;2.489;7;13;13;6.858;13.954;17.447;0.852;240
062061;San Lorenzello;13.883;1.714;2.543;2.622;9;11;11;28.596;0;1.008;0.108;297
062063;San Lupo;15.304;0;0;0;0;0;0;7.403;6.299;15.748;1.686;23
062062;San Lorenzo Maggiore;16.296;6.314;8.321;9.119;0;0;161;4.805;2.878;12.273;6.811;47
062064;San Marco dei Cavoti;49.187;1.732;2.33;2.33;27;31;31;4.172;6.089;9.627;4.469;117
062065;San Martino Sannita;6.184;0;0;0;0;0;0;1.698;0.388;6.533;3.169;4
062066;San Nazzaro;2.042;0;0;0;0;0;0;0;4.163;7.591;0;17
062067;San Nicola Manfredi;19.202;0.969;1.604;1.604;5;8;8;1.536;0.37;4.114;0.427;9
062070;Sant'Agata de' Goti;63.379;1.34;2.665;3.009;26;57;70;9.803;0.723;6.938;0.353;683
062071;Sant'Angelo a Cupolo;11.01;2.389;2.861;2.861;7;8;8;0.463;0.4;5.441;0.917;4
062068;San Salvatore Telesino;18.311;0.044;0.044;0.044;0;0;0;0.836;0;0;0;104
062069;Santa Croce del Sannio;16.241;0.209;0.209;0.209;1;1;1;2.321;0;12.401;1.065;16
062072;Sassinoro;13.245;0.755;0.763;0.763;3;3;3;7.037;0.408;17.486;2.303;17
062073;Solopaca;31.127;8.726;10.428;10.476;239;270;271;24.439;0;1.475;0;617
062075;Tocco Caudio;27.491;0.255;0.258;0.258;1;1;1;16.147;2.503;11.527;0.073;105
062076;Torrecuso;29.155;3.317;4.713;4.713;64;146;146;9.83;0.672;14.903;0;170
062077;Vitulano;35.991;4.379;4.565;4.593;318;322;322;28.118;0.784;3.059;2.351;314
062074;Telese Terme;9.999;23.582;24.092;25.533;193;197;208;0.15;0;0;0;1
062078;Sant'Arcangelo Trimonte;9.799;0.816;1.419;1.796;0;0;1;1.582;12.43;0;2.133;31
063001;Acerra;54.712;0.031;0.894;3.813;1;206;357;0;0;0;0;0
063002;Afragola;17.915;0;0;0;0;0;0;0;0;0;0;0
063003;Agerola;19.832;0.055;0.055;0.055;8;8;8;14.431;54.639;10.049;20.845;2393
063004;Anacapri;6.358;0;0;0;0;0;0;20.148;15.382;23.954;24.08;162
063006;Bacoli;13.517;2.094;2.094;2.094;419;419;419;3.78;8.456;0.57;0.222;1742
063005;Arzano;4.753;0;0.274;0.274;0;0;0;0;0;0;0;0
063007;Barano d'Ischia;10.979;6.312;6.312;6.312;732;732;732;27.835;28.655;1.931;14.564;2674
063008;Boscoreale;11.4;1.167;1.167;1.167;790;790;790;0;0;0.026;2.018;0
063011;Caivano;27.221;0.018;0.018;0.018;0;0;0;0;0;0;0;0
063050;Nola;39.185;5.05;8.741;14.613;950;1074;4413;0.679;3.119;0;0.651;26
063051;Ottaviano;20.023;15.677;15.677;15.677;7572;7572;7572;15.742;11.282;13.245;16.96;464
063009;Boscotrecase;7.49;4.633;4.66;4.66;783;783;783;1.348;2.817;0.013;46.342;4
063032;Frattamaggiore;5.388;0;8.333;8.333;0;3053;3053;0;0;0;0;0
063010;Brusciano;5.616;0;0;0;0;0;0;0;0;0;0;0
063012;Calvizzano;3.983;10.043;10.043;10.043;559;559;559;0;1.506;0;0;58
063052;Palma Campania;20.671;0.876;1.742;1.935;175;203;214;8.645;9.196;8.805;7.914;126
063013;Camposano;3.328;9.075;14.814;19.261;41;178;452;0;0;0;0;0
063014;Capri;4.063;1.526;1.526;1.526;179;179;179;31.381;2.609;9.722;43.982;289
063053;Piano di Sorrento;7.347;1.511;1.606;1.606;322;349;349;12.808;13.203;17.912;45.665;380
063015;Carbonara di Nola;3.611;3.766;5.788;6.563;183;242;242;21.739;25.478;2.354;0.637;130
063056;Pollena Trocchia;8.016;18.588;18.588;18.588;3744;3744;3744;19.898;10.841;4.591;11.639;480
063016;Cardito;3.198;0;0;0;0;0;0;0;0;0;0;0
063017;Casalnuovo di Napoli;7.835;0.128;0.128;3.842;2;2;274;0;0;0;0;0
063018;Casamarciano;6.384;2.052;2.381;4.684;100;105;210;17.841;24.091;0.956;0.392;33
063019;Casamicciola Terme;5.855;4.902;4.902;4.902;299;299;299;58.958;0.82;25.448;0.034;3028
063020;Casandrino;3.211;0;28.745;28.745;0;4063;4063;0;0;0;0;0
063025;Castello di Cisterna;3.921;0;0;0;0;0;0;0;0;0;0;0
063057;Pomigliano d'Arco;11.709;0;0;0.248;0;0;0;0;0;0;0;0
063021;Casavatore;1.609;0;0;0;0;0;0;0;0;0;0;0
063040;Liveri;2.711;3.873;14.128;17.115;159;221;221;11.509;2.84;0;0;9
063022;Casola di Napoli;2.593;5.438;5.438;5.438;582;582;582;44.582;8.831;19.938;26.649;686
063023;Casoria;12.1;0;0;0;0;0;0;0;0;0;0;0
063024;Castellammare di Stabia;17.985;3.281;10.247;11.782;2329;12762;17264;31.721;12.143;4.281;12.616;2868
063026;Cercola;4.228;0.662;0.662;0.662;61;61;61;0;0;0;0;0
063027;Cicciano;7.331;18.579;39.231;49.952;507;2350;2847;0.055;0;0;0;0
063041;Marano di Napoli;15.606;3.909;3.909;3.909;1224;1224;1224;4.87;16.09;1.032;2.858;1714
063028;Cimitile;2.741;18.205;25.976;25.976;158;329;329;0;0;0;0;0
063033;Frattaminore;2.042;0;8.57;8.57;0;1623;1623;0;0;0;0;0
063043;Marigliano;22.575;0.213;0.283;1.661;23;24;267;0;0;0;0;0
063029;Comiziano;2.449;0.694;3.43;4.002;12;42;47;0;0;0;0;0
063044;Massa Lubrense;20.045;1.262;1.297;1.297;203;224;224;14.807;14.777;49.289;17.166;1214
063058;Pompei;12.431;0.853;17.046;17.046;101;5218;5218;0;0;0;0;0
063030;Crispano;2.219;0;0;0;0;0;0;0;0;0;0;0
063031;Forio;13.071;1.966;1.966;1.966;500;500;500;27.159;15.301;1.201;3.718;2189
063036;Grumo Nevano;2.877;0;31.978;31.978;0;7079;7079;0;0;0;0;0
063034;Giugliano in Campania;94.707;0.191;0.191;2.836;153;153;1467;0;0.049;0;0;10
063035;Gragnano;14.642;2.206;3.674;3.688;502;1202;1202;51.12;10.647;11.091;22.627;4685
063037;Ischia;8.138;3.269;3.269;3.269;622;622;622;22.18;18.014;2.851;6.586;3551
063049;Napoli;119.242;1.359;1.723;1.735;5791;7372;7493;3.876;8.496;0.12;1.33;42390
063038;Lacco Ameno;2.084;6.67;6.67;6.67;409;409;409;15.259;10.988;1.008;0.528;580
063039;Lettere;12.019;1.015;1.015;1.015;73;73;73;43.964;27.14;16.599;12.089;585
063042;Mariglianella;3.262;0;0;0;0;0;0;0;0;0;0;0
063045;Melito di Napoli;3.78;0;15.767;15.767;0;5777;5777;0;0;0;0;0
063046;Meta;2.251;3.376;3.376;3.376;155;155;155;42.648;12.883;4.665;23.101;2055
063047;Monte di Procida;3.704;2.268;2.268;2.268;299;299;299;10.988;19.951;1.161;2.808;1506
063048;Mugnano di Napoli;5.245;0.839;2.593;2.593;358;557;557;0;0.019;0;0;6
063054;Pimonte;12.539;2.153;2.6;2.6;188;211;211;64.367;7.265;13.159;15.209;841
063059;Portici;4.636;0.129;0.194;0.194;6;8;8;0;0;0;0;0
063055;Poggiomarino;13.201;0.712;4.5;5.712;78;99;106;0;0;0;0;0
063062;Qualiano;7.434;5.569;5.569;5.569;804;804;804;0;0.135;0;0;32
063060;Pozzuoli;43.837;1.606;1.606;3.702;1334;1334;2322;7.904;16.313;0.839;1.348;6025
063061;Procida;4.26;0.915;0.915;0.915;106;106;106;12.77;5.845;0;0;806
063063;Quarto;14.159;1.907;2.479;2.479;1377;1722;1722;0.65;4.972;0.233;3.298;521
063064;Ercolano;19.917;4.951;6.512;6.512;3034;3998;3998;6.959;8.114;6.758;26.008;22
063068;San Giuseppe Vesuviano;14.171;5.878;6.873;6.873;587;660;660;3.02;3.161;4.107;10.162;12
063065;Roccarainola;28.331;5.76;7.151;8.789;761;1151;1968;26.272;21.058;7.038;0.417;439
063066;San Gennaro Vesuviano;7.014;0;0;0;0;0;0;0;0;0;0;0
063067;San Giorgio a Cremano;4.075;0.663;2.454;2.454;154;424;424;0;0;0;0;0
063069;San Paolo Bel Sito;2.948;2.883;4.376;7.395;47;81;81;1.323;6.649;0;3.969;49
063072;Sant'Anastasia;18.741;8.692;9.471;10.426;3743;4138;4184;17.363;6.462;0.875;7.961;242
063080;Sorrento;9.996;1.461;1.501;1.501;578;579;579;12.825;9.524;37.715;27.031;1318
063070;San Sebastiano al Vesuvio;2.636;0.076;0.076;0.076;0;0;0;0;2.39;1.328;11.153;2
063071;Sant'Agnello;4.149;3.35;3.471;3.471;400;415;415;14.461;15.811;9.352;40.275;792
063073;Sant'Antimo;5.913;0;3.907;3.907;0;406;406;0;0;0;0;0
063076;Saviano;13.877;1.492;1.492;4.367;285;285;682;0;0;0;0;0
063074;Sant'Antonio Abate;7.932;1.299;8.636;8.636;334;711;711;3.921;0;2.736;7.388;378
063075;San Vitaliano;5.37;1.117;6.48;9.385;0;1;2;0;0;0;0;0
063077;Scisciano;5.479;0;0;0;0;0;0;0;0;0;0;0
063079;Somma Vesuviana;30.666;13.341;13.641;13.641;3933;4391;4391;16.843;11.452;4.164;8.981;1552
063078;Serrara Fontana;6.45;10.109;10.109;10.109;359;359;359;34.729;23.798;1.752;29.891;1143
063081;Striano;7.652;0.039;8.717;10.206;0;200;258;0;0;0;0;0
063083;Torre Annunziata;7.589;3.4;7.05;10.331;432;770;1810;0;0.026;0.013;0;6
063082;Terzigno;23.465;4.517;4.517;4.517;1317;1317;1317;5.191;8.945;7.991;29.465;22
063084;Torre del Greco;30.667;2.126;3.496;11.68;1789;3046;12774;1.718;3.153;5.27;25.435;24
063085;Tufino;5.207;8.431;18.187;23.949;248;761;1079;0.941;5.109;0.077;1.824;0
063086;Vico Equense;29.366;1.168;1.284;1.284;370;399;399;35.381;18.852;20.68;23.197;3698
063087;Villaricca;6.873;1.382;2.794;2.794;34;42;42;0;0.757;0;0;6
063088;Visciano;10.903;1.66;1.66;1.66;579;579;579;15.941;26.094;2.302;0.532;382
064003;Andretta;43.648;0.117;0.369;0.392;1;2;2;6.91;0;0;0;20
064004;Aquilonia;56.144;1.316;2.704;2.771;1;2;3;13.745;0;0;0;5
064005;Ariano Irpino;186.737;0.466;2.385;2.461;31;145;150;5.48;30.385;1.69;1.774;1781
063089;Volla;6.216;0.627;0.627;0.627;17;17;17;0;0;0;0;0
064006;Atripalda;8.568;4.528;7.4;8.147;1104;1846;2204;0.537;1.587;3.21;0.852;19
063090;Santa Maria la Carità;3.979;0.226;0.804;0.804;59;165;165;0;0;0;0.88;0
064007;Avella;29.389;6.986;7.567;8.816;2062;2158;2209;45.143;15.37;5.243;0.041;281
063091;Trecase;6.262;7.186;10.412;12.217;759;991;1330;0.735;1.341;0.639;23.267;5
064008;Avellino;30.561;1.312;1.783;2.137;364;607;789;1.564;0.092;1.695;0.625;65
063092;Massa di Somma;3.042;0.986;0.986;0.986;0;0;0;34.287;22.255;4.142;18.573;143
064009;Bagnoli Irpino;68.804;0.718;0.719;0.719;25;25;25;12.847;10.22;0.837;1.933;654
064001;Aiello del Sabato;10.872;0.193;0.193;0.193;1;1;1;0.396;0.506;5.841;0.469;7
064010;Baiano;12.295;1.741;3.392;7.133;15;37;235;35.478;20.83;3.912;0;72
064002;Altavilla Irpina;14.083;1.484;1.676;1.676;18;19;19;0.49;0.128;10.559;0.064;5
064011;Bisaccia;102.157;0.122;0.54;0.547;1;1;1;16.88;13.497;18.679;0.163;1017
064012;Bonito;18.777;0.895;1.225;1.326;1;1;1;0.783;8.894;0;4.468;21
064014;Calabritto;56.334;1.734;2.476;2.499;14;19;19;3.941;4.821;17.684;7.207;69
064015;Calitri;101.05;2.813;3.855;4.424;17;32;40;5.348;0;0;0;223
064024;Castelvetere sul Calore;17.17;0.757;0.868;0.874;0;0;0;19.208;5.673;9.639;1.398;72
064013;Cairano;13.81;4.214;4.953;5.308;2;3;3;4.149;0;0;0;2
064016;Candida;5.349;0;0;0;0;0;0;3.851;0.467;15.966;2.15;23
064017;Caposele;41.283;0.017;0.034;0.036;0;1;1;2.202;26.166;40.704;7.756;767
064018;Capriglia Irpina;7.492;0;0;0;0;0;0;0.24;0.254;13.508;2.856;3
064023;Castelfranci;11.689;0.796;0.907;1.035;7;8;8;9.496;3.148;17.358;0.95;176
064019;Carife;16.724;0.299;0.64;0.993;1;2;3;7.857;5.716;0.622;2.559;51
064020;Casalbore;28.094;0.384;0.673;0.755;1;2;2;5.688;28.433;0.231;0.078;261
064021;Cassano Irpino;13.075;2.233;3.61;4.008;2;70;73;11.549;0;5.338;2.096;14
064022;Castel Baronia;15.366;0.54;0.924;1.171;1;2;2;6.345;3.085;0;0.625;33
064025;Cervinara;29.343;8.322;8.97;9.147;3490;3500;3502;50.421;0.14;1.005;0;2940
064026;Cesinali;3.726;2.872;5.717;5.931;11;22;23;0.242;0;5.475;0;0
064027;Chianche;6.607;3.315;4.238;4.238;0;0;0;6.993;2.543;7.235;1.438;6
064028;Chiusano di San Domenico;24.602;0.142;0.146;0.146;1;1;1;16.966;0.037;8.82;1.053;102
064029;Contrada;10.311;0.349;0.349;0.349;2;2;2;4.258;12.559;6.449;7.914;105
064034;Forino;20.39;2.207;7.464;17.361;167;789;2602;2.997;31.506;21.913;21.805;135
064030;Conza della Campania;51.634;1.784;5.556;5.7;8;13;14;10.009;0.002;0.037;0.029;49
064031;Domicella;6.438;2.532;5.002;5.965;123;140;140;25.396;16.449;1.755;4.163;61
064032;Flumeri;34.55;1.774;3.357;3.919;14;25;29;4.715;6.223;0.046;1.465;78
064033;Fontanarosa;16.704;0.126;0.168;0.18;1;2;2;1.562;0.018;1.413;1.64;15
064035;Frigento;38.039;0.413;0.691;1.044;6;12;20;4.774;0.505;12.282;3.181;69
064036;Gesualdo;27.335;0.121;0.3;0.384;2;5;6;3.018;2.005;5.356;4.017;51
064037;Greci;30.258;0;0.281;0.281;0;19;19;14.899;65.831;18.488;0;556
064038;Grottaminarda;29.115;1.559;2.236;2.418;31;43;47;2.047;1.13;3.273;2.562;43
064040;Guardia Lombardi;55.873;0.709;1.197;1.314;2;4;4;11.147;1.777;6.227;2.148;89
064041;Lacedonia;82.082;1.491;1.869;1.96;8;10;11;18.92;17.009;11.842;0;453
064039;Grottolella;7.126;0.253;0.253;0.253;1;1;1;3.129;0;15.773;0.281;17
064042;Lapio;15.246;1.41;1.502;1.837;3;3;4;3.621;3.135;11.564;0.584;12
064043;Lauro;11.294;6.623;7.234;8.536;895;896;917;33.894;21.985;6.242;5.755;734
064044;Lioni;46.511;2.991;3.558;3.745;188;211;219;7.183;1.028;2.374;0.221;109
064047;Marzano di Nola;4.72;6.419;7.924;15;327;328;329;18.559;11.695;0;0.106;36
064048;Melito Irpino;20.684;1.18;1.91;2.296;9;13;16;5.11;12.589;1.117;4.342;88
064045;Luogosano;6.068;2.884;3.939;7.647;4;4;5;1.088;1.187;16.579;1.879;18
064046;Manocalzati;8.745;4.585;5.5;6.266;116;142;154;2.253;1.372;12.247;1.041;65
064049;Mercogliano;19.916;0.045;0.045;0.045;0;1;1;30.373;3.485;1.24;0.296;2389
064050;Mirabella Eclano;33.958;0.66;1.119;1.62;1;1;3;3.325;0.601;2.329;1.573;208
064051;Montaguto;18.379;0;5.767;5.767;0;3;3;18.793;70.406;8.863;0;334
064052;Montecalvo Irpino;54.006;1.342;2.59;2.826;12;24;26;4.135;21.727;0.063;0.496;360
064053;Montefalcione;15.294;0;0;0;0;0;0;0.353;0.046;12.312;1.393;1
064054;Monteforte Irpino;26.957;1.825;1.836;1.836;428;433;433;41.481;10.843;5.001;3.12;3316
064056;Montefusco;8.238;0.024;0.024;0.024;0;0;0;3.277;4.224;9.699;1.469;18
064057;Montella;82.954;1.166;1.571;1.606;24;34;35;23.247;0.172;0.957;0.282;1041
064058;Montemarano;34.009;0.906;1.206;1.27;18;23;23;13.052;1.888;7.951;1.755;119
064059;Montemiletto;21.635;0.832;2.029;2.08;7;17;17;1.045;0.444;9.66;1.054;9
064055;Montefredane;9.446;1.429;1.726;2.795;19;22;28;0.095;0.371;11.148;1.355;2
064060;Monteverde;39.564;4.181;5.624;5.836;2;2;2;12.491;0;0.081;0;13
064063;Morra De Sanctis;30.412;1.082;5.998;6.129;3;17;18;12.311;0.013;0.01;0;37
064064;Moschiano;13.453;1.189;1.189;1.189;308;308;308;59.823;13.915;5.449;7.931;1108
064065;Mugnano del Cardinale;12.298;4.48;6.351;12.547;334;700;2521;29.859;31.623;11.636;0;13
064066;Nusco;53.6;0.647;0.802;0.845;28;42;44;3.981;0.084;3.534;0.649;62
064068;Pago del Vallo di Lauro;4.625;7.719;11.049;13.968;540;544;576;38.054;19.827;3.092;0;321
064067;Ospedaletto d'Alpinolo;5.688;0;0;0;0;0;0;26.424;0.422;1.565;0.809;332
064074;Prata di Principato Ultra;10.991;4.385;6.487;6.742;39;79;84;2.093;0.127;2.975;0.591;19
064069;Parolise;3.219;0;0;0;0;0;0;3.417;0;11.774;2.92;4
064070;Paternopoli;18.425;3.001;3.501;3.739;28;33;35;3.468;0.706;9.878;1.324;24
064071;Petruro Irpino;3.14;3.153;4.363;4.363;1;1;1;3.025;4.427;11.975;1.656;1
064072;Pietradefusi;9.242;0;0;0;0;0;0;0.649;2.337;4.696;0.271;24
064075;Pratola Serra;8.843;1.549;4.195;4.727;3;9;11;0.78;0.486;9.917;0.351;5
064073;Pietrastornina;15.728;0.261;0.267;0.267;0;0;0;18.044;0.674;7.407;0.318;43
064076;Quadrelle;6.931;1.645;2.265;6.507;240;338;1361;65.748;14.644;4.631;0;25
064083;San Martino Valle Caudina;22.915;1.305;1.444;1.51;65;66;67;21.872;1.06;3.077;0.236;306
064077;Quindici;23.908;4.814;5.115;9.085;976;1012;1515;48.461;20.257;8.846;15.786;1171
064080;Rotondi;7.808;5.289;13.601;14.447;707;775;781;24.001;0.538;1.178;0;695
064078;Roccabascerana;12.455;0.731;1.477;1.63;8;34;48;3.485;3.549;10.518;1.02;40
064097;Scampitella;15.105;0.298;0.351;0.371;0;0;0;9.507;39.245;32.757;1.404;81
064079;Rocca San Felice;14.412;0;0;0;0;0;0;9.006;0.853;18.047;3.962;22
065014;Battipaglia;56.859;1.854;10.014;10.989;594;9100;9413;0.002;1.261;5.484;5.241;60
064081;Salza Irpina;4.959;0;0;0;0;0;0;20.327;0;2.843;0;231
064082;San Mango sul Calore;14.586;1.248;1.474;1.755;2;2;3;5.999;2.098;18.141;3.586;55
064084;San Michele di Serino;4.466;3.471;5.956;6.449;107;226;274;2.127;0;7.232;0;24
064085;San Nicola Baronia;6.899;0;0;0;0;0;0;11.407;9.306;0;2.624;181
065015;Bellosguardo;16.747;0;0;0;0;0;0;1.493;15.722;39.476;13.137;6
064086;San Potito Ultra;4.538;0;0;0;0;0;0;1.587;1.476;3.9;3.195;12
064087;San Sossio Baronia;19.193;0.313;0.594;0.651;2;3;3;10.04;8.972;1.365;1.99;260
064088;Santa Lucia di Serino;3.933;3.61;6.102;7.043;4;80;100;10.628;0;0;0;344
064090;Sant'Angelo all'Esca;5.46;0;0;0;0;0;0;0.44;0.751;2.216;0;1
065023;Campora;29.153;0.113;0.25;0.295;0;0;0;4.682;8.977;19.785;7.186;47
065019;Caggiano;35.431;0;0;0;0;0;0;8.16;14.38;34.614;3.621;463
065027;Casaletto Spartano;86.57;0.088;0.088;0.088;1;1;1;4.615;12.553;13.504;32.122;139
064089;Sant'Andrea di Conza;7.042;0;0;0;0;0;0;7.285;5.595;0;0;174
065022;Campagna;136.303;1.631;1.9;1.907;55;64;65;5.117;16.931;12.697;22.201;1601
064091;Sant'Angelo a Scala;10.745;0.177;0.177;0.177;2;2;2;17.543;1.843;5.416;2.308;120
064092;Sant'Angelo dei Lombardi;55.105;0.143;0.158;0.165;3;3;4;2.938;15.913;6.93;1.274;335
064093;Santa Paolina;8.434;0.095;0.095;0.095;0;0;0;5.988;2.976;5.3;1.126;31
065026;Casalbuono;34.823;0.069;0.069;0.069;0;0;0;0.221;3.274;0.597;6.657;9
064095;Santo Stefano del Sole;10.78;1.54;2.096;2.161;18;29;35;23.33;0;0.918;0;176
064096;Savignano Irpino;38.478;0;7.266;7.269;0;79;79;42.489;41.283;15.456;0;824
065016;Bracigliano;14.409;2.478;8.96;9.279;164;1465;1550;60.913;4.206;7.294;20.099;1134
065017;Buccino;65.918;3.262;3.97;4.04;77;92;94;0.963;14.119;42.497;10.537;449
065018;Buonabitacolo;15.54;0.611;0.618;0.618;5;5;5;0.515;1.75;12.021;20.463;8
065020;Calvanico;14.909;1.154;1.154;1.154;125;125;125;25.495;49.105;11.148;14.132;244
065021;Camerota;71.008;1.186;1.855;2.069;77;107;123;6.871;49.102;15.412;10.666;4759
065024;Cannalonga;17.75;1.127;1.138;1.138;28;28;28;26.146;25.268;12.552;24.006;16
065025;Capaccio Paestum;113.547;8.825;12.618;14.686;1122;1866;2521;3.123;5.967;6.186;46.73;1368
065029;Caselle in Pittari;45.554;0.329;0.329;0.329;0;0;0;6.954;13.759;23.361;24.984;177
065030;Castelcivita;57.634;1.482;2.058;2.099;10;14;15;3.475;8.533;16.636;14.054;406
065031;Castellabate;37.448;0.441;0.441;0.729;156;156;252;4.975;9.979;11.547;20.145;1516
065032;Castelnuovo Cilento;18.059;5.626;8.821;10.648;12;37;114;1.152;7.564;13.179;26.402;156
065035;Castel San Lorenzo;14.294;2.568;3.967;4.121;12;18;19;2.309;15.517;26.396;19.421;156
065033;Castelnuovo di Conza;14.064;0;0;0;0;0;0;2.24;21.822;62.976;9.805;97
065073;Montecorvino Rovella;42.161;0.14;0.249;0.311;2;4;5;0.999;38.839;26.681;16.38;898
065034;Castel San Giorgio;13.585;3.018;15.878;16.106;324;1383;1424;6.014;31.388;14.921;13.007;648
065036;Castiglione del Genovesi;10.407;0.019;0.019;0.019;0;0;0;0.673;59.566;20.611;19.006;102
065072;Montecorvino Pugliano;28.882;0.177;0.343;0.398;11;28;37;0.076;16.169;36.441;13.143;495
065074;Monteforte Cilento;22.166;2.657;2.657;2.657;3;3;3;13.909;22.304;27.411;17.613;422
065075;Monte San Giacomo;51.691;0;0;0;0;0;0;5.833;12.016;21.785;5.697;295
065076;Montesano sulla Marcellana;110.222;0.132;0.142;0.142;2;3;3;0.731;1.046;1.803;14.228;50
065077;Morigerati;21.194;1.43;1.717;1.769;0;0;0;8.771;14.348;21.879;34.533;150
065078;Nocera Inferiore;20.945;4.98;22.688;24.311;2070;22296;23619;6.689;17.002;10.972;5.863;460
065079;Nocera Superiore;14.662;2.455;16.382;16.648;452;7462;7524;10.64;29.655;13.613;18.142;1153
065080;Novi Velia;34.713;0.326;0.363;0.363;7;12;12;15.219;30.162;14.441;20.165;129
065082;Olevano sul Tusciano;26.724;0.524;1.291;1.729;0;0;0;3.248;54.06;19.29;13.909;847
065083;Oliveto Citra;31.621;1.173;2.23;2.359;33;65;71;8.422;45.457;26.021;16.48;1081
065085;Orria;26.55;3.68;3.68;3.68;0;0;0;0.885;5.386;16.742;39.202;137
065086;Ottati;53.612;0;0;0;0;0;0;3.436;3.9;7.23;12.163;616
065081;Ogliastro Cilento;13.243;0;0;0;0;0;0;4.244;7.725;16.93;33.671;326
065084;Omignano;10.101;1.772;2.643;3;0;40;40;1.634;10.009;10.563;28.393;64
065087;Padula;67.114;0.311;0.459;0.852;6;32;195;0.639;8.52;11.86;14.285;872
065088;Pagani;11.976;1.453;14.679;14.98;689;8214;8423;4.167;8.734;3.29;4.4;146
065089;Palomonte;28.298;0;0;0;0;0;0;3.534;31.363;33.674;26.087;737
065091;Perdifumo;23.814;0;0;0;0;0;0;6.899;23.478;23.196;25.838;638
065092;Perito;23.999;8.567;8.896;9.005;18;19;19;0.258;3.263;10.534;37.902;9
065090;Pellezzano;14.037;0.691;0.898;0.962;120;126;127;0.983;61.252;13.87;22.946;1916
065093;Pertosa;6.158;2.566;3.914;3.979;9;32;32;1.786;5.862;20.25;3.784;24
065094;Petina;35.47;0.561;0.747;0.747;1;2;2;12.081;1.847;25.365;8.024;4
065095;Piaggine;62.765;0.053;0.08;0.08;54;71;71;0.691;5.339;2.854;3.23;37
065096;Pisciotta;31.42;0.885;0.971;1.123;60;66;81;2.731;8.603;16.779;29.182;407
065097;Polla;48.082;3.75;8.043;8.043;35;419;419;0.913;3.432;4.145;18.05;13
065098;Pollica;28.323;0.455;0.455;0.749;154;154;199;4.209;8.4;18.06;30.777;142
065099;Pontecagnano Faiano;37.189;1.42;4.015;10.877;195;330;925;0;0.062;5.437;9.812;1
065100;Positano;8.701;0.368;0.368;0.368;58;58;58;17.515;70.75;7.643;2.965;2146
065101;Postiglione;48.243;2.838;3.816;4.028;19;25;27;19.464;24.348;17.354;17.439;488
065104;Ravello;7.935;0.239;0.239;0.239;1;1;1;6.024;79.13;6.112;8.532;1177
065105;Ricigliano;27.93;0;0;0;0;0;0;4.193;7.712;9.689;8.249;45
065106;Roccadaspide;64.158;1.019;1.157;1.161;57;62;63;2.589;23.296;34.038;20.541;1119
065102;Praiano;2.736;0.037;0.037;0.037;0;0;0;14.108;61.038;18.056;4.934;728
065107;Roccagloriosa;40.557;1.852;2.453;2.508;2;2;2;7.424;7.905;21.062;42.617;516
065103;Prignano Cilento;12.041;0.033;0.091;0.149;0;0;0;0.357;2.226;16.519;42.347;2
065108;Roccapiemonte;5.313;4.555;14.85;15.584;1103;3215;3356;12.573;27.254;14.135;17.203;149
065109;Rofrano;63.588;0.406;0.48;0.484;4;4;4;10.964;15.409;15.94;40.946;158
065110;Romagnano al Monte;9.67;1.21;1.51;1.51;0;0;0;25.936;7.839;13.392;12.337;39
065111;Roscigno;15.181;0;0;0;0;0;0;0.79;24.445;42.764;9.505;55
065112;Rutino;9.688;0.681;0.754;1.043;1;1;2;2.57;2.808;25.299;44.643;86
065114;Sala Consilina;59.693;10.713;12.316;13.204;24;69;139;0.662;8.797;8.514;17.062;4044
065115;Salento;23.785;5.596;5.646;5.646;21;55;55;2.691;7.383;15.909;39.365;70
065116;Salerno;60.119;1.065;3.513;4.092;1411;8298;8667;0.625;21.995;33.587;19.014;4374
065118;San Cipriano Picentino;17.387;0.799;1.536;1.616;12;40;42;0.299;29.764;43.038;26.376;649
065113;Sacco;23.657;0;0;0;0;0;0;9.697;10.132;15.437;2.87;291
065117;Salvitelle;9.597;1.438;1.646;1.646;0;0;0;20.402;8.742;27.04;8.596;40
065119;San Giovanni a Piro;38.122;0.184;0.241;0.27;29;32;48;6.018;21.19;19.12;31.318;415
065120;San Gregorio Magno;50.053;0;0;0;0;0;0;3.954;9.796;39.88;10.519;382
065124;San Mauro la Bruca;19.054;0.656;0.934;0.95;1;1;1;5.343;9.798;27.947;35.893;126
065127;Santa Marina;28.464;4.599;7.43;8.491;92;144;246;0.404;2.807;8.765;31.791;91
065128;Sant'Angelo a Fasanella;32.609;0;0;0;0;0;0;3.527;6.305;10.969;7.636;65
065121;San Mango Piemonte;6.024;1.926;2.49;2.639;42;59;66;2.125;43.078;21.929;30.578;534
065122;San Marzano sul Sarno;5.189;4.895;48.564;53.671;79;2864;4965;0;0;0;0;0
065123;San Mauro Cilento;15.287;0.196;0.196;0.392;8;8;16;7.215;21.018;25.695;22.006;73
065125;San Pietro al Tanagro;15.513;0;0;0;0;0;0;1.947;2.469;3.52;33.946;52
065126;San Rufo;31.959;0.257;0.26;0.297;0;0;0;3.605;2.919;16.052;13.514;165
065129;Sant'Arsenio;20.143;1.604;6.985;8.321;0;2;2;0.074;0.204;0.581;50.256;96
065130;Sant'Egidio del Monte Albino;7.245;4.279;5.259;6.653;672;837;948;11.705;14.189;7.26;6.722;633
065133;Sanza;128.744;0.444;0.444;0.444;5;5;5;11.17;30.412;9.37;17.623;173
065134;Sapri;14.295;1.35;1.546;1.987;418;465;691;24.267;17.685;8.646;21.224;48
065135;Sarno;40.001;1.435;6.022;6.48;477;872;1234;39.342;4.042;7.645;12.85;1109
065131;Santomenna;8.919;0;0;0;0;0;0;5.135;22.02;34.914;9.16;129
065136;Sassano;47.756;0.425;0.503;1.83;6;7;113;1.202;10.217;13.571;29.772;86
065132;San Valentino Torio;9.156;1.966;32.503;36.752;39;1140;1296;0;0;0;0;0
065137;Scafati;19.87;6.019;30.272;37.64;2542;16228;24172;0;0;0;0;0
065138;Scala;13.863;0.007;0.007;0.007;0;0;0;14.953;70.086;6.701;8.259;753
065139;Serramezzana;7.23;0;0;0;0;0;0;10.65;25.519;10.235;25.491;106
065140;Serre;67.033;19.678;22.352;22.842;82;113;120;0.313;7.987;5.7;50.49;326
065141;Sessa Cilento;18.042;0;0;0;0;0;0;3.514;15.486;15.048;27.918;108
065142;Siano;8.569;2.486;2.486;2.486;204;204;204;74.828;3.186;4.575;4.691;435
065143;Sicignano degli Alburni;81.113;3.006;4.319;4.547;25;35;36;8.544;3.612;19.669;14.247;418
065144;Stella Cilento;14.517;0.007;0.007;0.007;0;0;0;7.681;11.008;23.125;29.8;195
065145;Stio;24.28;1.75;1.907;1.907;8;8;8;2.759;9.341;23.979;15.531;241
065146;Teggiano;61.866;0.575;0.671;0.784;0;0;0;4.801;7.338;14.842;37.255;107
065148;Torraca;16.013;0.225;0.225;0.225;1;1;1;9.567;13.158;13.089;30.987;95
065149;Torre Orsaia;21.034;3.956;5.387;5.439;8;22;22;5.667;11.02;22.701;31.891;639
065150;Tortorella;34.218;0.044;0.064;0.073;0;0;0;4.477;21.129;8.154;25.805;36
065154;Vallo della Lucania;25.321;1.189;2.231;2.231;37;57;57;3.677;11.275;19.932;28.356;124
065147;Torchiara;8.462;0.248;0.26;0.26;0;0;0;0;2.186;14.417;44.848;34
065151;Tramonti;24.826;0.552;0.56;0.56;17;19;19;8.036;76.452;9.043;6.457;2540
065153;Valle dell'Angelo;36.602;0.142;0.221;0.221;0;0;0;6.53;25.99;21.365;2.391;2
065152;Trentinara;23.436;0;0;0;0;0;0;26.916;12.963;21.975;21.544;304
065155;Valva;26.785;2.513;3.517;3.558;41;57;57;10.528;12.421;29.834;11.23;529
065156;Vibonati;20.583;2.847;5.393;6.034;164;487;567;3.566;2.828;8.731;36.958;50
065157;Vietri sul Mare;9.525;2.52;2.52;2.52;482;482;482;14.866;63.507;9.848;10.908;2858
065158;Bellizzi;8.022;3.129;8.427;9.399;155;509;739;0;0;0.573;3.79;0
066002;Aielli;37.516;5.558;13.152;13.863;4;8;8;24.979;7.986;0;0.488;347
066001;Acciano;32.223;0;0;0;0;0;0;0.006;0.906;0;6.194;0
066003;Alfedena;39.95;0.275;0.358;0.413;0;0;0;6.22;4.941;0.728;5.071;20
066004;Anversa degli Abruzzi;32.433;0;0;0;0;0;0;9.903;15.722;0;9.543;44
066005;Ateleta;41.925;0;0.727;0.727;0;0;0;1.417;35.881;0;1.798;62
066006;Avezzano;104.085;1.286;1.286;2.311;1077;1077;1081;9.007;0.633;0.044;0.029;1444
066007;Balsorano;58.842;0.481;0.532;0.532;9;9;9;39.015;7.466;0;1.742;1725
066010;Barrea;87.107;0;0;0;0;0;0;2.149;4.1;0;3.439;3
066014;Calascio;39.443;0;0;0;0;0;0;0.479;1.214;0;12.185;0
066008;Barete;24.588;0.643;1.029;1.188;0;0;0;1.216;3.237;0;6.792;3
066009;Barisciano;78.486;0.536;0.641;0.68;0;0;0;0.721;0.598;0;6.014;0
066011;Bisegna;46.593;1.648;1.648;1.648;13;13;13;34.67;4.981;0;1.762;64
066012;Bugnara;25.121;0;0;0;0;0;0;6.516;10.629;0;15.378;128
066013;Cagnano Amiterno;61.315;0;0;0;0;0;0;0;0.949;0;6.268;1
066015;Campo di Giove;28.904;0;0;0;0;0;0;0.301;7.705;0;6.66;13
066016;Campotosto;51.724;0;3.13;3.13;0;67;67;0.605;1.496;0.097;14.827;0
066017;Canistro;15.903;0.384;0.402;0.402;0;0;0;27.529;18.588;0;1.974;200
066019;Capestrano;43.657;0;0;0;0;0;0;1.267;1.367;0;9.992;2
066018;Cansano;37.699;0;0;0;0;0;0;0.072;0.44;0;9.921;0
066020;Capistrello;60.963;0.612;0.737;0.933;34;34;34;18.334;4.363;5.21;0.141;937
066021;Capitignano;30.639;0;0;0;0;0;0;2.83;9.429;0;4.765;2
065028;Casal Velino;31.727;6.02;12.028;13.597;195;282;365;1.491;2.005;7.06;23.274;36
066025;Carsoli;95.795;0.555;1.031;1.64;201;609;747;0.969;11.355;0.19;0.556;116
066026;Castel del Monte;58.031;0;0;0;0;0;0;0.539;0.626;0;0;0
066028;Castel di Sangro;84.43;1.941;4.786;5.211;476;1793;1928;1.036;21.719;0.008;5.603;486
066022;Caporciano;18.615;0;0;0;0;0;0;0;0.344;0;4.663;35
066023;Cappadocia;68.571;0.312;0.312;0.312;0;0;0;5.572;0.48;1.924;0.02;52
066024;Carapelle Calvisio;14.786;0;0;0;0;0;0;0;0;0;7.034;0
066027;Castel di Ieri;18.884;0;0;0;0;0;0;0;3.389;0;9.59;29
066029;Castellafiume;24.1;0.498;0.498;0.498;0;0;0;23.589;11.523;0;0.606;399
066031;Castelvecchio Subequo;19.294;0;0;0;0;0;0;0.114;2.804;0;3.53;22
066030;Castelvecchio Calvisio;15.319;0;0;0;0;0;0;1.051;0.698;0;24.806;0
066032;Celano;82.799;4.244;15.21;17.965;600;749;751;21.059;0.002;0;0;2313
066033;Cerchio;20.165;22.465;26.417;27.176;6;6;6;7.93;2.132;0;0.412;7
066034;Civita d'Antino;28.345;1.15;1.305;1.305;6;8;8;27.758;17.911;0;1.94;128
066036;Civitella Roveto;45.452;0.51;0.579;0.579;55;62;62;30.232;18.085;0;0.972;949
066040;Collepietro;15.209;0;0;0;0;0;0;0.026;0;0;12.131;0
066035;Civitella Alfedena;29.491;0;0;0;0;0;0;2.424;2.872;0;0.295;0
066037;Cocullo;31.604;0;0;0;0;0;0;9.16;1.433;0;24.614;6
066038;Collarmele;23.943;3.638;3.638;3.638;0;0;0;11.143;0.309;0;1.712;0
066039;Collelongo;54.019;2.395;2.395;2.395;51;51;51;23.242;0;0;0;216
066041;Corfinio;17.95;0.479;6.267;8.63;0;1;2;5.07;1.331;0;1.214;9
066042;Fagnano Alto;24.644;2.747;2.824;3.035;0;0;0;1.445;0.28;0;2.199;4
066043;Fontecchio;16.859;0;0;0;0;0;0;0;0.166;0;2.408;0
066049;L'Aquila;473.907;1.674;2.851;3.34;642;1044;1202;0.406;1.777;0;5.441;131
066050;Lecce nei Marsi;66.469;1.432;1.432;1.432;0;0;0;13.913;0;0;0;44
066044;Fossa;8.705;23.366;53.67;62.677;56;77;99;6.686;0.574;0;3.745;97
066045;Gagliano Aterno;32.149;0;0;0;0;0;0;5.876;0.613;0;1.916;0
066046;Gioia dei Marsi;58.404;5.616;5.616;5.616;1333;1333;1333;23.522;1.659;0;1.847;1229
066047;Goriano Sicoli;20.238;0;0;0;0;0;0;0.084;1.216;0;6.582;0
066048;Introdacqua;37.107;0;0;0;0;0;0;0.711;1.633;0;4.544;2
066051;Luco dei Marsi;44.865;3.239;5.233;5.285;1078;1085;1085;14.524;0;0;0;1253
066052;Lucoli;103.442;0;0;0;0;0;0;0.247;2.858;0.004;8.811;2
066053;Magliano de' Marsi;70.918;0;2.878;5.133;0;7;13;1.065;22.831;0.568;0.145;12
066054;Massa d'Albe;68.533;0;0;0;0;0;0;18.45;29.529;0.226;0.124;334
066057;Morino;51.27;1.252;1.26;1.26;135;139;139;33.226;12.112;0;2.321;343
066061;Opi;49.904;0;0;0;0;0;0;0.192;0.347;0;0.727;11
066066;Pacentro;72.587;0;0;0;0;0;0;7.831;8.595;0;3.436;160
066055;Molina Aterno;12.208;0;0;0;0;0;0;0;0.614;0;2.597;0
066056;Montereale;104.409;0;0.199;0.199;0;0;0;0.305;4.069;0.326;7.332;63
066058;Navelli;42.004;0;0;0;0;0;0;1.547;0.102;0;13.399;0
066059;Ocre;23.604;0;0;0;0;0;0;0.792;10.121;0;2.923;9
066060;Ofena;36.898;0;0;0;0;0;0;0.176;0.469;0;7.128;0
066062;Oricola;18.356;0;0;0;0;0;0;0;0.016;0;0.093;1
066063;Ortona dei Marsi;57.166;0.82;0.82;0.82;0;0;0;31.883;2.559;0;1.074;46
066064;Ortucchio;38.999;1.844;3.467;3.472;5;5;5;12.354;0;0;0;10
066065;Ovindoli;61.377;1.255;1.255;1.255;0;0;0;34.637;1.776;0;0;120
066067;Pereto;41.155;0;0;0;0;0;0;0.765;10.388;1.438;0;49
066068;Pescasseroli;91.158;0;0;0;0;0;0;0;0.034;0;0.667;0
066069;Pescina;48.794;5.417;13.649;16.625;84;84;84;19.545;0.309;0;0.139;635
066071;Pettorano sul Gizio;62.849;0;0;0;0;0;0;0.022;1.174;0;9.61;44
066072;Pizzoli;56.435;2.266;3.034;3.503;4;5;6;3.174;4.425;0;3.861;49
066078;Rivisondoli;32.001;0;0;0;0;0;0;0.759;6.956;0;4.097;2
066084;Roccaraso;49.91;0;0.016;0.016;0;0;0;0.17;12.555;0;2.138;24
066070;Pescocostanzo;55.062;0;0;0;0;0;0;3.981;4.724;0;15.967;7
066073;Poggio Picenze;11.458;0;0.113;0.375;0;0;0;0;1.327;0;3.735;0
066074;Prata d'Ansidonia;19.654;0;0;0;0;0;0;0;0.722;0;2.03;1
066075;Pratola Peligna;28.674;1.772;2.323;2.323;35;55;55;0.478;1.161;0;2.19;4
066076;Prezza;21.596;0.13;0.13;0.13;0;0;0;0.759;0.593;0;13.993;103
066077;Raiano;28.992;0;0.545;0.838;0;0;1;0.373;0.645;0;19.854;63
066079;Roccacasale;17.307;3.357;4.53;4.865;0;0;0;5.275;0.347;0;0.185;183
066080;Rocca di Botte;31.107;0;0;0;0;0;0;0.341;2.151;0.595;0.032;10
066081;Rocca di Cambio;27.619;0;0;0;0;0;0;0.409;6.224;0;3.269;58
066082;Rocca di Mezzo;90.545;0;0;0;0;0;0;3.222;0.726;0.434;0.824;108
066083;Rocca Pia;44.961;0;0;0;0;0;0;0.816;1.459;0;8.031;19
066087;San Demetrio ne' Vestini;16.492;3.171;5.057;6.409;3;4;6;0.249;1.922;0;7.022;1
066085;San Benedetto dei Marsi;16.761;20.745;37.044;40.767;1;1;1;1.957;0;0;0;1
066092;San Vincenzo Valle Roveto;46.039;1.442;1.716;1.716;87;87;87;31.597;8.341;0;0.673;629
066093;Scanno;134.677;0;0;0;0;0;0;1.274;2.334;0;2.496;1
066086;San Benedetto in Perillis;19.098;0;0;0;0;0;0;14.452;0.529;0;19.054;30
066096;Scurcola Marsicana;30.382;0;2.248;6.998;0;1;81;0.553;1.596;0.54;0.089;9
066088;San Pio delle Camere;17.212;0;0;0;0;0;0;1.005;0;0;10.179;91
066089;Sante Marie;40.813;0;0;0;0;0;0;0.818;8.051;0;0.603;78
066097;Secinaro;33.341;0;0;0;0;0;0;0.12;2.291;0;5.45;0
066090;Sant'Eusanio Forconese;7.944;15.307;30.853;36.002;25;38;47;0;0;0;2.719;0
066098;Sulmona;57.928;1.117;1.284;1.284;114;306;306;0.556;0.352;0;10.249;30
066099;Tagliacozzo;87.457;0;0;0;0;0;0;1.366;13.162;0.165;1.364;311
066091;Santo Stefano di Sessanio;33.699;0;0;0;0;0;0;0.588;1.021;0;1.306;1
066094;Scontrone;21.354;6.046;8.083;8.832;60;77;81;0.529;8.097;0;20.97;3
066095;Scoppito;53.004;0;0;0;0;0;0;0.349;1.679;0.091;6.239;5
066100;Tione degli Abruzzi;39.655;0;0;0;0;0;0;1.248;2.222;0;6.877;17
066101;Tornimparte;65.961;0;0;0;0;0;0;1.263;2.054;0.314;5.797;28
066105;Villa Sant'Angelo;5.215;18.466;21.841;28.648;21;25;33;0;0;0;3.068;0
066106;Villavallelonga;73.733;2.456;2.456;2.456;1;1;1;28.625;0.123;0;0;11
067005;Basciano;18.853;2.111;3.373;3.814;7;12;13;4.965;13.87;0;4.578;139
066102;Trasacco;51.443;2.162;11.257;12.091;0;0;0;11.102;0;0;0;51
066103;Villalago;33.199;0;0;0;0;0;0;0.527;0.021;0;9.684;0
066104;Villa Santa Lucia degli Abruzzi;26.99;0;0;0;0;0;0;5.372;1.193;0;1.489;0
066107;Villetta Barrea;20.525;0;0;0;0;0;0;0.278;0.361;0;0.015;59
067003;Arsita;34.136;0;0;0;0;0;0;1.972;21.845;0;1.491;136
067004;Atri;92.181;1.111;1.475;1.772;34;46;60;10.68;15.755;0;1.676;877
066108;Vittorito;14.194;0;2.896;3.727;0;0;0;0;1.43;0;14.147;0
067001;Alba Adriatica;9.536;10.214;12.143;15.164;100;121;726;0;2.223;0;0.419;27
067002;Ancarano;13.919;5.453;5.597;5.704;13;15;16;0.18;13.622;1.516;1.652;77
067006;Bellante;50.044;1.531;1.86;2.542;51;61;117;3.971;16.803;0;3.753;369
067010;Castel Castagna;18.159;0;0;0;0;0;0;7.935;19.836;0;6.234;42
067017;Civitella del Tronto;77.737;0.217;0.274;0.391;0;1;1;1.942;14.818;0.009;3.386;309
067018;Colledara;18.013;0;0;0;0;0;0;2.259;12.43;0;6.234;59
067019;Colonnella;21.633;7.405;7.507;24.144;661;663;1761;1.544;14.469;1.77;1.673;406
067007;Bisenti;30.875;1.315;1.467;1.866;10;10;14;5.908;22.947;0;1.334;248
067008;Campli;73.424;0.289;0.368;0.512;24;32;44;2.159;14.42;0;2.306;636
067009;Canzano;16.737;1.261;1.44;1.792;8;9;12;8.568;19.777;0;1.452;305
067011;Castellalto;34.176;3.508;3.979;4.711;19;20;24;7.742;11.73;0;1.647;132
067012;Castelli;49.681;0;0;0;0;0;0;5.33;17.121;0;3.702;123
067013;Castiglione Messer Raimondo;30.685;2.363;2.904;3.34;23;28;34;6.198;19.391;0;0.912;325
067014;Castilenti;23.794;2.702;3.564;4.022;19;26;30;15.966;14.188;0;0.21;175
067015;Cellino Attanasio;43.939;0.885;1.27;1.586;0;0;2;10.567;17.904;0;0.453;320
067016;Cermignano;26.363;1.908;2.238;2.705;2;3;6;7.306;22.258;0;3.175;264
067022;Cortino;62.944;0;0;0;0;0;0;1.849;4.782;0;8.234;97
067023;Crognaleto;124.302;0.078;0.104;0.122;0;0;0;3.766;5.879;0;5.576;89
067024;Fano Adriano;35.772;0.025;0.036;0.048;0;0;0;1.985;11.52;0;3.556;70
067025;Giulianova;28.079;3.106;3.437;6.179;41;57;694;0.068;0.548;0;2.005;13
067026;Isola del Gran Sasso d'Italia;84.045;0;0;0;0;0;0;5.115;12.575;0;3.75;905
067027;Montefino;18.594;0.817;0.995;1.463;3;4;6;13.741;13.935;0;0.264;122
067028;Montorio al Vomano;53.565;1.396;1.951;2.278;214;252;306;1.693;13.328;0;5.578;308
067029;Morro d'Oro;28.727;2.204;2.461;2.701;13;15;16;1.702;11.31;0;3.582;166
067030;Mosciano Sant'Angelo;48.447;1.381;1.92;3.282;38;51;71;2.846;8.768;0;2.853;211
067033;Penna Sant'Andrea;11.098;1.856;2.054;2.244;40;49;65;7.353;18.517;0;1.559;149
067031;Nereto;7.011;1.954;2.91;3.195;52;64;67;0.014;0.941;0;0.67;10
067032;Notaresco;38.15;1.347;1.659;2.309;13;16;20;5.429;11.72;0;2.246;377
067034;Pietracamela;44.485;0;0;0;0;0;0;3.496;10.732;0;0.863;84
067035;Pineto;38.113;13.728;18.275;39.532;8063;8131;9402;5.974;12.03;0;4.862;596
067036;Rocca Santa Maria;61.798;0;0;0;0;0;0;1.126;1.871;0.036;5.321;56
067037;Roseto degli Abruzzi;53.26;2.929;4.046;22.818;189;237;13004;2.538;7.629;0;3.368;250
067038;Sant'Egidio alla Vibrata;18.362;2.739;3.262;3.932;25;29;40;0.425;3.066;0.065;0.762;17
067039;Sant'Omero;34.202;7.444;9.435;11.686;135;180;241;0.07;3.374;0;1.351;59
067040;Silvi;20.596;1.748;4.219;23.985;169;2389;5502;2.156;21.213;0;5.467;425
067041;Teramo;152.839;1.845;2.304;2.634;204;243;317;5.213;17.204;0;4.315;1658
067043;Torricella Sicura;54.38;0;0;0;0;0;0;1.225;22.111;0;8.196;241
067044;Tortoreto;23.02;2.824;3.74;33.853;95;118;7537;1.981;2.758;0;5.078;271
067042;Torano Nuovo;10.217;1.4;2.222;3.112;9;14;19;2.692;28.599;0;2.124;205
067045;Tossicia;27.136;0.125;0.173;0.203;1;1;1;0.744;11.369;0;5.94;44
067046;Valle Castellana;131.753;0;0;0.193;0;0;0;0.9;2.184;1.091;1.774;115
067047;Martinsicuro;14.627;5.408;5.497;65.523;986;998;6183;0.718;8.149;4.471;0.875;126
068001;Abbateggio;15.401;0;0;0;0;0;0;4.084;11.72;0;8.48;51
068002;Alanno;32.528;0.839;1.217;1.722;9;16;29;1.912;13.139;0;4.144;302
068003;Bolognano;16.958;0;0;0;0;0;0;6.333;23.14;0;3.556;81
068004;Brittoli;15.986;0;0;0;0;0;0;7.557;28.369;0;0.238;34
068005;Bussi sul Tirino;25.912;0;0;0;0;0;0;0.131;1.795;0;7.637;0
068006;Cappelle sul Tavo;5.413;1.238;1.737;2.439;5;7;11;0;0;0;1.755;0
068007;Caramanico Terme;84.989;0;0;0;0;0;0;3.637;16.126;0;5.781;141
068008;Carpineto della Nora;24.082;0;0;0;0;0;0;1.225;22.145;0;2.238;214
068009;Castiglione a Casauria;16.574;0;0;0;0;0;0;11.367;13.244;0;12.713;69
068010;Catignano;17.025;3.495;4.975;5.903;17;25;30;2.22;13.169;0;3.325;156
068011;Cepagatti;30.818;10.828;11.795;12.996;102;108;117;0;1.129;0;0.795;19
068012;Città Sant'Angelo;61.999;4.216;7.265;8.257;306;1963;1999;5.64;8.697;0;3.489;509
068013;Civitaquana;21.88;0;0;0;0;0;0;3.729;22.244;0;3.039;140
068014;Civitella Casanova;31.096;0;0;0;0;0;0;3.39;18.986;0;2.171;205
068015;Collecorvino;31.985;5.599;6.634;8.391;111;133;169;0.863;2.063;0;1.823;67
068016;Corvara;13.732;0;0;0;0;0;0;3.539;41.196;0;1.507;70
068017;Cugnoli;15.962;0;0;0;0;0;0;1.428;12.837;0;1.504;66
068019;Farindola;45.472;0;0;0;0;0;0;5.106;19.759;0;1.346;360
068021;Loreto Aprutino;59.499;2.02;2.498;3.029;30;37;45;2.837;8.422;0;7.992;319
068022;Manoppello;39.263;1.936;2.381;3.115;18;23;32;0.869;6.304;0;0.41;228
068023;Montebello di Bertona;21.501;0;0;0;0;0;0;6.73;24.831;0;1.837;220
068018;Elice;14.31;2.579;4.053;4.738;22;35;40;6.094;9.727;0;0.391;121
068020;Lettomanoppello;15.07;0;0;0;0;0;0;9.244;5.083;0;2.794;547
068024;Montesilvano;23.665;2.713;21.276;44.543;270;23676;33098;1.128;3.245;0;5.874;279
068025;Moscufo;20.256;2.587;3.16;4.028;19;23;30;0.365;2.957;0;2.034;138
068026;Nocciano;13.762;0;0;0;0;0;0;1.264;4.374;0;1.293;45
068027;Penne;91.194;0.338;0.43;0.59;14;21;36;9.761;19.387;0;1.238;1824
068028;Pescara;34.416;10.114;23.443;66.489;19796;42739;91472;1.104;2.885;0;1.113;497
068029;Pescosansonesco;18.346;0;0;0;0;0;0;44.609;0.921;0;0;79
068030;Pianella;47.048;0.081;0.1;0.123;3;3;4;1.175;2.797;0;4.026;219
068031;Picciano;7.558;1.746;2.368;2.752;7;10;11;4.207;6.351;0;2.924;108
068032;Pietranico;14.771;0;0;0;0;0;0;6.919;21.921;0;1.009;63
068033;Popoli Terme;35.039;0;1.398;1.73;0;450;669;2.68;2.315;0;4.932;86
068034;Roccamorice;25.056;0;0;0;0;0;0;5.923;3.576;0;9.734;86
068035;Rosciano;27.794;2.652;3.026;3.713;44;50;60;0.752;1.248;0;1.324;36
068038;San Valentino in Abruzzo Citeriore;16.397;0;0;0;0;0;0;5.763;16.497;0;2.933;316
068039;Scafa;10.341;1.141;2.137;2.543;0;7;38;4.951;15.879;0;6.015;461
068040;Serramonacesca;23.886;0;0;0;0;0;0;5.468;2.231;0;4.894;67
068036;Salle;21.803;0;0;0;0;0;0;10.788;18.075;0;3.619;30
068041;Spoltore;37.014;2.418;2.704;3.034;358;402;539;2.48;2.299;0;0.889;345
068037;Sant'Eufemia a Maiella;40.418;0;0;0;0;0;0;1.749;23.057;0;16.646;6
068042;Tocco da Casauria;29.668;0;0;0;0;0;0;7.597;22.941;0;0.728;145
068043;Torre de' Passeri;5.918;0;0;0;0;0;0;1.504;25.617;0;5.171;135
068044;Turrivalignani;6.112;0.998;1.473;2.389;1;2;3;0.638;3.256;0;4.139;16
069002;Archi;28.544;2.719;3.503;3.864;6;7;8;4.148;25.168;0;12.496;175
068045;Vicoli;9.33;0;0;0;0;0;0;4.695;7.835;0;0.697;27
069003;Ari;11.392;0.386;0.562;0.737;2;3;5;12.228;28.739;0;7.707;184
068046;Villa Celiera;13.182;0;0;0;0;0;0;6.903;32.082;0;1.745;163
069005;Atessa;110.976;0.715;0.828;0.897;21;24;25;8.974;17.969;0;3.069;704
069001;Altino;15.33;10.189;12.674;14.201;15;18;21;7.312;22.851;0;2.355;249
069004;Arielli;11.715;0;0;0;0;0;0;0.512;11.225;0;3.064;79
069006;Bomba;17.261;0.492;0.672;0.979;1;1;25;2.173;22.594;0;9.97;199
069007;Borrello;14.509;0;0.186;0.186;0;0;0;13.068;19.726;0;2.433;42
069008;Bucchianico;38.077;0.98;2.083;2.75;27;59;79;5.295;21.698;0;6.558;978
069009;Montebello sul Sangro;5.382;0;0;0;0;0;0;11.65;23.894;0;3.196;14
069010;Canosa Sannita;13.912;0;0;0;0;0;0;1.236;23.641;0;6.052;93
069011;Carpineto Sinello;29.854;0.238;0.73;1.112;1;3;5;10.236;19.713;0;2.087;224
069012;Carunchio;32.568;1.182;5.324;6.003;0;1;1;4.621;14.502;0;3.264;4
069013;Casacanditella;12.538;2.784;3.836;4.562;0;0;0;1.069;29.135;0;12.761;182
069016;Casalincontrada;16;0;0;0.006;0;0;0;6.644;10.825;0;1.15;310
069017;Casoli;67.035;4.899;6.316;6.707;72;97;103;3.976;16.726;0;4.168;540
069014;Casalanguida;13.669;2.451;2.714;2.97;7;7;8;10.952;20.089;0;1.705;194
069015;Casalbordino;46.003;0.693;1.076;1.43;23;33;43;0.743;8.66;0;6.765;81
069018;Castel Frentano;21.886;0;0;0;0;0;0;15.517;15.782;0;3.093;395
069019;Castelguidone;15.072;0.644;6.396;6.509;4;22;22;23.374;34.979;0;11.843;77
069020;Castiglione Messer Marino;47.983;0;5.039;5.039;0;7;7;4.916;14.974;0;11.556;423
069021;Celenza sul Trigno;22.676;2.558;6.924;8.939;1;4;5;2.262;23.898;0;4.357;47
069022;Chieti;59.567;5.166;5.809;7.227;36;54;82;5.733;11.471;0;4.932;7188
069023;Civitaluparella;22.461;0;0;0;0;0;0;1.028;30.07;0;13.864;27
069024;Civitella Messer Raimondo;12.721;0;0;0;0;0;0;5.652;28.874;0;8.215;120
069025;Colledimacine;11.295;0;0;0;0;0;0;23.223;34.104;0;9.517;0
069028;Cupello;48.392;0.68;2.949;3.463;3;11;14;3.062;12.589;0;4.127;126
069026;Colledimezzo;11.047;0;0;0;0;0;0;3.73;14.04;0;7.015;89
069030;Fara Filiorum Petri;14.962;0.528;0.862;1.096;2;6;9;7.372;11.068;0;3.689;106
069027;Crecchio;19.234;0;0;0;0;0;0;0.426;4.113;0;3.057;55
069029;Dogliola;11.848;1.663;6.288;6.87;0;1;1;2.752;6.938;0;3.646;13
067020;Controguerra;22.814;1.363;14.083;14.083;15;121;121;0;3.393;2.468;1.49;22
069031;Fara San Martino;44.692;0;0;0;0;0;0;1.537;10.595;0;0.761;187
069032;Filetto;13.533;0;0;0;0;0;0;3.429;41.417;0;3.266;209
069033;Fossacesia;30.12;9.406;12.354;43.549;45;81;3882;0.086;1.517;0;1.132;103
069034;Fraine;16.089;0.771;5.668;6.017;0;0;0;3.487;11.822;0;16.57;25
069035;Francavilla al Mare;23.13;0.981;2.352;55.867;23;132;17639;2.534;3.199;0;2.949;180
069036;Fresagrandinaria;25.149;1.917;6.784;7.646;4;12;15;2.672;7.36;0;3.499;97
069038;Furci;25.99;0.358;0.927;0.989;0;0;0;20.927;18.042;0;3.736;95
069040;Gessopalena;31.47;0;0;0;0;0;0;12.647;21.967;0;4.468;182
069041;Gissi;36.646;3.899;5.237;6.525;24;37;56;9.166;23.724;0;4.09;445
069043;Guardiagrele;56.501;0;0;0;0;0;0;9.485;14.821;0;2.697;771
069037;Frisa;11.488;0.226;0.47;0.679;1;2;2;35.324;5.023;0;1.732;92
069039;Gamberale;15.56;0;0.636;0.636;0;0;0;2.931;25.276;0;2.995;71
069042;Giuliano Teatino;9.887;0;0;0;0;0;0;6.857;26.368;0;3.328;133
069044;Guilmi;12.563;0;0;0;0;0;0;12.202;20.927;0;0.828;36
069045;Lama dei Peligni;31.371;0;0;0;0;0;0;3.038;25.922;0;10.395;251
069046;Lanciano;66.96;1.458;2.062;2.4;25;34;39;7.573;14.032;0;2.721;1883
069049;Liscia;8.179;2.519;6.223;6.419;1;1;1;0.465;9.855;0;16.53;1
069047;Lentella;12.616;3.733;9.02;10.669;2;8;9;2.901;11.271;0;6.722;13
069048;Lettopalena;21.128;0;0;0;0;0;0;8.24;13.537;0;10.687;88
067021;Corropoli;22.113;4.427;5.721;6.458;44;56;65;0.253;2.93;0;2.239;81
069050;Miglianico;22.734;4.456;6.22;8.309;68;102;142;3.264;6.849;0;5.23;111
069051;Montazzoli;39.463;0;0;0;0;0;0;5.446;30.385;0;7.911;99
069055;Monteodorisio;25.212;2.876;4.506;7.667;4;7;12;2.412;24.552;0;7.068;130
069057;Orsogna;25.446;0;0;0;0;0;0;6.838;27.835;0;3.694;346
069058;Ortona;70.971;1.599;2.524;35.719;66;160;16518;2.383;5.449;0;4.357;226
069052;Monteferrante;15.286;0;0;0;0;0;0;3.428;21.752;0;15.432;56
069053;Montelapiano;8.268;0;0;0;0;0;0;19.158;24.444;0;2.818;14
069054;Montenerodomo;29.999;0;0;0;0;0;0;1.96;38.015;0;6.31;147
069056;Mozzagrogna;14.103;3.212;4.737;4.992;6;9;9;0;10.324;0;2;55
069059;Paglieta;33.78;10.93;14.112;15.411;16;27;35;5.613;9.565;0;1.557;269
069060;Palena;93.63;0.103;0.143;0.192;62;84;121;2.435;9.338;0;5.713;197
069061;Palmoli;32.776;1.056;4.061;4.262;1;4;4;6.767;13.095;0;15.801;27
069064;Pennapiedimonte;47.031;0;0;0;0;0;0;8.873;9.428;0;1.18;78
069069;Pretoro;26.123;0;0;0;0;0;0;2.45;0.861;0;2.664;70
069062;Palombaro;17.193;0;0;0;0;0;0;9.545;37.696;0;4.304;274
069063;Pennadomo;11.02;0;0;0;0;0;0;13.711;20.998;0;5.989;47
069065;Perano;6.483;0;0;0;0;0;0;0.833;4.998;0;3.609;18
069066;Pizzoferrato;30.921;0;0.401;0.401;0;1;1;1.08;25.187;0;5.084;91
069067;Poggiofiorito;9.949;0;0;0;0;0;0;1.588;22.857;0;6.001;65
069068;Pollutri;26.168;1.754;2.369;3.279;24;32;43;2.316;17.174;0;11.055;319
069070;Quadri;7.445;0;0.228;0.228;0;0;0;3.345;40.121;0;0.201;206
069071;Rapino;20.312;0;0;0;0;0;0;0.502;1.738;0;0.359;21
069072;Ripa Teatina;20.163;2.019;3.035;8.833;27;41;132;5.222;16.253;0;2.599;580
069073;Roccamontepiano;18.212;0;0;0;0;0;0;35.032;15.638;0;9.631;521
069074;Rocca San Giovanni;21.696;0;0;14.155;0;0;333;1.194;9.582;0;3.779;268
069075;Roccascalegna;23.006;4.116;4.851;5.164;11;14;15;9.471;26.419;0;2.96;241
069076;Roccaspinalveti;33.007;0.027;2.121;2.121;0;2;2;6.126;33.014;0;2.475;201
069077;Roio del Sangro;11.811;0;0;0;0;0;0;5.266;42.232;0;20.743;22
069078;Rosello;19.23;0;0.146;0.146;0;0;0;1.612;14.399;0;7.228;14
069079;San Buono;25.269;1.437;4.994;5.616;1;68;83;1.148;14.666;0;5.817;33
069086;San Vito Chietino;16.996;2.924;4.225;42.904;99;146;2513;6.143;9.173;0;4.43;139
069087;Scerni;41.255;2.499;3.452;3.912;6;9;10;5.451;20.749;0;3.534;285
069080;San Giovanni Lipioni;8.672;2.306;5.708;7.645;0;0;0;6.988;17.435;0;9.225;9
069081;San Giovanni Teatino;17.731;4.213;4.997;33.647;17;21;7308;2.786;3.739;0;1.805;154
069082;San Martino sulla Marrucina;7.408;0;0;0;0;0;0;21.463;34.287;0;8.437;359
069083;San Salvo;19.689;1.773;3.179;4.591;84;99;100;0;0.513;0;0.782;51
069084;Santa Maria Imbaro;5.708;0;0;2.68;0;0;185;0;0.911;0;1.069;5
069085;Sant'Eusanio del Sangro;23.827;1.603;1.771;1.805;17;19;19;3.425;3.043;0;1.989;146
069088;Schiavi di Abruzzo;45.569;1.58;6.643;6.842;0;14;14;6.393;25.184;0;10.055;140
069089;Taranta Peligna;21.898;0;0;0;0;0;0;11.197;5.64;0;3.927;131
069090;Tollo;14.959;1.304;2.326;3.035;4;8;11;2.794;5.528;0;4.225;74
069091;Torino di Sangro;32.105;7.588;8.93;24.678;145;168;550;3.174;19.835;0;6.382;685
069092;Tornareccio;27.528;0;0;0.196;0;0;31;13.746;14.908;0;5.533;23
069093;Torrebruna;23.289;0.09;4.079;4.114;0;7;7;7.613;12.195;0;4.925;53
069095;Torricella Peligna;36.114;0;0;0;0;0;0;6.795;35.803;0;4.754;164
069098;Vacri;12.273;3.561;5.027;5.989;54;75;89;1.043;29.121;0;22.374;491
069094;Torrevecchia Teatina;14.676;2.787;3.618;4.143;61;77;95;7.652;10.112;0;1.956;234
069096;Treglio;4.859;0;0;0;0;0;0;11.504;9.138;0;3.869;44
069097;Tufillo;21.438;1.236;5.164;5.784;0;0;0;0.182;13.877;0;8.196;0
069099;Vasto;71.368;0.462;0.619;38.869;9;12;24309;2.798;8.928;0;6.932;1238
069104;Fallo;6.099;0;0;0;0;0;0;3.082;31.382;0;5.427;10
069101;Villamagna;12.732;1.799;2.835;3.786;18;29;39;4.171;11.891;0;9.347;199
069102;Villa Santa Maria;16.23;0;0;0;0;0;0;2.187;30.45;0;0.542;281
070004;Bonefro;31.28;0;4.214;4.214;0;12;12;0.035;14.808;0;1.889;17
070005;Busso;23.81;1.453;6.254;6.459;4;21;21;8.719;13.65;0;5.569;67
069100;Villalfonsina;9.128;0.296;0.405;0.515;0;0;0;0.471;14.099;0;2.717;42
069103;Pietraferrazzana;4.367;0;0;0;0;0;0;39.821;12.32;0;0;20
070001;Acquaviva Collecroce;28.599;0.836;3.993;4.224;1;3;3;0.794;14.49;0;5.413;12
070011;Casacalenda;67.276;3.884;6.314;6.86;2;6;7;1.298;17.629;0;12.195;484
070012;Casalciprano;19.065;1.731;6.399;6.798;5;11;12;15.919;15.841;0;22.004;164
070002;Baranello;24.995;0.744;5.049;5.173;2;39;39;0.756;3.429;0;0.736;33
070003;Bojano;52.63;3.971;14.011;18.374;27;914;1444;0.057;2.398;0;1.516;10
070006;Campobasso;56.111;0.071;3.115;3.121;11;530;531;2.201;16.211;0;5.594;2719
070007;Campochiaro;35.701;2.062;5.84;6.644;8;16;31;0.571;0.378;0;9.955;0
070008;Campodipietra;19.722;1.562;3.818;4.345;9;30;32;3.225;30.854;0;7.667;505
070009;Campolieto;24.425;0;2.592;2.592;0;7;7;0.962;24.979;0;9.249;76
070010;Campomarino;76.564;2.734;8.26;10.988;35;87;113;0;0.306;0;0;29
070016;Castropignano;26.957;3.175;6.347;6.855;13;33;38;1.488;10.016;0;1.573;36
070017;Cercemaggiore;56.911;0.248;1.072;1.072;18;22;22;3.112;2.955;6.96;2.418;139
070018;Cercepiccola;16.793;0;0.202;0.202;0;0;0;3.841;2.251;7.563;2.084;25
070019;Civitacampomarano;38.893;0.275;3.816;3.913;0;0;0;10.727;20.214;0;11.365;59
070020;Colle d'Anchise;15.695;3.332;7.786;8.194;7;15;15;5.779;1.988;0;8.761;19
070021;Colletorto;35.905;2.891;5.776;6.425;0;30;30;0.819;10.444;0;0.192;2
070022;Duronia;22.468;0.988;4.086;4.299;0;0;0;6.102;6.231;0;3.676;3
070023;Ferrazzano;16.773;2.647;5.765;6.051;40;126;129;1.437;33.119;0;7.554;655
070024;Fossalto;28.334;0.551;3.681;3.769;5;36;36;13.68;54.366;0;2.135;501
070025;Gambatesa;43.683;6.584;11.345;11.794;6;47;48;6.657;30.293;0;7.014;157
070026;Gildone;29.755;0.336;3.408;3.448;1;31;32;0.954;17.382;0;1.307;43
070027;Guardialfiera;43.526;10.695;12.308;12.53;0;0;0;0.593;18.812;0;3.908;17
070028;Guardiaregia;43.716;0.382;6.746;6.968;0;6;6;0.586;8.727;0.952;17.893;178
070029;Guglionesi;100.946;4.862;11.129;12.126;24;68;73;0.086;6.829;0;1.926;36
070030;Jelsi;28.773;0.33;3.701;3.715;1;23;23;1.63;14.896;0;2.704;50
070031;Larino;88.765;3.016;5.998;7.026;23;78;90;0.507;11.901;0;1.833;255
070032;Limosano;28.266;2.53;5.76;5.802;5;9;9;20.229;36.79;0;3.294;102
070033;Lucito;31.563;1.562;5.544;5.668;1;35;35;3.612;31.622;0;11.811;52
070034;Lupara;25.872;3.97;6.903;7.545;1;2;2;1.078;34.717;0;13.06;8
070035;Macchia Valfortore;26.732;17.705;20.171;20.649;1;5;6;7.65;27.712;0;4.545;15
070036;Mafalda;32.505;3.541;8.106;9.189;5;14;20;5.156;3.236;0;14.238;21
070037;Matrice;20.421;0;2.811;2.811;0;11;11;2.071;20.092;0;9.525;82
070038;Mirabello Sannitico;21.427;0.308;5.698;5.731;3;41;41;3.706;32.118;0;5.46;422
070039;Molise;5.2;1.327;5.019;5.269;1;1;1;0.538;1.5;0;0.365;0
070040;Monacilioni;27.214;0;4.093;4.093;0;5;5;2.267;44.168;0;9.885;248
070041;Montagano;26.624;1.889;6.333;6.351;1;5;5;11.508;32.351;0;33.117;34
070042;Montecilfone;22.919;0.375;3.931;4.023;0;0;0;8.783;18.805;0;7.697;15
070043;Montefalcone nel Sannio;32.567;0.847;3.786;4.118;1;37;38;0.335;6.817;0;9.181;12
070044;Montelongo;12.763;0;3.996;3.996;0;1;1;2.155;8.674;0;2.115;3
070045;Montemitro;16.293;4.407;7.101;7.445;0;0;0;0.344;3.946;0;7.807;0
070046;Montenero di Bisaccia;93.222;6.123;11.143;12.237;67;135;147;1.609;7.509;0;7.327;328
070047;Montorio nei Frentani;31.663;0.174;4.504;4.93;0;3;3;1.699;16.161;0;11.168;17
070048;Morrone del Sannio;45.84;2.552;6.649;6.983;6;14;15;3.331;23.069;0;3.006;43
070049;Oratino;17.885;1.532;6.419;6.43;3;20;20;10.702;21.778;0;3.534;138
070050;Palata;43.818;1.406;5.425;5.525;1;7;8;5.144;11.053;0;4.304;11
070051;Petacciato;35.45;0.897;4.415;4.756;5;50;55;0.02;18.906;0;1.21;442
070052;Petrella Tifernina;26.515;1.162;5.638;5.721;1;15;15;2.327;32.163;0;3.149;47
070053;Pietracatella;50.281;1.317;4.56;5.05;1;6;6;10.525;41.747;0;5.507;134
070054;Pietracupa;10.079;0.01;3.215;3.234;0;3;3;6.469;12.035;0;11.261;42
070055;Portocannone;13.114;6.116;9.562;11.255;0;6;6;0;0;0;0;0
070056;Provvidenti;14.032;0;7.184;7.184;0;1;1;0.941;51.475;0;1.14;22
070057;Riccia;70.039;0.254;3.358;3.375;4;45;46;1.866;20.843;0;10.614;288
070058;Ripabottoni;31.96;0.138;4.018;4.018;0;5;5;2.76;21.943;0;1.755;24
070059;Ripalimosani;33.828;0.562;3.793;4.44;1;19;20;18.76;28.225;0;13.888;229
070060;Roccavivara;21.044;2.927;5.626;6.192;1;4;4;1.269;4.453;0;7.632;33
070061;Rotello;70.74;1.436;4.129;4.755;1;4;4;2.554;9.867;0;12.731;17
070062;Salcito;28.259;1.741;5.552;5.789;1;9;9;4.14;6.444;0;9.646;34
070063;San Biase;11.846;0.11;2.271;2.288;0;0;0;16.833;17.246;0;12.283;19
070064;San Felice del Molise;24.372;1.83;4.92;5.264;0;2;2;0.899;7.455;0;11.944;34
070065;San Giacomo degli Schiavoni;11.053;2.217;5.555;6.062;10;25;27;1.095;5.519;0;1.158;24
070066;San Giovanni in Galdo;19.448;0.406;4.031;4.072;0;8;8;1.877;29.653;0;16.516;25
070067;San Giuliano del Sannio;24.051;0.012;0.586;0.603;0;0;0;1.252;0.112;5.667;0.412;1
070068;San Giuliano di Puglia;42.048;4.212;9.123;9.289;1;3;3;0.105;10.046;0;0.138;27
070069;San Martino in Pensilis;100.652;3.751;8.092;10.629;5;50;62;0.57;5.728;0;9.932;78
070070;San Massimo;27.33;1.028;9.433;11.083;3;33;38;0.413;3.615;0;2.32;4
070071;San Polo Matese;15.284;1.426;6.261;7.099;6;21;25;0.694;2.283;0;8.754;6
070072;Santa Croce di Magliano;53.367;2.863;6.109;6.287;0;0;0;0.011;9.957;0;0;80
071024;Foggia;509.254;12.569;26.594;31.579;949;4449;7140;0;0;2.011;0;0
071025;Ischitella;85.474;6.643;8.265;8.3;239;240;240;0;0.014;2.777;0;0
071026;Isole Tremiti;3.194;0;0;0;0;0;0;14.183;4.978;0;0;86
071027;Lesina;160.226;11.433;14.862;15.516;62;169;228;1.677;0.675;0.038;0;363
071028;Lucera;339.787;4.567;11.592;13.066;393;586;612;0.215;0.293;21.176;0;1962
071029;Manfredonia;354.795;16.667;34.504;37.274;5111;7346;8435;0.1;0.754;2.629;0;90
071031;Mattinata;73.486;1.946;2.85;3.077;1050;1259;1269;1.449;18.805;47.595;0;107
071032;Monteleone di Puglia;36.41;0;0;0;0;0;0;4.515;81.115;13.991;0;947
071033;Monte Sant'Angelo;245.149;0.233;0.906;0.941;5;7;7;0.219;9.719;24.458;0;499
071034;Motta Montecorvino;19.941;0;0;0;0;0;0;15.305;56.868;22.226;0;460
071035;Orsara di Puglia;83.005;4.45;7.867;8.787;877;905;913;4.794;42.906;34.141;0;526
071036;Orta Nova;105.238;14.624;19.184;20.996;3723;4471;5502;0;0;5.842;0;0
071037;Panni;32.704;1.208;4.073;4.36;3;3;7;37.317;34.907;26.348;0;711
071038;Peschici;49.385;2.231;3.39;3.894;49;71;78;0.78;3.009;27.134;0;578
071039;Pietramontecorvino;71.645;0.11;1.008;1.019;0;1;1;1.344;15.528;22.718;0.127;1524
071040;Poggio Imperiale;52.883;0.14;3.905;4.19;0;3;4;0;0;0.004;0;0
071041;Rignano Garganico;89.397;22.578;23.332;23.345;16;16;16;3.069;5.285;14.22;0;84
071042;Rocchetta Sant'Antonio;72.465;2.067;2.857;3.014;4;4;5;9.202;45.701;10.586;0;602
071043;Rodi Garganico;13.516;9.093;11.512;12.134;319;408;441;2.982;0;0.007;0;539
071044;Roseto Valfortore;50.051;0.056;2.933;2.935;0;0;0;3.804;34.255;3.055;2.877;197
071046;San Giovanni Rotondo;261.969;6.119;8.551;9.352;73;452;1787;0.056;1.374;14.121;0;13
071047;San Marco in Lamis;234.197;8.916;10.086;10.277;1140;1365;1393;0.54;2.069;13.576;0;199
071048;San Marco la Catola;28.625;1.39;4.297;4.444;0;0;0;4.272;11.008;0;3.249;110
071049;San Nicandro Garganico;173.357;0.159;3.897;3.988;31;157;182;0.47;0.626;22.187;0;4
071050;San Paolo di Civitate;91.161;3.254;6.459;7.231;2;4;4;0;0;62.889;0;0
071051;San Severo;336.305;6.41;13.672;18.303;0;0;0;0.01;0.065;4.482;0;2800
071052;Sant'Agata di Puglia;116.133;1.423;1.968;2.154;4;5;6;7.788;43.259;45.439;0.161;1687
071053;Serracapriola;143.333;12.877;17.281;18.06;23;39;41;0.016;0.984;0;0.861;18
071054;Stornara;33.864;0.192;4.471;4.491;0;220;220;0;0;16.702;0;0
071055;Stornarella;33.812;0;0;0;0;0;0;0;0;15.589;0;0
071056;Torremaggiore;210.008;3.656;6.26;6.544;331;378;382;0.035;0;11.652;0;0
071058;Troia;168.245;4.071;9.069;9.524;31;55;58;1.747;0;47.944;0;360
071059;Vico del Gargano;111.036;1.726;2.439;2.491;133;180;191;0.228;0.32;0.113;0;271
071060;Vieste;169.27;3.174;3.741;3.835;845;1184;1807;0.538;0.046;0.002;0;233
071061;Volturara Appula;51.997;0.15;2.719;2.725;0;2;2;6.512;15.293;0.088;1.406;101
071062;Volturino;58.347;0.214;0.31;0.368;0;0;0;3.234;17.758;39.433;0;549
071063;Ordona;39.565;7.363;10.562;12.011;8;21;31;0;0;11.548;0;0
071064;Zapponeta;41.745;21.852;71.685;74.375;67;483;656;0;0;0;0;0
072001;Acquaviva delle Fonti;132.024;1.346;1.86;2.194;64;157;212;0;0;0;0;0
072002;Adelfia;29.814;7.55;8.328;9.65;275;371;1115;0;0;0;0;0
072003;Alberobello;40.823;0.975;1.271;1.482;10;13;15;0;0;0;0;0
072004;Altamura;431.37;0.552;0.623;0.65;11;12;12;0.019;0.003;0.301;0.425;353
072006;Bari;117.557;3.897;5.226;5.58;1537;4037;4266;0.051;0.059;0;0;484
072008;Binetto;17.654;5.302;6.962;8.276;43;61;77;0;0;0;0;0
072010;Bitetto;33.945;5.633;6.652;7.256;29;32;34;0;0;0;0;0
072011;Bitonto;174.337;1.861;2.292;2.481;264;387;497;0;0;0;0;0
072012;Bitritto;17.982;6.379;8.664;9.687;248;379;383;0;0;0;0;0
072014;Capurso;15.105;4.906;7.183;8.507;258;365;568;0;0;0;0;0
072015;Casamassima;78.432;0.839;1.404;1.541;0;0;0;0;0;0;0;0
072016;Cassano delle Murge;90.197;1.011;1.495;1.714;299;815;1091;0.049;0;0;0;12
072017;Castellana Grotte;69.129;0.579;0.618;0.648;20;20;20;0;0;0;0;0
072018;Cellamare;5.911;0;0;0;0;0;0;0;0;0;0;0
072019;Conversano;128.421;0.215;0.723;0.773;11;21;26;0;0;0;0;0
072020;Corato;169.278;2.284;3.649;4.244;2959;4120;4896;0.001;0.076;0;0;9
072021;Gioia del Colle;208.935;2.063;3.809;4.694;404;671;1201;0;0.033;0;0;2
072022;Giovinazzo;44.285;0.7;1.235;1.655;50;109;184;0.043;0.086;0;0;47
072023;Gravina in Puglia;384.718;6.795;7.401;7.739;29;32;33;0.419;0.877;0.823;2.156;30
072024;Grumo Appula;81.301;1.759;2.946;3.433;232;1432;1737;0.002;0.041;0;0;0
072025;Locorotondo;48.179;0;0.004;0.079;0;0;6;0;0;0;0;0
072027;Modugno;32.236;5.813;7.166;7.721;155;182;206;0;0;0;0;0
072028;Mola di Bari;50.942;0.112;1.203;1.217;12;34;34;0.004;0.006;0;0;2
072029;Molfetta;59.111;7.77;12.664;14.266;2982;3463;3877;0;0;0;0;0
072030;Monopoli;157.863;2.351;4.194;5.9;446;786;1044;0.144;0.397;0;0;760
072031;Noci;150.597;0;0;0;0;0;0;0;0;0;0;0
072032;Noicattaro;40.793;2.486;2.944;3.233;415;553;700;0;0;0;0;0
072033;Palo del Colle;79.712;4.008;5.093;5.416;6;9;10;0;0;0;0;0
072034;Poggiorsini;43.443;9.767;10.978;11.882;8;9;10;0;0.039;0.288;2.399;0
072035;Polignano a Mare;63.097;1.243;1.734;2.01;238;612;670;0.2;0;0;0;497
072036;Putignano;100.154;2.155;2.193;3.086;390;427;459;0;0;0;0;0
072037;Rutigliano;53.852;3.554;5.445;6.236;366;726;1565;0;0;0;0;0
072038;Ruvo di Puglia;223.825;2.169;3.337;4;172;409;550;0.012;0.093;0;0;447
072039;Sammichele di Bari;34.234;4.595;6.426;9.891;40;57;111;0;0;0;0;0
072040;Sannicandro di Bari;56.793;1.446;1.954;2.472;15;21;62;0.012;0.032;0;0;0
072041;Santeramo in Colle;144.852;0.365;1.565;1.634;7;25;27;0.002;0.09;0;0;227
072043;Terlizzi;69.23;5.028;6.484;6.887;1400;1957;2245;0;0;0;0;0
072044;Toritto;75.351;1.547;2.261;2.449;620;744;819;0;0;0;0;0
072046;Triggiano;20.138;3.099;6.833;8.109;1308;5932;6899;0;0;0;0;0
072047;Turi;71.4;0.808;2.349;3.144;23;150;475;0.011;0.034;0;0;43
072048;Valenzano;15.979;5.244;7.535;8.205;366;481;915;0;0;0;0;0
073001;Avetrana;74.171;3.385;3.732;20.648;42;76;6890;0;0;0;0;0
073002;Carosino;10.935;9.072;16.269;21.381;711;1136;1313;0;0;0;0;0
073003;Castellaneta;242.389;3.422;6.547;6.578;240;1235;1244;1.642;1.128;4.8;0;554
073004;Crispiano;112.301;4.203;5.492;5.509;368;610;629;0.053;0.551;0;0;206
073005;Faggiano;21.065;9.85;12.371;14.759;4;5;6;0.005;0.028;0;0;0
073006;Fragagnano;22.413;1.856;1.861;1.861;5;5;5;0.183;0.402;0;0;34
073007;Ginosa;188.598;14.502;18.366;27.652;819;1374;5936;1.069;0.022;0.7;0.319;3513
073008;Grottaglie;102.122;4.308;7.858;8.599;62;104;133;0;0.002;0;0;0
073009;Laterza;161.173;0.426;5.305;5.366;226;1374;1392;0.179;2.019;1.49;0;3113
073010;Leporano;15.33;0;0;0;0;0;0;0.15;0.3;0;0;4
073011;Lizzano;47.178;1.388;8.019;9.502;240;371;1182;0.002;0;0.384;0;0
073012;Manduria;180.442;1.729;3.15;4.476;245;534;2760;0.023;0.047;0.332;0;127
073013;Martina Franca;298.719;1.711;2.679;3.282;2262;3790;4046;0.019;0.167;0.118;0;279
073014;Maruggio;49.075;3.537;6.292;8.705;1974;2508;2683;0.355;0.098;1.223;0;1
073015;Massafra;127.994;6.687;9.596;25.688;2740;2859;3245;0.399;0.634;3.055;0;3925
073016;Monteiasi;9.746;6.557;12.066;12.713;54;131;145;0.041;1.098;0;0;32
073017;Montemesola;16.433;6.846;6.846;6.846;1;1;1;0.383;3.061;0;0;190
073019;Mottola;213.961;0.837;3.269;3.376;74;177;182;0;0;0;0;0
073020;Palagianello;43.862;7.33;9.596;11.463;84;135;1230;0;0;0;0;0
073018;Monteparano;3.849;2.052;4.754;5.898;2;5;6;0;0;0;0;0
073021;Palagiano;69.987;21.444;25.859;32.752;273;877;8175;0;0;0.001;0;0
073022;Pulsano;18.528;0.178;0.21;0.227;0;0;0;0.162;0.286;0.076;0;118
073023;Roccaforzata;6.145;7.86;8.446;8.657;3;3;3;0;0;0;0;0
073024;San Giorgio Ionico;23.56;6.002;7.971;9.007;42;113;120;0;0;0;0;0
073025;San Marzano di San Giuseppe;19.194;1.042;1.553;1.917;2;3;4;0.01;0.031;0;0;0
073026;Sava;44.569;2.937;4.826;6.146;12;22;27;0;0;0;0;0
073027;Taranto;249.725;6.11;8.469;9.46;2671;3838;4556;0.059;0.111;0.574;0;2150
073028;Torricella;26.932;0;0.835;0.835;0;0;0;0;0;1.01;0;0
073029;Statte;67.32;0.264;2.828;5.407;0;54;806;0.052;0.233;0;0;2
074001;Brindisi;333.304;2.665;4.88;5.605;1292;1740;2027;0.175;0.041;0.053;0;8
074002;Carovigno;106.64;0.684;1.945;2.326;148;247;300;0.123;0.131;0.227;0;6
074003;Ceglie Messapica;132.02;1.144;1.547;2.092;271;324;376;0.023;0.226;0;0;812
074004;Cellino San Marco;37.839;3.977;4.514;4.62;12;23;24;0.013;0.156;0;0;209
074005;Cisternino;54.169;1.477;2.634;3.286;87;151;185;0.02;0.247;0;0;49
074006;Erchie;44.628;1.418;3.771;5.83;601;891;1521;0;0;0;0;0
074007;Fasano;131.801;3.605;9.183;9.707;905;3250;4885;0.001;0.012;0;0;1
074008;Francavilla Fontana;177.937;1.916;3.011;3.647;977;1017;1039;0.007;0.061;0;0;94
074009;Latiano;55.382;1.484;2.105;2.293;111;157;175;0;0;0;0;0
074010;Mesagne;124.05;7.305;8.798;10.077;822;901;7391;0;0.005;0;0;50
074011;Oria;83.667;3.558;4.951;5.509;19;19;20;0;0;0;0;0
074012;Ostuni;225.56;0.444;0.663;1.056;65;95;200;0.025;0.032;0.23;0;1
074013;San Donaci;34.044;5.079;6.668;6.868;24;25;25;0;0;0;0;0
074014;San Michele Salentino;26.534;0;0.094;0.166;0;0;0;0;0;0;0;0
074015;San Pancrazio Salentino;56.678;0.173;0.182;0.192;1;1;1;0;0;0;0;0
074016;San Pietro Vernotico;46.974;3.806;8.13;9.784;296;470;1780;0.224;0.098;0;0;1
074017;San Vito dei Normanni;67.076;0.328;0.613;0.859;338;524;596;0.004;0.063;0;0;108
074018;Torchiarolo;32.455;2.699;6.551;7.601;146;479;571;0.04;0.015;0.111;0;0
074019;Torre Santa Susanna;55.765;3.617;5.753;6.425;13;57;60;0.004;0.039;0;0;92
074020;Villa Castelli;35.146;0.023;0.023;0.023;45;46;47;0.003;0.011;0;0;22
075002;Alessano;28.693;0.899;1.251;4.918;0;0;1009;0.014;0.063;0;0;5
075003;Alezio;16.789;0.066;0.089;0.089;0;0;0;0;0;0;0;0
075004;Alliste;23.53;0.761;3.06;3.413;10;79;81;0.353;1.126;0;0;46
075005;Andrano;15.713;1.616;2.686;2.686;268;640;640;0.064;0.369;0;0;4
075006;Aradeo;8.58;10.629;13.333;13.438;391;532;532;0.047;0.128;0;0;1
075007;Arnesano;13.544;1.44;3.736;5.921;30;43;56;0.015;0.199;0;0;31
075008;Bagnolo del Salento;6.745;2.342;3.277;3.899;0;0;0;0;0;0;0;0
075009;Botrugno;9.75;0.113;0.287;0.39;20;20;20;0;0;0;0;0
075010;Calimera;11.181;0.027;0.027;0.027;10;10;10;0;0;0;0;0
075011;Campi Salentina;45.879;1.857;7.11;9.719;84;162;174;0;0;0;0;0
075012;Cannole;20.348;2.334;5.141;6.06;3;8;11;0;0.093;0;0;40
075013;Caprarica di Lecce;10.707;0.448;0.495;0.495;8;8;8;0;0;0;0;0
075014;Carmiano;24.24;0.021;0.103;0.103;0;1;1;0;0.017;0;0;0
075015;Carpignano Salentino;48.986;0.323;1.892;2.903;1;2;3;0.004;0.035;0;0;49
075016;Casarano;38.727;2.169;3.897;4.423;563;756;826;0;0;0;0;0
075017;Castri di Lecce;12.945;0.618;1.429;2.225;1;1;2;0;0;0;0;0
075018;Castrignano de' Greci;9.625;0.291;3.003;5.205;14;65;114;0;0;0;0;0
075019;Castrignano del Capo;20.778;1.896;2.864;3.388;77;149;245;0.529;2.517;0;0;352
075020;Cavallino;22.654;1.015;2.415;2.944;698;1117;1383;0;0;0;0;0
075021;Collepasso;12.789;1.063;2.119;2.768;71;130;140;0;0.055;0;0;1
075022;Copertino;58.532;1.556;2.561;4.273;2418;2751;4501;0;0;0;0;0
075023;Corigliano d'Otranto;28.413;0.345;4.322;7.38;19;39;47;0.035;0.433;0;0;445
075024;Corsano;9.112;1.405;1.405;3.556;2;2;837;0.79;2.952;0;0;102
075025;Cursi;8.358;0.861;2.931;4.654;52;77;110;0;0.012;0;0;0
075026;Cutrofiano;56.807;4.299;7.883;9.492;169;393;532;9.168;1.778;0;0;938
075027;Diso;11.424;0.727;1.479;1.479;14;38;38;0.123;0.28;0;0;1
075028;Gagliano del Capo;16.615;0.837;1.162;1.396;230;307;348;8.643;7;0;0;100
075029;Galatina;82.646;0.5;4.07;5.214;568;1139;1275;0;0;0;0;0
075030;Galatone;47.07;1.372;5.49;5.895;2807;5487;5491;0.053;0.3;0;0;680
075031;Gallipoli;41.232;1.096;2.462;2.927;24;61;74;0.109;0.706;3.997;0;2264
075032;Giuggianello;10.267;2.133;4.578;4.578;31;62;62;0;0;0;0;0
075033;Giurdignano;14.043;0.577;2.421;3.318;30;87;127;0;0.078;0;0;21
075034;Guagnano;38.029;2.706;2.921;2.942;9;20;20;0;0;0;0;0
075035;Lecce;239.576;0.617;1.538;2.044;2681;3924;4065;0.169;0.578;0.157;0;954
075036;Lequile;36.704;1.079;2.422;3.934;392;451;467;0.016;0.114;0;0;139
075037;Leverano;49.503;0.527;2;3.266;76;850;1126;0;0;0;0;0
075038;Lizzanello;25.416;1.802;3.663;5.264;157;394;507;0;0.016;0;0;0
075039;Maglie;22.663;1.099;2.775;3.967;312;746;922;0;0;0;0;0
075040;Martano;22.247;0.683;1.362;2.018;2;5;7;0;0;0;0;0
075041;Martignano;6.492;0.801;1.14;1.925;0;6;17;0;0;0;0;0
075042;Matino;26.629;2.144;4.506;5.708;181;457;599;0;0.293;0;0;413
075043;Melendugno;92.334;0.014;0.235;0.317;0;120;122;0.509;0.048;0;0;5
075044;Melissano;12.549;5.1;9.57;14.423;11;20;35;0.128;0.478;0;0;79
075045;Melpignano;11.104;0.36;1.477;2.441;5;14;26;0.054;0.36;0;0;88
075046;Miggiano;7.799;2.257;4.218;5.078;95;126;141;0.013;0.141;0;0;51
075047;Minervino di Lecce;18.128;1.269;4.281;6.449;30;380;537;0;0;0;0;0
075048;Monteroni di Lecce;16.71;0.682;0.76;1.047;7;8;10;0;0;0;0;0
075049;Montesano Salentino;8.528;1.724;1.935;1.935;7;7;7;0;0;0;0;0
075050;Morciano di Leuca;13.572;0.391;0.788;1.09;0;1;2;0.007;0.052;0;0;0
075051;Muro Leccese;16.767;1.348;5.308;7.646;310;503;664;0;0.018;0;0;8
075052;Nardò;193.274;2.066;5.967;6.942;246;404;448;0.129;0.817;0.036;0;204
075053;Neviano;16.302;3.086;6.76;6.76;46;54;54;0;0;0;0;0
075054;Nociglia;11.126;4.09;6.354;8.035;13;20;41;0;0;0;0;0
075055;Novoli;18.04;0;0.022;0.089;0;0;0;0;0.022;0;0;7
075056;Ortelle;10.225;1.056;2.66;3.853;21;25;29;0;0;0;0;0
075057;Otranto;77.197;0.824;1.72;2.203;42;93;120;0.736;1.707;0.465;0;169
075058;Palmariggi;8.972;1.115;1.951;2.229;0;0;0;0;0;0;0;0
075059;Parabita;21.092;1.944;2.949;3.741;40;66;81;0;0;0;0;0
075060;Patù;8.69;0.667;0.886;1.162;4;13;15;0.391;2.463;0;0;112
075061;Poggiardo;19.958;2.275;4.023;5.456;22;30;33;0;0;0;0;0
075063;Racale;24.291;1.284;1.56;1.56;2;3;3;0.033;0.984;0;0;141
075064;Ruffano;39.727;3.096;6.225;8.41;505;1411;1702;0.146;0.045;0;0;42
075065;Salice Salentino;59.872;0.23;5.196;5.196;1;22;22;0;0;0;0;0
075066;Salve;33.079;0.529;0.529;0.529;105;105;105;0.157;0.499;0.49;0;29
075067;Sanarica;13.022;1.797;2.788;4.608;5;9;22;0;0;0;0;0
075068;San Cesario di Lecce;8.089;0.618;1.718;2.992;70;105;141;0;0;0;0;0
075069;San Donato di Lecce;21.577;0.181;0.468;1.896;13;13;24;0;0;0;0;0
075070;Sannicola;27.639;0.615;5.557;5.995;27;490;490;0;0;0;0;0
075071;San Pietro in Lama;8.198;0.695;1.586;3.464;7;27;50;0;0;0;0;0
075072;Santa Cesarea Terme;26.84;0.35;0.864;1.155;18;76;114;0.25;0;0;0;2
075073;Scorrano;35.33;6.009;6.156;6.32;146;147;147;0;0;0;0;0
075074;Seclì;8.776;2.552;3.817;3.817;5;6;6;0;0;0;0;0
075075;Sogliano Cavour;5.331;1.782;3.395;3.452;9;20;21;0;0;0;0;0
075076;Soleto;30.455;0.007;0.243;0.578;0;3;5;0;0;0;0;0
075077;Specchia;25.095;2.861;5.635;5.774;15;37;38;0.04;0;0;0;17
075078;Spongano;12.425;0;0.016;0.016;0;0;0;0;0;0;0;0
075079;Squinzano;31.162;0.895;3.931;5.205;440;2494;3310;0;0;0.305;0;0
075080;Sternatia;16.765;0.841;2.565;3.728;208;211;212;0;0;0;0;0
075081;Supersano;36.406;1.307;3.282;4.323;40;50;60;0.036;0;0;0;0
075082;Surano;8.988;0;0;0;0;0;0;0;0;0;0;0
075083;Surbo;20.657;0.407;0.649;0.808;181;184;188;0;0;0;0;0
075084;Taurisano;23.68;1.026;1.377;11.997;108;161;1510;0.042;0.144;0;0;255
075085;Taviano;22.132;2.458;3.94;4.559;10;16;18;0.005;0.018;0;0;0
075086;Tiggiano;7.71;1.518;1.518;1.518;2;2;2;0.545;0.052;0;0;1
076025;Castelsaraceno;74.774;0;0;0;0;0;0;2.338;2.327;0.843;0.254;28
076026;Castronuovo di Sant'Andrea;47.452;0;0;0;0;0;0;0.622;3.646;4.067;0.131;290
076027;Cersosimo;24.744;0;0;0;0;0;0;3.621;9.065;16.711;0.485;8
076028;Chiaromonte;70.017;3.743;5.15;5.931;46;62;73;2.079;0.236;1.88;0.036;105
076029;Corleto Perticara;89.339;0;0;0;0;0;0;3.679;3.764;1.847;3.105;340
076030;Episcopia;28.644;1.306;2.185;3.233;10;18;73;0.911;3.533;6.57;0.915;256
076031;Fardella;29.076;4.265;5.847;6.349;3;4;4;0.334;0.922;1.83;0.014;177
076032;Filiano;71.809;0.05;1.028;1.04;0;8;8;4.985;0.219;0.139;0.368;198
076033;Forenza;116.306;0;0.101;0.101;0;0;0;0.512;1.763;1.104;3.179;21
076034;Francavilla in Sinni;46.818;2.078;2.439;2.734;109;127;141;19.648;3.259;11.942;1.542;476
076035;Gallicchio;23.631;1.435;1.858;1.913;1;1;1;1.443;1.202;1.325;0.453;122
076036;Genzano di Lucania;208.925;1.511;1.781;1.96;3;4;5;1.357;0.319;3.698;1.909;56
076037;Grumento Nova;66.649;3.463;4.198;4.249;35;41;42;0.051;0.023;0.065;0.176;4
076038;Guardia Perticara;53.679;0;0;0;0;0;0;3.279;6.14;4.212;2.47;36
076039;Lagonegro;113.066;0.046;0.07;0.088;1;1;1;0.207;0.338;0.241;0.268;91
076040;Latronico;76.658;1.259;2.387;2.969;1;1;2;3.583;1.692;2.295;0.056;1132
076041;Laurenzana;95.707;0;0;0;0;0;0;0.825;4.042;2.681;1.034;341
076042;Lauria;176.627;0.142;0.238;0.32;13;25;33;11.986;2.839;2.013;0.31;1787
076043;Lavello;134.657;8.18;10.111;10.136;252;308;308;0.385;0.018;0;0;75
076044;Maratea;67.843;1.178;1.427;1.62;49;64;74;11.149;0.687;1.999;0.265;545
076045;Marsico Nuovo;100.965;0.102;0.162;0.162;4;9;9;3.81;4.769;1.591;1.763;200
076046;Marsicovetere;38.012;0.729;0.926;0.939;0;0;0;4.509;1.336;0.629;0.029;85
076047;Maschito;45.817;0;1.639;1.657;0;0;0;0.821;0;0;0;1
076048;Melfi;206.182;6.529;8.219;8.938;371;621;745;1.786;0;0;0;118
076049;Missanello;22.341;1.32;1.32;1.32;0;0;0;3.263;10.017;5.483;0.56;170
076050;Moliterno;98.553;0;0;0;0;0;0;0.738;0.603;0.18;0.295;83
076051;Montemilone;114.133;0;1.951;1.951;0;2;2;0.898;0;0;0;0
076052;Montemurro;56.87;0.302;0.302;0.302;0;0;0;3.174;7.41;2.469;0.185;202
076053;Muro Lucano;126.183;0;0;0;0;0;0;3.067;2.175;8.315;4.577;102
076054;Nemoli;19.493;0.246;0.58;0.723;2;5;6;9.562;4.017;6.336;0.385;232
076055;Noepoli;46.709;0.933;1.212;1.327;1;2;2;6.881;4.997;19.666;2.038;252
076056;Oppido Lucano;54.878;2.163;2.595;2.637;1;2;2;5.771;0.825;7.455;3.881;404
076057;Palazzo San Gervasio;62.91;0.432;2.451;2.475;0;0;0;0.003;0.199;0.345;0.483;166
076058;Pescopagano;69.836;0.875;1.79;1.826;3;5;5;10.881;0.322;1.181;0.116;116
076059;Picerno;78.509;0;0;0;0;0;0;0.047;28.123;9.329;7.811;1023
076060;Pietragalla;66.098;0;0;0;0;0;0;13.825;2.1;10.212;3.28;502
076061;Pietrapertosa;67.703;0.146;0.157;0.17;0;0;0;3.845;14.304;4.117;0.38;90
076062;Pignola;56.235;0.354;0.468;0.5;25;32;34;1.506;6.56;5.866;2.164;260
076063;Potenza;175.432;0.421;0.531;0.56;105;191;204;3.008;6.165;7.651;3.201;1316
076064;Rapolla;29.277;3.87;8.201;8.355;3;20;20;1.609;0;0.003;0;753
076065;Rapone;29.507;0.942;2.626;2.82;2;7;7;5.663;0;0;0;18
076066;Rionero in Vulture;53.519;1.138;1.263;1.314;5;6;6;0.949;0.845;0;0;3479
076067;Ripacandida;33.485;0.146;0.505;0.511;1;5;5;2.452;0;0;0;5
076068;Rivello;69.585;0.226;0.377;0.468;0;0;0;4.675;1.992;1.608;0.124;145
076069;Roccanova;61.735;1.766;2.405;2.422;1;1;1;0.598;7.288;1.315;7.124;128
076070;Rotonda;42.922;9.615;9.615;9.615;181;181;181;1.994;0;0.636;0;208
076071;Ruoti;55.451;0;0;0;0;0;0;0.48;3.836;18.194;4.225;105
076072;Ruvo del Monte;32.622;4.322;7.449;7.63;4;9;9;7.973;0;0;0;59
076073;San Chirico Nuovo;23.394;0;0;0;0;0;0;1.449;5.407;4.762;5.809;64
076074;San Chirico Raparo;84.071;0.18;0.199;0.199;0;0;0;0.339;3.61;1.041;1.164;142
076075;San Costantino Albanese;43.248;0;0;0;0;0;0;12.28;24.297;12.373;0.294;106
076076;San Fele;97.699;0.158;2.749;2.752;2;35;35;7.938;0.003;0.026;0.002;183
076077;San Martino d'Agri;50.389;2.965;3.233;3.269;1;1;1;1.86;3.29;1.913;1.217;149
076078;San Severino Lucano;61.158;0.139;0.226;0.407;5;7;10;2.53;2.714;20.846;0.751;90
076079;Sant'Angelo Le Fratte;23.105;0;0;0;0;0;0;1.164;11.318;11.292;5.047;157
076080;Sant'Arcangelo;89.096;2.311;3.117;3.117;15;16;16;0.538;3.62;1.445;16.079;253
076081;Sarconi;30.686;0;0;0;0;0;0;0.215;2.447;1.724;0.515;8
076082;Sasso di Castalda;45.431;0;0;0;0;0;0;0.445;10.81;12.152;7.964;394
076083;Satriano di Lucania;32.901;0;0;0;0;0;0;0.009;11.808;13.164;10.504;204
076084;Savoia di Lucania;32.837;0;0;0;0;0;0;0.292;14.694;9.09;6.048;294
076085;Senise;97.305;1.555;2.643;3.104;6;10;11;0.605;0.928;2.375;0.556;1089
076086;Spinoso;38.182;0.013;0.013;0.013;0;0;0;2.36;8.431;1.145;1.207;7
076087;Teana;19.298;0;0;0;0;0;0;15.794;1.306;22.158;5.539;28
076088;Terranova di Pollino;113.07;1.106;1.106;1.106;1;1;1;6.299;5.605;0.783;0;313
076089;Tito;71.267;0;0;0;0;0;0;0.237;2.92;4.135;4.716;1962
076090;Tolve;128.683;0;0;0;0;0;0;12.035;1.023;6.923;4.434;506
076091;Tramutola;36.644;1.313;2.412;2.415;16;27;27;0.071;1.157;0.576;0.12;341
076092;Trecchina;38.189;1.655;2.55;3.129;9;15;18;3.333;3.255;1.464;0.021;191
076093;Trivigno;25.997;0.692;0.804;0.804;1;1;1;1.589;10.64;15.356;13.69;50
076094;Vaglio Basilicata;43.363;0.805;0.833;0.835;5;5;5;17.418;3.275;9.015;6.771;216
076095;Venosa;170.389;1.884;3.774;3.848;5;14;14;0.038;0;0;0;104
076096;Vietri di Potenza;52.243;0;0;0;0;0;0;6.826;8.187;9.795;4.28;736
076097;Viggianello;120.827;6.288;6.288;6.288;149;149;149;0.982;0.687;6.288;0.322;149
076098;Viggiano;89.697;0;0;0;0;0;0;3.39;6.978;1.795;0.118;85
076099;Ginestra;13.318;0.841;0.984;1.066;0;0;0;1.036;0;0;0;3
076100;Paterno;40.736;0.646;1.245;1.274;5;10;10;0.366;0.503;0.496;0.162;95
077001;Accettura;90.367;0.074;0.092;0.092;0;0;0;0.935;4.885;3.215;0.215;153
077002;Aliano;98.408;2.917;3.258;3.277;7;7;7;0.042;0.967;0.895;8.086;69
077003;Bernalda;126.237;32.323;38.227;39.266;980;1041;1045;0.047;0.036;2.853;0.111;75
077004;Calciano;49.691;6.416;7.925;8.207;3;4;4;3.188;8.984;7.037;5.782;4
077005;Cirigliano;14.904;0;0;0;0;0;0;7.347;3.08;7.958;0.456;2
077006;Colobraro;66.631;1.543;2.358;2.787;2;3;3;0.617;1.703;1.624;0.291;68
077007;Craco;77.042;3.241;3.392;3.392;0;0;0;0.415;4.778;33.732;4.435;27
077008;Ferrandina;218.108;3.705;4.221;4.633;2;3;3;0.451;0.331;1.016;0.01;156
077009;Garaguso;38.611;1.826;1.836;1.95;2;2;2;0.394;7.187;8.337;0.655;26
077010;Gorgoglione;34.926;0;0;0;0;0;0;3.006;6.617;4.043;3.53;169
077011;Grassano;41.63;4.648;4.999;6.135;4;4;5;4.614;4.084;9.462;8.816;533
077012;Grottole;117.15;4.566;5.696;6.217;7;8;9;3.974;4.279;5.514;5.993;95
077013;Irsina;263.455;6.869;8.221;9.145;11;13;15;0.475;5.936;4.48;5.218;14
077014;Matera;392.081;3.668;4.275;4.525;88;108;121;2.303;0.136;0.328;2.155;109
077015;Miglionico;88.839;1.448;1.706;1.75;5;5;5;1.063;4.686;12.979;4.555;136
077016;Montalbano Jonico;135.996;3.143;5.078;5.135;0;0;0;0.147;0.365;37.385;0.894;417
077017;Montescaglioso;175.797;5.048;7.078;7.153;41;62;63;1.685;0.126;0.528;0.088;4097
077018;Nova Siri;52.74;12.328;14.625;16.43;528;1476;1639;0.078;0.104;0.474;0;65
077019;Oliveto Lucano;31.185;0;0;0;0;0;0;4.044;5.499;7.375;0.872;25
077020;Pisticci;233.922;8.44;12.448;13.347;47;133;141;0.326;0.107;22.637;0.703;778
077021;Policoro;67.649;7.388;13.86;24.994;152;238;575;0;0;2.738;1.112;0
077022;Pomarico;129.667;3.465;3.939;3.981;4;4;4;1.178;10.112;22.503;8.264;645
077023;Rotondella;76.538;8.976;12.406;15.126;95;132;177;0.323;0.222;1.401;0.402;8
077024;Salandra;77.437;1.812;2.833;3.187;0;0;0;4.999;9.578;9.814;1.059;173
077025;San Giorgio Lucano;39.258;0;0;0;0;0;0;0.191;0.107;0.652;2.555;5
077026;San Mauro Forte;87.058;0;0;0;0;0;0;2.148;4.886;8.285;1.122;17
077027;Stigliano;211.143;1.864;2.062;2.076;1;1;1;2.039;2.952;9.181;1.202;277
077028;Tricarico;178.161;0.701;0.828;0.834;2;3;3;0.639;0.844;4.039;0.731;62
077029;Tursi;159.93;6.585;8.499;8.641;15;24;24;0.671;1.127;11.93;0.198;299
077030;Valsinni;32.198;3.041;5.034;5.696;6;8;9;11.942;7.333;11.979;3.963;143
077031;Scanzano Jonico;72.127;12.423;20.765;25.204;369;656;829;0;0;3.339;1.52;0
078001;Acquaformosa;22.705;10.328;10.328;10.328;57;57;57;0.172;0.207;27.655;0;56
078002;Acquappesa;14.382;12.467;12.669;13.378;508;539;589;1.69;2.691;8.121;0;180
078003;Acri;200.627;14.871;14.871;14.871;2334;2334;2334;0.671;0.551;3.028;0;230
078004;Aiello Calabro;38.506;17.073;17.073;17.073;201;201;201;2.441;6.178;15.39;0.327;183
078005;Aieta;48.295;4.468;4.468;4.468;2;2;2;1.507;2.015;0.482;0.126;60
078006;Albidona;64.669;15.669;15.674;15.677;49;49;49;1.566;1.392;0.019;0;255
078007;Alessandria del Carretto;41.111;14.716;14.716;14.716;6;6;6;2.206;12.598;0.034;0;336
078008;Altilia;10.56;14.356;14.356;14.356;19;19;19;1.837;7.472;6.165;0.095;178
078009;Altomonte;65.707;20.022;20.022;20.022;314;314;314;1.061;1.549;1.07;0;140
078010;Amantea;29.355;14.185;14.573;16.13;1214;1277;1799;1.823;6.159;4.153;0;263
078011;Amendolara;60.918;22.094;22.187;22.281;286;287;288;5.327;0.616;0;0;107
078012;Aprigliano;122.423;12.866;12.866;12.866;95;95;95;0.066;0.376;1.154;0;201
078013;Belmonte Calabro;23.972;12.556;12.702;12.948;306;322;344;4.422;3.546;17.596;0;117
078014;Belsito;11.553;11.088;11.088;11.088;35;35;35;0.035;4.215;9.218;0;19
078015;Belvedere Marittimo;37.074;14.846;15.021;15.377;1589;1654;1825;0;1.322;9.244;0.003;156
078016;Bianchi;33.32;12.542;12.542;12.542;173;173;173;0;0;0.048;0.342;0
078017;Bisignano;86.224;28.681;28.682;28.682;1419;1419;1419;0.022;0.17;0.14;0;35
078018;Bocchigliero;98.819;11.34;11.34;11.34;70;70;70;0.044;3.087;0.023;0;71
078019;Bonifati;33.788;12.481;12.59;12.948;317;334;396;0.536;1.332;4.549;0;13
078020;Buonvicino;30.594;12.476;12.476;12.476;155;155;155;1.353;2.304;21.099;0.098;97
078021;Calopezzati;22.574;30.393;30.641;30.792;349;364;373;0.013;0.678;2.193;0;1
078022;Caloveto;24.964;25.733;25.733;25.733;57;57;57;0;5.324;0.693;0.228;36
078023;Campana;104.646;13.735;13.735;13.735;73;73;73;0.368;0;0.008;0.022;4
078024;Canna;20.367;15.682;15.697;15.722;23;23;23;3.712;0;11.121;0;1
078025;Cariati;28.797;26.149;26.583;27.274;2227;2428;2893;0.351;0.156;0.017;1.077;80
078026;Carolei;15.43;8.121;8.121;8.121;44;44;44;0.389;0.246;4.77;0;2
078027;Carpanzano;14.273;9.136;9.136;9.136;4;4;4;0.168;2.718;0.995;0;3
078029;Cassano all'Ionio;159.082;16.465;16.557;16.698;904;910;916;0.104;0.165;0.003;0.017;417
078030;Castiglione Cosentino;14.087;14.787;15.049;15.049;180;182;183;1.143;0.774;5.729;0.327;110
078031;Castrolibero;11.557;12.166;12.166;12.166;1454;1454;1454;3.063;14.165;17.548;0.718;162
078032;Castroregio;42.056;11.829;11.829;11.829;7;7;7;11.497;1.07;0;0;92
078033;Castrovillari;130.632;14.072;14.072;14.072;5240;5240;5240;0.034;0.181;0.263;0.186;71
078034;Celico;99.747;16.899;16.899;16.899;144;144;144;0.054;0.304;0.356;0.077;112
078035;Cellara;5.858;7.596;7.596;7.596;9;9;9;0;2.885;5.804;0.341;2
078036;Cerchiara di Calabria;81.963;13;13;13;202;202;202;1.667;2.374;0.588;0;94
078037;Cerisano;15.318;10.615;10.615;10.615;89;89;89;3.088;8.141;5.027;0;55
078038;Cervicati;12.086;14.695;14.695;14.695;64;64;64;0.248;13.503;1.349;0;77
078039;Cerzeto;21.895;14.789;14.789;14.789;37;37;37;5.28;8.221;0.1;0;170
078040;Cetraro;66.14;12.944;13.068;13.264;1004;1132;1231;0.747;0.8;1.699;0;696
078041;Civita;27.619;12.955;12.955;12.955;2;2;2;0.033;0.876;10.518;0;10
078042;Cleto;18.984;12.547;12.547;12.547;124;124;124;11.067;32.891;1.786;0;280
078043;Colosimi;25.579;12.241;12.241;12.241;123;123;123;0;0.469;0.559;0;44
078045;Cosenza;37.861;12.807;13.008;13.581;5324;5770;6670;1.046;6.286;17.319;0.71;484
078046;Cropalati;33.697;26.916;26.916;26.916;28;28;28;0.101;3.19;1.718;0;67
078047;Crosia;21.076;25.811;26.125;33.261;958;985;2450;1.912;0;0.517;0.133;24
078048;Diamante;12.192;18.766;19.423;21.252;1006;1095;1883;0.123;7.759;5.799;0.312;57
078049;Dipignano;23.372;9.867;9.892;9.931;149;154;166;0.839;4.728;2.636;0;43
078050;Domanico;23.662;9.644;9.644;9.648;51;51;51;0.076;0.773;1.238;2.747;20
078051;Fagnano Castello;29.674;11.188;11.188;11.188;636;636;636;0.981;0;5.449;0;167
078052;Falconara Albanese;19.252;12.555;12.71;12.866;355;368;381;1.865;0.566;4.794;0;12
078054;Firmo;11.701;9.187;9.187;9.187;10;10;10;0;0.573;1.624;0.436;43
078053;Figline Vegliaturo;4.165;8.956;8.956;8.956;6;6;6;0;1.921;5.954;0.072;1
078055;Fiumefreddo Bruzio;32.038;12.201;12.37;12.548;327;351;376;2.797;1.991;14.517;0;162
078056;Francavilla Marittima;33.016;13.015;13.063;14.06;157;157;163;0.185;0;1.475;0;66
078057;Frascineto;29.113;8.652;8.652;8.652;194;194;194;4.122;0;0.021;0;107
078058;Fuscaldo;60.686;9.889;9.933;10.587;1047;1093;1495;0.603;1.175;2.864;0.232;104
078059;Grimaldi;24.709;9.203;9.203;9.203;171;171;171;0.024;2.602;2.736;0;138
078060;Grisolia;51.75;11.529;11.556;11.614;102;107;114;1.378;0.07;0.437;0.298;27
078061;Guardia Piemontese;21.403;10.363;10.414;10.97;422;441;525;1.065;10.709;2.967;0;31
078062;Lago;49.954;11.737;11.737;11.737;83;83;83;1.746;10.269;7.517;0;599
078063;Laino Borgo;57.081;12.242;12.242;12.242;342;342;342;0.121;0;0;0;2
078064;Laino Castello;37.336;13.81;13.81;13.81;69;69;69;0.351;0.19;0.182;0;2
078065;Lappano;12.21;12.146;12.146;12.146;49;49;49;0.27;2.662;1.548;0;69
078066;Lattarico;43.933;19.896;19.898;20.392;165;165;225;0.439;1.534;6.139;0;212
078067;Longobardi;18.21;8.226;8.473;8.962;108;123;138;0.983;0.011;16.409;0;9
078068;Longobucco;212.254;14.565;14.565;14.565;396;396;396;1.275;0.891;0.677;0;246
078069;Lungro;35.65;8.238;8.238;8.238;94;94;94;3.029;1.262;0.006;0;496
078070;Luzzi;77.6;18.46;18.46;18.46;1428;1428;1428;0.662;1.184;0.278;0.003;415
078071;Maierà;17.781;9.578;9.578;9.578;70;70;70;0.703;3.802;3.639;0;45
078072;Malito;16.916;8.725;8.725;8.725;76;76;76;1.809;1.868;9.269;0.03;65
078073;Malvito;38.237;13.989;13.989;13.989;89;89;89;0.416;0.314;0.868;0;95
078074;Mandatoriccio;37.312;22.934;23.151;23.301;262;274;282;0.094;0;0;0.962;11
078075;Mangone;12.273;7.871;7.871;7.871;10;10;10;0;1.532;2.778;0.758;36
078076;Marano Marchesato;5.043;9.022;9.022;9.022;127;127;127;7.793;12.731;7.733;0;841
078077;Marano Principato;6.322;11.072;11.072;11.072;286;286;286;1.107;4.524;18.966;0.411;82
078078;Marzi;15.81;8.969;8.969;8.969;16;16;16;0.81;1.872;6.705;0;3
078079;Mendicino;35.685;9.62;9.626;9.629;261;261;261;1.062;2.508;6.555;0;96
078080;Mongrassano;35.156;15.494;15.494;15.494;294;294;294;2.241;8.511;1.971;0.114;177
078081;Montalto Uffugo;76.67;17.507;17.507;17.507;1955;1955;1955;1.286;3.989;1.943;0.037;484
078082;Montegiordano;35.914;15.537;15.582;15.952;309;339;468;9.668;4.55;7.295;0;302
078083;Morano Calabro;116.252;13.848;13.848;13.848;682;682;682;0.173;0;0.124;0;134
078084;Mormanno;78.881;11.507;11.507;11.507;172;172;172;2.676;0.205;0.089;0;396
078085;Mottafollone;31.583;16.996;16.996;16.996;33;33;33;0;2.185;1.058;0;204
078086;Nocara;34.046;8.809;8.812;8.815;7;7;7;3.296;1.242;1.909;0.009;99
078087;Oriolo;85.601;11.951;11.951;12.05;188;188;188;1.334;2.307;0.578;0;265
078088;Orsomarso;90.413;15.431;15.431;15.431;499;499;499;1.101;0.344;0;0;172
078089;Paludi;41.739;14.095;14.095;14.095;104;104;104;0.486;1.172;0.014;0.151;1
078090;Panettieri;14.666;14.06;14.06;14.06;8;8;8;0.048;0.007;0.205;0;2
078091;Paola;42.913;12.628;12.693;13.523;2831;2876;3251;0.056;0.112;1.095;0;72
078092;Papasidero;55.217;11.27;11.27;11.27;75;75;75;0.726;0.134;0.522;0;37
078093;Parenti;37.617;14.794;14.794;14.794;152;152;152;0.362;0.375;0.489;0;94
078094;Paterno Calabro;24.202;10.305;10.305;10.305;44;44;44;0.459;0.128;0.636;0;12
078096;Pedivigliano;16.655;10.003;10.003;10.003;4;4;4;0.03;0.276;2.732;0.342;2
078098;Pietrafitta;9.239;8.908;8.908;8.908;33;33;33;0.271;6.851;9.308;0;235
078099;Pietrapaola;52.807;20.139;20.287;20.38;378;391;403;0.193;0;0;0.027;11
078100;Plataci;49.41;13.843;13.843;13.843;80;80;80;2.667;4.37;0;0;642
078101;Praia a Mare;23.595;11.816;12.036;12.21;1384;1461;1510;0.03;0.636;0.047;0.008;31
078097;Piane Crati;2.332;8.705;8.705;8.705;10;10;10;0;0;3.645;2.873;0
078102;Rende;55.281;18.775;19.153;19.334;3936;3953;4043;0.729;4.3;2.156;0.291;965
078103;Rocca Imperiale;55.161;18.952;19.291;20.384;347;350;432;0.049;1.599;0.442;0;71
078104;Roggiano Gravina;44.877;28.596;28.596;28.596;162;162;162;0.053;0.96;0.243;0;84
078105;Rogliano;41.684;9.147;9.147;9.147;91;91;91;0.988;2.289;7.686;0.139;62
078106;Rose;47.491;13.712;13.712;13.712;505;505;505;0.069;0.158;0.983;0;32
078107;Roseto Capo Spulico;30.677;17.658;17.772;18.32;244;261;289;1.718;1.063;0.117;0;90
078109;Rota Greca;13.124;10.111;10.111;10.111;124;124;124;4.252;16.794;1.493;0;520
078110;Rovito;10.682;11.833;11.833;11.833;84;84;84;1.451;6.441;7.087;0;245
078111;San Basile;18.671;11.049;11.049;11.049;172;172;172;0.766;1.441;1.682;0;110
078112;San Benedetto Ullano;19.572;10.055;10.055;10.055;76;76;76;0.087;7.546;4.42;0;294
078113;San Cosmo Albanese;11.572;19.21;19.21;19.21;15;15;15;0;0.104;0;1.028;1
078114;San Demetrio Corone;61.874;16.317;16.317;16.317;259;259;259;0.034;0;0;1.324;0
078115;San Donato di Ninea;82.397;10.062;10.062;10.062;30;30;30;0.106;2.38;0.049;0.023;208
078116;San Fili;20.96;9.742;9.742;9.742;49;49;49;0.754;1.741;0.573;0.763;359
078117;Sangineto;27.505;15.819;15.917;16.015;300;314;329;0;0.113;8.137;0;36
078118;San Giorgio Albanese;22.683;20.663;20.663;20.663;185;185;185;0.048;0;0;0.551;0
078119;San Giovanni in Fiore;282.528;13.173;13.173;13.173;1030;1030;1030;0.002;0.017;0.003;0.01;155
078120;San Lorenzo Bellizzi;40.628;16.171;16.171;16.171;47;47;47;3.143;4.824;3.153;0;215
078121;San Lorenzo del Vallo;22.937;23.333;23.333;23.333;183;183;183;0;0;0;0;0
078122;San Lucido;27.044;10.39;10.516;11.1;672;696;791;1.915;4.178;33.312;0;463
078123;San Marco Argentano;80.495;19.676;19.676;19.676;558;558;558;0.002;0.329;0.217;0;27
078124;San Martino di Finita;23.898;15.018;15.018;15.056;65;65;65;1.85;4.385;0.469;0;272
078125;San Nicola Arcella;11.694;13.443;13.477;15.974;94;94;115;0.949;7.799;13.152;0;97
078126;San Pietro in Amantea;9.844;11.469;11.469;11.469;45;45;45;2.011;4.683;3.393;0;10
078127;San Pietro in Guarano;48.344;12.066;12.138;12.246;246;247;248;0.153;0.294;1.005;0;105
078128;San Sosti;43.546;13.462;13.462;13.462;228;228;228;1.614;0.06;1.862;2.65;24
078129;Santa Caterina Albanese;17.343;14.45;14.45;14.45;52;52;52;1.286;7.934;3.373;0;36
078130;Santa Domenica Talao;36.116;13.603;13.603;13.603;45;45;45;0.147;0.271;2.96;0;20
078131;Sant'Agata di Esaro;47.625;12.75;12.75;12.75;133;133;133;0.05;0.015;1.89;0.176;27
078132;Santa Maria del Cedro;18.412;18.798;19.574;19.878;293;349;357;0;0;3.21;0;0
078133;Santa Sofia d'Epiro;39.217;20.19;20.19;20.19;325;325;325;0;0.008;0;0.923;0
078134;Santo Stefano di Rogliano;19.564;7.611;7.611;7.611;27;27;27;0;0.971;1.181;0.337;1
078135;San Vincenzo La Costa;18.416;14.482;14.482;14.482;148;148;148;9.541;8.949;10.089;0;65
078136;Saracena;109.154;11.577;11.577;11.577;333;333;333;0.019;0.004;0.309;0.017;25
078137;Scala Coeli;67.497;24.417;24.441;24.457;20;20;20;1.773;0.031;0;1.181;37
078138;Scalea;22.544;23.181;23.891;24.8;2300;2410;2496;0.852;0.404;1.841;0;232
078139;Scigliano;17.463;12.449;12.449;12.449;33;33;33;0.699;3.47;8.95;0.252;182
078142;Spezzano Albanese;32.263;27.964;27.964;27.964;216;216;216;0;0;0.53;0;0
078143;Spezzano della Sila;80.287;15.879;15.879;15.879;230;230;230;0.037;0.182;0.705;0.002;192
078145;Tarsia;48.278;26.546;26.546;26.546;367;367;367;0.352;0.066;0.532;0;132
078140;Serra d'Aiello;4.512;16.29;16.29;16.29;11;11;11;11.946;2.416;6.228;0;40
078146;Terranova da Sibari;43.456;30.376;30.376;30.376;114;114;114;0;0.601;0.175;0;8
078147;Terravecchia;20.121;25.893;25.893;25.893;31;31;31;0.154;0.462;1.978;0;10
078148;Torano Castello;30.194;15.841;15.844;15.844;265;265;265;1.759;0.762;2.587;0;119
078149;Tortora;58.206;4.932;5.115;5.195;529;577;610;6.207;3.34;4.391;0.161;253
078150;Trebisacce;26.768;22.041;22.407;23.315;1291;1399;2109;0.112;0.332;0;0;185
078152;Vaccarizzo Albanese;8.534;14.893;14.893;14.893;60;60;60;0.094;0.035;0.07;0.762;2
078153;Verbicaro;32.642;11.856;11.856;11.856;548;548;548;1.428;0.077;7.343;0;732
078154;Villapiana;39.882;23.938;24.038;24.171;283;283;284;0.168;0.11;0.163;0;76
078155;Zumpano;8.084;15.104;15.661;16.675;131;137;149;3.983;14.671;12.011;0;198
078156;Casali del Manco;168.955;13.37;13.37;13.37;435;435;435;0.191;0.714;1.252;0.266;481
078157;Corigliano-Rossano;346.617;23.649;24.502;25.55;13707;14947;20842;0.11;0.04;0.09;0.033;340
079002;Albi;29.637;15.501;15.501;15.501;55;55;55;0.007;0.148;0.219;0.071;1
079003;Amaroni;9.883;20.561;20.561;20.561;77;77;77;0.243;0;3.329;0;17
079004;Amato;20.933;16.185;16.185;16.185;140;140;140;0.172;0.225;0.248;0.048;6
079005;Andali;17.868;24.513;24.513;24.513;63;63;63;0;0;0;0.028;0
079007;Argusto;6.879;8.984;8.984;8.984;11;11;11;0.334;3.634;14.537;0.044;4
079008;Badolato;37.261;21.905;22.058;22.211;579;622;709;0.268;0.37;0.33;0;26
079009;Belcastro;53.219;22.8;22.849;22.892;36;36;36;0.026;0.209;0;0.03;8
079011;Borgia;42.39;16.325;17.056;18.592;874;968;1025;0.259;0.333;0.922;0;229
079012;Botricello;15.506;28.518;28.905;29.331;1073;1078;1084;4.237;0.155;0.032;0;82
079017;Caraffa di Catanzaro;25.05;21.681;21.964;22.463;135;135;136;1.022;0.459;0.323;0;133
079018;Cardinale;30.119;14.071;14.353;14.353;639;747;747;0.923;0.415;0.624;0;81
079020;Carlopoli;16.412;14.075;14.075;14.075;50;50;50;0;0.707;0.305;0.171;56
079023;Catanzaro;112.782;20.546;21.267;23.539;11244;12246;16426;3.952;1.528;2.306;0.04;3866
079024;Cenadi;11.915;8.41;8.41;8.41;6;6;6;0;0.822;8.603;0;17
079025;Centrache;7.958;8.394;8.394;8.394;90;90;90;0;9.626;1.307;0;47
079027;Cerva;21.369;14.558;14.558;14.558;54;54;54;0.299;1.633;0.683;0;25
079029;Chiaravalle Centrale;23.831;10.008;10.008;10.008;191;191;191;0.806;0.466;0.558;2.988;343
079030;Cicala;9.284;15.058;15.069;15.08;13;13;13;0;0;7.841;0;0
079033;Conflenti;29.34;7.515;7.515;7.519;50;50;50;0.44;0.385;3.449;0.089;66
079034;Cortale;30.01;12.936;12.936;12.936;62;62;62;0.103;4.252;1.08;0.586;421
079036;Cropani;44.82;21.863;22.189;23.235;459;680;945;0.852;0.446;0.292;0;25
079039;Curinga;52.647;13.275;13.283;13.304;194;195;195;0.469;1.501;0.399;0;795
079042;Davoli;25.033;15.28;16.398;24.735;514;607;3778;0.036;0.112;1.965;0;8
079043;Decollatura;50.83;14.318;14.318;14.32;349;349;349;0;0.03;0.502;0;3
079047;Falerna;24.296;8.693;8.903;9.174;684;702;720;0;2.437;10.808;4.392;415
079048;Feroleto Antico;22.381;14.914;15.433;16.179;97;98;100;0.071;0.107;0.661;0.085;55
079052;Fossato Serralta;11.853;16.418;16.418;16.418;6;6;6;2.944;6.749;1.502;0;120
079055;Gagliato;7.037;13.031;13.031;13.031;23;23;23;2.274;35.697;15.575;0;23
079056;Gasperina;6.782;12.061;12.061;12.607;230;230;230;0.295;0.56;3.023;0.147;26
079058;Gimigliano;33.546;14.154;14.157;14.157;154;154;154;5.235;6.776;5.726;0;1584
079059;Girifalco;43.079;6.096;6.096;6.096;88;88;88;0.067;0.019;1.265;0;0
079060;Gizzeria;37.146;13.878;14.653;16.239;748;822;909;0.038;4.181;10.101;0.172;231
079061;Guardavalle;60.252;26.726;26.889;27.173;1296;1353;1502;0.646;0;0.023;0;214
079063;Isca sullo Ionio;23.503;21.385;21.687;22.44;291;318;368;0.468;0.23;2.808;0;62
079065;Jacurso;21.204;11.253;11.253;11.253;20;20;20;0.292;1.929;1.005;0;20
079068;Magisano;31.94;14.944;14.944;14.944;73;73;73;0.088;0.344;0.933;0.022;1
079069;Maida;58.334;21.637;21.637;21.653;339;339;342;0.038;0.499;7.028;0;16
079071;Marcedusa;15.683;27.801;27.801;27.801;6;6;6;0.198;0;0.58;2.64;3
079072;Marcellinara;20.905;21.536;21.598;22.526;113;113;118;0;2.516;1.669;0;59
079073;Martirano;14.898;19.687;19.687;19.687;40;40;40;0.698;2.067;4.101;0.121;27
079074;Martirano Lombardo;19.843;9.379;9.379;9.384;43;43;43;6.123;6.531;31.124;0;21
079077;Miglierina;13.94;14.347;14.347;14.347;33;33;33;0.825;0;1.557;0;3
079080;Montauro;11.75;15.694;15.974;16.289;282;302;323;0.647;2.383;5.43;0;9
079081;Montepaone;16.839;17.305;17.774;19.009;750;782;1137;0.042;1.289;2.381;1.194;30
079083;Motta Santa Lucia;26.296;11.352;11.352;11.352;19;19;19;0.251;2.228;3.518;0;23
079087;Nocera Terinese;46.225;13.302;13.575;15.476;406;428;476;0.052;3.351;4.398;0.039;171
079088;Olivadi;7.169;16.516;16.516;16.516;52;52;52;0;2.023;5.635;0;17
079089;Palermiti;18.384;15.307;15.307;15.307;29;29;29;0.43;3.53;1.594;0;74
079092;Pentone;12.383;14.883;14.883;14.883;72;72;72;1.268;1.785;0.509;0.016;210
079094;Petrizzi;21.899;16.101;16.101;16.133;28;28;28;1.311;1.639;1.037;0;186
079095;Petronà;46.128;12.578;12.578;12.578;49;49;49;0.115;0.431;0.178;0.085;13
079096;Pianopoli;24.65;23.002;23.095;23.278;24;24;25;0;0.032;0.13;0;3
079099;Platania;26.84;6.781;6.781;6.781;111;111;111;0.991;21.863;13.543;0;451
079108;San Floro;18.32;22.385;22.555;23.133;144;144;145;4.378;1.392;0;0;91
079110;San Mango d'Aquino;6.892;17.107;17.107;17.107;183;183;183;2.06;4.527;49.652;0;75
079114;San Pietro a Maida;16.453;10.211;10.211;10.211;563;563;563;0.055;0.614;0.17;0;33
079115;San Pietro Apostolo;11.723;12.471;12.471;12.471;59;59;59;0;0.674;1.399;0;3
079116;San Sostene;32.491;16.746;16.826;17.408;251;271;337;2.114;0;1.256;0;104
079117;Santa Caterina dello Ionio;40.699;26.671;26.807;27.003;574;613;647;0.275;0;0.241;0;88
079118;Sant'Andrea Apostolo dello Ionio;21.415;23.292;23.759;26.407;286;287;317;0.911;2.839;1.952;0;69
079122;San Vito sullo Ionio;17.165;12.601;12.601;12.601;552;552;552;0.047;0;2.26;0;0
079123;Satriano;21.174;23.08;23.637;26.972;186;188;311;2.328;0.137;2.38;0;53
079126;Sellia;12.809;20.173;20.173;20.173;13;13;13;2.826;2.006;3.357;0;136
079127;Sellia Marina;41.448;26.894;27.282;27.569;877;896;909;1.431;0.376;1.286;0;347
079129;Serrastretta;41.649;11.186;11.186;11.186;126;126;126;0;1.085;0.912;0;92
079130;Sersale;53.297;16.975;16.975;16.975;597;597;597;0.672;0.617;0.323;0;299
079131;Settingiano;14.349;31.905;32.002;32.316;807;809;811;0.216;1.038;0.39;0;16
079133;Simeri Crichi;46.735;21.613;21.746;22.707;376;395;457;3.496;0.71;2.082;0;113
079134;Sorbo San Basile;59.279;15.189;15.189;15.189;57;57;57;0;0.1;0.091;0.069;0
079137;Soverato;7.838;21.409;23.118;24.381;1624;1811;1999;0.434;1.352;7.234;1.276;27
079138;Soveria Mannelli;20.496;14.593;14.593;14.866;111;111;111;0;0.044;0.268;0;10
079139;Soveria Simeri;22.28;22.356;22.356;22.356;25;25;25;0.548;0.575;0.408;0.009;91
079142;Squillace;34.297;19.147;19.293;19.439;39;56;79;0.233;2.315;0.618;0;141
079143;Stalettì;12.126;11.958;12.024;13.541;123;125;171;6.771;1.418;2.589;0;80
079146;Taverna;132.306;14.143;14.143;14.143;127;127;127;0.042;0;0.163;0;1
079147;Tiriolo;29.262;16.964;17.114;17.302;136;136;138;1.77;2.515;0.639;0;162
079148;Torre di Ruggiero;25.37;10.903;10.903;10.903;41;41;41;0;0;0.717;0;0
079151;Vallefiorita;13.878;9.843;10.427;10.549;181;309;326;0.022;0;7.256;0;5
079157;Zagarise;49.33;18.307;18.33;18.354;157;157;157;1.437;0.047;0.687;0.022;68
079160;Lamezia Terme;162.377;15.383;15.54;15.639;6764;7443;7556;0.056;0.045;9.238;0;166
080001;Africo;53.878;18.34;18.364;18.393;1822;1822;1822;0.197;0.297;0.02;0;0
080002;Agnana Calabra;8.487;20.054;20.054;20.054;66;66;66;5.279;2.109;1.473;0;113
080003;Anoia;10.168;21.332;21.332;21.332;306;306;306;0;0.964;1.19;0;3
080004;Antonimina;22.906;17.489;17.519;18.358;124;124;136;4.064;0.332;2.096;0;119
080005;Ardore;32.831;15.915;16.116;18.656;1070;1129;1293;0.798;4.837;2.888;0;54
080006;Bagaladi;30.019;22.782;22.782;22.782;357;357;357;0;0.746;0.583;0;0
080007;Bagnara Calabra;24.821;8.956;9.061;10.298;2712;2865;3324;0.492;2.462;2.869;0.818;211
080008;Benestare;18.716;24.589;24.589;24.589;556;556;556;12.006;0.844;0.176;0;382
080009;Bianco;30.078;36.409;36.568;37.626;1158;1158;1424;1.413;0.788;0.093;0;386
080010;Bivongi;25.345;17.921;17.921;17.921;339;339;339;2.466;1.701;0.205;0;126
080011;Bova;46.943;18.814;18.814;18.814;28;28;28;0.219;0.454;0.245;0;129
080012;Bovalino;18.099;24.615;24.664;25.968;1560;1567;2202;1.486;1.873;1.398;0;109
080013;Bova Marina;29.424;29.204;29.36;29.836;1041;1058;1123;0.398;0.693;1.05;0;13
080014;Brancaleone;36.049;31.762;32.02;32.276;1427;1493;1581;0.552;0.183;0.691;0;5
080015;Bruzzano Zeffirio;20.707;30.782;30.801;30.994;363;364;375;1.487;3.612;1.106;0;126
080016;Calanna;10.965;11.947;11.947;11.947;27;27;27;1.487;0.091;4.414;0;7
080017;Camini;17.429;20.242;20.535;20.81;187;188;188;2.536;0.993;10.006;0;254
080018;Campo Calabro;8.009;9.876;9.876;9.876;450;450;450;0.911;0;1.261;0.287;14
080019;Candidoni;26.952;20.203;20.203;20.203;17;17;17;0.093;0.66;1.436;0;4
080020;Canolo;28.297;11.977;11.977;11.977;50;50;50;1.3;0;1.364;0;27
080021;Caraffa del Bianco;11.462;29.628;29.628;29.628;15;15;15;23.155;0;0;0;13
080022;Cardeto;37.266;15.003;15.003;15.003;144;144;144;0.877;2.404;2.251;0;222
080023;Careri;38.163;23.174;23.174;23.174;276;276;276;8.569;0.039;0.899;0;28
080024;Casignana;24.545;34.251;34.312;34.39;152;154;156;7.321;0;0.094;0;45
080025;Caulonia;101.762;26.915;27.009;27.301;970;1001;1383;2.412;6.249;0.831;0.023;398
080026;Ciminà;49.234;16.44;16.456;16.478;16;16;16;1.07;6.597;0.035;0;123
080027;Cinquefrondi;29.951;12.13;12.13;12.13;506;506;506;0;2.274;0.003;0.037;124
080028;Cittanova;61.983;9.374;9.374;9.374;519;519;519;0.118;1.284;0;0;60
080029;Condofuri;60.285;31.537;31.65;31.781;1967;2030;2079;0.226;1.232;0.318;0;37
080030;Cosoleto;34.374;10.429;10.429;10.429;46;46;46;0.623;2.991;0;0;37
080031;Delianuova;21.38;9.92;9.92;9.92;120;120;120;0.019;0.964;0.809;0;17
080032;Feroleto della Chiesa;7.556;16.596;16.596;16.596;12;12;12;0.503;7.795;1.271;0;20
080033;Ferruzzano;19.142;24.365;24.532;24.882;291;307;327;21.931;2.053;0.93;0.157;26
080034;Fiumara;6.588;18.427;18.427;18.427;353;353;353;1.23;1.655;0.577;0;85
080035;Galatro;51.34;11.589;11.665;11.737;607;653;695;0.049;1.558;0.082;0;33
080036;Gerace;28.987;19.409;19.471;20.52;323;324;376;3.277;0.455;24.78;0;184
080037;Giffone;14.719;10.775;10.775;10.775;29;29;29;0;1.692;0.645;0;113
080038;Gioia Tauro;38.106;12.547;12.659;12.806;1384;1494;1607;0.037;0.339;0.181;0;149
080039;Gioiosa Ionica;36.071;20.338;20.338;20.338;2045;2045;2045;0.069;1.608;0.532;0;113
080040;Grotteria;37.974;19.685;19.685;20.232;252;252;256;1.541;0.764;0.184;0.382;208
080041;Laganadi;8.191;10.536;10.536;10.536;107;107;107;1.27;0;4.2;0;26
080042;Laureana di Borrello;35.691;16.836;16.836;16.836;78;78;78;0.039;0.235;0.633;0;27
080043;Locri;25.774;18.841;19.399;22.418;2092;2208;2429;3.228;0;0.089;0.023;80
080044;Mammola;81.071;14.693;14.693;14.693;1243;1243;1243;0.687;0.305;0.402;0;287
080045;Marina di Gioiosa Ionica;16.184;31.352;31.63;33.131;1937;2042;2156;3.503;0;0.012;0;93
080046;Maropati;10.519;18.196;18.196;18.196;28;28;28;0.2;2.976;2.082;0;21
080047;Martone;8.336;12.2;12.2;12.2;6;6;6;0.3;0.384;2.075;0;17
080048;Melicuccà;17.403;6.252;6.252;6.252;136;136;136;1.379;2.632;5.907;0;160
080049;Melicucco;6.533;23.435;23.435;23.435;82;82;82;0.291;0.995;0.352;0;62
080050;Melito di Porto Salvo;35.404;27.39;27.587;28.022;2571;2618;2848;0.661;1.983;4.166;0;114
080051;Molochio;37.447;11.985;11.985;11.985;285;285;285;0;1.004;1.624;0;223
080052;Monasterace;15.804;37.029;37.472;38.117;828;868;909;3.733;0;2.215;0;188
080053;Montebello Jonico;56.45;27.655;27.697;27.86;2068;2070;2079;0.588;3.093;1.74;1.988;280
080054;Motta San Giovanni;46.412;23.77;23.86;24.259;1606;1680;1892;0.636;0.114;0.472;0;97
080055;Oppido Mamertina;58.874;15.034;15.034;15.034;199;199;199;1.653;4.277;3.029;0;236
080056;Palizzi;52.641;22.728;22.826;23.052;1141;1197;1257;1.922;0.082;1.47;0;163
080057;Palmi;32.053;8.492;8.695;10.102;803;848;909;1.388;1.881;2.106;0;263
080058;Pazzano;15.569;10.951;10.951;10.951;4;4;4;0.784;1.208;0.482;0;91
080059;Placanica;29.51;16.73;16.73;16.73;34;34;34;1.918;3.473;2.118;0.102;98
080060;Platì;50.873;23.604;23.618;23.661;1306;1306;1307;3.544;3.583;0;0;1214
080061;Polistena;11.77;18.012;18.012;18.012;1833;1833;1833;0;0.221;0.408;0;10
080062;Portigliola;5.998;26.676;26.842;27.109;151;152;155;6.035;0.15;4.135;0.017;87
080063;Reggio di Calabria;238.958;16.426;16.604;16.854;18144;18473;19174;0.375;1.816;1.983;0.004;824
080064;Riace;16.307;26.743;27.037;27.35;585;617;652;1.668;0.576;0.448;0;40
080065;Rizziconi;40.223;12.028;12.028;12.028;235;235;235;0.01;0.266;0.139;0;88
080066;Roccaforte del Greco;43.856;16.666;16.666;16.666;14;14;14;0.962;0.791;0;0;41
080067;Roccella Ionica;37.941;26.054;26.143;26.639;2659;2709;2836;0.543;0.322;0.453;0.134;172
080068;Roghudi;46.921;17.517;17.517;17.517;162;162;162;1.839;0.011;0.034;0;6
080069;Rosarno;39.557;14.766;14.766;14.766;1471;1471;1471;0.02;0.025;0.068;0.008;138
080070;Samo;50.218;16.747;16.747;16.747;51;51;51;0.747;2.27;0;0;344
080071;San Giorgio Morgeto;35.4;13.706;13.706;13.706;521;521;521;0;1.588;0.862;0;82
080072;San Giovanni di Gerace;13.566;15.826;15.826;15.826;55;55;55;2.528;1.415;1.054;0;185
080073;San Lorenzo;64.5;24.065;24.065;24.426;774;774;919;0.608;0.378;0.656;0;32
080074;San Luca;105.344;20.124;20.124;20.124;359;359;359;0.789;0.21;0.21;0;836
080075;San Pietro di Caridà;48.078;12.64;12.64;12.64;97;97;97;0.196;0.541;0.156;0;32
080076;San Procopio;11.358;12.335;12.335;12.335;2;2;2;0.555;8.338;4.728;0;129
080077;San Roberto;34.637;12.322;12.322;12.322;279;279;279;2.402;0.771;1.189;0;180
080078;Santa Cristina d'Aspromonte;23.409;11.346;11.346;11.346;11;11;11;0.29;2.499;0;0;0
080079;Sant'Agata del Bianco;20.199;21.239;21.239;21.239;25;25;25;2.292;1.832;0;0;78
080080;Sant'Alessio in Aspromonte;3.992;11.298;11.298;11.298;0;0;0;6.112;0;22.846;0;0
080081;Sant'Eufemia d'Aspromonte;32.879;9.766;9.766;9.766;249;249;249;0.517;1.022;0.125;0;175
080082;Sant'Ilario dello Ionio;13.998;22.853;23.039;28.647;241;241;310;9.644;3.615;1.014;0;73
080083;Santo Stefano in Aspromonte;17.797;9.524;9.524;9.524;38;38;38;2.54;0;21.47;0;2
080084;Scido;17.53;9.515;9.515;9.515;90;90;90;0;0.782;0;0;40
080085;Scilla;44.07;10.182;10.238;10.889;564;600;819;0.25;1.924;0.095;0;222
080086;Seminara;33.846;8.42;8.42;9.115;88;88;88;0.062;1.362;1.303;0;58
080087;Serrata;22.061;25.216;25.216;25.216;2;2;2;0.032;1.033;0.467;0;1
080088;Siderno;31.888;22.541;22.551;23.658;2840;2840;3478;5.149;0.172;2.631;0;290
080089;Sinopoli;25.215;9.958;9.958;9.958;364;364;364;1.019;1.816;0.004;0;300
080090;Staiti;16.309;26.562;26.562;26.562;49;49;49;2.471;0;2.931;0;52
080091;Stignano;17.779;34.878;35.159;35.435;395;395;395;1.192;2.165;1.226;0;62
080092;Stilo;78.108;21.771;21.772;21.829;394;394;394;0.133;0.746;1.001;0.024;177
080093;Taurianova;48.545;7.712;7.712;7.712;785;785;785;0;0.06;0.404;0;0
080094;Terranova Sappo Minulio;9.12;19.463;19.463;19.463;5;5;5;0.132;4.342;2.237;0;2
080095;Varapodio;29.124;15.032;15.032;15.032;0;0;0;0;0.543;2.836;0;0
080096;Villa San Giovanni;12.105;16.192;16.753;17.86;2761;2971;3196;0;0;1.454;0;0
080097;San Ferdinando;14.057;14.79;15.252;15.658;460;575;645;0;0;0;0;0
081001;Alcamo;130.893;0.165;0.167;0.17;3;3;5;3.026;0.283;5.326;0.309;480
081002;Buseto Palizzolo;72.809;0;0;0;0;0;0;0;0.4;3.343;0.151;52
081003;Calatafimi-Segesta;154.861;0.15;0.155;0.163;0;0;0;2.137;0.333;1.487;0.768;344
081004;Campobello di Mazara;65.835;0;0.071;0.545;0;26;255;0.053;0.014;0;0;65
081005;Castellammare del Golfo;127.349;0.377;0.664;0.825;270;276;279;14.089;0.638;1.85;1.063;2614
081006;Castelvetrano;207.701;4.735;4.935;5.203;27;30;33;0.009;0.04;0.881;0.124;14
081007;Custonaci;69.912;0;0;0;0;0;0;20.994;0.006;0.074;0;108
081008;Erice;47.337;0.287;0.287;0.287;360;360;360;13.526;0;2.605;0.002;741
081009;Favignana;38.347;0;0;0;0;0;0;28.307;0.065;0.026;0.005;163
081010;Gibellina;46.574;0.376;0.376;0.545;0;0;0;0.219;0.122;3.401;0.612;0
081011;Marsala;243.512;0.857;0.901;1.201;375;453;913;0.149;0.038;0.344;0.008;941
081012;Mazara del Vallo;274.756;0.337;0.337;0.338;1036;1036;1036;0.017;0.004;0.061;0.014;2
081013;Paceco;58.002;0.584;0.584;0.584;5;5;5;0;0.036;0.024;0.009;1
081014;Pantelleria;84.244;0;0;0;0;0;0;10.011;0;0.044;0;138
081015;Partanna;82.726;1.573;1.678;1.752;10;11;11;0.082;0.073;1.318;0.662;102
081016;Poggioreale;37.457;3.193;3.252;3.337;1;1;1;1.3;3.353;8.14;6.605;378
081017;Salaparuta;41.416;9.402;9.569;9.805;4;5;5;2.002;1.78;6.548;5.389;11
081018;Salemi;182.42;0;0;0;0;0;0;0.065;0.156;1.317;0.042;199
081019;Santa Ninfa;62.976;0;0;0;0;0;0;2.339;0.611;1.132;0.465;7
081020;San Vito Lo Capo;60.126;0;0;0;0;0;0;24.83;0;0.843;0.013;212
081021;Trapani;180.612;0;0;0;0;0;0;0;0.043;0.713;0.1;0
081022;Valderice;52.964;0;0;0;0;0;0;2.43;0.317;1.382;2.198;142
081023;Vita;9.103;0;0;0;0;0;0;0.231;0;0.725;0.472;0
081024;Petrosino;45.279;0;0;0;0;0;0;0;0.013;0;0;0
081025;Misiliscemi;92.535;1.57;1.57;1.57;361;361;361;0;0;0.029;0.005;0
082001;Alia;45.975;0;0;0;0;0;0;0.124;0.204;1.847;1.675;169
082002;Alimena;59.698;0;0;0;0;0;0;0.816;0.38;9.851;1.32;11
082003;Aliminusa;13.681;0;0;0;0;0;0;0.029;0;10.014;2.653;0
082004;Altavilla Milicia;23.772;1.031;1.031;1.085;25;25;26;7.82;1.132;0.412;0.568;83
082005;Altofonte;35.436;0.336;0.463;0.463;1562;1563;1563;27.811;0.014;0.581;0.127;2868
082006;Bagheria;29.836;2.024;2.175;2.534;1725;1727;1730;2.953;1.066;0;0;77
082007;Balestrate;6.499;7.032;7.032;7.032;25;25;25;0.554;0;1.108;0.077;11
082008;Baucina;24.471;0;0;0;0;0;0;3.106;2.574;10.245;2.742;37
082009;Belmonte Mezzagno;29.293;1.608;1.608;1.608;1914;1914;1914;7.456;0.15;0.28;0;502
082010;Bisacquino;64.97;0;0;0;0;0;0;4.427;1.313;5.8;2.834;94
082011;Bolognetta;27.625;0.152;0.152;0.152;0;0;0;2.519;1.528;5.383;3.888;71
082012;Bompietro;42.41;0;0;0;0;0;0;0.281;0.606;6.1;0.854;0
082013;Borgetto;26.024;0.918;0.918;0.918;786;786;786;11.62;2.69;0.826;3.347;86
082014;Caccamo;188.231;0.408;0.408;0.408;599;599;599;1.701;1.195;9.232;0.717;157
082015;Caltavuturo;97.946;0;0;0;0;0;0;6.615;1.67;7.189;3.136;2164
082016;Campofelice di Fitalia;35.456;0;0;0;0;0;0;1.111;3.98;28.486;1.799;0
082017;Campofelice di Roccella;14.512;8.517;9.875;11.349;138;160;196;0.524;1.227;0.227;0;410
082018;Campofiorito;21.699;0.341;0.341;0.341;160;160;160;2.005;5.484;5.632;7.447;3
082019;Camporeale;38.721;0;0;0;0;0;0;0.013;0.331;1.162;0.829;86
082020;Capaci;6.12;0.212;0.212;0.212;11;11;11;29.51;0.033;0;0;1474
082021;Carini;76.588;0.633;0.633;0.633;496;496;496;20.553;0.003;0.776;0.287;849
082022;Castelbuono;60.786;2.231;2.231;2.239;30;30;30;14.336;1.464;2.163;0.345;438
082023;Casteldaccia;33.919;1.716;1.716;1.913;64;64;121;8.19;1.418;5.041;0.366;54
082024;Castellana Sicula;73.196;0;0;0;0;0;0;2.1;0.37;5.381;1.312;10
082025;Castronovo di Sicilia;201.04;0.202;0.202;0.202;2;2;2;5.013;0.416;4.088;0.695;2120
082026;Cefalà Diana;9.059;0;0;0;0;0;0;1.314;5.652;11.69;3.93;17
082027;Cefalù;66.283;0.413;0.413;0.413;841;841;841;17.078;0.667;1.534;0.24;2929
082028;Cerda;43.834;0;0;0;0;0;0;0;4.417;6.566;1.499;132
082029;Chiusa Sclafani;57.55;0;0;0;0;0;0;0.182;1.308;2.912;0.924;2
082030;Ciminna;56.421;0;0;0;0;0;0;4.821;0.549;6.377;1.127;444
082031;Cinisi;33.161;0.884;0.884;0.884;137;137;137;28.696;0;0.036;0;1161
082032;Collesano;108.165;0.734;0.739;0.742;114;114;114;1.869;1.913;4.934;3.416;182
082033;Contessa Entellina;136.476;0.631;0.642;0.689;0;0;0;1.763;2.636;7.17;2.754;88
082034;Corleone;229.455;0;0;0;0;0;0;1.219;3.486;10.644;3.283;233
082036;Gangi;127.463;0;0;0;0;0;0;0.813;0.668;6.119;1.444;133
082035;Ficarazzi;3.529;2.324;2.579;3.032;24;25;29;0;0.113;0.397;0;5
082037;Geraci Siculo;113.346;0.407;0.407;0.407;0;0;0;0.61;0.692;6.057;0.843;239
082038;Giardinello;12.884;0.404;0.481;0.636;193;222;286;27.724;0;1.521;0.023;82
082039;Giuliana;24.141;0;0;0;0;0;0;0;0.708;0.124;0.075;10
082040;Godrano;39.202;0;0;0;0;0;0;1.551;1.252;6.63;1.005;63
082041;Gratteri;38.166;0.005;0.005;0.005;0;0;0;1.905;0.296;2.644;0.776;17
082042;Isnello;50.997;0.282;0.282;0.282;16;16;16;7.3;1.177;2.157;1.086;42
082044;Lascari;10.326;7.68;8.096;8.464;829;835;849;0;0.145;3.264;0.872;108
082045;Lercara Friddi;37.491;0;0;0;0;0;0;1.048;0.248;3.516;1.699;202
082046;Marineo;33.222;0.584;0.584;0.584;281;281;281;9;3.359;5.716;3.419;852
082047;Mezzojuso;49.254;0;0;0;0;0;0;6.343;1.799;10.649;0.891;275
082043;Isola delle Femmine;3.568;0;0;0;0;0;0;32.287;0.42;0;0.757;45
082048;Misilmeri;69.489;3.183;3.271;3.438;633;635;640;12.906;0.082;1.628;1.14;1808
082049;Monreale;530.18;0.079;0.081;0.083;147;147;147;7.802;1.335;4.033;1.426;4817
082050;Montelepre;9.891;0;0;0;0;0;0;26.337;0;1.153;0.131;447
082051;Montemaggiore Belsito;32.076;0;0;0;0;0;0;2.984;0;3.18;1.44;154
082052;Palazzo Adriano;130.096;0.62;0.62;0.62;0;0;0;0.438;0.995;3.856;0.744;102
082053;Palermo;160.668;6.368;6.368;6.368;46309;46309;46309;11.127;1.644;0.204;0.178;5974
082054;Partinico;108.058;0.697;0.697;0.697;118;118;118;0.585;0.008;0.49;0.1;84
082055;Petralia Soprana;56.102;0;0;0;0;0;0;3.506;0.221;4.328;1.274;199
082056;Petralia Sottana;178.344;0;0;0;0;0;0;10.48;0.68;3.233;0.398;490
082057;Piana degli Albanesi;64.917;0;0;0;0;0;0;5.208;2.78;7.192;4.312;70
082058;Polizzi Generosa;134.658;0;0;0;0;0;0;10.135;1.658;6.792;0.902;329
082059;Pollina;49.957;1.257;1.257;1.285;1;1;1;1.139;0.182;3.777;0.398;69
082060;Prizzi;95.036;0;0;0;0;0;0;0.998;1.281;8.957;2.191;108
082061;Roccamena;33.717;0;0;0;0;0;0;3.079;4.778;7.038;2.987;1
082062;Roccapalumba;31.566;0;0;0;0;0;0;0.469;1.216;8.42;2.005;106
082063;San Cipirello;20.852;0;0;0;0;0;0;0.307;0.48;3.597;0.187;296
082064;San Giuseppe Jato;29.781;0;0;0;0;0;0;15.382;0.208;3.415;0.809;2192
082065;San Mauro Castelverde;114.365;0.944;0.944;0.944;7;7;7;0.14;1.003;4.083;1.611;43
082066;Santa Cristina Gela;38.741;0.181;0.181;0.181;0;0;0;9.724;0;1.247;2.612;25
082067;Santa Flavia;14.599;0.062;0.062;0.26;0;0;9;8.281;0;3.165;0;624
082068;Sciara;31.193;1.141;1.247;1.247;37;51;51;1.398;1.933;7.293;1.084;12
082069;Sclafani Bagni;134.902;0;0;0;0;0;0;0.179;1.107;6.058;1.533;61
082070;Termini Imerese;76.762;2.324;2.764;3.326;174;347;563;10.566;0.348;1.813;0.182;1092
082071;Terrasini;19.845;0.312;0.312;0.312;184;184;184;23.245;0;0.015;0.03;302
082072;Torretta;25.542;0.008;0.008;0.008;0;0;0;8.966;0.348;0.478;0.153;138
082073;Trabia;22.126;0;0;0;0;0;0;0.538;0;1.116;0.814;152
082074;Trappeto;4.196;2.526;2.526;2.526;14;14;14;1.478;0;6.673;0.167;140
082075;Ustica;8.212;0;0;0;0;0;0;14.588;0;0.706;0;159
082076;Valledolmo;25.779;0;0;0;0;0;0;0;0.733;5.726;3.577;306
082077;Ventimiglia di Sicilia;26.9;0.539;0.539;0.539;1;1;1;13.264;1.773;6.465;2.361;2
082078;Vicari;85.948;0;0;0;0;0;0;1.222;9.395;17.874;1.757;191
082080;Villafrati;25.644;0.097;0.097;0.097;0;0;0;2.063;1.938;7.093;1.435;266
082081;Scillato;31.696;0;0;0;0;0;0;0.252;1.148;6.165;1.628;1
082082;Blufi;21.981;0;0;0;0;0;0;0.491;0.146;8.726;1.565;0
083001;Alcara li Fusi;62.935;0;0;0;0;0;0;10.282;5.584;12.94;5.866;548
082079;Villabate;3.798;0;0;0;0;0;0;17.193;0;0;0;1112
083002;Alì;15.939;0.471;0.471;0.471;133;133;133;0.194;1.292;5.502;1.631;64
083003;Alì Terme;6.274;0.845;0.861;0.909;2;2;2;2.885;3.14;0.191;0.223;5
083004;Antillo;43.634;1.6;1.6;1.6;707;707;707;0.928;0.887;2.127;1.971;0
083005;Barcellona Pozzo di Gotto;59.144;9.543;9.566;9.585;13133;13134;13135;0.751;0.304;1.307;0.583;16
083006;Basicò;12.069;0;0;0;0;0;0;0.713;2.544;4.599;1.864;49
083007;Brolo;7.69;0;0;0;0;0;0;3.628;2.107;2.276;2.211;168
083008;Capizzi;70.166;0.539;0.539;0.539;1;1;1;0.091;0.643;1.821;0.617;106
083009;Capo d'Orlando;14.602;0.733;1.993;2.219;563;949;1022;3.164;0.315;0.13;0.527;319
083011;Caronia;227.281;0.17;0.171;0.171;5;5;5;0.006;0.472;4.338;3.559;90
083012;Casalvecchio Siculo;33.622;2.156;2.156;2.156;6;6;6;1.142;0.479;3.09;0.598;132
083010;Capri Leone;6.764;0;0;0;0;0;0;0.148;0.015;2.617;1.641;5
083013;Castel di Lucio;28.778;0;0;0;0;0;0;0.924;0.236;5.987;1.658;43
083014;Castell'Umberto;11.428;0;0;0;0;0;0;2.083;4.148;1.881;2.188;423
083015;Castelmola;16.828;0.814;0.814;0.814;1;1;1;3.863;12.17;5.919;0.957;138
083016;Castroreale;53.069;0;0;0;0;0;0;32.022;0.418;5.64;0.656;565
083017;Cesarò;216.93;0.729;0.729;0.729;1;1;1;0.018;0.254;0.911;0.751;25
083018;Condrò;5.279;0;0;0;0;0;0;0;2.046;12.692;1.345;1
083019;Falcone;9.346;5.617;5.617;5.617;1068;1068;1068;2.761;3.724;3.691;0.984;2
083020;Ficarra;18.656;0;0;0;0;0;0;20.594;0.295;2.246;0.804;116
083021;Fiumedinisi;36.694;0.657;0.67;0.698;202;215;225;7.154;1.183;2.27;0.744;92
083022;Floresta;31.331;0;0;0;0;0;0;0.102;0.038;9.055;0.239;25
083023;Fondachelli-Fantina;42.212;0;0;0;0;0;0;0.396;3.651;3.866;0.348;49
083024;Forza d'Agrò;11.189;3.879;3.879;3.879;2;2;2;11.851;0.554;2.047;0.545;96
083025;Francavilla di Sicilia;82.726;0.372;0.372;0.372;1;1;1;0.079;0.439;4.418;0.567;65
083026;Frazzanò;6.998;0;0;0;0;0;0;4.301;5.416;7.516;1.243;351
083027;Furci Siculo;17.913;2.322;2.322;2.322;351;351;351;0.234;0;4.109;0.296;0
083028;Furnari;13.554;7.607;7.607;7.607;67;67;67;0;0.111;7.26;0.421;9
083030;Galati Mamertino;39.311;0;0;0;0;0;0;23.258;1.389;11.345;2.775;658
083031;Gallodoro;6.908;0;0;0;0;0;0;19.818;3.069;5.414;0.825;87
083032;Giardini-Naxos;5.361;30.871;30.871;30.871;2830;2830;2830;0;1.026;2.257;0.093;54
083033;Gioiosa Marea;26.492;0;0;0;0;0;0;26.619;0.291;4.296;1.064;631
083029;Gaggi;7.65;7.438;7.438;7.438;7;7;7;0;2.575;10.654;0.105;3
083034;Graniti;10.047;1.254;1.254;1.254;0;0;0;1.135;1.155;5.843;0.727;43
083035;Gualtieri Sicaminò;14.384;0;0;0;0;0;0;0.236;1.321;13.209;4.602;29
083036;Itala;10.984;0;0;0;0;0;0;2.413;4.588;1.493;0.282;127
083037;Leni;8.794;0;0;0;0;0;0;11.951;2.411;9.143;0.159;7
083038;Letojanni;6.724;2.231;2.231;2.231;418;418;418;19.943;16.062;3.51;0.372;496
083039;Librizzi;23.386;0;0;0;0;0;0;1.561;4.909;13.008;4.024;284
083040;Limina;9.993;4.843;4.843;4.843;0;0;0;12.018;3.182;1.861;0.811;149
083041;Lipari;90.128;0.042;0.042;0.042;0;0;0;17.586;1.735;2.479;0.314;380
083042;Longi;42.11;0;0;0;0;0;0;7.181;2.192;4.702;2.536;223
083043;Malfa;8.744;0;0;0;0;0;0;29.266;3.248;6.073;0.069;56
083044;Malvagna;6.709;1.148;1.148;1.148;0;0;0;0;7.468;8.302;1.312;100
083046;Mazzarrà Sant'Andrea;6.694;0;0;0;0;0;0;1.837;0.822;5.692;0.777;14
083049;Milazzo;24.856;0.117;0.117;0.117;0;0;0;2.225;0.064;0;0.056;60
083050;Militello Rosmarino;29.536;0;0;0;0;0;0;1.811;0.521;3.369;2.536;63
083051;Mirto;9.269;2.158;2.169;2.805;2;2;2;0.593;1.726;12.558;0.561;11
083045;Mandanici;11.854;0;0;0;0;0;0;0.987;0.531;1.738;0.692;5
083047;Merì;1.85;0.054;0.054;0.054;8;8;8;0;0;0;0;0
083048;Messina;213.124;1.085;1.098;1.098;4130;4182;4182;0.798;2.125;2.358;0.322;1059
083052;Mistretta;127.468;0.111;0.111;0.111;26;26;26;0.186;2.153;6.145;2.072;70
083054;Monforte San Giorgio;32.261;0.356;0.449;0.8;2;3;5;0.865;0.539;6.404;2.753;190
083055;Mongiuffi Melia;24.362;0;0;0;0;0;0;7.376;2.36;4.355;0.353;32
083056;Montagnareale;16.377;0;0;0;0;0;0;0.256;1.258;7.474;4.494;23
083057;Montalbano Elicona;67.801;0;0;0;0;0;0;0.264;3.027;2.72;1.879;224
083053;Moio Alcantara;8.6;7.744;7.744;7.744;72;72;72;0;1.035;2.407;0;0
083058;Motta Camastra;25.309;0.34;0.34;0.34;4;4;4;0.956;1.083;1.778;0.091;34
083059;Motta d'Affermo;14.577;0.782;0.782;0.782;0;0;0;0;0;2.346;1.502;0
083060;Naso;36.739;0;0;0;0;0;0;1.236;0.855;6.206;2.333;188
083061;Nizza di Sicilia;13.415;0.932;0.932;0.954;51;51;51;6.053;1.819;1.2;0.947;0
083062;Novara di Sicilia;49.178;0;0;0;0;0;0;5.061;2.898;6.424;5.793;67
083063;Oliveri;10.435;4.034;4.034;4.034;423;423;423;2.271;1.888;12.822;2.233;0
083064;Pace del Mela;12.245;0.939;0.939;0.939;21;21;21;0;0.367;2.344;0.425;12
083065;Pagliara;14.479;1.664;1.664;1.664;16;16;16;0.677;0.276;6.727;0.338;25
083066;Patti;50.118;0.14;0.14;0.14;67;67;67;13.895;0.68;15.22;0.77;610
083067;Pettineo;30.617;1.205;1.205;1.205;2;2;2;0.222;0.01;1.035;0.611;30
083068;Piraino;16.982;0;0;0;0;0;0;3.686;0.312;4.287;0.771;253
083069;Raccuja;25.202;0;0;0;0;0;0;3.424;2.182;5.805;2.543;35
083070;Reitano;14.117;1.884;1.884;1.884;158;158;158;0;0.659;0.772;5.341;33
083071;Roccafiorita;1.168;0;0;0;0;0;0;15.582;0.942;8.134;0.599;11
083072;Roccalumera;8.906;0.303;0.303;0.303;33;33;33;0.303;0.348;2.066;1.123;26
083073;Roccavaldina;7.132;0;0;0;0;0;0;0.813;1.332;4.95;1.655;19
083074;Roccella Valdemone;41.151;1.509;1.509;1.509;1;1;1;0.238;0.765;6.126;0.834;18
083075;Rodì Milici;36.545;0;0;0;0;0;0;0.416;0.572;4.701;0.506;14
083076;Rometta;32.145;0;0;0;0;0;0;2.526;0.927;12.325;2.993;42
083077;San Filippo del Mela;9.847;0;0;0;0;0;0;0;0;0.142;0.599;0
083078;San Fratello;67.629;0;0;0;0;0;0;8.742;5.947;4.313;4.97;558
083079;San Marco d'Alunzio;26.141;0;0;0;0;0;0;7.176;0.731;5.719;1.568;159
083080;San Pier Niceto;36.695;0.439;0.553;0.913;8;10;18;0.06;1.624;7.532;3.273;156
083081;San Piero Patti;41.818;0;0;0;0;0;0;1.679;10.957;10.036;4.534;530
083082;San Salvatore di Fitalia;14.996;0;0;0;0;0;0;3.854;2.254;2.594;0.847;90
083083;Santa Domenica Vittoria;20.163;2.475;2.475;2.475;1;1;1;0;3.363;12.627;1.979;77
083084;Sant'Agata di Militello;34.233;0.847;0.85;0.85;464;464;464;0.467;0.371;2.98;2.752;172
083085;Sant'Alessio Siculo;6.169;15.4;15.4;15.4;112;112;112;5.965;2.918;0.308;0.665;32
083086;Santa Lucia del Mela;85.674;0;0;0;0;0;0;3.111;1.405;12.651;1.766;109
083087;Santa Marina Salina;8.802;0;0;0;0;0;0;17.076;2.749;17.666;0.045;32
083088;Sant'Angelo di Brolo;30.386;0.171;0.171;0.171;1;1;1;0.253;3.235;3.433;1.952;277
083089;Santa Teresa di Riva;8.118;13.846;13.846;13.846;2171;2171;2171;0;0;0.714;0.222;0
083090;San Teodoro;13.974;0;0;0;0;0;0;0;0.186;5.954;2.376;76
083091;Santo Stefano di Camastra;21.918;2.14;2.14;2.14;136;136;136;0;1.693;2.318;0.881;3
083092;Saponara;26.261;0;0;0;0;0;0;1.017;0.449;5.084;1.481;20
083093;Savoca;9.075;10.061;10.061;10.061;497;497;497;1.003;0.088;2.204;1.653;34
083096;Spadafora;10.529;0.275;0.275;0.275;127;127;127;0;2.83;12.413;0.484;32
083097;Taormina;13.135;14.602;14.602;14.602;1222;1222;1222;3.921;4.446;1.264;1.241;646
083098;Torregrotta;4.129;0;0;0;0;0;0;0;0;0.533;0.46;0
083094;Scaletta Zanclea;4.762;1.029;1.029;1.029;99;99;99;8.19;7.224;4.809;0.987;158
083095;Sinagra;24.027;0.778;0.778;0.778;66;66;66;3.6;2.064;5.66;4.05;59
083099;Tortorici;70.501;0.237;0.237;0.237;895;895;895;12.415;0.889;6.596;0.855;920
083100;Tripi;54.667;0.004;0.004;0.004;0;0;0;3.168;1.59;6.657;1.445;40
083101;Tusa;41.083;2.081;2.081;2.081;5;5;5;0.187;0.231;1.565;1.392;17
083102;Ucria;26.264;0;0;0;0;0;0;20.842;1.138;6.911;0.864;372
083105;Villafranca Tirrena;14.264;4.382;4.382;4.382;834;834;834;1.584;0.442;4.326;0.428;8
083103;Valdina;2.603;0;0;0;0;0;0;0;11.295;2.843;2.612;37
083106;Terme Vigliatore;13.267;1.402;1.538;1.741;2;2;3;0;0.211;0.068;0.023;0
083104;Venetico;4.517;0.133;0.133;0.133;20;20;20;0.066;3.741;6.442;1.041;24
083107;Acquedolci;12.964;5.747;5.87;5.994;88;89;92;5.045;0.247;0.417;0;16
083108;Torrenova;12.992;0;0;0;0;0;0;0.377;0.323;0.531;0.346;0
084001;Agrigento;243.568;0.686;0.722;0.813;179;181;289;3.533;0.38;7.741;2.385;1428
070013;Castelbottaccio;11.224;0.829;3.519;3.564;0;0;0;1.042;38.685;0;12.429;35
070014;Castellino del Biferno;15.544;1.898;6.157;6.626;0;1;1;2.155;31.967;0;13.536;38
084002;Alessandria della Rocca;62.243;0.005;0.005;0.005;0;0;0;0.032;0;2.23;0.826;0
084003;Aragona;74.767;0.127;0.128;0.13;0;0;0;0.021;0.444;2.901;0.477;290
084004;Bivona;88.572;0.84;0.84;0.881;0;0;0;0.077;1.005;4.12;0.444;1
084005;Burgio;42.231;0;0;0;0;0;0;0.502;0.201;1.222;1.047;69
084006;Calamonaci;32.89;2.305;2.329;2.347;0;0;0;0.331;0.003;2.73;1.116;0
084007;Caltabellotta;124.087;0.391;0.469;0.611;0;0;0;2.628;0.107;1.667;1.227;973
084008;Camastra;16.315;0;0;0;0;0;0;0.729;0.172;3.616;2.942;1
084009;Cammarata;192.452;0.276;0.296;0.339;5;6;7;0.045;3.474;13.271;0.281;789
084010;Campobello di Licata;81.328;0.47;0.47;0.47;3;3;3;0;0.246;4.895;0.268;1
084011;Canicattì;91.86;0;0;0;0;0;0;0.011;0;1.031;0.121;0
084012;Casteltermini;99.981;0.348;0.353;0.365;9;9;9;0.303;3.354;7.772;0.618;216
084013;Castrofilippo;18.075;0;0;0;0;0;0;0.404;0.039;0.299;0.443;59
084014;Cattolica Eraclea;62.051;0;0;0;0;0;0;3.516;0.269;1.228;0.548;121
084015;Cianciana;38.082;0;0;0;0;0;0;1.287;0.706;2.991;1.899;102
084016;Comitini;21.89;2.659;2.782;2.832;1;1;1;0.635;0.142;1.718;0.74;1
084017;Favara;83.622;0;0;0;0;0;0;0.177;0.078;3.405;0.655;206
084018;Grotte;23.976;0.843;0.859;0.868;0;0;0;0.267;0.117;1.201;1.585;2
084019;Joppolo Giancaxio;19.142;0;0;0;0;0;0;0.005;1.259;4.44;2.659;9
084020;Lampedusa e Linosa;26.098;0;0;0;0;0;0;11.373;0.295;0.05;0.042;110
084021;Licata;179.889;0;9.187;9.187;0;1765;1765;2.026;0.009;4.772;1;385
084022;Lucca Sicula;18.632;4.412;4.412;4.412;0;0;0;0.123;0.703;1.846;1.277;271
084023;Menfi;113.549;1.63;1.76;1.989;1;1;1;0.001;0.688;2.226;0.119;59
084024;Montallegro;27.407;0;0;0;0;0;0;1.186;2.47;1.397;0.401;63
084025;Montevago;32.909;4.625;4.892;5.172;0;0;0;3.254;0.796;6.065;1.492;3
084026;Naro;207.487;0;0;0;0;0;0;0.265;0.105;2.987;1.201;670
084027;Palma di Montechiaro;77.07;0;0;0;0;0;0;0.571;0.143;5.114;0.489;253
084028;Porto Empedocle;25.383;0;0.394;0.394;0;834;834;0.378;1.663;0.496;0.248;536
084029;Racalmuto;68.1;0;0;0;0;0;0;0.069;0.203;2.222;0.226;120
084030;Raffadali;22.299;0;0;0;0;0;0;0.004;1.399;5.346;3;867
084031;Ravanusa;49.501;0;0;0;0;0;0;0.2;5.232;9.677;1.822;114
084032;Realmonte;20.369;0;0;0;0;0;0;0.673;0.795;2.735;0.368;234
084033;Ribera;118.463;1.934;2.003;2.143;39;40;43;0.254;0.315;3.129;1.373;802
084034;Sambuca di Sicilia;96.372;0.05;0.05;0.05;0;0;0;0.04;0.153;5.026;2.943;136
084035;San Biagio Platani;42.668;0;0;0;0;0;0;0.258;0.377;1.739;0.696;29
084036;San Giovanni Gemini;26.559;0.689;0.772;0.866;2;2;2;0.113;14.786;5.192;0.523;201
084037;Santa Elisabetta;16.167;0;0;0;0;0;0;0.977;0.798;2.561;0.934;3
084038;Santa Margherita di Belice;67.275;1.31;1.388;1.461;0;0;0;0;0.907;6.857;1.104;9
084039;Sant'Angelo Muxaro;64.521;0;0;0;0;0;0;1.61;0.391;5.349;0.527;111
084040;Santo Stefano Quisquina;85.516;0.097;0.097;0.097;112;112;112;2.787;5.224;6.308;0.294;66
084041;Sciacca;191.716;1.254;1.263;1.351;419;419;420;0.774;0.098;2.67;1.189;268
084042;Siculiana;41.096;0;0;0;0;0;0;1.158;0.273;3.426;0.849;11
084043;Villafranca Sicula;17.629;0;0;0;0;0;0;0;0.84;1.923;2.048;0
085001;Acquaviva Platani;14.633;0;0;0;0;0;0;2.05;0.253;1.852;0.171;24
085002;Bompensiere;19.946;0.582;0.582;0.582;0;0;0;0.02;1.71;10.348;1.599;126
085003;Butera;298.469;0.748;0.748;0.888;9;9;11;0.071;0.291;3.29;0.348;108
085004;Caltanissetta;421.247;0;0;0;0;0;0;0.886;0.245;3.572;0.679;272
085005;Campofranco;36.113;1.354;1.362;1.398;12;12;12;11.802;0;16.396;2.467;11
085006;Delia;12.399;0;0;0;0;0;0;0.129;0;2.266;1.46;0
085007;Gela;279.134;4.631;4.711;5.191;1540;1613;1989;0.021;0.024;1.341;0.098;43
085008;Marianopoli;13.07;0;0;0;0;0;0;0.643;2.464;6.94;2.502;44
085009;Mazzarino;295.589;0.081;0.081;0.081;0;0;0;0.062;0.013;5.473;0.475;68
085010;Milena;24.627;0;0;0;0;0;0;0;1.446;5.433;1.831;17
085011;Montedoro;14.533;0;0;0;0;0;0;0;0.578;11.918;0.908;0
085012;Mussomeli;164.425;0.077;0.077;0.077;0;0;0;1.397;0.316;3.286;0.592;175
085013;Niscemi;96.817;3.414;3.414;3.414;4;4;4;2.196;0.221;3.644;0.161;100
085014;Resuttano;38.273;0;0;0;0;0;0;0.021;0.719;9.317;1.147;90
085015;Riesi;66.995;0;0;0;0;0;0;0.657;0.551;6.156;1.272;395
085016;San Cataldo;72.775;0;0;0;0;0;0;2.001;0.067;3.911;0.396;534
085017;Santa Caterina Villarmosa;75.814;0;0;0;0;0;0;0.013;1.043;2.734;0.466;387
085018;Serradifalco;41.938;0;0;0;0;0;0;0.176;0.513;5.189;0.475;539
085019;Sommatino;34.757;0;0;0;0;0;0;0.322;0.455;8.836;1.401;1
085020;Sutera;35.584;0.57;0.57;0.57;0;0;0;13.751;0.045;15.17;1.259;597
085021;Vallelunga Pratameno;39.374;0;0;0;0;0;0;0;0.028;1.331;0.447;19
085022;Villalba;41.818;0;0;0;0;0;0;0.141;1.081;3.73;1.081;80
086001;Agira;164.081;2.688;3.581;4.602;1;1;7;0.249;0.263;2.663;0.435;269
086002;Aidone;210.776;0.696;0.823;0.943;0;0;0;2.005;0.028;2.069;0.457;117
086003;Assoro;112.15;3.643;3.969;4.407;3;3;4;0.136;1.898;3.196;0.872;80
086004;Barrafranca;53.712;0;0;0;0;0;0;0;0.158;0.426;0.331;92
086005;Calascibetta;89.118;0;0;0;0;0;0;0.228;0.949;3.44;1.339;242
086006;Catenanuova;11.225;3.465;4.641;10.022;62;65;86;0;0.241;2.013;0.33;15
086007;Centuripe;174.194;2.427;2.616;3.818;2;2;2;0.096;0.286;4.723;0.427;403
086008;Cerami;95.046;0;0;0;0;0;0;0.065;0.57;4.12;1.516;96
086009;Enna;358.743;0.176;0.186;0.203;0;0;0;0.428;0.235;3.607;0.657;496
086010;Gagliano Castelferrato;56.237;0;0;0;0;0;0;0.311;0.966;5.192;0.843;41
086011;Leonforte;84.393;1.417;1.655;2.036;0;0;0;0.233;0.16;4.749;0.891;133
086012;Nicosia;218.506;0;0;0;0;0;0;0.404;0.8;3.968;2.049;539
086013;Nissoria;61.824;0;0;0;0;0;0;0;0.626;2.588;0.873;2
086014;Piazza Armerina;304.538;0;0;0;0;0;0;0;0.09;1.717;0.229;709
086015;Pietraperzia;118.11;0;0;0;0;0;0;0.13;0;3.087;0.389;0
086016;Regalbuto;170.293;0.326;0.621;0.716;0;0;0;1.091;0.29;3.555;0.888;71
086017;Sperlinga;59.139;0;0;0;0;0;0;0.687;0.222;3.532;0.649;54
086018;Troina;168.278;0;0;0;0;0;0;1.884;0.27;5.699;1.952;1810
086019;Valguarnera Caropepe;9.413;0;0;0;0;0;0;0;1.062;4.823;1.721;19
086020;Villarosa;54.892;0;0;0;0;0;0;0.18;0.761;9.754;1.519;4
087003;Aci Catena;8.508;1.128;1.128;1.128;439;439;439;0;0.364;0.693;1.54;65
087004;Acireale;40.45;0.991;0.991;0.991;1193;1193;1193;2.969;0.141;0;0;420
087005;Aci Sant'Antonio;14.333;1.884;1.884;1.884;184;184;184;0;0;0;0;0
087001;Aci Bonaccorsi;1.724;0;0;0;0;0;0;0;0;0;0;0
087002;Aci Castello;8.754;1.211;1.211;1.211;233;233;233;0.24;2.148;0.834;1.245;242
087006;Adrano;83.221;1.7;1.7;1.7;7;7;7;0.509;1.149;0.582;0.173;24
087007;Belpasso;166.327;3.812;19.54;29.688;10;48;74;0;0.001;0.303;0;0
087008;Biancavilla;70.275;1.352;1.473;1.54;3;3;3;0.307;0.397;0;0;227
087009;Bronte;250.857;1.63;1.632;1.632;34;34;34;0;1.718;0.44;0.298;81
087010;Calatabiano;26.441;4.289;4.289;4.289;446;446;446;0.601;1.46;3.218;0.265;130
087011;Caltagirone;383.373;0.155;0.155;0.155;9;9;9;0;1.248;2.405;0.183;2248
087012;Camporotondo Etneo;6.554;0;0;0;0;0;0;0;0.061;0;0;26
087013;Castel di Iudica;103.21;1.132;1.555;5.107;151;151;151;0;0.469;1.783;0.105;79
087014;Castiglione di Sicilia;118.902;3.306;3.306;3.306;30;30;30;0.233;0.088;2.8;0.098;29
087015;Catania;182.818;39.415;50.166;52.403;8544;9572;11734;0.096;0.107;0.232;0.031;476
087016;Fiumefreddo di Sicilia;12.163;0.263;0.263;0.263;0;0;0;0;0;0.099;0.008;0
087017;Giarre;27.354;3.107;3.107;3.107;870;870;870;0.333;0.234;0;0.011;6
087018;Grammichele;32.066;0.683;0.683;0.683;46;46;46;0;3.016;0.028;0;58
087020;Licodia Eubea;112.445;0;0;0;0;0;0;1.61;0.912;0.965;1.182;294
087021;Linguaglossa;60.247;0.988;0.988;0.988;172;172;172;0;0;0.339;0.307;0
087019;Gravina di Catania;5.135;0;0;0;0;0;0;0;0;0;0;0
087022;Maletto;40.957;1.204;1.204;1.204;5;5;5;0.017;0.012;0.518;0.293;52
087023;Mascali;37.846;1.102;1.102;1.102;695;695;695;0;0;0.003;0.011;0
087024;Mascalucia;16.306;7.046;7.046;7.046;1449;1449;1449;0;0;0;0;0
087025;Militello in Val di Catania;62.475;0.002;0.002;0.002;0;0;0;0;1.101;0.104;0.005;5
087026;Milo;16.671;0;0;0;0;0;0;0.36;0.018;0;0.006;1
087027;Mineo;245.268;0.222;0.222;0.222;0;0;0;0;0.117;1.23;0.214;149
087028;Mirabella Imbaccari;15.301;2.098;2.098;2.098;6;6;6;0;0.137;0.288;0.039;36
087029;Misterbianco;37.671;0.653;1.858;2.519;62;107;127;0;0.058;1.635;0.117;0
087030;Motta Sant'Anastasia;35.7;1.588;5.347;5.496;0;3;3;0.039;0.647;5.261;0.143;1232
087031;Nicolosi;42.651;0;0;0;2;2;2;0;0;0;0;0
087032;Palagonia;57.785;14.402;14.694;15.229;1234;1234;1234;0;0.524;0.952;0.045;184
087033;Paternò;144.68;7.245;10.959;15.133;37;50;53;0.044;0.236;1.369;0.032;12
087034;Pedara;19.239;0.447;0.447;0.447;16;16;16;0;0;0;0;0
087035;Piedimonte Etneo;26.543;0.429;0.429;0.429;90;90;90;0.723;0.038;0.207;0.147;2
087036;Raddusa;23.386;0;0;0;0;0;0;0.15;0.928;3.541;0.047;686
087037;Ramacca;306.433;12.965;15.975;24.229;33;43;63;0;0.016;2.014;0.351;0
087038;Randazzo;205.614;2.492;2.492;2.492;579;579;579;0.007;0.441;2.855;0.977;209
087039;Riposto;13.256;0.868;0.868;0.868;408;408;408;0;0.324;0;0;0
087041;San Giovanni la Punta;10.85;0;0;0;0;0;0;0;0;0;0;0
087043;San Michele di Ganzaria;25.812;0;0;0;0;0;0;0;0.217;0.976;0.085;1
087040;San Cono;6.631;0;0;0;0;0;0;0;0.317;1.81;0.196;0
087042;San Gregorio di Catania;5.619;0;0;0;0;0;0;0.018;0.178;0;0;5
087044;San Pietro Clarenza;6.273;0;0;0;0;0;0;0;0;0;0;0
087045;Sant'Agata li Battiati;3.119;0.128;0.128;0.128;37;37;37;0;1.058;0.93;0;272
087046;Sant'Alfio;25.859;0.116;0.116;0.116;3;3;3;0.282;0.077;0.046;0;20
087047;Santa Maria di Licodia;26.277;0;0;0;0;0;0;0.065;0.259;0;0;12
087048;Santa Venerina;19.026;1.13;1.377;2.081;101;185;491;0.1;0.152;0;0.026;16
087049;Scordia;24.309;0;0;0;0;0;0;0;0.745;0;0;119
087050;Trecastagni;19.156;0.167;0.167;0.167;2;2;2;0;0.01;0;0.031;10
087051;Tremestieri Etneo;6.49;0.062;0.062;0.062;35;35;35;0;0;0;0;0
070015;Castelmauro;43.62;0.635;4.883;4.97;0;64;64;0.112;11.522;0;3.556;154
088003;Comiso;65.401;3.595;3.595;3.595;958;958;958;0.292;0.046;0;4.356;1
088004;Giarratana;43.629;0.06;0.06;0.807;56;56;57;0;0;1.274;1.052;0
087052;Valverde;5.514;2.104;2.104;2.104;298;298;298;1.578;0;0.381;0;22
087053;Viagrande;10.094;0.267;0.267;0.267;4;4;4;0;0;0;0;0
087054;Vizzini;126.751;0;0;0;0;0;0;0.017;0.069;0.094;0.051;140
087055;Zafferana Etnea;76.865;0.157;0.157;0.157;91;91;91;0;0;0;0;0
087056;Mazzarrone;34.783;0;0;0;0;0;0;0;0;0;0;0
087057;Maniace;37.701;8.122;8.947;8.947;535;535;535;0;0.239;1.979;1.284;2
087058;Ragalna;39.528;0.898;0.956;1.08;198;210;238;0;0;0;0;0
088001;Acate;102.468;0;0;0;0;0;0;0;0.078;0.045;0.306;0
088002;Chiaramonte Gulfi;127.374;0;0;0;0;0;0;0;0.13;0.081;0.037;308
088008;Pozzallo;15.418;1.077;1.077;1.077;586;586;586;0.486;0;0;0.019;22
088009;Ragusa;444.706;0.089;0.089;0.092;0;0;0;0.015;1.996;0.181;1.197;402
088010;Santa Croce Camerina;41.089;0;0;0;0;0;0;0;0.005;0;0;0
088011;Scicli;138.726;1.923;1.923;1.923;639;639;639;0.882;1.21;0;0.019;1414
088012;Vittoria;182.493;1.515;1.515;1.515;61;61;61;0.088;0.221;0.298;0.018;69
089001;Augusta;111.49;1.112;1.386;1.386;26;26;26;0.153;0.04;0.017;0.01;95
089002;Avola;74.592;4.913;4.958;5.223;693;699;723;10.919;2.22;0.109;0.003;123
089003;Buccheri;57.831;0;0;0;0;0;0;0;0.259;0.482;0.201;57
089004;Buscemi;52.051;0;0;0;0;0;0;0.012;0.24;0.175;0;0
089005;Canicattini Bagni;15.063;0.611;0.611;0.611;324;324;324;0.578;1.208;0;0;6
089006;Carlentini;158.912;0.211;2.498;3.059;4;4;4;0.09;0.104;0.009;0.064;180
089007;Cassaro;19.615;0.163;0.163;0.163;0;0;0;15.58;0;0;0;6
089008;Ferla;24.898;0.02;0.02;0.02;0;0;0;0.004;0.016;0.024;0;14
089009;Floridia;26.477;0;0;0;0;0;0;0;0;0;0;0
089010;Francofonte;74.201;0;0;0;0;0;0;0.085;0.04;0;0;196
089011;Lentini;216.779;22.714;26.017;26.948;61;98;101;0.008;0.189;0.033;0.006;240
089012;Melilli;136.482;0;0;0;0;0;0;0.629;0.298;0.012;0;96
089013;Noto;555.217;2.347;2.743;2.887;480;492;498;0.049;0.153;0.015;0.041;139
089014;Pachino;50.983;1.842;1.842;1.842;2013;2013;2013;0.024;0.037;0;0;2
089015;Palazzolo Acreide;87.534;0;0;0;0;0;0;1.089;0.097;0.067;0.01;143
089016;Rosolini;76.469;0.041;0.041;3.099;1;1;1912;0.252;0.213;0.026;0.005;298
089017;Siracusa;207.838;8.548;8.62;8.761;8093;8099;8112;1.323;1.118;0.005;0;321
089018;Solarino;13.02;3.21;3.21;3.21;320;320;320;0;0;0;0;0
089019;Sortino;93.33;0.081;0.081;0.081;0;0;0;0.958;0.018;0;0;132
089020;Portopalo di Capo Passero;15.099;0;0;0;0;0;0;0.285;0.106;0;0;38
089021;Priolo Gargallo;56.953;1.122;1.122;1.122;1;1;1;1.248;0;0;0;7
090001;Aggius;86.305;1.594;1.983;2.857;4;5;8;3.404;7.81;8.764;1.883;38
090002;Alà dei Sardi;197.989;0.052;0.054;0.409;0;0;0;0.116;9.86;23.052;18.098;0
090003;Alghero;225.913;5.018;5.761;6.506;549;619;674;1.256;10.028;4.237;0;243
090004;Anela;36.89;1.353;1.355;2.188;0;0;0;0.22;1.515;15.416;8.287;0
090005;Ardara;38.189;0;0.003;0.039;0;0;0;0.008;2.409;6.072;0;40
090006;Arzachena;230.968;5.442;5.745;6.185;690;927;1108;0.238;14.47;19.647;43.048;445
090007;Banari;21.251;1.407;1.482;2.682;20;23;24;0;34.77;14.771;0;4
090008;Benetutti;94.446;0.871;0.965;4.769;0;0;2;0;2.035;0.841;2.565;94
090009;Berchidda;201.877;2.055;2.066;3.532;8;8;11;0.295;0.865;15.758;0.012;117
090010;Bessude;26.794;0.175;0.175;0.179;0;0;0;0.306;18.982;6.539;0.634;1
090011;Bonnanaro;21.844;0;0;0;0;0;0;1.158;7.316;5.681;0;3
090012;Bono;74.462;0.667;0.724;1.089;87;87;87;1.597;0.802;7.554;0.251;0
090013;Bonorva;149.72;0.019;0.024;0.204;0;0;0;0.728;9.653;7.756;0;121
090014;Bortigiadas;75.897;2.065;3.582;4.049;8;9;9;0.016;0.988;18.678;0.17;7
090015;Borutta;4.758;1.198;1.997;5.149;44;99;100;0;9.668;11.181;0;35
090016;Bottidda;33.716;0.839;0.887;1.258;34;35;35;0.78;2.981;2.135;0.039;73
090017;Buddusò;176.838;0.741;0.832;1.775;0;0;0;0;0.594;6.047;28.742;9
090018;Bultei;96.831;3.671;3.994;4.846;82;90;95;0;4.802;34.049;0.144;7
090020;Burgos;18.157;0.248;0.286;0.38;0;0;0;1.129;12.045;5.078;4.626;40
090021;Calangianus;126.837;0.166;0.267;0.366;43;121;155;0.015;0.18;2.284;0.156;0
090019;Bulzi;21.67;0.065;0.065;0.065;18;18;18;0;3.276;6.677;10.042;1
090022;Cargeghe;12.046;0;0;3.113;0;0;2;4.765;7.422;16.562;7.579;18
090023;Castelsardo;43.343;0.574;0.704;2.215;227;276;446;4.988;14.641;11.624;0.03;1015
090024;Cheremule;24.246;0.049;0.049;0.054;12;12;13;1.01;8.381;4.562;0;15
090025;Chiaramonti;98.612;0;0;0.97;0;0;1;0.004;1.961;8.063;0;228
090026;Codrongianos;30.391;0;0;2.682;0;0;2;0;6.601;5.219;0.474;38
090027;Cossoine;39.17;0.564;0.61;0.671;29;31;32;0;14.128;5.805;0;7
090028;Esporlatu;18.403;0.06;0.076;0.098;0;0;0;0.038;7.836;9.705;3.831;15
090029;Florinas;36.061;0.488;0.544;0.835;0;0;0;1.27;14.756;24.606;0;61
090030;Giave;47.066;0;0;0;0;0;0;0.006;8.276;8.669;0;2
090031;Illorai;57.207;1.203;1.963;2.715;1;1;2;0.78;13.892;10.479;4.597;326
090032;Ittireddu;23.687;1.089;1.798;1.917;0;0;0;4.002;3.458;2.229;0;32
090033;Ittiri;111.458;0.677;0.716;0.833;0;0;0;0.022;19.16;7.055;0;22
090034;Laerru;19.849;1.345;1.345;4.287;29;29;31;0.005;4.156;3.678;2.171;2
090035;La Maddalena;51.739;0.381;0.388;0.39;683;698;702;0.423;24.973;17.134;2.002;84
090036;Luogosanto;135.07;0.432;0.466;3.073;2;2;78;0.004;0.067;2.833;0.036;6
090037;Luras;87.585;0.076;0.102;1.997;0;0;2;0.021;0.024;0.045;0.259;0
090038;Mara;18.643;0;0;3.449;0;0;0;0.279;15.035;12.064;0;26
090039;Martis;22.959;0.07;0.07;2.984;0;0;2;0.958;2.661;22.261;0;6
090040;Monteleone Rocca Doria;13.386;0.784;0.874;1.106;0;0;0;0.433;18.071;1.494;0;31
090041;Monti;123.586;1.23;1.439;2.374;219;371;533;0;0.909;5.91;18.98;3
090042;Mores;94.855;0.113;0.211;0.24;1;2;2;0;2.709;2.112;1.25;52
090043;Muros;11.226;0.508;0.588;6.28;0;0;1;2.904;21.388;12.872;0.009;24
090044;Nughedu San Nicolò;67.894;0.152;0.171;0.181;0;0;0;0.209;2.585;22.463;1.2;115
090045;Nule;51.947;0;0;1.09;0;0;0;0.081;2.628;19.778;43.098;11
090046;Nulvi;67.375;0.84;0.84;1.149;2;2;2;0;3.003;19.388;0;13
090047;Olbia;384.409;3.161;4.257;6.066;14781;16762;20867;0;0.028;1.829;2.233;1
090048;Olmedo;33.465;1.632;2.208;2.686;3;3;4;1.536;6.75;0.433;0;3
090049;Oschiri;215.611;0.409;0.458;0.988;0;0;1;0.063;0.099;8.109;0.01;0
090050;Osilo;98.031;0.1;0.105;1.062;23;23;44;0.746;10.086;16.577;0.066;482
090051;Ossi;30.09;1.522;1.575;2.672;83;89;95;0.023;16.859;18.288;0.356;226
090052;Ozieri;252.128;0.238;0.428;0.514;14;20;23;0.314;0.053;5.92;0.441;42
090053;Padria;48.394;2.823;3.153;6.331;0;0;0;0;12.657;6.346;0;1
090054;Palau;44.586;4.654;5.867;6.518;53;63;67;0.004;0.072;3.712;47.318;0
090055;Pattada;164.878;0.127;0.129;0.13;1;1;1;0.665;2.919;35.162;0.272;89
090056;Perfugas;60.88;4.208;6.132;10.48;5;8;15;0.03;1.227;10.747;0.246;4
090057;Ploaghe;96.268;0;0;0.534;0;0;0;0.143;1.619;3.958;0.007;48
090058;Porto Torres;104.702;1.839;1.953;2.199;655;824;900;1.339;2.837;12.457;17.836;107
090059;Pozzomaggiore;78.771;0.164;0.175;1.716;0;0;0;0;3.255;7.117;0;6
090060;Putifigari;53.1;0.256;0.284;0.296;0;0;0;0;14.072;6.301;0;0
090061;Romana;21.595;1.236;1.348;1.764;0;0;0;0;21.338;8.71;0;37
090062;Aglientu;148.322;2.963;3.287;3.921;17;19;25;0.126;1.331;6.662;13.067;6
090063;Santa Teresa Gallura;102.59;3.695;3.886;4.407;94;105;116;0.036;0.33;4.213;35.404;45
090064;Sassari;547.077;4.277;4.527;5.108;3136;3443;4336;1.112;2.617;5.493;3.3;1242
090065;Sedini;40.506;2.711;3.382;4.607;275;277;280;4.461;6.179;3.703;0.081;46
090066;Semestene;39.583;4.997;5.416;6.159;18;19;20;3.375;5.854;6.584;0;0
090067;Sennori;31.34;1.809;2.176;5.23;3;5;22;5.134;4.011;12.384;26.002;631
090068;Siligo;43.449;0;0;0;0;0;0;3.439;8.198;8.398;0;58
090069;Sorso;67.011;5.123;5.707;9.769;216;234;466;0.007;2.491;11.97;48.546;72
090070;Tempio Pausania;210.817;0.577;0.732;1.622;1;3;184;4.343;13.856;17.603;21.84;144
090071;Thiesi;63.245;0.04;0.041;0.041;0;0;0;0.009;15.198;4.029;0;35
090072;Tissi;10.238;4.181;4.347;4.757;11;11;12;0.987;12.131;33.835;11.731;166
090073;Torralba;36.507;0;0;0;0;0;0;0;4.421;2.361;0;1
090074;Trinità d'Agultu e Vignola;134.13;0.884;1.015;1.547;52;53;55;0.503;1.638;7.43;58.632;31
090075;Tula;66.185;0.193;0.216;0.65;217;245;253;0.036;0.196;31.509;0.002;3
090076;Uri;56.806;0.59;0.667;0.771;0;0;0;0.023;8.08;4.415;0.014;3
090077;Usini;30.737;7.467;8.482;10.45;9;10;11;3.706;7.493;12.698;0.039;57
090078;Villanova Monteleone;202.681;0.112;0.122;0.835;89;98;103;0.615;24.107;5.542;0.413;77
090079;Valledoria;25.448;36.557;37.641;38.938;105;110;119;0.279;0.865;0.527;0.012;37
090080;Telti;83.43;1.283;1.406;1.875;20;23;27;0.032;3.339;10.734;15.553;14
090081;Badesi;31.331;17.149;17.775;20.928;29;31;102;2.349;4.133;2.231;0.511;9
090082;Viddalba;50.409;2.855;3.063;4.852;67;99;185;0.302;1.355;13.613;0.464;2
090083;Golfo Aranci;37.644;4.431;4.633;4.766;45;46;47;1.687;4.314;9.507;0.781;10
090084;Loiri Porto San Paolo;118.439;3.995;4.56;5.135;71;82;185;0.108;0.013;6.202;0.038;0
090085;Sant'Antonio di Gallura;81.693;0.551;0.618;0.922;8;8;9;0.021;4.827;16.94;5.374;11
090086;Tergu;36.877;0.494;0.624;1.307;10;13;14;0.133;8.976;11.039;0.005;10
090087;Santa Maria Coghinas;23.459;15.721;16.096;16.539;254;303;387;0.78;2.084;10.448;0;1
090088;Erula;39.311;0.259;0.259;0.298;0;0;0;0;0.125;20.513;0.008;0
090089;Stintino;59.073;6.054;6.228;6.461;34;37;41;3.122;0.279;17.021;30.227;2
090090;Padru;157.987;4.093;4.421;4.661;143;160;169;5.054;10.353;32.413;23.906;39
090091;Budoni;56.327;6.771;7.604;9.278;273;337;455;0.011;19.25;22.577;14.418;18
090092;San Teodoro;105.126;8.075;9.203;9.724;403;996;1139;1.772;12.465;47.444;25.41;53
091001;Aritzo;75.575;0.001;0.001;0.565;0;0;0;0.159;4.974;15.554;1.545;94
091002;Arzana;162.881;0.728;0.829;2.75;1;25;27;0.087;14.296;63.397;21.84;479
091003;Atzara;35.922;1.022;1.1;1.144;0;0;0;0;0;0.061;0.019;0
091004;Austis;50.808;0;0;0.266;0;0;0;0.579;11.473;32.715;39.71;2
091005;Bari Sardo;37.654;1.859;2.457;10.121;13;19;458;2.98;2.002;12.785;2.324;15
091006;Baunei;211.898;0.408;0.408;0.411;47;47;47;10.654;14.406;48.061;26.803;120
091007;Belvì;18.102;0.204;0.221;0.226;0;0;0;0.757;15.286;26.726;0;32
091008;Birori;17.328;0;0;0;0;0;0;0;3.07;1.858;1.552;0
091009;Bitti;215.282;0.238;0.252;0.454;0;0;0;0.02;6.602;6.221;18.874;153
091010;Bolotana;108.435;1.844;2.837;4.623;0;0;0;0.154;6.804;4.747;2.288;21
091011;Borore;42.675;0;0;0;0;0;0;0;0;0;0;0
091012;Bortigali;67.327;3.135;3.135;4.27;99;99;99;1.386;10.895;6.714;6.422;27
091016;Desulo;74.498;0.086;0.086;0.086;0;0;0;0.415;9.488;1.487;0.18;285
091017;Dorgali;226.584;1.205;1.304;2.662;33;33;35;12.101;32.654;21.075;32.418;117
091018;Dualchi;23.41;0.171;0.201;0.218;0;0;0;0;0;0;0;0
091019;Elini;10.735;7.061;8.524;9.008;17;21;21;0;14.644;59.562;25.785;69
091024;Fonni;112.266;0.322;0.377;1.881;145;145;146;0.235;17.717;2.411;0.087;1
091025;Gadoni;43.434;0;0;0.785;0;0;0;1.338;6.612;13.674;0.032;187
091026;Gairo;77.544;2.472;2.658;3.619;1;1;1;6.527;28.867;24.199;40.274;355
091027;Galtellì;56.53;15.425;16.009;16.471;518;590;620;4.914;16.913;24.037;40.985;22
091028;Gavoi;38.059;9.759;10.549;11.07;85;104;111;1.498;4.653;13.687;38.735;3
091031;Girasole;13.161;9.559;35.628;45.118;37;537;558;0;4.749;12.393;82.805;3
091032;Ilbono;30.993;0.465;0.5;2.601;0;0;1;1.626;9.002;55.68;33.688;56
091033;Irgoli;75.299;2.639;2.999;4.271;164;259;265;0;11.808;9.626;13.753;25
091035;Jerzu;102.399;2.067;2.373;5.386;24;28;70;7.179;22.48;26.84;20.185;376
091037;Lanusei;53.257;2.584;2.86;5.607;105;106;110;7.33;31.663;41.133;18.668;356
091038;Lei;19.115;0;0;0.806;0;0;0;0;0.429;0.492;0;0
091039;Loceri;19.386;0.449;1.465;7.578;5;10;31;0.026;7.707;30.878;44.362;24
091041;Lodè;123.106;1.582;1.66;1.733;8;182;182;1.037;28.044;42.132;14.161;80
091040;Loculi;38.15;3.924;4.17;4.33;4;4;4;0.136;3.819;15.89;75.03;1
091042;Lotzorai;16.927;20.328;30.413;37.603;158;434;568;0.095;4.413;12.973;25.09;5
091043;Lula;148.715;0.015;0.015;0.126;32;32;32;4.408;13.917;31.154;6.96;11
091044;Macomer;122.764;0.321;0.352;0.955;0;0;0;0;0.446;0.272;0.082;1
091046;Mamoiada;48.829;0.33;0.356;0.371;0;0;0;0;1.731;15.446;42.428;2
091047;Meana Sardo;73.804;2.02;2.116;2.167;3;3;3;0.003;0.688;37.289;27.929;0
091050;Noragugume;26.732;2.873;4.044;15.663;0;0;0;0;0;0;0;0
091051;Nuoro;192.059;0.888;0.929;1.906;9;9;17;4.878;13.15;23.228;54.482;1897
091055;Oliena;165.737;2.392;3.161;4.355;35;36;38;24.828;3.472;10.702;26.191;8
091056;Ollolai;27.237;0.04;0.04;0.316;0;0;0;0.147;28.403;14.025;28.307;1
091057;Olzai;69.821;0;0;1.177;0;0;0;0.246;1.889;0.222;0.064;1
091058;Onanì;72;0.028;0.028;0.028;0;0;0;0;8.461;17.826;22.312;13
091059;Onifai;43.184;2.749;2.906;3.038;73;144;174;1.44;14.369;40.735;27.445;28
091060;Oniferi;35.673;0.196;0.252;3.297;1;1;6;0.014;0.064;0.575;13.778;0
091061;Orani;130.432;2.246;2.659;3.745;174;176;182;0.004;1.99;22.839;66.014;6
091062;Orgosolo;222.596;0.243;0.305;1.409;0;44;44;8.587;23.102;22.8;25.35;38
091063;Orosei;90.977;11.725;12.782;13.691;1034;1228;1307;6.64;5.338;8.741;6.54;186
091064;Orotelli;61.177;0.664;0.865;1.657;152;161;167;3.191;39.178;34.05;20.052;167
091066;Ortueri;38.834;0.379;0.379;0.379;0;0;0;0;0.258;0.093;0.278;0
091067;Orune;128.446;0.05;0.05;1.345;0;0;0;0.645;10.075;8.509;3.886;236
091068;Osidda;25.676;0;0;2.352;0;0;0;0;0;0.129;0.012;0
091069;Osini;39.814;2.2;2.564;4.478;1;1;1;5.209;19.34;32.828;8.718;17
091070;Ottana;45.071;3.439;3.849;5.258;6;7;10;0;0;0.02;11.327;0
091071;Ovodda;40.847;0.164;0.186;0.568;0;0;0;1.275;20.733;4.035;2.666;32
091072;Perdasdefogu;77.745;0;0;0.788;0;0;0;9.639;15.121;29.433;8.452;182
091073;Posada;33.065;27.086;28.889;32.106;53;75;151;0.874;12.808;17.196;17.314;167
091077;Sarule;52.715;0.006;0.006;0.008;0;0;0;0;0.732;6.626;20.408;0
091083;Silanus;47.935;0.204;0.204;2.359;129;129;130;0;0.086;0.486;0;0
091084;Sindia;58.566;0.029;0.034;2.327;0;0;61;0;4.265;1.349;0;33
091085;Siniscola;196.639;5.352;6.056;6.491;783;996;1089;7.834;3.355;37.173;20.989;56
091086;Sorgono;56.051;0;0;0;0;0;0;0;0;0.187;0;0
091088;Talana;118.673;9.947;10.147;11.347;44;76;81;0.732;15.628;21.765;11.504;227
091089;Tertenia;117.676;4.814;5.796;8.846;812;1070;1450;0.959;52.208;21.557;24.971;428
091090;Teti;43.8;0;0;1.676;0;0;0;0;3.263;0.059;0.824;0
091091;Tiana;19.316;0;0;0;0;0;0;3.272;24.177;8.791;0.031;142
091093;Tonara;52.014;0;0;0;0;0;0;0.333;14.212;1.525;0.675;217
091094;Torpè;92.261;10.776;10.91;11.392;416;488;572;7.585;35.281;23.722;13.997;104
091095;Tortolì;40.365;7.291;17.495;23.444;597;1960;2369;0.287;2.502;17.768;78.407;118
091097;Triei;32.98;8.827;10.227;12.165;86;101;105;0.807;31.41;18.669;48.866;73
091098;Ulassai;122.417;0.212;0.212;0.575;1;1;1;3.64;3.773;11.043;4.804;231
091099;Urzulei;129.635;1.739;1.783;2.51;149;166;167;5.157;18.992;66.049;9.741;159
091100;Ussassai;47.323;8.277;8.277;8.277;21;21;21;6.325;23.817;55.88;13.478;457
091101;Villagrande Strisaili;210.351;0.342;0.456;3.526;163;502;508;0.509;9.126;11.661;7.709;711
091103;Cardedu;33.561;9.815;12.336;16.984;24;38;47;0.232;15.423;28.325;45.517;38
092009;Cagliari;84.824;39.669;39.932;49.187;2249;2753;3246;0.681;0.829;0.245;0.004;408
092011;Capoterra;68.535;9.17;13.024;24.234;2029;3146;5039;7.18;6.763;23.401;23.728;91
091104;Lodine;7.7;2.468;2.701;4.156;0;0;0;0;0;0.169;1.013;0
092003;Assemini;118.173;14.917;16.343;40.822;2243;6063;26265;0.32;12.831;28.319;0.537;3
092015;Decimomannu;27.715;18.618;19.859;63.857;924;1027;7715;0;0;0.011;0.032;0
092037;Maracalagonis;101.369;0.396;0.486;9.253;13;21;761;0.011;0.038;0.017;0;0
092050;Pula;139.069;6.553;8.115;13.293;298;590;1500;3.695;5.254;15.86;26.299;17
092051;Quartu Sant'Elena;96.526;1.726;2.899;13.624;463;912;8229;0.224;0.554;3.696;0.066;3
092066;Sarroch;68.92;0.065;0.131;1.033;21;41;67;0.062;0.046;0.335;0.382;0
092068;Selargius;26.706;7.006;9.043;11.076;2401;3722;5313;0;0;8.814;0.483;0
092074;Sestu;48.263;2.522;5.934;40.18;300;1287;15140;0.019;0;0.046;0;2
092075;Settimo San Pietro;23.295;3.756;5.873;10.054;7;12;197;0.425;0.502;1.266;9.908;2
092080;Sinnai;223.925;0.427;0.517;4.157;222;285;1341;0.076;0.403;0.318;0.349;5
092090;Uta;134.706;9.817;12.442;20.01;3787;5150;7623;0.005;0.019;0.107;1.103;0
092099;Villa San Pietro;39.885;4.724;7.883;13.108;137;253;977;0.434;2.236;9.314;67.181;5
092105;Quartucciu;27.931;0.462;0.949;18.646;102;359;793;0;1.292;20.361;9.806;2
092108;Elmas;14.054;14.551;18.166;65.91;183;506;6878;0;0;0;0.171;0
092109;Monserrato;6.43;8.445;18.18;30.093;1151;4754;9852;0;0;1.4;0.327;0
093006;Barcis;103.411;4.439;4.473;4.473;33;33;33;1.691;1.562;0.004;0.15;20
093001;Andreis;26.95;2.141;2.141;2.16;1;1;1;0.275;1.173;0.156;0.011;10
093002;Arba;15.311;33.695;33.695;33.695;12;12;12;0.007;0;0;0;0
093004;Aviano;113.279;2.793;4.497;4.909;294;298;1084;3.812;0.208;0;0;5
093005;Azzano Decimo;51.337;16.828;17.346;34.827;668;695;4772;0;0;0;0;0
093007;Brugnera;29.12;9.262;9.262;30.206;456;456;1358;0;0;0;0;0
093008;Budoia;37.358;5.284;5.284;6.601;76;76;96;0.907;0;0;0;0
093009;Caneva;41.794;5.678;5.678;11.387;540;540;1277;0.605;0.179;0.002;5.506;12
093010;Casarsa della Delizia;20.466;14.062;15.621;19.276;1601;2073;2253;0;0;0;0;0
093011;Castelnovo del Friuli;22.481;2.878;2.905;3.505;57;58;97;0.365;0.351;0.182;0.018;7
093012;Cavasso Nuovo;10.596;25.142;25.142;25.142;20;20;20;1.519;0.821;0.094;0;9
093013;Chions;33.446;23.088;24.137;36.205;847;902;2072;0;0;0;0;0
093014;Cimolais;100.849;5.056;5.992;5.992;31;31;31;6.431;0.024;0.007;0.311;30
093015;Claut;165.901;5.492;5.776;5.785;40;40;40;2.045;0.076;0;0.001;63
093016;Clauzetto;28.308;1.445;1.445;1.445;1;1;1;2.801;0.593;0.141;0.007;10
093017;Cordenons;56.338;27.461;27.461;67.031;198;198;786;0;0;0;0;0
093018;Cordovado;12.018;1.656;1.656;11.25;32;32;35;0;0;0;0;0
093019;Erto e Casso;52.417;8.036;8.203;8.203;56;56;56;10.014;3.466;2.423;2.587;28
093020;Fanna;10.263;8.974;8.974;9.705;6;6;6;0;0.156;0.029;0;0
093021;Fiume Veneto;35.765;13.51;17.176;51.38;528;621;4237;0;0;0;0;0
093022;Fontanafredda;46.402;3.093;3.093;3.319;117;117;150;0;0;0;0;0
093024;Frisanco;60.987;2.589;2.974;2.974;1;1;1;1.192;0.644;0.016;0.074;6
093025;Maniago;69.46;13.655;13.655;13.693;207;207;228;0.985;0.056;0.016;0.001;1
093027;Montereale Valcellina;67.88;9.956;11.31;11.31;92;94;94;3.95;0.221;0.108;0;50
093028;Morsano al Tagliamento;32.533;20.017;20.017;81.613;93;93;1976;0;0;0;0;0
093026;Meduno;31.591;7.189;7.192;7.268;37;37;55;2.884;0.082;0.342;0;4
093029;Pasiano di Pordenone;45.594;14.587;15.094;69.812;366;371;5672;0;0;0;0;0
093030;Pinzano al Tagliamento;21.951;36.436;36.481;37.324;25;26;28;0.847;0.355;0.036;0.005;4
093031;Polcenigo;49.688;5.359;5.359;8.171;335;335;378;0.01;0.048;0.024;0;7
093032;Porcia;29.534;21.965;21.965;23.454;497;497;578;0;0;0;0;0
093033;Pordenone;38.213;34.923;35.268;54.154;5661;5693;16379;0;0;0;0;0
093034;Prata di Pordenone;22.961;69.379;69.379;91.786;5772;5772;8285;0;0;0;0;0
093035;Pravisdomini;16.209;10.692;11.58;20.809;20;23;97;0;0;0;0;0
093036;Roveredo in Piano;15.926;0;0;0;0;0;0;0;0;0;0;0
093037;Sacile;32.741;12.086;12.086;17.116;1319;1319;2024;0;0;0;0;0
093038;San Giorgio della Richinvelda;48.152;19.698;20.001;21.526;14;28;53;0;0;0;0;0
093039;San Martino al Tagliamento;17.979;22.893;22.893;23.705;148;148;148;0;0;0;0;0
093040;San Quirino;51.758;3.151;3.151;6.385;0;0;10;0;0;0;0;0
093041;San Vito al Tagliamento;60.872;21.732;21.764;22.376;1017;1017;1070;0;0;0;0;0
093042;Sequals;27.704;13.901;13.901;14.204;8;8;8;0.051;0.144;0;0;0
093043;Sesto al Reghena;40.673;12.632;13.279;13.921;696;751;797;0;0;0;0;0
093044;Spilimbergo;71.876;31.888;31.949;33.472;458;479;603;0;0;0;0;0
093045;Tramonti di Sopra;125.143;4.74;4.75;4.75;17;17;17;1.215;0.066;0.003;0;13
093046;Tramonti di Sotto;85.547;5.793;5.793;5.833;10;10;10;1.786;0.096;0.006;0;9
093047;Travesio;28.379;2.238;2.241;2.417;119;119;135;0.004;0.042;0;0;2
093049;Vito d'Asio;53.714;2.955;3.362;3.548;77;78;122;8.424;0.402;0;0;13
093050;Vivaro;37.677;47.605;47.605;50.376;13;13;36;0;0;0;0;0
093051;Zoppola;45.535;20.178;20.296;37.955;175;182;961;0;0;0;0;0
093052;Vajont;1.586;39.281;39.281;39.281;0;0;0;0;0;0;0;0
088005;Ispica;113.66;5.787;5.787;5.787;363;363;363;1.69;0;0;0;51
093053;Valvasone Arzene;29.675;16.03;16.03;16.283;296;296;298;0;0;0;0;0
094001;Acquaviva d'Isernia;13.514;0;0;0;0;0;0;13.046;0.326;9.05;0.466;7
094002;Agnone;96.849;0.56;4.327;4.615;4;52;55;1.13;9.399;0;3.375;123
094003;Bagnoli del Trigno;36.801;1.285;4.326;4.796;1;7;8;4.872;7.435;0;16.654;68
094004;Belmonte del Sannio;20.317;0.143;5.975;5.975;1;11;11;1.915;15.691;0;1.733;36
094005;Cantalupo nel Sannio;15.638;1.049;8.55;12.092;0;14;14;0.205;4.073;0;1.982;7
094006;Capracotta;42.545;0;2.614;2.614;0;3;3;1.42;6.673;0;4.6;6
094007;Carovilli;41.563;2.796;5.546;6.366;139;194;251;0.58;4.239;2.562;3.838;16
094008;Carpinone;32.429;2.754;6.673;7.074;9;32;34;14.539;0;1.801;0.284;74
094009;Castel del Giudice;14.808;0;4.308;4.308;0;0;0;7.543;8.576;0;32.01;36
094010;Castelpetroso;22.706;0;2.286;2.286;0;31;31;8.993;3.766;0.832;3.933;80
094011;Castelpizzuto;15.389;0;0;0;0;0;0;21.346;0.084;7.057;0;23
094012;Castel San Vincenzo;21.978;0;0;0;0;0;0;36.723;1.006;9.391;0.373;86
094013;Castelverrino;6.199;1.307;4.92;5.662;0;1;1;1.145;11.599;0;3.404;2
094014;Cerro al Volturno;23.79;0;0;0;0;0;0;22.198;2.501;17.032;2.303;160
094015;Chiauci;15.854;6.207;8.913;9.114;0;0;0;0.057;4.516;0;2.22;0
094016;Civitanova del Sannio;50.472;1.896;5.338;5.985;6;20;22;1.864;8.131;0;2.382;69
094017;Colli a Volturno;25.25;1.073;1.156;1.208;0;0;0;7.105;0.25;11.446;0.349;76
094018;Conca Casale;14.43;0;0;0;0;0;0;7.678;0;0;0;10
094019;Filignano;30.876;0.133;0.133;0.133;5;5;5;3.935;0.01;0.836;0.764;65
094020;Forlì del Sannio;32.562;0.513;0.623;0.716;1;1;1;6.802;0.359;16.163;0.544;80
094021;Fornelli;23.173;3.435;3.966;4.121;29;40;53;16.731;1.195;21.87;0.69;99
094022;Frosolone;49.886;0.07;2.945;2.965;0;6;6;2.157;3.498;0;0.924;68
094023;Isernia;69.15;1.167;2.025;2.24;71;164;183;10.613;0.885;8.113;0.59;1499
094024;Longano;27.373;0;0;0;0;0;0;7.515;0.091;7.825;0;7
094025;Macchia d'Isernia;17.711;6.51;7.843;9.186;12;14;17;12.292;0;1.632;0;12
094026;Macchiagodena;34.351;0.215;5.505;5.63;0;53;53;0.448;0.221;0;0.23;3
094027;Miranda;22.146;2.619;2.623;2.623;5;5;5;10.331;0.871;10.359;1.526;301
094028;Montaquila;25.449;2.735;4.208;4.208;6;9;9;4.102;0;0.173;0.161;48
094029;Montenero Val Cocchiara;22.019;0;1.54;1.54;0;3;3;3.533;1.503;0;8.102;0
094030;Monteroduni;37.212;3.128;4.926;4.945;13;21;21;6.495;0;0.664;0;70
094031;Pesche;12.963;0.625;0.671;0.687;6;6;6;15.691;0;0.108;0;357
094032;Pescolanciano;34.734;4.039;8.199;8.882;0;4;4;0.118;3.818;0;2.519;2
094033;Pescopennataro;18.832;0;2.156;2.156;0;0;0;13.939;2.193;0;37.219;18
094034;Pettoranello del Molise;15.584;1.206;3.369;3.799;1;14;17;6.423;0;0.494;0.295;3
094035;Pietrabbondante;27.444;0.572;5.466;5.648;0;15;15;0.419;14.087;0;3.575;38
094036;Pizzone;33.482;0.131;0.131;0.131;0;0;0;40.15;1.195;6.568;0.036;177
094037;Poggio Sannita;25.736;2.374;6.536;7.27;4;13;14;2.553;12.236;0;3.882;58
094038;Pozzilli;34.66;1.875;4.31;4.458;44;49;49;7.94;0;0;0;207
094039;Rionero Sannitico;29.213;0;0;0;0;0;0;3.375;0.811;16.825;0.859;54
094040;Roccamandolfi;53.662;0;4.592;4.592;0;71;71;3.878;1.148;0;1.373;43
094041;Roccasicura;28.605;0;0;0;0;0;0;8.128;5.377;12.138;1.056;46
094042;Rocchetta a Volturno;23.341;0;0;0;0;0;0;30.264;0.801;6.551;0.184;92
094043;San Pietro Avellana;44.946;0;4.176;4.176;0;1;1;4.098;3.402;0;31.22;2
094044;Sant'Agapito;15.929;0.232;0.232;0.232;1;1;1;5.738;0;2.467;0;39
094045;Santa Maria del Molise;17.197;0;4.14;4.14;0;28;28;4.321;4.495;1.122;2.035;1
094046;Sant'Angelo del Pesco;15.59;0;5.17;5.17;0;0;0;5.568;4.208;0;41.623;12
094047;Sant'Elena Sannita;14.076;0;4.774;4.781;0;1;1;3.829;1.535;0;0;2
094048;Scapoli;18.935;0;0;0;0;0;0;21.811;3.095;10.436;0.803;48
094049;Sessano del Molise;25.318;0.829;1.09;1.09;6;6;6;11.679;0;3.081;1.647;77
094050;Sesto Campano;35.382;6.305;23.619;24.439;100;468;508;15.155;0;0;0;242
094051;Vastogirardi;60.703;0.753;1.901;2.123;0;1;1;1.605;1.499;8.542;4.644;0
094052;Venafro;46.386;2.005;16.268;16.705;164;1490;1605;20.36;0;0.086;0;1774
095001;Abbasanta;39.847;0.487;0.69;1.875;224;340;368;0;0;0.296;0.125;0
095002;Aidomaggiore;41.205;0;0;0;0;0;0;0.163;2.242;4.626;15.821;8
095003;Albagiara;8.883;0.293;0.293;0.293;0;0;0;4.717;0;7.419;9.321;1
095004;Ales;22.453;0.312;0.338;0.361;123;135;144;0;0.325;1.118;5.184;0
095005;Allai;27.36;0.38;0.38;3.659;8;8;110;0.077;1.129;0;0;0
095006;Arborea;94.835;6.707;6.871;30.546;51;53;173;0;0;0;0.036;0
095007;Ardauli;20.53;7.048;7.048;8.388;0;0;0;0.463;1.924;0.278;0.146;0
095008;Assolo;16.363;0;0;0;0;0;0;1.039;0;0.012;0.141;0
095009;Asuni;21.343;0;0;1.912;0;0;0;0;0;0.74;2.535;0
095016;Boroneddu;4.589;1.22;1.482;1.7;0;0;0;0.61;5.818;42.994;50.229;0
095010;Baradili;5.574;0.52;0.52;0.52;0;0;0;0;0;0;0;0
095011;Baratili San Pietro;6.097;8.398;9.464;9.464;27;51;51;0;0;0;0;0
095017;Busachi;59.027;5.142;5.147;5.996;32;32;32;0.315;0.44;0.469;2.684;32
095012;Baressa;12.512;0.256;0.256;0.256;0;0;0;0.296;1.535;0.655;0.599;0
095013;Bauladu;24.22;3.642;4.678;8.964;2;128;130;0;0;0.747;1.841;0
088006;Modica;292.377;0.43;0.43;0.43;67;67;67;0.541;0;0.022;0.056;863
095014;Bidonì;11.724;0.068;0.068;0.068;1;1;1;0;0.06;18.364;4.896;3
095015;Bonarcado;28.412;0.971;0.971;3.706;51;51;51;1.432;1.953;17.486;1.313;2
095018;Cabras;102.402;27.531;27.988;29.182;1088;1253;1275;0.364;0.093;1.78;7.637;3
095019;Cuglieri;120.67;5.76;6.245;6.792;71;79;98;0.496;14;14.884;0.129;114
095020;Fordongianus;39.482;3.31;3.602;7.297;103;117;512;0;0;0;0;0
095021;Ghilarza;55.46;1.442;1.442;6.731;0;0;92;2.876;2.847;16.643;15.391;1
095024;Gonnostramatza;17.642;2.636;2.726;6.224;136;136;204;2.982;15.956;18.983;25.077;7
095022;Gonnoscodina;8.821;1.27;1.315;1.315;0;0;0;0.601;1.326;18.422;27.094;0
095025;Marrubiu;61.235;4.741;6.568;12.302;112;145;764;0;2.337;14.426;8.809;1
095023;Gonnosnò;15.458;0.653;0.653;0.653;39;39;39;4.988;0;7.355;2.245;0
095026;Masullas;18.681;3.287;3.287;3.292;139;139;139;0.027;0.032;0.112;0.198;0
095027;Milis;18.669;0;0;10.542;0;0;5;0;0.005;1.018;2.116;0
095028;Mogorella;17.064;4.278;4.278;4.811;0;0;0;0;0.258;11.82;68.771;0
095029;Mogoro;48.986;23.709;24.658;26.461;92;94;95;2.264;5.41;6.73;85.09;22
095030;Morgongiori;45.197;0.471;0.471;0.471;0;0;0;0.004;0.011;0.086;0.08;0
095031;Narbolia;40.545;1.699;1.751;2.41;202;202;545;0.271;1.189;6.948;0;0
095032;Neoneli;48.014;0.104;0.104;0.417;0;0;0;0.102;13.567;22.521;17.268;0
095033;Norbello;26.181;0;0;0;0;0;0;0.378;0.684;4.74;9.732;13
095034;Nughedu Santa Vittoria;28.572;0;0;2.362;0;0;0;0.01;3.062;23.443;7.983;6
095035;Nurachi;15.965;9.809;41.008;66.251;4;225;259;0;0;0;0;0
095036;Nureci;12.876;0;0;0;0;0;0;1.118;15.269;38.715;38.669;1
095037;Ollastra;21.47;4.113;4.164;17.224;1;1;198;0;0;0;0;0
095038;Oristano;84.706;33.512;37.605;42.919;2008;4461;14412;0.149;0.95;1.992;0;9
095039;Palmas Arborea;39.328;10.209;12.04;13.929;25;29;97;1.137;13.215;3.186;0.094;35
095045;Samugheo;81.283;0.454;0.486;1.366;79;84;87;0.48;1.887;0.069;0.766;1
095046;San Nicolò d'Arcidano;28.357;22.118;26.657;39.525;24;712;728;0;0;1.234;4.288;0
095040;Pau;13.816;0;0;0;0;0;0;0;19.217;23.603;57.18;0
095041;Paulilatino;103.847;0.16;0.16;3.922;0;0;1;0.015;0;0.178;0.078;0
095042;Pompu;5.316;0.658;0.658;0.658;0;0;0;0;0;0.169;0.583;0
095043;Riola Sardo;48.109;31.429;32.715;33.243;592;791;791;0;0;0;0.01;0
095044;Ruinas;30.458;0;0;1.356;0;0;0;0.988;10.956;4.255;2.196;1
095047;Santa Giusta;69.288;2.215;2.325;2.643;4;4;4;0;0.061;0.016;0.019;0
095048;Villa Sant'Antonio;19.056;0.026;0.026;1.034;0;0;0;0;0;5.5;53.679;0
095049;Santu Lussurgiu;99.795;0.021;0.021;1.706;17;17;18;0.059;2.481;8.814;1.632;31
095050;San Vero Milis;72.495;16.219;20.114;29.512;28;42;113;0;0.315;0.073;0;9
095051;Scano di Montiferro;60.494;0.003;0.003;1.979;0;0;0;0;4.472;5.733;0;22
095052;Sedilo;68.452;5.201;6.238;8.806;1;1;3;0.007;0;0.028;0.045;0
095053;Seneghe;57.798;0.488;0.507;0.749;0;0;0;0.066;10.912;29.593;0.77;1
095054;Senis;16.063;0;0;0.187;0;0;0;0;0.118;8.89;2.596;0
095055;Sennariolo;15.631;0.345;0.358;3.922;0;0;0;0;6.174;9.116;0;11
095056;Siamaggiore;13.173;9.041;37.987;39.634;8;516;585;0;0.068;0.66;1.253;0
095057;Siamanna;28.356;0.614;0.614;4.754;8;8;12;0;0;0.011;0;0
095058;Simala;13.379;11.07;11.421;11.555;68;68;68;0;3.58;20.428;45.728;0
095059;Simaxis;27.82;7.725;8.066;29.055;24;29;418;0;0.083;1.467;0.061;0
095060;Sini;8.751;0.206;1.554;1.554;0;0;0;24.26;0;12.284;15.564;4
095061;Siris;6.005;1.799;1.799;1.799;0;0;0;5.112;11.124;21.699;28.46;0
095062;Solarussa;31.859;7.182;24.025;26.115;182;539;1248;0;0.141;1.736;1.293;0
095063;Sorradile;26.34;0.873;0.873;2.707;0;0;0;2.722;4.544;46.796;32.783;14
095065;Terralba;49.97;58.455;59.798;71.791;6458;6747;9574;0;0;0;3.566;0
095064;Tadasuni;5.094;25.756;25.756;25.756;0;0;0;6.027;8.932;3.082;30.84;0
095066;Tramatza;16.8;13.268;17.804;21.673;4;6;9;0;0;0;0;0
095067;Tresnuraghes;31.495;0.362;0.378;1.257;0;0;0;2.337;6.953;9.392;0;28
095068;Ulà Tirso;18.846;12.39;12.438;12.602;54;73;73;2.08;12.008;10.501;52.08;4
095069;Uras;39.239;36.375;36.405;39.208;1286;1291;1308;0.138;0;1.501;0.138;0
095070;Usellus;35.06;0.274;0.274;0.274;19;19;19;0;0.442;22.735;19.119;0
095071;Villanova Truschedu;16.61;8.94;9.862;11.144;0;0;0;0;0;0;0;0
095072;Villaurbana;58.7;0.733;0.733;3.486;7;7;95;0.678;5.208;32.864;32.416;0
095073;Villa Verde;17.651;0.266;0.266;0.266;58;58;58;0;1.773;6.221;5.773;0
095074;Zeddiani;11.809;7.664;12.338;17.978;8;18;97;0;0;0;0;0
095075;Zerfaliu;15.561;13.637;15.854;26.219;6;10;847;0;0.366;0.071;0.019;0
095076;Siapiccia;17.931;1.026;1.026;2.465;2;2;3;0;0;0;0;0
095077;Curcuris;7.181;1.546;1.546;1.546;0;0;0;0;0;0.084;0.084;0
095078;Soddì;5.242;0;0;0;0;0;0;0.553;6.734;11.847;24.38;1
095079;Bosa;128.546;3.217;3.817;4.589;4457;5351;5829;2.386;33.32;7.984;0.001;203
095080;Flussio;6.874;0;0;1.12;0;0;0;0;4.321;4.641;0.887;13
095082;Laconi;124.751;0.527;0.531;2.457;0;0;1;0.025;0.745;5.007;38.419;15
095083;Magomadas;9.074;1.212;1.389;1.51;0;0;0;1.697;8.276;9.753;2.182;34
095084;Modolo;2.474;0;0;0;0;0;0;0;26.96;10.388;8.003;14
095085;Montresta;31.16;0.061;0.061;0.53;0;0;0;0;4.416;5.889;0;33
095086;Sagama;11.723;0;0;0.81;0;0;0;0;0.119;2.397;0;3
095087;Suni;47.462;0;0;2.634;0;0;1;0;6.359;8.499;0;1
096001;Ailoche;10.783;0.445;0.464;0.835;8;8;12;1.215;0.074;0.649;0;19
096002;Andorno Micca;11.887;0.858;1.354;1.674;53;91;126;0.177;0.261;0.463;0;6
096003;Benna;9.375;0;0.011;3.317;0;0;51;0;0;0;0;0
095088;Tinnura;3.849;0;0;0;0;0;0;0;0;4.053;0;0
096004;Biella;46.688;3.474;4.029;6.233;139;240;1202;0.906;2.787;0;0;107
096005;Bioglio;18.845;0.95;1.183;1.199;1;1;1;1.173;3.014;6.155;0;18
096007;Brusnengo;10.454;0.115;0.832;0.947;1;2;3;0.029;0.172;0;0;0
096008;Callabiana;6.557;0.442;0.564;0.564;0;0;0;2.486;0;0;0;4
096009;Camandona;9.2;0.707;0.891;1.293;13;16;16;0;1.728;5.217;0;20
096006;Borriana;5.345;16.127;24.116;29.598;12;19;32;0;0;0.019;0;0
096010;Camburzano;3.802;0;3.63;13.624;0;107;420;0.132;0.079;0.026;0;3
096012;Candelo;15.121;2.745;2.93;7.923;6;6;16;0.331;0.886;0.013;0;2
096013;Caprile;11.595;0.009;0.009;0.009;0;0;0;1.242;0;0;0;0
096014;Casapinta;2.861;0;0;0;0;0;0;0;0.419;0.245;0;0
096015;Castelletto Cervo;14.902;4.449;14.334;30.238;1;10;56;0.161;0;0;0;1
096016;Cavaglià;25.625;0;0;0;0;0;0;0;0;0;0;0
096018;Cerrione;27.987;12.291;18.287;22.128;34;83;126;0;0;0;0;0
096019;Coggiola;23.782;0.778;0.803;1.051;235;250;414;0.643;0.177;0;0;112
096020;Cossato;27.734;9.919;16.341;26.314;559;1623;4006;0.263;0;0;0;4
096021;Crevacuore;8.601;8.941;8.941;10.045;282;282;351;0.116;0.198;0.035;0;11
096023;Curino;21.649;0.032;0.032;0.032;0;0;0;0.018;0;0;0;0
096024;Donato;12.069;0.323;0.323;0.323;4;4;4;0.282;2.486;0.365;0;3
096025;Dorzano;4.742;0;0;0;0;0;0;0;0;0;0;0
096026;Gaglianico;4.505;0;0;0.799;0;0;31;0;0;0;0;0
096030;Magnano;10.556;0.057;0.057;0.057;0;0;0;0.095;0;0;0;0
096027;Gifflenga;2.256;25.576;32.846;47.518;0;1;1;0;0;0;0;0
096028;Graglia;20.139;0;0;0;0;0;0;0.596;0;0.114;0;9
096031;Massazza;11.609;0;0;0.026;0;0;0;0;0;0;0;0
096032;Masserano;27.073;4.067;9.844;9.844;21;23;23;0.015;0.007;0.011;0;0
096033;Mezzana Mortigliengo;4.309;0;0;0;0;0;0;0.023;0;0.046;0;0
096038;Muzzano;6.097;0.082;0.082;0.082;0;0;0;0.328;0.033;5.019;0;0
096039;Netro;12.568;0.056;0.056;0.056;0;0;0;0.358;0.024;51.17;0;5
096034;Miagliano;0.668;7.635;10.629;17.066;23;27;34;1.198;0.449;3.293;0;2
096035;Mongrando;16.503;8.059;11.792;21.081;177;195;1002;0.697;2.812;0.024;0;78
096037;Mottalciata;18.391;6.389;6.911;9.456;23;35;41;0;0;0;0;0
096040;Occhieppo Inferiore;4.064;14.05;28.322;39.715;314;898;1404;0.025;0;0;0;0
096041;Occhieppo Superiore;5.15;4.505;6.816;8.718;57;66;178;0.485;3.553;10.835;0;6
096042;Pettinengo;15.297;0.458;1.007;1.098;2;2;5;0.713;4.282;7.224;0;30
096043;Piatto;3.591;0;0;0;0;0;0;0.167;1.058;0;0;2
096044;Piedicavallo;17.751;0.89;1.622;1.893;4;27;58;0.287;0;0.141;0;6
096046;Pollone;16.217;0.136;0.543;10.378;0;11;1317;0.536;0.136;9.959;0;14
096047;Ponderano;7.052;11.302;11.302;18.42;15;15;25;0;0;0;0;0
096048;Portula;11.305;0.929;1.203;1.415;105;126;150;0.433;0.787;0.044;0;19
096049;Pralungo;7.25;0.207;0.91;0.91;2;20;20;0.331;1.228;13.214;0;4
096050;Pray;9.185;6.554;7.284;9.722;298;347;458;0.925;0.98;0.435;0;52
096053;Ronco Biellese;3.849;0;0;0;0;0;0;0.078;1.455;0.104;0;4
096054;Roppolo;8.651;0;0;0;0;0;0;0;0;0;0;0
096056;Sagliano Micca;14.611;1.211;1.218;1.383;25;25;39;0.335;0.465;11.224;0;3
096057;Sala Biellese;8.03;1.245;1.669;1.669;0;0;0;0.299;0.149;0.012;0;0
096058;Salussola;38.516;6.265;13.54;19.53;63;93;290;0.239;0;0;0;13
096059;Sandigliano;10.216;0;0;18.98;0;0;843;0;0;0;0;0
096055;Rosazza;9.023;2.183;2.194;3.092;14;14;50;1.23;0.133;0.975;0;0
096063;Sordevolo;13.738;0.568;0.568;1.485;2;2;4;0.706;0;10.009;0;1
096064;Sostegno;18.068;1.616;1.616;1.616;0;0;0;0;0.1;0.039;0;9
096065;Strona;3.719;1.828;2.124;2.689;6;6;6;0;1.344;0.054;0;5
096066;Tavigliano;11.235;0.481;0.481;0.481;0;0;0;0.668;0;0.036;0;16
096068;Tollegno;3.314;6.88;7.695;8.63;50;53;82;0.362;0.422;4.164;0;4
096067;Ternengo;1.98;0;0;0;0;0;0;0.152;3.939;0;0;1
096069;Torrazzo;5.771;0;0;0;0;0;0;0;0;0;0;0
096071;Valdengo;7.677;2.097;4.155;10.968;28;93;357;0.156;3.387;0.221;0;22
096072;Vallanzengo;4.665;0;0;0;0;0;0;0;0.793;0;0;3
096074;Valle San Nicolao;13.257;0.89;0.958;1.086;12;17;30;2.112;5.144;0.219;0;13
096075;Veglio;6.406;0.375;0.64;1.015;13;25;55;0;4.293;1.124;0;20
096076;Verrone;8.6;0;0.756;1.43;0;18;33;0;0;0;0;0
096077;Vigliano Biellese;8.398;5.406;6.775;13.944;302;524;769;0;0.643;0.202;0;4
096078;Villa del Bosco;3.699;1.676;1.974;2.839;2;2;4;0;0;0;0;0
096079;Villanova Biellese;7.873;0;3.569;6.719;0;3;6;0;0;0;0;0
096080;Viverone;12.26;0;0;0.367;0;0;5;0.016;0;0;0;0
096081;Zimone;2.95;0;0;0;0;0;0;0;0.203;0;0;1
096082;Zubiena;12.474;1.154;1.587;1.595;5;7;7;0.152;0.088;2.156;0;2
096086;Campiglia Cervo;28.205;1.12;1.659;1.943;30;71;89;3.393;0.369;6.194;0;46
096087;Quaregna Cerreto;8.416;3.054;5.169;8.817;232;377;544;0.071;1.069;0.012;0;5
096088;Valdilana;61.138;0.671;0.787;0.929;235;315;438;0.432;4.655;0.378;0;580
096083;Zumaglia;2.614;1.415;1.415;1.415;9;9;9;0;1.377;3.787;0;8
096085;Lessona;12.775;0.939;6.748;7.742;18;28;45;0;0.462;0;0;5
097001;Abbadia Lariana;16.597;22.564;23.498;26.179;71;117;1551;18.732;1.934;2.766;0;17
097002;Airuno;4.286;7.373;10.009;27.835;49;71;1327;1.097;0.56;18.829;0;63
097003;Annone di Brianza;5.979;0;0;1.622;0;0;1;0;0.017;0.335;0;0
097009;Bosisio Parini;5.824;23.128;23.266;23.266;218;227;227;0;0;0;0;0
097004;Ballabio;14.999;0.673;1.507;7.194;132;290;2047;29.602;3.154;5.22;0;425
097005;Barzago;3.563;3.143;3.143;3.143;7;7;7;0;0;0;0;0
097013;Calolziocorte;9.1;5.736;10.571;37.198;87;663;8941;2.615;8.231;28.231;0;933
097006;Barzanò;3.62;0;0;0;0;0;0;0;0.028;0;0;3
097016;Casatenovo;12.659;0.166;0.166;2.378;4;4;511;0.024;0.308;0.032;0;3
088007;Monterosso Almo;56.55;0;0;0;0;0;0;0;0;0.131;0;0
097007;Barzio;21.35;0.454;0.454;0.773;0;0;15;0.492;0.393;0.314;0;2
099024;Pennabilli;69.803;1.339;1.421;1.735;19;31;48;15.284;25.631;0;0;777
097008;Bellano;22.027;24.098;24.284;24.997;214;359;978;9.57;5.62;1.621;0;266
099025;San Leo;53.136;5.098;5.51;6.066;42;45;53;29.155;12.033;0;0;419
099026;Sant'Agata Feltria;79.741;1.168;1.216;1.334;17;18;18;22.561;16.314;0.004;0.026;743
097010;Brivio;7.954;42.821;43.915;44.732;67;410;412;0.201;0.427;0.075;0;15
097011;Bulciago;3.121;0;0;0;0;0;0;0;0;0;0;0
099028;Poggio Torriana;34.735;7.736;9.273;10.687;67;100;134;15.359;7.929;0.213;0;320
099029;Montescudo-Monte Colombo;32.348;2.724;3.181;4.782;9;15;53;9.277;9.821;0;0;247
097012;Calco;4.589;6.799;7.104;7.605;8;13;37;0.044;0;0.523;0;0
097014;Carenno;7.785;0;0;1.349;0;0;0;0.27;1.477;4.714;0;2
097015;Casargo;19.713;0.147;0.147;1.03;17;17;186;1.532;0.076;1.806;0;25
097017;Cassago Brianza;3.548;0;0.113;0.113;0;0;0;0;0;0;0;0
099030;Montecopiolo;35.812;0.014;0.014;0.017;0;0;0;35.343;16.852;0.02;0.056;680
097020;Cernusco Lombardone;3.754;0.186;1.145;1.145;0;2;2;0;0;0;0;0
100003;Montemurlo;30.696;7.275;18.908;21.485;1999;7537;8677;0.01;2.271;50.955;14.614;23
097018;Cassina Valsassina;2.724;0;0;0;0;0;0;2.166;0.037;1.836;0;1
099031;Sassofeltrio;21.078;1.902;2.965;5.01;6;18;45;31.516;12.259;0;0;251
100001;Cantagallo;95.623;0.489;0.63;1.407;185;206;989;0.89;9.071;17.394;50.205;426
097019;Castello di Brianza;3.594;0.195;0.25;0.334;1;1;12;0;0;0;0;0
100002;Carmignano;38.429;4.502;7.89;12.113;1438;3366;5093;0.278;6.662;50.733;30.74;154
097021;Cesana Brianza;3.695;11.746;14.966;14.966;0;1;1;0.027;0;0.514;0;0
100005;Prato;97.602;22.082;28.27;71.764;22043;30416;178251;0.291;4.716;9.614;13.682;311
100006;Vaiano;34.037;1.019;2.553;4.648;552;1223;3395;0.106;5.65;51.326;37.891;693
097022;Civate;9.277;2.889;2.921;4.894;251;251;299;1.477;8.882;0;0;418
100007;Vernio;63.377;0.754;0.879;1.292;361;406;772;2.673;10.269;31.194;25.153;910
101001;Belvedere di Spinello;30.311;22.487;22.487;22.487;60;60;60;0.459;1.145;0.089;0;29
097023;Colico;35.064;40.911;42.1;63.723;968;1056;7094;16.929;5.47;22.148;0;574
101002;Caccuri;61.376;20.718;20.718;20.72;155;155;155;0.169;0.226;0.037;0.103;118
097024;Colle Brianza;8.318;0.228;0.228;0.409;11;11;38;0.108;0.998;0.084;0;4
101003;Carfizzi;20.725;23.995;23.995;23.995;6;6;6;0.005;0;0;0.753;0
097025;Cortenova;11.769;4.308;4.35;13.969;121;121;710;20.97;6.984;10.494;0;203
101004;Casabona;67.672;27.231;27.231;27.231;59;59;59;0.777;2.379;0.278;0.028;235
097026;Costa Masnaga;5.586;1.414;3.025;4.493;9;20;31;0;0;0;0;0
097027;Crandola Valsassina;8.807;0.216;0.216;0.216;0;0;0;2.759;3.69;1.953;0;1
101005;Castelsilano;40.063;20.123;20.123;20.123;36;36;36;0.377;0.245;0.182;0;9
101006;Cerenzia;21.965;15.962;15.962;15.962;34;34;34;0;0.041;0.173;0.046;0
097028;Cremella;1.893;0;0;0;0;0;0;0;0;0;0;0
097033;Ello;2.419;1.075;1.075;1.075;7;7;7;0.041;0.207;4.465;0;0
097029;Cremeno;13.183;0.061;0.099;0.212;1;3;7;6.941;0.963;14.268;0;8
101007;Cirò;71.02;20.942;21.034;21.126;127;127;127;1.424;0.324;0.258;0;364
101008;Cirò Marina;41.753;23.256;25.019;28.211;1282;1569;1913;0;0;0.194;0;0
097030;Dervio;11.695;42.719;43.685;45.071;162;369;666;1.317;0.094;0.915;0;103
097038;Garlate;3.458;33.285;33.603;38.259;52;68;437;2.111;2.227;3.586;0;195
097031;Dolzago;2.258;0;0;4.296;0;0;114;0;0.044;4.429;0;0
097042;Lecco;45.283;7.798;8.032;12.424;156;787;7870;18.433;4.887;2.975;0;503
101009;Cotronei;79.201;14.4;14.4;14.466;474;474;474;0.023;0.168;0.01;0;6
097032;Dorio;11.656;20.504;20.556;20.685;22;25;39;7.781;0.927;0.146;0;1
097047;Margno;3.586;0.892;0.892;0.892;0;0;0;10.848;0.613;0;0;0
097034;Erve;6.172;0;0.049;1.118;0;0;211;17.077;0.875;0.599;0;6
097048;Merate;11.056;0;1.809;1.809;0;49;49;0.606;0.235;0;0;21
097049;Missaglia;11.491;1.001;1.009;1.009;25;25;25;0.148;0.104;0.052;0;5
097035;Esino Lario;18.053;0.249;0.249;0.875;0;0;0;1.961;3.612;35.562;0;1
097036;Galbiate;15.648;0.294;0.792;0.799;19;49;54;8.813;0.332;0.077;0;51
097037;Garbagnate Monastero;3.47;0.029;0.029;0.029;2;2;2;0;0;0;0;0
101010;Crotone;181.857;30.544;33.114;34.179;13837;18731;21545;0.156;0.511;0.792;0;440
097039;Imbersago;3.145;6.486;7.091;7.536;2;5;7;0.064;0.032;0.477;0;0
101011;Crucoli;50.381;26.458;26.577;26.742;750;819;900;0.516;0.121;0.135;0.258;18
097040;Introbio;26.033;2.643;2.935;4.732;55;55;1038;1.636;0.753;1.379;0;1
097043;Lierna;11.238;20.769;21.143;22.54;74;148;440;18.713;1.477;2.18;0;84
097077;Sueglio;4.108;0;0;0;0;0;0;5.258;0;7.692;0;0
097044;Lomagna;3.913;1.917;2.249;3.731;3;22;25;0;0;0;0;0
101012;Cutro;133.699;31.844;31.946;31.998;554;559;562;0.096;0.189;1.175;0;65
097045;Malgrate;1.856;20.151;20.474;21.713;26;48;160;0;1.293;0;0;12
097046;Mandello del Lario;43.331;17.059;17.256;20.976;279;517;7381;33.452;0.254;4.14;0;141
101013;Isola di Capo Rizzuto;126.656;13.549;13.589;14.866;1491;1501;1987;0;0.017;0.228;0;0
097050;Moggio;13.429;0.03;0.253;0.253;0;0;0;0.074;0.03;2.48;0;0
097051;Molteno;3.123;20.365;20.973;21.262;630;642;655;0;0;0;0;0
101014;Melissa;51.657;24.529;24.574;24.703;1214;1245;1282;0.621;1.179;2.815;0;315
097052;Monte Marenzo;3.058;3.041;3.237;6.933;11;11;111;2.681;1.308;0;0;10
101015;Mesoraca;94.79;24.563;24.563;24.563;777;777;777;0.356;0.045;0.184;0;118
101016;Pallagorio;44.483;14.453;14.453;14.453;64;64;64;0;0.034;0.016;0.007;0
097053;Montevecchia;5.799;0.431;0.431;0.431;0;0;0;0.069;0.259;0;0;1
097054;Monticello Brianza;4.654;0.064;0.064;0.064;0;0;0;0.021;0;0;0;0
097055;Morterone;13.617;0.007;0.007;0.419;0;0;0;34.648;0.125;0.668;0;0
097056;Nibionno;3.503;3.026;8.022;8.621;1;12;12;0;0;0;0;0
101017;Petilia Policastro;98.348;15.859;15.859;15.859;323;323;323;1.558;0.723;0.376;0;285
097057;Oggiono;7.949;12.19;12.391;14.505;312;315;341;0.189;1.422;0.075;0;43
097058;Olgiate Molgora;7.091;0.042;1.862;3.794;0;130;456;0.014;0.479;2.679;0;0
097059;Olginate;8;10.9;14.438;24.913;554;855;3629;0.662;1.525;8.125;0;308
101018;Roccabernarda;64.888;32.505;32.505;32.505;972;972;972;0.009;0.031;0.154;0;24
097060;Oliveto Lario;15.696;52.937;53.064;55.435;108;123;547;2.746;1.593;2.886;0;66
101019;Rocca di Neto;44.924;41.71;41.71;41.71;1246;1246;1246;0.04;0.612;0.174;0;371
097061;Osnago;4.489;0.111;0.111;0.111;0;0;0;0;0;0;0;0
097062;Paderno d'Adda;3.563;4.098;5.445;5.445;0;1;1;0;0.028;0;0;0
101020;San Mauro Marchesato;41.911;29.944;29.944;29.944;63;63;63;0.673;0.198;0.501;0.351;27
101021;San Nicola dell'Alto;7.852;19.027;19.027;19.027;46;46;46;7.056;3.77;1.095;0;24
097063;Pagnona;9.197;0;0;0;0;0;0;0.761;4.132;0.076;0;0
097064;Parlasco;2.997;0;2.703;2.803;0;0;0;24.091;3.737;0.334;0;1
097065;Pasturo;21.784;0.633;0.633;3.195;64;64;1210;1.359;3.47;0.422;0;39
101022;Santa Severina;52.312;25.642;25.642;25.642;95;95;95;1.424;0.094;4.242;0;187
101023;Savelli;48.921;11.905;11.905;11.905;9;9;9;0.155;0.072;0.061;0;12
097067;Perledo;13.684;31.584;31.796;32.015;12;14;41;8.287;1.337;4.429;0;28
097068;Pescate;2.093;46.632;48.113;56.235;175;265;822;4.921;2.102;7.836;0;75
097069;Premana;33.635;0.511;0.529;0.642;0;0;0;1.044;1.677;0.309;0;2
097070;Primaluna;22.425;2.1;2.6;13.133;27;28;1680;15.264;0.994;11.188;0;105
101024;Scandale;54.26;27.202;27.204;27.206;201;201;201;0.076;0.426;0.055;0.151;67
097071;Robbiate;4.7;2.596;2.787;2.872;0;0;0;0;0;0;0;0
101025;Strongoli;85.579;30.718;30.831;30.995;1123;1170;1220;0.341;0.573;0.667;0;102
097072;Rogeno;4.892;15.74;16.149;16.149;25;51;51;0;0;0;0;0
101026;Umbriatico;73.355;18.074;18.074;18.074;54;54;54;0.071;0.018;0.102;0.011;39
097074;Santa Maria Hoè;2.834;0;0;0;0;0;0;0.035;0.247;0.635;0;2
101027;Verzino;45.632;12.647;12.647;12.647;227;227;227;1.056;0.118;2.969;0.125;66
097075;Sirone;3.206;9.857;9.888;10.231;135;135;136;0.062;1.466;0;0;12
102001;Acquaro;25.25;13.323;13.323;13.323;413;413;413;0.016;0.451;0.313;0;73
102002;Arena;34.322;13.886;13.886;13.886;52;52;52;0.358;0;1.04;0;23
097076;Sirtori;4.285;0;0;0;0;0;0;0;0;0;0;0
102003;Briatico;27.906;19.383;19.465;20.666;289;290;419;0.53;0.595;4.135;0;5
097078;Suello;2.634;0;0.266;1.215;0;14;15;3.417;2.012;0;0;19
097079;Taceno;3.752;5.57;7.409;16.844;1;9;405;4.451;2.665;9.408;0;55
097082;Valgreghentino;6.246;0;4.195;4.195;2;45;45;0.576;2.818;0;0;14
102004;Brognaturo;25.689;16.458;16.458;16.458;275;275;275;0;0;0.654;0.054;0
097083;Valmadrera;12.496;11.188;11.668;27.313;289;495;8237;21.599;3.737;18.342;0;317
102005;Capistrano;21.123;12.063;12.063;12.063;85;85;85;0.885;1.7;0.095;0;88
097084;Varenna;12.568;62.595;62.691;62.914;83;121;240;12.269;6.119;0.223;0;225
098009;Casalmaiocco;4.714;0;0;0;0;0;0;0;0;0;0;0
097086;Vercurago;2.106;23.267;23.837;46.154;102;121;1771;13.438;0.285;24.359;0;59
098020;Comazzo;12.802;20.801;33.284;37.643;23;31;98;0;0;0;0;0
102006;Cessaniti;17.969;14.77;14.77;14.77;94;94;94;0.345;4.057;4.096;0;74
097090;Viganò;1.597;0;0;0;0;0;0;0;0;0;0;0
098032;Lodi Vecchio;16.417;1.115;1.151;1.529;1;2;2;0;0;0;0;0
102007;Dasà;6.463;21.461;21.461;21.461;222;222;222;0.139;0;0.433;0;0
097091;Verderio;6.465;0;0;0;0;0;0;0;0;0;0;0
102008;Dinami;44.472;15.707;15.707;15.707;179;179;179;0.214;1.097;1.333;0;42
102009;Drapia;21.594;10.202;10.202;10.202;48;48;48;5.77;4.126;1.468;0;46
097092;La Valletta Brianza;8.785;0;1.73;1.855;0;16;21;0;0;0.125;0;0
097093;Valvarrone;14.922;0;0;0;0;0;0;10.548;0.087;2.299;0;0
102010;Fabrizia;40.003;15.076;15.076;15.076;50;50;50;0.432;0.747;0.37;0.07;63
098001;Abbadia Cerreto;6.199;12.696;44.088;59.235;1;23;193;0;0;0;0;0
098002;Bertonico;20.832;8.276;42.905;64.43;2;36;83;0;0;0;0;0
102011;Filadelfia;31.504;9.116;9.154;9.177;201;202;203;0.136;1.397;9.9;0;20
098003;Boffalora d'Adda;8.135;15.513;33.411;81.524;1;6;632;0;0;0;0;0
098004;Borghetto Lodigiano;23.641;1.98;3.477;10.186;439;512;543;0;0;0;0;0
098005;Borgo San Giovanni;7.503;6.851;7.784;11.009;149;150;152;0;0;0;0;0
102012;Filandari;18.839;8.615;8.615;8.615;68;68;68;0;0.398;2.32;0;11
098006;Brembio;17.084;0.38;0.603;0.603;3;107;107;0;0;0;0;0
102013;Filogaso;23.898;16.721;16.721;16.721;19;19;19;0;0;0.858;0;0
098008;Casaletto Lodigiano;9.75;1.128;1.282;3.908;0;0;1;0;0;0;0;0
098010;Casalpusterlengo;25.609;0.84;0.84;0.84;213;213;213;0;0;0;0;0
098011;Caselle Landi;26.004;31.326;31.326;100.069;48;48;1652;0;0;0;0;0
098012;Caselle Lurani;7.678;0;0.013;0.013;0;0;0;0;0;0;0;0
098036;Marudo;4.214;0;2.99;2.99;0;0;0;0;0;0;0;0
098013;Castelnuovo Bocca d'Adda;20.323;41.638;41.638;100.069;12;12;1700;0;0;0;0;0
102014;Francavilla Angitola;28.632;8.134;8.134;8.134;123;123;123;0.038;0.021;0.719;0;4
098014;Castiglione d'Adda;12.978;4.708;42.379;57.266;23;151;291;0;0;0;0;0
098015;Castiraga Vidardo;5.038;4.049;7.404;14.47;2;71;82;0;0;0;0;0
098017;Cavenago d'Adda;16.098;19.251;44.509;44.583;12;49;93;0;0;0;0;0
098018;Cervignano d'Adda;4.069;0;0;0.418;0;0;0;0;0;0;0;0
098043;Ospedaletto Lodigiano;8.497;0;0;22.196;0;0;15;0;0;0;0;0
098019;Codogno;20.87;0.153;3.522;3.618;0;13;13;0;0;0;0;0
098021;Cornegliano Laudense;5.7;0;0;0;0;0;0;0;0;0;0;0
098050;Sant'Angelo Lodigiano;20.041;3.188;5.364;9.441;131;150;260;0;0;0;0;0
102015;Francica;22.701;9.189;9.189;9.189;35;35;35;0;0;0.833;0.07;0
098022;Corno Giovine;9.939;2.676;2.676;52.561;1;1;247;0;0;0;0;0
100004;Poggio a Caiano;5.994;11.228;28.228;40.841;1179;4587;7241;0;1.101;50.751;9.009;16
098026;Fombio;7.397;1.676;1.676;61.146;1;1;228;0;0;0;0;0
102020;Maierato;39.932;14.978;14.978;14.978;119;119;119;0;0.887;0.341;0;2
102016;Gerocarne;45.225;15.295;15.301;15.319;378;379;391;0.931;0.593;0.809;0;52
098023;Cornovecchio;6.532;16.641;16.641;69.244;27;27;80;0;0;0;0;0
098024;Corte Palasio;15.679;11.55;43.332;48.626;4;31;504;0;0;0;0;0
102017;Ionadi;8.811;5.573;5.573;5.573;37;37;37;0.079;0.102;0.136;0.182;3
098025;Crespiatica;7.032;0;0;0;0;0;0;0;0;0;0;0
102018;Joppolo;21.67;16.581;16.682;17.665;250;256;269;13.659;7.78;3.581;0.023;115
102019;Limbadi;29.152;8.421;8.421;8.421;94;94;94;0.041;1.094;0.957;0;26
098027;Galgagnano;6.011;3.51;13.775;64.815;0;6;51;0;0;0;0;0
102021;Mileto;35.626;11.612;11.612;11.612;76;76;76;0.66;1.942;2.981;0;9
102022;Mongiana;18.409;14.091;14.091;14.091;72;72;72;0.549;0;0.12;0;87
098028;Graffignana;10.921;2.216;2.335;10.283;1;1;10;0;0;0;0;0
102023;Monterosso Calabro;18.365;12.077;12.077;12.077;95;95;95;0;1.59;1.933;0;22
098029;Guardamiglio;10.437;25.093;25.093;100.077;11;11;2687;0;0;0;0;0
102024;Nardodipace;33.303;13.918;13.918;13.918;62;62;62;2.369;1.396;0.171;0;145
102025;Nicotera;28.162;12.89;13.152;13.621;738;776;811;1.193;0.415;0.128;0;55
098030;Livraga;12.371;10.589;11.414;11.664;511;542;545;0;0;0;0;0
098031;Lodi;41.421;7.87;28.399;38.29;611;3302;10112;0;0;0;0;0
098033;Maccastorna;5.745;20.54;22.054;100.07;0;0;60;0;0;0;0;0
098055;Sordio;2.821;0;0;0;0;0;0;0;0;0;0;0
098034;Mairago;11.247;0;0;0;0;0;0;0;0;0;0;0
098035;Maleo;19.833;4.16;4.16;28.811;412;412;467;0;0;0;0;0
098061;Zelo Buon Persico;18.882;2.918;8.304;37.157;0;1;8;0;0;0;0;0
098037;Massalengo;8.477;0.672;0.672;0.672;110;110;110;0;0;0;0;0
099002;Cattolica;6.231;6.307;31.745;48.612;344;5626;8193;0;0;0;0;0
098038;Meleti;7.386;6.553;6.553;75.643;3;3;449;0;0;0;0;0
099003;Coriano;46.767;3.041;6.913;8.07;223;463;625;2.654;9.487;0;0;654
099004;Gemmano;18.85;1.777;2.032;3.464;6;7;12;11.676;19.83;0;0;71
098039;Merlino;10.73;2.675;13.616;27.502;4;29;49;0;0;0;0;0
098040;Montanaso Lombardo;9.604;9.069;23.896;45.856;2;92;368;0;0;0;0;0
098041;Mulazzano;15.579;0.27;0.27;0.27;7;7;7;0;0;0;0;0
098042;Orio Litta;9.783;13.605;17.643;67.464;255;255;490;0;0;0;0;0
099005;Misano Adriatico;22.345;9.318;30.915;32.065;535;5435;5478;0.55;1.258;0;0;41
099006;Mondaino;19.84;0;0;0;0;0;0;9.924;16.008;0.222;0;95
098044;Ossago Lodigiano;11.525;2.941;2.941;2.941;6;6;6;0;0;0;0;0
099008;Montefiore Conca;22.322;0.659;0.694;1.205;5;5;8;4.368;23.941;1.877;0;171
098047;San Fiorano;8.966;0.58;0.58;52.431;1;1;88;0;0;0;0;0
099017;San Giovanni in Marignano;21.373;4.407;9.535;14.486;369;607;2491;0.473;1.595;0;0;22
098045;Pieve Fissiraga;12.265;0.587;0.587;0.587;4;4;4;0;0;0;0;0
099014;Rimini;135.822;30.973;53.771;55.42;71405;96411;103944;0.491;2.57;0;0;257
098046;Salerano sul Lambro;4.375;3.429;3.68;10.606;88;88;215;0;0;0;0;0
099015;Saludecio;34.264;0;0;0;0;0;0;2.236;13.91;0;0;209
102026;Parghelia;7.929;27.002;27.191;29.512;209;209;243;6.003;10.808;3.582;0;22
098048;San Martino in Strada;13.111;1.869;8.382;8.413;1;7;7;0;0;0;0;0
098049;San Rocco al Porto;30.562;53.403;67.901;100.072;18;49;3464;0;0;0;0;0
098051;Santo Stefano Lodigiano;10.53;14.368;14.378;67.293;28;28;1391;0;0;0;0;0
099020;Verucchio;27.302;6.245;12.142;12.519;32;3059;3060;3.26;8.842;0;0;223
098052;Secugnago;6.746;0;0;0;0;0;0;0;0;0;0;0
099021;Casteldelci;49.677;0.517;0.537;0.652;6;7;9;14.902;18.014;0.01;0.042;156
099022;Maiolo;24.275;3.802;4.091;4.84;13;14;16;41.541;15.32;0;0;325
098053;Senna Lodigiana;27.015;38.79;38.79;78.838;2;2;486;0;0;0;0;0
098054;Somaglia;20.822;3.141;3.141;43.954;3;3;220;0;0;0;0;0
098056;Tavazzano con Villavesco;16.069;1.369;1.369;1.369;34;34;34;0;0;0;0;0
098057;Terranova dei Passerini;11.257;2.754;2.754;2.754;7;7;7;0;0;0;0;0
099023;Novafeltria;41.838;3.965;4.768;5.808;73;109;171;25.945;18.586;0.012;0;2040
098058;Turano Lodigiano;16.377;7.401;21.823;21.823;2;10;10;0;0;0;0;0
098059;Valera Fratta;8.015;0.175;0.175;0.337;0;0;0;0;0;0;0;0
098060;Villanova del Sillaro;13.499;1.489;1.593;3.526;280;280;280;0;0;0;0;0
098062;Castelgerundo;19.87;4.162;30;49.718;2;23;86;0;0;0;0;0
099001;Bellaria-Igea Marina;18.235;34.302;92.997;99.325;7198;15815;18577;0;0;0;0;0
099009;Montegridolfo;6.937;0;0;0;0;0;0;1.052;1.038;0;0;15
099011;Morciano di Romagna;5.44;8.787;10.239;15.037;6;11;72;0;0.147;0;0;0
099013;Riccione;17.521;13.264;34.804;45.408;1504;6171;10407;0.017;0.103;0;0;0
099016;San Clemente;20.696;3.223;3.938;6.069;61;85;163;0.483;3.948;0;0;78
099027;Talamello;10.589;2.115;2.729;3.938;9;20;47;33.799;16.895;0;0;107
102027;Pizzo;22.759;20.458;21.047;22.189;1047;1075;1339;0.136;8.208;2.518;0;208
102028;Pizzoni;21.7;13.664;13.664;13.664;290;290;290;0;0.032;1.382;0;10
102029;Polia;31.506;10.185;10.185;10.185;18;18;18;2.222;0.543;2.631;0;56
099018;Santarcangelo di Romagna;45.058;21.261;36.06;39.611;3823;6243;7326;0.28;1.576;1.278;0;565
102042;Spilinga;17.424;7.668;7.668;7.668;15;15;15;0;0.287;5.447;0;0
102043;Stefanaconi;23.18;14.456;14.456;14.456;152;152;152;2.425;0.884;5.833;0;148
102030;Ricadi;22.512;13.89;14.166;16.116;426;441;661;0.506;0.111;2.687;0.124;6
102031;Rombiolo;22.843;7.679;7.679;7.679;187;187;187;0;1.283;0.376;0;8
102032;San Calogero;25.337;13.34;13.34;13.34;128;128;128;0;1.002;0.904;0;91
102033;San Costantino Calabro;6.789;5.671;5.671;5.671;22;22;22;0;0.074;1.429;0.736;0
102034;San Gregorio d'Ippona;12.535;9.182;9.182;9.182;21;21;21;0.128;12.03;3.008;0;6
102035;San Nicola da Crissa;19.396;12.863;12.863;12.863;60;60;60;0.144;0.217;1.284;0;19
102036;Sant'Onofrio;18.659;14.261;14.261;14.261;271;271;271;0.021;0.734;1.822;0;64
102037;Serra San Bruno;40.573;13.763;13.763;13.763;1992;1992;1992;0;0;0.126;0.106;0
102038;Simbario;20.833;10.498;10.498;10.498;108;108;108;0;0;0.451;0;0
102039;Sorianello;9.593;10.31;10.32;10.33;109;111;113;0.271;0.146;0.594;0;12
102040;Soriano Calabro;15.437;18.404;18.462;18.527;412;441;475;0;0;0;0.084;0
102041;Spadola;9.646;12.897;12.897;12.897;362;362;362;0;0;1.078;0.622;0
102047;Vibo Valentia;46.53;32.07;32.07;32.643;7653;7653;7846;0.711;4.588;9.34;0.17;313
102048;Zaccanopoli;5.375;6.865;6.865;6.865;90;90;90;9.023;0.595;0;0;18
102049;Zambrone;15.716;17.224;17.326;18.115;187;187;190;0.375;10.499;1.114;0;39
102050;Zungri;23.455;8.506;8.506;8.506;17;17;17;1.701;0.422;5.108;0;72
103001;Antrona Schieranco;100.182;0.287;0.593;0.605;3;18;18;31.404;2.628;6.242;0;1
103002;Anzola d'Ossola;13.657;1.567;10.068;15.003;0;54;412;1.018;1.23;1.128;0;47
103004;Arola;6.612;0.302;0.62;0.65;0;0;0;0.121;0;0.015;0;0
103003;Arizzano;1.599;0;0;0;0;0;0;0.375;0.063;0.125;0;2
103005;Aurano;21.156;0.43;0.43;0.43;0;0;0;0.284;0.222;0;0;0
103006;Baceno;77.274;0.839;1.615;1.615;28;134;134;2.555;2.851;0.668;0;92
103007;Bannio Anzino;39.466;0.854;1.128;1.751;5;5;65;0.993;2.045;0.722;0;2
103013;Brovello-Carpugnino;8.223;0;0;0.584;0;0;0;0;0.073;0.255;0;0
103014;Calasca-Castiglione;57.067;0.722;0.746;1.512;1;1;3;0.366;1.474;0.14;0;5
103008;Baveno;17.1;41.772;44.117;44.988;125;538;708;2.713;7.298;1;0;1449
103009;Bee;3.505;0.428;0.428;0.428;0;0;0;0;0.057;0.086;0;0
103016;Cannero Riviera;14.42;56.983;57.101;58.412;85;104;390;0.319;0.16;1.456;0;11
103010;Belgirate;7.129;77.36;77.641;78.174;21;41;63;0;0.014;0.154;0;0
103011;Beura-Cardezza;28.551;0.774;3.317;9.996;0;356;1086;6.063;2.455;1.779;0;326
103012;Bognanco;57.995;0.657;0.767;0.812;10;10;21;6.111;0.44;0;0;65
109032;Ponzano di Fermo;14.264;-1;4.178;4.178;-1;21;21;0;5.889;2.349;2.839;19
103015;Cambiasca;3.965;0.807;2.093;2.093;0;0;0;0.555;0.303;0;0;0
109033;Porto San Giorgio;8.851;-1;10.688;82.465;-1;2737;14812;0;7.366;10.733;0.847;49
103017;Cannobio;52.534;24.38;25.328;27.426;255;1092;4029;1.154;0.733;3.308;0;308
103018;Caprezzo;7.257;0.083;0.083;0.083;0;0;0;0;0.014;0;0;0
102044;Tropea;3.632;20.925;21.338;25.303;1160;1205;1386;1.735;4.02;6.278;0;117
102045;Vallelonga;17.64;10.079;10.079;10.079;29;29;29;0.221;0;1.939;0;0
102046;Vazzano;20.203;20.146;20.146;20.146;53;53;53;0;0;1.252;0;0
103019;Casale Corte Cerro;12.523;1.773;6.101;10.181;217;823;1647;2.739;4.528;4.256;0;584
103021;Ceppo Morelli;40.186;0.958;1.085;1.936;19;20;47;2.466;2.058;1.279;0;5
103022;Cesara;11.655;0.678;0.807;1.073;27;39;60;0.051;0;0.043;0;0
103023;Cossogno;40.257;0.042;0.042;0.042;0;0;0;0.107;0.082;0;0;1
103024;Craveggia;36.217;1.682;1.751;1.933;20;28;36;7.284;5.398;0.166;0;9
103025;Crevoladossola;39.774;4.428;7.198;10.152;316;1028;2403;13.637;5.3;1.949;0;977
103026;Crodo;53.675;2.454;5.666;5.736;86;647;648;2.511;34.213;1.414;0;848
103028;Domodossola;36.891;3.277;5.711;19.842;270;2402;17020;5.885;0.022;7.189;0;5943
103029;Druogno;29.608;3.418;3.418;5.073;301;301;593;4.918;2.03;0;0;639
103031;Formazza;130.648;0.755;1.494;1.702;47;160;206;1.239;0.66;0;0;179
103032;Germagno;2.897;0.035;0.035;0.035;0;0;0;1.277;0;0.104;0;1
103033;Ghiffa;14.621;55.557;55.735;56.2;54;80;140;0.007;0.109;0;0;2
103034;Gignese;14.578;0.014;0.171;0.274;0;0;0;0.809;0.089;0.027;0;5
103035;Gravellona Toce;14.213;3.553;14.022;22.993;419;1360;4784;0.521;5.038;6.276;0;624
103036;Gurro;13.285;0.286;0.286;0.286;0;0;0;0;0;0;0;0
103037;Intragna;9.922;0.776;0.776;0.776;0;0;0;1.058;0.484;0.141;0;0
103038;Loreglia;9.153;0.022;0.022;0.175;0;0;0;2.6;0.197;0.393;0;4
103039;Macugnaga;99.568;2.043;2.259;2.354;41;103;181;2.437;1.972;0.043;0;102
103040;Madonna del Sasso;15.411;0.032;0.032;0.032;0;0;0;0;0;0;0;0
103041;Malesco;43.176;1.858;3.229;5.533;57;283;1095;2.64;1.461;1.577;0;346
103042;Masera;20.354;4.348;11.506;21.662;36;300;807;0.904;20.33;0.958;0;399
103043;Massiola;8.055;0;0;0;0;0;0;0.968;0;0;0;0
103044;Mergozzo;26.995;11.372;23.267;26.542;65;472;853;2.841;0.482;0.841;0;197
103045;Miazzina;21.175;0;0;0;0;0;0;0.604;1.908;0;0;1
103046;Montecrestese;86.149;0.853;1.555;1.741;15;243;244;0.599;0.728;0.671;0;210
103047;Montescheno;22.171;0.032;0.032;0.032;0;0;0;10.257;4.479;2.878;0;1
103048;Nonio;9.8;0.01;0.235;0.429;0;8;71;2.857;4.724;0.194;0;9
103049;Oggebbio;21.439;42.185;42.418;42.591;11;38;54;0.075;0.243;0.051;0;15
103050;Omegna;30.372;0.899;2.782;9.259;334;1504;7631;0.333;1.528;4.886;0;1667
103051;Ornavasso;25.92;9.738;19.306;21.188;168;2432;3159;1.169;4.765;1.3;0;1258
103054;Pieve Vergonte;41.672;1.905;10.112;14.54;155;1317;2159;0.996;6.513;1.471;0;1363
103055;Premeno;7.913;0.265;0.265;0.265;0;0;0;0.468;0;0;0;4
103052;Pallanzeno;4.366;9.253;24.279;26.89;0;900;1093;4.879;7.696;0;0;876
103058;Quarna Sopra;9.395;0.287;0.287;0.681;0;0;4;0.692;0.096;5.78;0;0
103062;Santa Maria Maggiore;53.705;0.86;2.521;5.841;20;75;1034;0.918;2.558;3.188;0;23
103053;Piedimulera;7.566;1.731;9.146;22.852;150;510;898;1.599;4.718;11.552;0;420
103056;Premia;88.903;1.094;2.806;3.144;33;216;252;1.18;4.385;1.588;0;234
103057;Premosello-Chiovenda;34.163;9.311;14.747;17.791;73;699;1466;0.67;2.298;3.217;0;554
103059;Quarna Sotto;16.374;0.116;0.116;0.287;0;0;0;1.032;0.195;1.118;0;0
103060;Re;27.153;0.946;1.197;1.904;0;4;34;2.63;0.913;1.193;0;2
103061;San Bernardino Verbano;26.675;0.146;0.146;0.146;7;7;7;0;0.09;0.004;0;1
103068;Trontano;56.735;0.587;1.066;3.518;8;255;972;0.724;0.423;0.564;0;72
103069;Valstrona;51.889;0.156;0.272;0.484;15;55;77;0.993;0;0;0;2
103070;Vanzone con San Carlo;15.734;0.928;1.475;2.574;3;43;59;0.566;10.932;1.252;0;25
103071;Varzo;93.767;0.271;0.741;1.158;0;135;294;3.642;1.906;5.685;0;195
103072;Verbania;37.493;49.601;56.699;58.422;1624;2268;4349;0.045;0.045;0.24;0;13
103074;Vignone;3.381;1.213;1.42;1.42;4;5;5;0.089;0;0;0;0
103075;Villadossola;18.733;10.313;17.472;38.077;263;1534;4804;10.602;5.477;12.737;0;1136
103076;Villette;7.383;2.492;2.628;2.628;0;0;0;0.84;0.135;0.271;0;0
103077;Vogogna;15.625;11.392;25.402;32.384;22;433;1085;1.088;3.315;4.275;0;441
103078;Borgomezzavalle;19.083;1.588;2.038;2.5;0;1;5;3.312;2.012;7.813;0;0
103079;Valle Cannobina;55.174;0.544;0.544;0.544;2;2;2;0.158;0.172;0;0;0
108001;Agrate Brianza;11.218;0.508;1.667;3.182;40;65;198;0;0;0;0;0
108002;Aicurzio;2.468;6.118;6.118;6.118;0;0;0;0;0;0;0;0
108012;Brugherio;10.412;1.124;11.083;15.982;41;2381;3913;0;0;0;0;0
108003;Albiate;2.863;0.454;0.838;1.781;41;76;160;0;0;0;0;0
108004;Arcore;9.245;0.573;0.93;0.941;70;132;134;0;0;0;0;0
108005;Barlassina;2.756;2.213;6.713;20.138;103;123;1106;0;0;0;0;0
108024;Giussano;10.281;0.185;0.418;0.759;0;0;0;0;0;0;0;0
109034;Porto Sant'Elpidio;18.149;-1;7.251;90.903;-1;1448;24727;0.149;0.584;0.424;2.457;27
108006;Bellusco;6.537;0.153;0.184;0.184;0;0;0;0;0;0;0;0
108044;Usmate Velate;9.751;0.523;2.133;5.507;53;183;997;0;0;0;0;0
108007;Bernareggio;5.935;0;0;0;0;0;0;0;0;0;0;0
108008;Besana in Brianza;15.757;0.451;0.47;0.47;3;3;3;0;0;0;0;0
108009;Biassono;4.895;2.37;5.128;6.231;38;320;333;0;0;0;0;0
108010;Bovisio-Masciago;4.945;1.112;7.321;8.898;399;2332;2993;0;0;0;0;0
108011;Briosco;6.613;1.542;3.584;6.124;7;49;145;0;0.242;0;0;0
108013;Burago di Molgora;3.432;0.845;2.36;11.509;17;20;423;0;0;0;0;0
108046;Vedano al Lambro;1.979;0;0;0;0;0;0;0;0;0;0;0
108014;Camparada;1.634;0;0;0;0;0;0;0;0;0;0;0
108015;Carate Brianza;9.917;1.301;2.44;3.146;170;361;443;0.02;0.05;0;0;5
109035;Rapagnano;12.646;-1;4.254;4.254;-1;45;45;0;14.605;7.338;5.425;131
108016;Carnate;3.47;2.594;5.764;12.248;53;322;1509;0;0;0;0;0
109036;Santa Vittoria in Matenano;26.179;-1;1.306;1.306;-1;15;15;0.103;21.166;2.475;5.741;200
108017;Cavenago di Brianza;4.393;0.25;0.25;0.319;22;22;35;0;0;0;0;0
108055;Roncello;3.122;0;1.185;1.185;0;91;91;0;0;0;0;0
108018;Ceriano Laghetto;7.078;0.706;0.819;2.303;44;90;489;0;0;0;0;0
108019;Cesano Maderno;11.489;0.183;1.81;2.08;120;701;902;0;0;0;0;0
109001;Altidona;13.029;-1;10.599;10.599;-1;484;484;0.384;9.011;9.563;0.814;27
108020;Cogliate;6.955;0.187;0.187;0.302;1;1;6;0;0;0;0;0
109002;Amandola;69.494;-1;0.977;0.977;-1;4;4;0.102;13.308;7.723;2.134;104
109003;Belmonte Piceno;10.532;-1;6.808;6.808;-1;22;22;0.266;10.824;4.928;3.807;32
108021;Concorezzo;8.508;0;0;0;0;0;0;0;0;0;0;0
108022;Correzzana;2.506;0;0;0;0;0;0;0;0;0;0;0
103064;Stresa;35.359;43.74;45.346;46.823;415;1447;2440;12.995;0.229;1.103;0;1186
109004;Campofilone;12.231;-1;4.031;62.399;-1;42;1122;0;10.596;14.856;0.605;63
108023;Desio;14.767;0;0;0;0;0;0;0;0;0;0;0
108025;Lazzate;5.314;2.672;2.672;2.672;13;13;13;0;0;0;0;0
109005;Falerone;24.612;-1;1.576;1.576;-1;36;36;0;16.329;18.779;2.097;72
109006;Fermo;124.698;-1;6.171;19.392;-1;1182;13164;0.11;1.7;22.761;6.119;499
108026;Lesmo;5.117;0.958;4.065;4.084;12;165;165;0;0;0;0;0
109007;Francavilla d'Ete;10.204;-1;2.94;2.94;-1;5;5;0;1.333;3.087;34.829;3
108027;Limbiate;12.286;0.57;0.57;0.733;202;202;371;0;0;0;0;0
108028;Lissone;9.296;0;0;0;0;0;0;0;0;0;0;0
108029;Macherio;3.183;0.471;1.634;1.665;4;10;10;0;0;0;0;0
109008;Grottazzolina;9.262;-1;5.539;5.539;-1;36;36;0;1.209;2.116;1.436;20
108030;Meda;8.308;0;7.21;7.21;0;3116;3116;0;0;0;0;0
109009;Lapedona;14.925;-1;2.03;2.03;-1;6;6;0;11.772;8.469;5.139;68
108031;Mezzago;4.318;0.347;3.96;3.96;0;0;0;0;0;0;0;0
109010;Magliano di Tenna;7.929;-1;10.203;10.203;-1;51;51;0.202;6.092;4.982;0.025;26
109011;Massa Fermana;7.779;-1;0.424;0.424;-1;1;1;0;9.911;26.854;9.307;36
108032;Misinto;5.109;0;0.528;0.528;0;7;7;0;0;0;0;0
108033;Monza;33.087;1.774;10.59;16.798;386;10686;21486;0;0;0;0;0
109012;Monsampietro Morico;9.762;-1;1.28;1.28;-1;5;5;0;8.134;6.116;5.378;23
108034;Muggiò;5.476;0;0;0;0;0;0;0;0;0;0;0
103065;Toceno;15.769;1.091;1.471;1.7;0;4;21;0.032;0.019;0.076;0;0
109013;Montappone;10.353;-1;0;0;-1;0;0;0;22.863;32.638;10.828;44
108035;Nova Milanese;5.846;0;0;0;0;0;0;0;0;0;0;0
109014;Montefalcone Appennino;15.992;-1;0.463;0.463;-1;1;1;0.794;5.321;16.977;0.006;37
109015;Montefortino;78.616;-1;0.85;0.85;-1;3;3;1.89;3.962;8.619;2.831;48
108036;Ornago;5.875;0;0;0;0;0;0;0;0;0;0;0
109016;Monte Giberto;12.534;-1;2.481;2.481;-1;13;13;0.016;7.045;6.917;1.364;45
109017;Montegiorgio;47.446;-1;1.081;1.081;-1;14;14;0;1.404;1.901;21.869;28
108037;Renate;2.888;8.241;12.396;12.396;7;29;29;0;0;0.208;0;0
109018;Montegranaro;31.418;-1;4.265;4.265;-1;13;13;0;3.212;11.328;20.749;167
109019;Monteleone di Fermo;8.214;-1;0.158;0.158;-1;0;0;0.475;11.066;5.551;10.105;21
108038;Ronco Briantino;2.968;0;0;0;0;0;0;0;0;0;0;0
109020;Montelparo;21.626;-1;2.589;2.589;-1;15;15;0;9.859;5.48;2.821;105
109021;Monte Rinaldo;7.922;-1;1.742;1.742;-1;1;1;0;9.732;11.55;5.731;23
108039;Seregno;13.046;0;0;0;0;0;0;0;0;0;0;0
108040;Seveso;7.402;3.486;3.661;8.43;473;526;1840;0.068;0;0;0;2
108041;Sovico;3.263;0.919;1.839;2.023;32;94;94;0;0;0;0;0
109022;Monterubbiano;32.235;-1;3.062;3.062;-1;202;202;0.084;17.034;7.492;3.459;151
108042;Sulbiate;5.202;14.629;14.629;14.629;1773;1773;1773;0;0;0;0;0
109023;Monte San Pietrangeli;18.451;-1;2.222;2.222;-1;16;16;0;5.16;0.298;13.907;67
108043;Triuggio;8.338;1.259;2.123;2.291;40;155;167;0;0;0;0;0
108045;Varedo;4.848;0.639;0.681;5.569;145;147;378;0;0;0;0;0
109024;Monte Urano;16.718;-1;5.174;5.174;-1;52;52;0;1.693;0.742;4.002;9
108047;Veduggio con Colzano;3.555;1.181;4.641;4.726;1;3;3;0;0;0;0;0
109025;Monte Vidon Combatte;11.167;-1;2.964;2.964;-1;4;4;0;9.653;10.146;2.149;10
109037;Sant'Elpidio a Mare;50.517;-1;9.913;18.841;-1;603;2100;0.23;0.534;2.791;0.624;126
108048;Verano Brianza;3.519;1.392;3.126;4.376;31;101;158;0;0.085;0;0;0
109027;Montottone;16.379;-1;3.138;3.138;-1;62;62;0.098;15.862;4.091;3.334;69
108049;Villasanta;4.865;1.131;6.578;7.585;153;864;1003;0;0;0;0;0
108050;Vimercate;20.717;0.294;0.816;2.109;106;144;484;0;0;0;0;0
108051;Busnago;5.819;0;0;0;0;0;0;0;0;0;0;0
109028;Moresco;6.35;-1;12.693;12.693;-1;39;39;0;17.055;6.74;1.165;57
109029;Ortezzano;7.075;-1;9.569;9.569;-1;23;23;0;0.41;0.269;0;1
108052;Caponago;5.038;1.965;6.193;21.636;47;486;3168;0;0;0;0;0
109030;Pedaso;3.866;-1;10.864;62.752;-1;850;998;0.336;2.457;0.802;1.216;4
109031;Petritoli;24.002;-1;4.7;4.7;-1;128;128;0;6.749;12.411;1.458;32
108053;Cornate d'Adda;13.815;3.069;6.652;8.187;1;7;11;0.065;0.022;0;0;0
108054;Lentate sul Seveso;13.978;0.229;1.474;3.413;35;262;620;0;0;0;0;0
103066;Trarego Viggiona;18.901;0;0;0;0;0;0;0;0;0.005;0;0
103067;Trasquera;39.601;0.8;1.662;2.03;6;17;17;10.757;2.227;0;0;34
109026;Monte Vidon Corrado;5.949;-1;0;0;-1;0;0;0.639;17.028;24.845;2.723;69
109038;Servigliano;18.492;-1;7.041;7.041;-1;113;113;0;12.952;3.31;2.547;89
109039;Smerillo;11.292;-1;0.7;0.7;-1;1;1;0.301;22.272;1.142;2.099;31
109040;Torre San Patrizio;11.933;-1;1.391;1.391;-1;5;5;0;7.718;0.067;20.188;224
110001;Andria;402.882;1.539;2.836;2.966;1374;3872;4846;0.013;0.101;0;0;4870
110002;Barletta;149.448;13.894;17.662;18.656;434;2786;2794;0.013;0.03;0;0;0
111003;Ballao;46.624;4.135;4.931;10.55;48;75;575;5.298;16.605;49.627;13.759;39
111005;Barumini;26.478;4.011;5.031;7.78;73;73;74;0.004;0.015;0.076;0.499;0
111006;Buggerru;48.357;1.76;2.078;2.635;3;4;5;32.349;31.228;22.301;10.933;145
111007;Burcei;94.851;0.484;0.511;1.223;0;0;0;0.44;0.509;5.101;0;0
111008;Calasetta;31.15;4.327;5.018;8.382;39;43;58;1.592;0.061;0.276;12.726;96
110003;Bisceglie;69.271;4.67;6.857;7.367;2637;3891;3901;0.03;0.108;0;0;108
110004;Canosa di Puglia;150.932;8.826;9.99;10.238;23;24;24;0.205;0.403;2.041;0;5141
110005;Margherita di Savoia;35.895;24.02;29.299;30.467;1070;1922;1999;0;0;0;0;0
110006;Minervino Murge;257.406;0.883;2.727;2.783;0;0;0;0;0;0;0;0
110007;San Ferdinando di Puglia;41.23;13.328;14.06;14.625;29;31;32;0.005;0.068;0;0;0
110008;Spinazzola;184.005;0.322;0.461;0.47;0;1;1;0.485;0.01;0.02;0.385;7
110009;Trani;103.507;1.9;4.482;4.69;1698;2315;2322;0.121;0.037;0;0;74
110010;Trinitapoli;148.766;17.144;23.187;27.377;16;62;85;0;0;0;0;0
111001;Arbus;269.437;2.871;3.004;3.201;303;321;322;1.293;4.861;37.127;53.407;151
111002;Armungia;54.754;2.199;2.435;4.595;0;0;0;1.505;13.992;43.316;26.144;1
111004;Barrali;11.227;0;0;18.945;0;0;186;0;0;0.214;0.214;0
111009;Carbonia;145.541;0.155;0.493;10.368;175;1472;10370;1.48;8.537;7.599;23.885;136
111010;Carloforte;51.159;2.688;3.071;3.257;1272;1708;1832;2.205;2.539;6.488;0.768;37
111011;Castiadas;103.93;1.461;2.543;8.073;14;22;81;1.416;10.22;11.012;20.56;18
111012;Collinas;20.826;0;0;0;0;0;0;6.228;10.506;27.869;0.922;3
111013;Decimoputzu;44.774;19.46;21.07;44.003;476;734;4101;0;0;0.011;0.138;0
111014;Dolianova;84.304;0.762;0.794;0.813;13;14;20;0.683;10.644;59.276;28.642;44
111015;Domus de Maria;97.274;4.275;4.839;7.239;186;247;414;2.023;16.336;51.687;15.041;33
111016;Domusnovas;80.592;0.697;0.809;2.273;27;88;243;0.335;2.395;0.053;0.047;0
111017;Donori;35.308;0;0;1.612;0;0;1;0;3.9;8.389;22.105;1
111018;Escalaplano;94.035;0.795;0.873;3.839;0;0;0;11.762;19.756;39.296;28.618;168
111019;Escolca;14.76;3.875;3.875;5.176;597;597;597;2.805;2.425;40.305;36.87;1
111020;Esterzili;100.743;0.578;0.578;3.558;0;0;0;2.215;18.212;41.041;36.045;3
111021;Fluminimaggiore;108.201;1.044;1.396;2.467;326;712;1043;48.298;29.243;14.542;5.515;94
111022;Furtei;26.111;10.873;17.724;27.839;8;333;488;0;0;0;0.004;0
111023;Genoni;43.871;0.032;0.032;0.032;0;0;0;2.899;0.331;5.455;16.004;0
111024;Genuri;7.516;0;0;0;0;0;0;12.906;0.053;5.867;16.671;0
111025;Gergei;36.178;2.352;2.565;2.919;82;88;92;1.512;0.885;1.819;1.166;0
111026;Gesico;25.622;0.027;0.027;2.373;0;0;1;1.901;29.506;13.504;38.549;17
111027;Gesturi;46.828;1.117;1.234;1.928;39;40;40;4.367;1.544;18.861;15.914;7
111028;Giba;30.437;4.163;4.357;5.615;2;2;3;0;0.026;0;3.87;0
111029;Goni;18.598;1.215;1.312;1.683;0;0;0;0.027;0.097;0;0.301;0
111030;Gonnesa;48.054;5.475;6.37;8.139;559;1964;2707;0.984;6.923;11.537;21.95;141
111031;Gonnosfanadiga;125.187;1.719;2.164;6.259;145;159;166;0.24;0.006;0.021;0.056;0
111032;Guamaggiore;16.801;0.226;0.226;0.232;111;111;111;0;0.024;0.256;5.178;0
111033;Guasila;43.51;7.782;11.712;15.84;102;131;216;0.244;0.108;3.507;5.04;0
111034;Guspini;174.668;2.036;2.188;11.818;9;10;62;1.365;4.035;17.953;10.886;188
111035;Iglesias;208.23;0.256;0.373;2.91;110;188;646;3.139;24.192;22.483;34.69;934
111036;Isili;67.836;0.541;0.541;3.743;0;0;1;0.109;0.429;3.286;0.597;17
111040;Masainas;23.686;1.229;2.989;4.526;74;89;93;0;0.266;0.11;10.601;0
111037;Las Plassas;11.043;8.44;9.318;16.3;75;88;119;7.507;6.203;9.608;33.985;0
111038;Lunamatrona;20.586;0.005;0.01;0.01;0;0;0;0.379;0.816;1.792;0.272;0
111039;Mandas;45.014;0.193;0.193;1.464;140;140;141;0;0.016;0.156;0.527;0
111041;Monastir;31.787;12.964;15.138;27.728;53;61;429;0.654;0.138;3.023;1.957;63
111042;Muravera;93.658;11.295;17.382;23.953;1052;2066;2295;3.662;13.961;27.33;10.072;123
111043;Musei;20.274;31.281;33.708;43.539;77;82;104;0;0;4.429;6.679;0
111044;Narcao;85.874;0.213;0.777;1.191;2;45;87;0;0.019;0.075;0.035;0
111045;Nuragus;19.811;0.01;0.01;0.01;0;0;0;0.066;0.005;0.474;0.04;0
111046;Nurallao;34.762;0;0.046;3.613;0;0;0;1.769;0.106;3.256;61.561;15
111047;Nuraminis;45.179;2.112;2.866;31.851;206;271;319;0.002;0.02;0.21;8.5;1
111048;Nurri;73.672;0;0;4.929;0;0;0;1.513;0.394;9.977;1.527;13
111049;Nuxis;61.592;0.034;0.179;0.315;0;8;14;0.013;0.031;0.057;0;0
111050;Orroli;75.593;0.743;0.906;15.564;4;4;49;11.652;11.743;28.284;25.318;9
111051;Ortacesus;23.626;0.059;0.237;2.095;0;0;0;0;0;0.013;0;0
111052;Pabillonis;37.425;21.424;22.309;30.055;34;57;339;0.12;0;0;0.962;0
111056;Piscinas;16.895;4.102;4.51;4.913;111;126;133;0;0;0;0.107;0
111057;Portoscuso;38.622;7.532;7.853;9.901;32;38;43;0.774;1.401;4.011;10.031;15
111058;Sadali;49.61;0.016;0.016;2.671;0;0;0;11.738;16.011;33.786;36.263;46
111053;Pauli Arbarei;15.139;0.225;0.225;0.231;0;0;0;0.092;0.317;3.884;31.165;0
111054;Perdaxius;29.495;0.02;0.149;0.281;0;5;8;0;0.081;0.108;2.319;0
111055;Pimentel;14.968;0;0;0;0;0;0;0;0;0.013;0.033;0
111059;Samassi;42.039;5.747;12.231;32.272;179;2357;3575;0;0;0;0;0
111060;Samatzai;31.159;0;0;8.309;0;0;2;0.125;0.022;8.871;12.937;0
111061;San Basilio;44.822;0;0;0;0;0;0;0;0;0.277;0.248;0
111062;San Gavino Monreale;87.396;12.88;14.686;21.098;2332;2807;3014;0;0;0;0;0
111063;San Giovanni Suergiu;72.426;10.881;13.943;49.449;20;44;5123;0.003;0.004;0;2.767;0
111064;San Nicolò Gerrei;63.317;1.906;2.156;3.238;126;136;143;1.832;1.652;71.573;24.399;3
111065;San Sperate;26.22;3.093;3.814;37.182;210;418;4170;0;0;0;0;0
111066;San Vito;231.638;2.895;4.017;8.238;1301;1620;3059;12.79;31.451;36.146;7.954;143
111067;Sanluri;84.229;12.993;14.087;14.119;154;166;166;0;0;0.007;0.014;0
111068;Santadi;116.483;0.014;0.121;0.214;1;66;123;0;0.004;0.04;0.027;0
111069;Sant'Andrea Frius;36.163;0.006;0.008;0.019;0;0;0;3.634;8.528;39.51;0.708;7
111070;Sant'Anna Arresi;36.7;0.098;0.373;0.665;8;83;119;0;0.332;5.39;6.373;0
111071;Sant'Antioco;88.016;1.36;3.181;5.323;853;3393;5378;0.767;5.358;13.102;1.62;16
111072;Sardara;56.227;0.197;0.197;0.258;0;0;0;0.546;1.122;3.344;14.305;8
111073;Segariu;16.692;4.559;5.697;16.116;146;212;724;0;0;0;0.066;0
111074;Selegas;20.393;0;0;0;0;0;0;0;0.044;1.133;4.918;0
111075;Senorbì;34.289;0;0;14.034;0;0;163;0;0;0.015;0;0
111076;Serdiana;55.728;0.827;0.953;3.709;58;113;120;0.904;13.946;8.062;6.133;0
111077;Serramanna;83.841;4.611;13.404;43.646;35;1551;7831;0;0;0;0;0
111078;Serrenti;42.782;1.91;2.889;10.341;275;283;308;2.396;0.76;1.057;25.936;5
111079;Serri;19.183;0;0;0.631;0;0;0;3.154;0;0.281;13.887;31
111080;Setzu;7.804;0;0;0;0;0;0;7.266;7.483;9.944;8.073;0
111081;Seui;148.205;0.293;0.293;0.978;0;0;0;0.017;0.051;1.282;0.547;0
111082;Seulo;58.788;0;0;1.779;0;0;0;10.81;15.529;62.674;10.468;79
111083;Siddi;11.02;0.109;0.109;0.109;0;0;0;0.218;5.336;18.757;21.824;1
111084;Siliqua;189.845;1.945;5.143;16.158;45;140;637;3.694;4.556;31.294;5.963;0
111085;Silius;38.359;0.05;0.063;1.588;0;0;0;0.201;0.021;0.271;0.013;12
111086;Siurgus Donigala;76.387;0.251;0.301;4.747;45;65;73;0.094;0.01;0.068;0;0
111087;Soleminis;12.794;0;0.023;0.039;0;0;0;0;0;0.141;0.164;0
111088;Suelli;19.198;0;0;0;0;0;0;0;0;1.052;0;0
111089;Teulada;246.62;0.002;0.012;1.487;5;38;1662;0.002;0.103;0.301;0.659;1
111090;Tratalias;31.003;1.603;2.761;3.735;1;2;4;0;0.035;0.003;0.09;0
111091;Tuili;24.57;0;0.623;0.623;0;16;16;8.563;4.09;15.303;4.172;1
111092;Turri;9.602;2.76;2.989;3.083;0;0;0;1.343;0;0.448;0.781;0
111093;Ussana;32.821;0.091;0.597;18.893;0;0;559;0.015;0;0.037;0.472;0
111094;Ussaramanna;9.761;5.461;5.727;5.993;0;0;0;0.512;2.387;8.503;6.403;0
111095;Vallermosa;61.751;0.279;0.387;0.44;90;185;216;0;0.186;15.038;36.634;0
111096;Villacidro;183.476;19.288;19.306;23.487;126;127;171;0.282;0.147;2.133;0.086;13
111097;Villamar;38.529;4.975;7.062;26.471;1;5;2499;0.215;0.729;3.519;8.147;0
111098;Villamassargia;91.387;6.004;8.079;16.244;78;177;332;3.55;0.148;1.77;0.026;39
111099;Villanova Tulo;40.449;0;0;1.449;0;0;1;1.473;5.53;11.395;0.366;82
111102;Villaperuccio;36.428;0;0;0;0;0;0;0;0;0;0;0
111100;Villanovaforru;10.933;1.244;1.372;1.436;8;10;10;0.073;1.345;29.69;48.13;0
111101;Villanovafranca;27.487;5.624;6.01;7.425;1;1;2;7.353;2.59;34.267;50.344;2
111103;Villaputzu;181.395;10.471;11.342;12.53;471;728;857;0.026;2.352;30.215;26.711;2
111104;Villasalto;130.36;1.174;1.307;1.774;0;0;0;0.154;0.819;6.681;0.331;132
111105;Villasimius;58.178;4.218;4.997;7.453;151;307;431;32.655;21.924;14.552;12.403;88
111106;Villasor;86.814;13.399;17.504;47.366;194;2081;6731;0;0;0;0;0
111107;Villaspeciosa;27.194;18.909;21.405;45.183;257;489;2283;0;0.088;4.078;16.816;0
